calibration_risk_norm,neighbor_error_rate_norm,predicted_assurance_risk
0.0,0.0,0.3968349247684044
0.008403361344537815,0.0,0.40251665311043594
0.01680672268907563,0.0,0.40822467303419807
0.025210084033613446,0.0,0.4139575562371347
0.03361344537815126,0.0,0.4197138479481727
0.04201680672268907,0.0,0.4254920683159522
0.05042016806722689,0.0,0.4312907138531843
0.058823529411764705,0.0,0.43710825893434574
0.06722689075630252,0.0,0.44294315734371725
0.07563025210084033,0.0,0.4487938438705782
0.08403361344537814,0.0,0.4546587359481875
0.09243697478991596,0.0,0.4605362353330088
0.10084033613445378,0.0,0.4664247298204777
0.1092436974789916,0.0,0.4723225949934672
0.11764705882352941,0.0,0.478228195999471
0.12605042016806722,0.0,0.48413988935241653
0.13445378151260504,0.0,0.4900560247549116
0.14285714285714285,0.0,0.49597494693665245
0.15126050420168066,0.0,0.501894997504652
0.15966386554621848,0.0,0.5078145168008998
0.1680672268907563,0.0,0.5137318457630342
0.1764705882352941,0.0,0.5196453277835963
0.18487394957983191,0.0,0.5255533105634396
0.19327731092436973,0.0,0.5314541479548934
0.20168067226890757,0.0,0.5373462017903218
0.21008403361344538,0.0,0.5432278436917756
0.2184873949579832,0.0,0.5490974568575139
0.226890756302521,0.0,0.5549534378212686
0.23529411764705882,0.0,0.5607941981802252
0.24369747899159663,0.0,0.5666181662878323
0.25210084033613445,0.0,0.5724237889076774
0.26050420168067223,0.0,0.5782095328248348
0.2689075630252101,0.0,0.5839738864112477
0.2773109243697479,0.0,0.5897153611418928
0.2857142857142857,0.0,0.595432493058661
0.29411764705882354,0.0,0.6011238441790909
0.3025210084033613,0.0,0.6067880038473005
0.31092436974789917,0.0,0.6124235900246752
0.31932773109243695,0.0,0.6180292505180989
0.3277310924369748,0.0,0.6236036641437371
0.3361344537815126,0.0,0.6291455418246134
0.3445378151260504,0.0,0.6346536276204607
0.3529411764705882,0.0,0.6401266996885551
0.36134453781512604,0.0,0.6455635711744824
0.36974789915966383,0.0,0.6509630910320232
0.37815126050420167,0.0,0.6563241447715678
0.38655462184873945,0.0,0.6616456551367126
0.3949579831932773,0.0,0.6669265827089057
0.40336134453781514,0.0,0.6721659264402347
0.4117647058823529,0.0,0.6773627241146657
0.42016806722689076,0.0,0.6825160527382422
0.42857142857142855,0.0,0.6876250288589637
0.4369747899159664,0.0,0.6926888088172442
0.4453781512605042,0.0,0.6977065889280379
0.453781512605042,0.0,0.7026776055958949
0.4621848739495798,0.0,0.7076011353643632
0.47058823529411764,0.0,0.7124764949013161
0.4789915966386554,0.0,0.7173030409219163
0.48739495798319327,0.0,0.7220801700510587
0.49579831932773105,0.0,0.7268073186272616
0.5042016806722689,0.0,0.7314839624500676
0.5126050420168067,0.0,0.7361096164731254
0.5210084033613445,0.0,0.7406838344451979
0.5294117647058824,0.0,0.7452062085014199
0.5378151260504201,0.0,0.7496763687071896
0.5462184873949579,0.0,0.7540939825571239
0.5546218487394958,0.0,0.7584587544315549
0.5630252100840336,0.0,0.7627704250130652
0.5714285714285714,0.0,0.7670287706655882
0.5798319327731092,0.0,0.7712336027785988
0.5882352941176471,0.0,0.775384767078928
0.5966386554621849,0.0,0.779482142912722
0.6050420168067226,0.0,0.783525642500047
0.6134453781512604,0.0,0.7875152101646219
0.6218487394957983,0.0,0.7914508215411203
0.6302521008403361,0.0,0.7953324827624504
0.6386554621848739,0.0,0.7991602296293692
0.6470588235294117,0.0,0.8029341267647415
0.6554621848739496,0.0,0.8066542667546883
0.6638655462184874,0.0,0.8103207692788192
0.6722689075630252,0.0,0.8139337802316605
0.680672268907563,0.0,0.8174934708373391
0.6890756302521008,0.0,0.8210000367594879
0.6974789915966386,0.0,0.8244536972082852
0.7058823529411764,0.0,0.8278546940464367
0.7142857142857143,0.0,0.8312032908958504
0.7226890756302521,0.0,0.8344997722466557
0.7310924369747899,0.0,0.8377444425701462
0.7394957983193277,0.0,0.8409376254371339
0.7478991596638656,0.0,0.8440796626431231
0.7563025210084033,0.0,0.8471709133416271
0.7647058823529411,0.0,0.8502117531868634
0.7731092436974789,0.0,0.8532025734869866
0.7815126050420168,0.0,0.8561437803689311
0.7899159663865546,0.0,0.8590357939558558
0.7983193277310924,0.0,0.8618790475581046
0.8067226890756303,0.0,0.8646739868785185
0.8151260504201681,0.0,0.8674210692328609
0.8235294117647058,0.0,0.8701207627860355
0.8319327731092436,0.0,0.8727735458047204
0.8403361344537815,0.0,0.8753799059269564
0.8487394957983193,0.0,0.8779403394491688
0.8571428571428571,0.0,0.8804553506310402
0.8655462184873949,0.0,0.8829254510185787
0.8739495798319328,0.0,0.8853511587856822
0.8823529411764706,0.0,0.8877329980944276
0.8907563025210083,0.0,0.8900714984742728
0.8991596638655461,0.0,0.8923671942202966
0.907563025210084,0.0,0.8946206238105637
0.9159663865546218,0.0,0.896832329342649
0.9243697478991596,0.0,0.8990028559893152
0.9327731092436974,0.0,0.9011327514732953
0.9411764705882353,0.0,0.9032225655610998
0.9495798319327731,0.0,0.9052728495757206
0.9579831932773109,0.0,0.9072841559280868
0.9663865546218487,0.0,0.909257037667083
0.9747899159663865,0.0,0.9111920480479219
0.9831932773109243,0.0,0.9130897401186333
0.9915966386554621,0.0,0.9149506663244076
1.0,0.0,0.9167753781295124
0.0,0.008403361344537815,0.3971782104476339
0.008403361344537815,0.008403361344537815,0.4028276042313147
0.01680672268907563,0.008403361344537815,0.40850290067453876
0.025210084033613446,0.008403361344537815,0.41420269549578126
0.03361344537815126,0.008403361344537815,0.4199255586351573
0.04201680672268907,0.008403361344537815,0.42567003560430483
0.05042016806722689,0.008403361344537815,0.431434648890306
0.058823529411764705,0.008403361344537815,0.4372178994109632
0.06722689075630252,0.008403361344537815,0.44301826801855343
0.07563025210084033,0.008403361344537815,0.448834217049
0.08403361344537814,0.008403361344537815,0.4546641919132234
0.09243697478991596,0.008403361344537815,0.4605066227272726
0.10084033613445378,0.008403361344537815,0.46635992597768955
0.1092436974789916,0.008403361344537815,0.47222250621841116
0.11764705882352941,0.008403361344537815,0.4780927577954015
0.12605042016806722,0.008403361344537815,0.4839690665950867
0.13445378151260504,0.008403361344537815,0.4898498118125736
0.14285714285714285,0.008403361344537815,0.4957333677355575
0.15126050420168066,0.008403361344537815,0.5016181055397523
0.15966386554621848,0.008403361344537815,0.5075023950916407
0.1680672268907563,0.008403361344537815,0.5133846067543042
0.1764705882352941,0.008403361344537815,0.5192631131920848
0.18487394957983191,0.008403361344537815,0.5251362911698324
0.19327731092436973,0.008403361344537815,0.5310025233425176
0.20168067226890757,0.008403361344537815,0.5368602000310221
0.21008403361344538,0.008403361344537815,0.54270772097998
0.2184873949579832,0.008403361344537815,0.5485434970936148
0.226890756302521,0.008403361344537815,0.5543659521456022
0.23529411764705882,0.008403361344537815,0.5601735244590914
0.24369747899159663,0.008403361344537815,0.5659646685531423
0.25210084033613445,0.008403361344537815,0.5717378567519623
0.26050420168067223,0.008403361344537815,0.5774915807534703
0.2689075630252101,0.008403361344537815,0.583224353153882
0.2773109243697479,0.008403361344537815,0.5889347089251735
0.2857142857142857,0.008403361344537815,0.5946212068424586
0.29411764705882354,0.008403361344537815,0.6002824308585136
0.3025210084033613,0.008403361344537815,0.605916991422871
0.31092436974789917,0.008403361344537815,0.6115235267431162
0.31932773109243695,0.008403361344537815,0.6171007039862287
0.3277310924369748,0.008403361344537815,0.6226472204180296
0.3361344537815126,0.008403361344537815,0.6281618044790114
0.3445378151260504,0.008403361344537815,0.6336432167950549
0.3529411764705882,0.008403361344537815,0.639090251121761
0.36134453781512604,0.008403361344537815,0.6445017352213461
0.36974789915966383,0.008403361344537815,0.6498765316712825
0.37815126050420167,0.008403361344537815,0.6552135386040772
0.38655462184873945,0.008403361344537815,0.6605116903778111
0.3949579831932773,0.008403361344537815,0.6657699581772715
0.40336134453781514,0.008403361344537815,0.6709873505457234
0.4117647058823529,0.008403361344537815,0.6761629138475721
0.42016806722689076,0.008403361344537815,0.6812957326623641
0.42857142857142855,0.008403361344537815,0.6863849301107743
0.4369747899159664,0.008403361344537815,0.6914296681133998
0.4453781512605042,0.008403361344537815,0.6964291475833654
0.453781512605042,0.008403361344537815,0.7013826085539128
0.4621848739495798,0.008403361344537815,0.7062893302422903
0.47058823529411764,0.008403361344537815,0.7111486310514302
0.4789915966386554,0.008403361344537815,0.7159598685110076
0.48739495798319327,0.008403361344537815,0.7207224391596327
0.49579831932773105,0.008403361344537815,0.7254357783700197
0.5042016806722689,0.008403361344537815,0.7300993601190907
0.5126050420168067,0.008403361344537815,0.7347126967050714
0.5210084033613445,0.008403361344537815,0.7392753384137077
0.5294117647058824,0.008403361344537815,0.743786873135814
0.5378151260504201,0.008403361344537815,0.7482469259384191
0.5462184873949579,0.008403361344537815,0.7526551585918331
0.5546218487394958,0.008403361344537815,0.7570112690549927
0.5630252100840336,0.008403361344537815,0.7613149909214809
0.5714285714285714,0.008403361344537815,0.7655660928286303
0.5798319327731092,0.008403361344537815,0.7697643778321355
0.5882352941176471,0.008403361344537815,0.7739096827486049
0.5966386554621849,0.008403361344537815,0.7780018774684688
0.6050420168067226,0.008403361344537815,0.7820408642416562
0.6134453781512604,0.008403361344537815,0.7860265769384239
0.6218487394957983,0.008403361344537815,0.7899589802876951
0.6302521008403361,0.008403361344537815,0.7938380690952285
0.6386554621848739,0.008403361344537815,0.7976638674439013
0.6470588235294117,0.008403361344537815,0.8014364278783332
0.6554621848739496,0.008403361344537815,0.8051558305760337
0.6638655462184874,0.008403361344537815,0.8088221825071926
0.6722689075630252,0.008403361344537815,0.812435616585174
0.680672268907563,0.008403361344537815,0.8159962908097094
0.6890756302521008,0.008403361344537815,0.8195043874047078
0.6974789915966386,0.008403361344537815,0.8229601119525464
0.7058823529411764,0.008403361344537815,0.8263636925266098
0.7142857142857143,0.008403361344537815,0.8297153788237855
0.7226890756302521,0.008403361344537815,0.8330154412985411
0.7310924369747899,0.008403361344537815,0.8362641703001217
0.7394957983193277,0.008403361344537815,0.8394618752143433
0.7478991596638656,0.008403361344537815,0.8426088836113572
0.7563025210084033,0.008403361344537815,0.8457055404006958
0.7647058823529411,0.008403361344537815,0.8487522069948266
0.7731092436974789,0.008403361344537815,0.8517492604823524
0.7815126050420168,0.008403361344537815,0.8546970928119345
0.7899159663865546,0.008403361344537815,0.8575961099879172
0.7983193277310924,0.008403361344537815,0.8604467312785757
0.8067226890756303,0.008403361344537815,0.8632493884378175
0.8151260504201681,0.008403361344537815,0.8660045249411081
0.8235294117647058,0.008403361344537815,0.8687125952363103
0.8319327731092436,0.008403361344537815,0.8713740640100595
0.8403361344537815,0.008403361344537815,0.8739894054702392
0.8487394957983193,0.008403361344537815,0.8765591026450367
0.8571428571428571,0.008403361344537815,0.8790836466990188
0.8655462184873949,0.008403361344537815,0.8815635362665897
0.8739495798319328,0.008403361344537815,0.883999276803142
0.8823529411764706,0.008403361344537815,0.8863913799541611
0.8907563025210083,0.008403361344537815,0.8887403629424789
0.8991596638655461,0.008403361344537815,0.8910467479738345
0.907563025210084,0.008403361344537815,0.8933110616608442
0.9159663865546218,0.008403361344537815,0.8955338344654414
0.9243697478991596,0.008403361344537815,0.897715600159803
0.9327731092436974,0.008403361344537815,0.899856895305741
0.9411764705882353,0.008403361344537815,0.9019582587524948
0.9495798319327731,0.008403361344537815,0.9040202311528354
0.9579831932773109,0.008403361344537815,0.9060433544973456
0.9663865546218487,0.008403361344537815,0.908028171666725
0.9747899159663865,0.008403361344537815,0.9099752260019269
0.9831932773109243,0.008403361344537815,0.9118850608919193
0.9915966386554621,0.008403361344537815,0.9137582193788303
1.0,0.008403361344537815,0.9155952437802221
0.0,0.01680672268907563,0.39752159737341486
0.008403361344537815,0.01680672268907563,0.40313863348750123
0.01680672268907563,0.01680672268907563,0.4087811869532136
0.025210084033613446,0.01680672268907563,0.41444787725985466
0.03361344537815126,0.01680672268907563,0.4201372987944324
0.04201680672268907,0.01680672268907563,0.4258480221540081
0.05042016806722689,0.01680672268907563,0.43157859551006045
0.058823529411764705,0.01680672268907563,0.4373275460222864
0.06722689075630252,0.01680672268907563,0.44309338129907166
0.07563025210084033,0.01680672268907563,0.44887459090169307
0.08403361344537814,0.01680672268907563,0.4546696478891449
0.09243697478991596,0.01680672268907563,0.4604770104003294
0.10084033613445378,0.01680672268907563,0.4662951232702029
0.1092436974789916,0.01680672268907563,0.4721224196763442
0.11764705882352941,0.01680672268907563,0.47795732281228415
0.12605042016806722,0.01680672268907563,0.4837982475838396
0.13445378151260504,0.01680672268907563,0.489643602324596
0.14285714285714285,0.01680672268907563,0.4954917905266138
0.15126050420168066,0.01680672268907563,0.5013412125823683
0.15966386554621848,0.01680672268907563,0.5071902675338911
0.1680672268907563,0.01680672268907563,0.5130373548250511
0.1764705882352941,0.01680672268907563,0.5188808760529017
0.18487394957983191,0.01680672268907563,0.5247192367140222
0.19327731092436973,0.01680672268907563,0.5305508479418054
0.20168067226890757,0.01680672268907563,0.5363741282306739
0.21008403361344538,0.01680672268907563,0.5421875051432647
0.2184873949579832,0.01680672268907563,0.5479894169966885
0.226890756302521,0.01680672268907563,0.553778314524047
0.23529411764705882,0.01680672268907563,0.5595526625074981
0.24369747899159663,0.01680672268907563,0.5653109413792623
0.25210084033613445,0.01680672268907563,0.5710516487870942
0.26050420168067223,0.01680672268907563,0.5767733011208737
0.2689075630252101,0.01680672268907563,0.5824744349971325
0.2773109243697479,0.01680672268907563,0.5881536086984764
0.2857142857142857,0.01680672268907563,0.593809403565048
0.29411764705882354,0.01680672268907563,0.5994404253353477
0.3025210084033613,0.01680672268907563,0.6050453054339171
0.31092436974789917,0.01680672268907563,0.6106227022035895
0.31932773109243695,0.01680672268907563,0.6161713020802054
0.3277310924369748,0.01680672268907563,0.6216898207079058
0.3361344537815126,0.01680672268907563,0.6271770039933132
0.3445378151260504,0.01680672268907563,0.6326316290971383
0.3529411764705882,0.01680672268907563,0.6380525053619455
0.36134453781512604,0.01680672268907563,0.643438475175042
0.36974789915966383,0.01680672268907563,0.6487884147656616
0.37815126050420167,0.01680672268907563,0.6541012349358188
0.38655462184873945,0.01680672268907563,0.6593758817244362
0.3949579831932773,0.01680672268907563,0.6646113370045416
0.40336134453781514,0.01680672268907563,0.6698066190135344
0.4117647058823529,0.01680672268907563,0.6749607828167263
0.42016806722689076,0.01680672268907563,0.6800729207045422
0.42857142857142855,0.01680672268907563,0.6851421625239592
0.4369747899159664,0.01680672268907563,0.6901676759449362
0.4453781512605042,0.01680672268907563,0.6951486666627535
0.453781512605042,0.01680672268907563,0.7000843785373487
0.4621848739495798,0.01680672268907563,0.7049740936708824
0.47058823529411764,0.01680672268907563,0.7098171324249083
0.4789915966386554,0.01680672268907563,0.7146128533786656
0.48739495798319327,0.01680672268907563,0.7193606532301188
0.49579831932773105,0.01680672268907563,0.7240599666414982
0.5042016806722689,0.01680672268907563,0.7287102660311893
0.5126050420168067,0.01680672268907563,0.7333110613139128
0.5210084033613445,0.01680672268907563,0.7378618995912192
0.5294117647058824,0.01680672268907563,0.7423623647943982
0.5378151260504201,0.01680672268907563,0.7468120772819582
0.5462184873949579,0.01680672268907563,0.7512106933938855
0.5546218487394958,0.01680672268907563,0.7555579049649401
0.5630252100840336,0.01680672268907563,0.7598534387992687
0.5714285714285714,0.01680672268907563,0.7640970561086442
0.5798319327731092,0.01680672268907563,0.7682885519166546
0.5882352941176471,0.01680672268907563,0.7724277544311646
0.5966386554621849,0.01680672268907563,0.776514524387383
0.6050420168067226,0.01680672268907563,0.7805487543638395
0.6134453781512604,0.01680672268907563,0.7845303680735756
0.6218487394957983,0.01680672268907563,0.7884593196328155
0.6302521008403361,0.01680672268907563,0.7923355928093553
0.6386554621848739,0.01680672268907563,0.7961592002528786
0.6470588235294117,0.01680672268907563,0.7999301827093469
0.6554621848739496,0.01680672268907563,0.8036486082215841
0.6638655462184874,0.01680672268907563,0.8073145713181016
0.6722689075630252,0.01680672268907563,0.8109281921921697
0.680672268907563,0.01680672268907563,0.8144896158730731
0.6890756302521008,0.01680672268907563,0.8179990113914141
0.6974789915966386,0.01680672268907563,0.8214565709402838
0.7058823529411764,0.01680672268907563,0.8248625090340205
0.7142857142857143,0.01680672268907563,0.828217061666232
0.7226890756302521,0.01680672268907563,0.8315204854686646
0.7310924369747899,0.01680672268907563,0.8347730568724349
0.7394957983193277,0.01680672268907563,0.837975071273066
0.7478991596638656,0.01680672268907563,0.8411268422006871
0.7563025210084033,0.01680672268907563,0.8442287004966873
0.7647058823529411,0.01680672268907563,0.8472809934980297
0.7731092436974789,0.01680672268907563,0.8502840842303637
0.7815126050420168,0.01680672268907563,0.8532383506109886
0.7899159663865546,0.01680672268907563,0.8561441846626575
0.7983193277310924,0.01680672268907563,0.8590019917391316
0.8067226890756303,0.01680672268907563,0.8618121897633182
0.8151260504201681,0.01680672268907563,0.8645752084787676
0.8235294117647058,0.01680672268907563,0.8672914887152212
0.8319327731092436,0.01680672268907563,0.8699614816688483
0.8403361344537815,0.01680672268907563,0.8725856481977345
0.8487394957983193,0.01680672268907563,0.8751644581331258
0.8571428571428571,0.01680672268907563,0.8776983896068732
0.8655462184873949,0.01680672268907563,0.8801879283954587
0.8739495798319328,0.01680672268907563,0.8826335672809349
0.8823529411764706,0.01680672268907563,0.8850358054290458
0.8907563025210083,0.01680672268907563,0.8873951477847569
0.8991596638655461,0.01680672268907563,0.8897121044853631
0.907563025210084,0.01680672268907563,0.8919871902913015
0.9159663865546218,0.01680672268907563,0.894220924034752
0.9243697478991596,0.01680672268907563,0.8964138280860654
0.9327731092436974,0.01680672268907563,0.8985664278380178
0.9411764705882353,0.01680672268907563,0.9006792512078523
0.9495798319327731,0.01680672268907563,0.9027528281570442
0.9579831932773109,0.01680672268907563,0.9047876902286748
0.9663865546218487,0.01680672268907563,0.9067843701022883
0.9747899159663865,0.01680672268907563,0.9087434011660626
0.9831932773109243,0.01680672268907563,0.9106653171061097
0.9915966386554621,0.01680672268907563,0.9125506515126901
1.0,0.01680672268907563,0.9143999375031105
0.0,0.025210084033613446,0.3978650852373326
0.008403361344537815,0.025210084033613446,0.40344974064843947
0.01680672268907563,0.025210084033613446,0.4090595317041774
0.025210084033613446,0.025210084033613446,0.41469310141522664
0.03361344537815126,0.025210084033613446,0.42034906835215147
0.04201680672268907,0.025210084033613446,0.4260260279210166
0.05042016806722689,0.025210084033613446,0.43172255368906
0.058823529411764705,0.025210084033613446,0.43743719875794407
0.06722689075630252,0.025210084033613446,0.44316849718192763
0.07563025210084033,0.025210084033613446,0.4489149654281364
0.08403361344537814,0.025210084033613446,0.4546751038759511
0.09243697478991596,0.025210084033613446,0.4604473983523852
0.10084033613445378,0.025210084033613446,0.4662303217001847
0.1092436974789916,0.025210084033613446,0.4720223353752619
0.11764705882352941,0.025210084033613446,0.47782189106995415
0.12605042016806722,0.025210084033613446,0.48362743235850897
0.13445378151260504,0.025210084033613446,0.48943739636109745
0.14285714285714285,0.025210084033613446,0.4952502154225994
0.15126050420168066,0.025210084033613446,0.5010643188023329
0.15966386554621848,0.025210084033613446,0.5068781343708669
0.1680672268907563,0.025210084033613446,0.5126900903100241
0.1764705882352941,0.025210084033613446,0.5184986168121689
0.18487394957983191,0.025210084033613446,0.5243021477748766
0.19327731092436973,0.025210084033613446,0.5300991224871042
0.20168067226890757,0.025210084033613446,0.5358879873030062
0.21008403361344538,0.025210084033613446,0.5416671972995994
0.2184873949579832,0.025210084033613446,0.547435217914534
0.226890756302521,0.025210084033613446,0.5531905265603109
0.23529411764705882,0.025210084033613446,0.5589316142113773
0.24369747899159663,0.025210084033613446,0.564656986960634
0.25210084033613445,0.025210084033613446,0.5703651675420083
0.26050420168067223,0.025210084033613446,0.576054696815877
0.2689075630252101,0.025210084033613446,0.5817241352142617
0.2773109243697479,0.025210084033613446,0.5873720641428745
0.2857142857142857,0.025210084033613446,0.5929970873372472
0.29411764705882354,0.025210084033613446,0.5985978321703603
0.3025210084033613,0.025210084033613446,0.6041729509093438
0.31092436974789917,0.025210084033613446,0.6097211219190333
0.31932773109243695,0.025210084033613446,0.6152410508103321
0.3277310924369748,0.025210084033613446,0.620731471531538
0.3361344537815126,0.025210084033613446,0.6261911474009922
0.3445378151260504,0.025210084033613446,0.6316188720796023
0.3529411764705882,0.025210084033613446,0.6370134704820011
0.36134453781512604,0.025210084033613446,0.6423737996253078
0.36974789915966383,0.025210084033613446,0.6476987494146553
0.37815126050420167,0.025210084033613446,0.6529872433648582
0.38655462184873945,0.025210084033613446,0.65823823925779
0.3949579831932773,0.025210084033613446,0.6634507297352412
0.40336134453781514,0.025210084033613446,0.6686237428272178
0.4117647058823529,0.025210084033613446,0.6737563424158354
0.42016806722689076,0.025210084033613446,0.6788476286351387
0.42857142857142855,0.025210084033613446,0.683896738207363
0.4369747899159664,0.025210084033613446,0.6889028447163196
0.4453781512605042,0.025210084033613446,0.6938651588187462
0.453781512605042,0.025210084033613446,0.6987829283946339
0.4621848739495798,0.025210084033613446,0.7036554386376637
0.47058823529411764,0.025210084033613446,0.7084820120870565
0.4789915966386554,0.025210084033613446,0.7132620086022368
0.48739495798319327,0.025210084033613446,0.7179948252818544
0.49579831932773105,0.025210084033613446,0.7226798963288079
0.5042016806722689,0.025210084033613446,0.7273166928630145
0.5126050420168067,0.025210084033613446,0.7319047226837687
0.5210084033613445,0.025210084033613446,0.7364435299836014
0.5294117647058824,0.025210084033613446,0.7409326950156372
0.5378151260504201,0.025210084033613446,0.7453718337164951
0.5462184873949579,0.025210084033613446,0.7497605972868436
0.5546218487394958,0.025210084033613446,0.7540986717317518
0.5630252100840336,0.025210084033613446,0.7583857773630202
0.5714285714285714,0.025210084033613446,0.7626216682656989
0.5798319327731092,0.025210084033613446,0.7668061317310086
0.5882352941176471,0.025210084033613446,0.770938987657905
0.5966386554621849,0.025210084033613446,0.7750200879255029
0.6050420168067226,0.025210084033613446,0.7790493157385986
0.6134453781512604,0.025210084033613446,0.7830265849484835
0.6218487394957983,0.025210084033613446,0.7869518393512451
0.6302521008403361,0.025210084033613446,0.7908250519657055
0.6386554621848739,0.025210084033613446,0.7946462242931327
0.6470588235294117,0.025210084033613446,0.7984153855607973
0.6554621848739496,0.025210084033613446,0.8021325919514238
0.6638655462184874,0.025210084033613446,0.8057979258205247
0.6722689075630252,0.025210084033613446,0.8094114949035554
0.680672268907563,0.025210084033613446,0.8129734315147747
0.6890756302521008,0.025210084033613446,0.8164838917396248
0.6974789915966386,0.025210084033613446,0.8199430546223984
0.7058823529411764,0.025210084033613446,0.8233511213508756
0.7142857142857143,0.025210084033613446,0.8267083144395609
0.7226890756302521,0.025210084033613446,0.8300148769130739
0.7310924369747899,0.025210084033613446,0.8332710714911774
0.7394957983193277,0.025210084033613446,0.8364771797768525
0.7478991596638656,0.025210084033613446,0.8396335014487672
0.7563025210084033,0.025210084033613446,0.8427403534593968
0.7647058823529411,0.025210084033613446,0.8457980692399975
0.7731092436974789,0.025210084033613446,0.8488069979135495
0.7815126050420168,0.025210084033613446,0.8517675035167209
0.7899159663865546,0.025210084033613446,0.8546799642318306
0.7983193277310924,0.025210084033613446,0.8575447716297148
0.8067226890756303,0.025210084033613446,0.8603623299243383
0.8151260504201681,0.025210084033613446,0.8631330552399166
0.8235294117647058,0.025210084033613446,0.8658573748912565
0.8319327731092436,0.025210084033613446,0.8685357266779504
0.8403361344537815,0.025210084033613446,0.8711685581930008
0.8487394957983193,0.025210084033613446,0.8737563261463892
0.8571428571428571,0.025210084033613446,0.8762994957040465
0.8655462184873949,0.025210084033613446,0.8787985398426177
0.8739495798319328,0.025210084033613446,0.881253938720373
0.8823529411764706,0.025210084033613446,0.8836661790645461
0.8907563025210083,0.025210084033613446,0.886035753575347
0.8991596638655461,0.025210084033613446,0.8883631603468375
0.907563025210084,0.025210084033613446,0.8906489023048164
0.9159663865546218,0.025210084033613446,0.892893486661817
0.9243697478991596,0.025210084033613446,0.8950974243892805
0.9327731092436974,0.025210084033613446,0.8972612297069202
0.9411764705882353,0.025210084033613446,0.8993854195892708
0.9495798319327731,0.025210084033613446,0.9014705132893676
0.9579831932773109,0.025210084033613446,0.9035170318794769
0.9663865546218487,0.025210084033613446,0.9055254978087662
0.9747899159663865,0.025210084033613446,0.9074964344777721
0.9831932773109243,0.025210084033613446,0.9094303658295023
0.9915966386554621,0.025210084033613446,0.9113278159569852
1.0,0.025210084033613446,0.9131893087270475
0.0,0.03361344537815126,0.3982086737305835
0.008403361344537815,0.03361344537815126,0.40376092548332804
0.01680672268907563,0.03361344537815126,0.409337934761238
0.025210084033613446,0.03361344537815126,0.41493836784768556
0.03361344537815126,0.03361344537815126,0.420560867234425
0.04201680672268907,0.03361344537815126,0.4262040528612659
0.05042016806722689,0.03361344537815126,0.4318665234039094
0.058823529411764705,0.03361344537815126,0.43754685760756207
0.06722689075630252,0.03361344537815126,0.44324361566377607
0.07563025210084033,0.03361344537815126,0.4489553406278091
0.08403361344537814,0.03361344537815126,0.4546805598736405
0.09243697478991596,0.03361344537815126,0.46041778658364646
0.10084033613445378,0.03361344537815126,0.46616552126980204
0.1092436974789916,0.03361344537815126,0.47192225332315907
0.11764705882352941,0.03361344537815126,0.4776864625882449
0.12605042016806722,0.03361344537815126,0.48345662095892417
0.13445378151260504,0.03361344537815126,0.4892311939921916
0.14285714285714285,0.03361344537815126,0.49500864253628835
0.15126050420168066,0.03361344537815126,0.5007874243694812
0.15966386554621848,0.03361344537815126,0.5065659958458019
0.1680672268907563,0.03361344537815126,0.5123428135440216
0.1764705882352941,0.03361344537815126,0.5181163359161114
0.18487394957983191,0.03361344537815126,0.5238850249314552
0.19327731092436973,0.03361344537815126,0.5296473477130886
0.20168067226890757,0.03361344537815126,0.5354017781622724
0.21008403361344538,0.03361344537815126,0.5411467985677536
0.2184873949579832,0.03361344537815126,0.5468809011961252
0.226890756302521,0.03361344537815126,0.5526025898597732
0.23529411764705882,0.03361344537815126,0.5583103814589763
0.24369747899159663,0.03361344537815126,0.5640028074948336
0.25210084033613445,0.03361344537815126,0.5696784155498018
0.26050420168067223,0.03361344537815126,0.5753357707327381
0.2689075630252101,0.03361344537815126,0.5809734570854981
0.2773109243697479,0.03361344537815126,0.5865900789482558
0.2857142857142857,0.03361344537815126,0.5921842622808898
0.29411764705882354,0.03361344537815126,0.597754655937924
0.3025210084033613,0.03361344537815126,0.6032999328946825
0.31092436974789917,0.03361344537815126,0.6088187914225076
0.31932773109243695,0.03361344537815126,0.6143099562110423
0.3277310924369748,0.03361344537815126,0.6197721794357988
0.3361344537815126,0.03361344537815126,0.6252042417693889
0.3445378151260504,0.03361344537815126,0.630604953335014
0.3529411764705882,0.03361344537815126,0.6359731546009857
0.36134453781512604,0.03361344537815126,0.64130771721525
0.36974789915966383,0.03361344537815126,0.6466075447790856
0.37815126050420167,0.03361344537815126,0.6518715735593321
0.38655462184873945,0.03361344537815126,0.6570987731387025
0.3949579831932773,0.03361344537815126,0.662288147003921
0.40336134453781514,0.03361344537815126,0.6674387330716087
0.4117647058823529,0.03361344537815126,0.6725496041520286
0.42016806722689076,0.03361344537815126,0.6776198683509664
0.42857142857142855,0.03361344537815126,0.6826486694102073
0.4369747899159664,0.03361344537815126,0.687635186987218
0.4453781512605042,0.03361344537815126,0.6925786368748141
0.453781512605042,0.03361344537815126,0.6974782711617312
0.4621848739495798,0.03361344537815126,0.7023333783351713
0.47058823529411764,0.03361344537815126,0.707143283326518
0.4789915966386554,0.03361344537815126,0.7119073475015496
0.48739495798319327,0.03361344537815126,0.7166249685965895
0.49579831932773105,0.03361344537815126,0.7212955806021428
0.5042016806722689,0.03361344537815126,0.725918653595668
0.5126050420168067,0.03361344537815126,0.7304936935252189
0.5210084033613445,0.03361344537815126,0.7350202419457766
0.5294117647058824,0.03361344537815126,0.7394978757101548
0.5378151260504201,0.03361344537815126,0.7439262066164294
0.5462184873949579,0.03361344537815126,0.7483048810138994
0.5546218487394958,0.03361344537815126,0.7526335793696137
0.5630252100840336,0.03361344537815126,0.7569120157975588
0.5714285714285714,0.03361344537815126,0.7611399375525988
0.5798319327731092,0.03361344537815126,0.7653171244913044
0.5882352941176471,0.03361344537815126,0.7694433885018028
0.5966386554621849,0.03361344537815126,0.7735185729047815
0.6050420168067226,0.03361344537815126,0.7775425518277882
0.6134453781512604,0.03361344537815126,0.7815152295549403
0.6218487394957983,0.03361344537815126,0.7854365398541509
0.6302521008403361,0.03361344537815126,0.7893064452839491
0.6386554621848739,0.03361344537815126,0.793124936481946
0.6470588235294117,0.03361344537815126,0.7968920314369531
0.6554621848739496,0.03361344537815126,0.8006077747467335
0.6638655462184874,0.03361344537815126,0.8042722368633063
0.6722689075630252,0.03361344537815126,0.8078855133276892
0.680672268907563,0.03361344537815126,0.8114477239959008
0.6890756302521008,0.03361344537815126,0.8149590122579898
0.6974789915966386,0.03361344537815126,0.8184195442518103
0.7058823529411764,0.03361344537815126,0.8218295080731799
0.7142857142857143,0.03361344537815126,0.8251891129840158
0.7226890756302521,0.03361344537815126,0.8284985886199641
0.7310924369747899,0.03361344537815126,0.8317581841989716
0.7394957983193277,0.03361344537815126,0.834968167732193
0.7478991596638656,0.03361344537815126,0.8381288252385386
0.7563025210084033,0.03361344537815126,0.841240459964119
0.7647058823529411,0.03361344537815126,0.844303391607755
0.7731092436974789,0.03361344537815126,0.8473179555536674
0.7815126050420168,0.03361344537815126,0.8502845021123812
0.7899159663865546,0.03361344537815126,0.8532033957708128
0.7983193277310924,0.03361344537815126,0.8560750144524506
0.8067226890756303,0.03361344537815126,0.8588997487884529
0.8151260504201681,0.03361344537815126,0.8616780014004455
0.8235294117647058,0.03361344537815126,0.8644101861957185
0.8319327731092436,0.03361344537815126,0.8670967276754659
0.8403361344537815,0.03361344537815126,0.8697380602566566
0.8487394957983193,0.03361344537815126,0.872334627608053
0.8571428571428571,0.03361344537815126,0.8748868820008504
0.8655462184873949,0.03361344537815126,0.8773952836743429
0.8739495798319328,0.03361344537815126,0.8798603002169756
0.8823529411764706,0.03361344537815126,0.8822824059630913
0.8907563025210083,0.03361344537815126,0.8846620814056236
0.8991596638655461,0.03361344537815126,0.8869998126249508
0.907563025210084,0.03361344537815126,0.8892960907340729
0.9159663865546218,0.03361344537815126,0.8915514113402344
0.9243697478991596,0.03361344537815126,0.8937662740230758
0.9327731092436974,0.03361344537815126,0.8959411818293533
0.9411764705882353,0.03361344537815126,0.8980766407842384
0.9495798319327731,0.03361344537815126,0.9001731594191644
0.9579831932773109,0.03361344537815126,0.9022312483161666
0.9663865546218487,0.03361344537815126,0.9042514196686219
0.9747899159663865,0.03361344537815126,0.9062341868582706
0.9831932773109243,0.03361344537815126,0.9081800640483834
0.9915966386554621,0.03361344537815126,0.9100895657928969
1.0,0.03361344537815126,0.9119632066613363
0.0,0.04201680672268907,0.3985523625439761
0.008403361344537815,0.04201680672268907,0.4040721877611203
0.01680672268907563,0.04201680672268907,0.409616395958056
0.025210084033613446,0.04201680672268907,0.41518367644293785
0.03361344537815126,0.04201680672268907,0.42077269536732076
0.04201680672268907,0.04201680672268907,0.4263820969306714
0.05042016806722689,0.04201680672268907,0.43201050463120577
0.058823529411764705,0.04201680672268907,0.43765652256076387
0.06722689075630252,0.04201680672268907,0.4433187367412716
0.07563025210084033,0.04201680672268907,0.44899571650019054
0.08403361344537814,0.04201680672268907,0.45468601588221186
0.09243697478991596,0.04201680672268907,0.4603881750943199
0.10084033613445378,0.04201680672268907,0.4661007219812213
0.1092436974789916,0.04201680672268907,0.4718221735280302
0.11764705882352941,0.04201680672268907,0.4775510373869876
0.12605042016806722,0.04201680672268907,0.4832858134249114
0.13445378151260504,0.04201680672268907,0.48902499528798754
0.14285714285714285,0.04201680672268907,0.49476707198045083
0.15126050420168066,0.04201680672268907,0.5005105294536493
0.15966386554621848,0.04201680672268907,0.5062538522019462
0.1680672268907563,0.04201680672268907,0.5119955248618885
0.1764705882352941,0.04201680672268907,0.5177340338110558
0.18487394957983191,0.04201680672268907,0.5234678687630065
0.19327731092436973,0.04201680672268907,0.5291955243547563
0.20168067226890757,0.04201680672268907,0.5349155017232429
0.21008403361344538,0.04201680672268907,0.5406263100672862
0.2184873949579832,0.04201680672268907,0.5463264681915978
0.226890756302521,0.04201680672268907,0.5520145060294677
0.23529411764705882,0.04201680672268907,0.5576889661408349
0.24369747899159663,0.04201680672268907,0.563348405182545
0.25210084033613445,0.04201680672268907,0.5689913953476959
0.26050420168067223,0.04201680672268907,0.574616525771096
0.2689075630252101,0.04201680672268907,0.5802224038979784
0.2773109243697479,0.04201680672268907,0.585807656813257
0.2857142857142857,0.04201680672268907,0.5913709325287456
0.29411764705882354,0.04201680672268907,0.5969109012259236
0.3025210084033613,0.04201680672268907,0.6024262564519847
0.31092436974789917,0.04201680672268907,0.6079157162670698
0.31932773109243695,0.04201680672268907,0.6133780243407635
0.3277310924369748,0.04201680672268907,0.6188119509961052
0.3361344537815126,0.04201680672268907,0.6242162941995396
0.3445378151260504,0.04201680672268907,0.629589880495429
0.3529411764705882,0.04201680672268907,0.6349315658839171
0.36134453781512604,0.04201680672268907,0.6402402366411284
0.36974789915966383,0.04201680672268907,0.6455148100808745
0.37815126050420167,0.04201680672268907,0.6507542352572121
0.38655462184873945,0.04201680672268907,0.6559574936073926
0.3949579831932773,0.04201680672268907,0.6611235995349192
0.40336134453781514,0.04201680672268907,0.6662516009325951
0.4117647058823529,0.04201680672268907,0.6713405796456389
0.42016806722689076,0.04201680672268907,0.6763896518750936
0.42857142857142855,0.04201680672268907,0.6813979685219274
0.4369747899159664,0.04201680672268907,0.6863647154723846
0.4453781512605042,0.04201680672268907,0.6912891138252872
0.453781512605042,0.04201680672268907,0.6961704200621436
0.4621848739495798,0.04201680672268907,0.7010079261610433
0.47058823529411764,0.04201680672268907,0.7058009596554661
0.4789915966386554,0.04201680672268907,0.7105488836392297
0.48739495798319327,0.04201680672268907,0.7152510967189417
0.49579831932773105,0.04201680672268907,0.7199070329154016
0.5042016806722689,0.04201680672268907,0.7245161615155092
0.5126050420168067,0.04201680672268907,0.7290779868763213
0.5210084033613445,0.04201680672268907,0.7335920481829733
0.5294117647058824,0.04201680672268907,0.7380579191622536
0.5378151260504201,0.04201680672268907,0.7424752077536843
0.5462184873949579,0.04201680672268907,0.7468435557400093
0.5546218487394958,0.04201680672268907,0.7511626383390368
0.5630252100840336,0.04201680672268907,0.7554321637588214
0.5714285714285714,0.04201680672268907,0.7596518727181918
0.5798319327731092,0.04201680672268907,0.7638215379346636
0.5882352941176471,0.04201680672268907,0.7679409635817708
0.5966386554621849,0.04201680672268907,0.7720099847178696
0.6050420168067226,0.04201680672268907,0.776028466688462
0.6134453781512604,0.04201680672268907,0.7799963045040688
0.6218487394957983,0.04201680672268907,0.7839134221956842
0.6302521008403361,0.04201680672268907,0.7877797721498045
0.6386554621848739,0.04201680672268907,0.7915953344250097
0.6470588235294117,0.04201680672268907,0.7953601160520396
0.6554621848739496,0.04201680672268907,0.7990741503192673
0.6638655462184874,0.04201680672268907,0.802737496045441
0.6722689075630252,0.04201680672268907,0.8063502368415049
0.680672268907563,0.04201680672268907,0.8099124803632755
0.6890756302521008,0.04201680672268907,0.813424357556689
0.6974789915966386,0.04201680672268907,0.8168860218972821
0.7058823529411764,0.04201680672268907,0.8202976486255131
0.7142857142857143,0.04201680672268907,0.8236594339794666
0.7226890756302521,0.04201680672268907,0.8269715944264262
0.7310924369747899,0.04201680672268907,0.8302343658947375
0.7394957983193277,0.04201680672268907,0.8334480030073118
0.7478991596638656,0.04201680672268907,0.8366127783180696
0.7563025210084033,0.04201680672268907,0.8397289815525408
0.7647058823529411,0.04201680672268907,0.8427969188537858
0.7731092436974789,0.04201680672268907,0.8458169120347299
0.7815126050420168,0.04201680672268907,0.8487892978379329
0.7899159663865546,0.04201680672268907,0.8517144272037633
0.7983193277310924,0.04201680672268907,0.8545926645478675
0.8067226890756303,0.04201680672268907,0.8574243870487701
0.8151260504201681,0.04201680672268907,0.860209983946373
0.8235294117647058,0.04201680672268907,0.8629498558520635
0.8319327731092436,0.04201680672268907,0.8656444140710785
0.8403361344537815,0.04201680672268907,0.8682940799377141
0.8487394957983193,0.04201680672268907,0.87089928416391
0.8571428571428571,0.04201680672268907,0.8734604662016913
0.8655462184873949,0.04201680672268907,0.8759780736198797
0.8739495798319328,0.04201680672268907,0.8784525614954563
0.8823529411764706,0.04201680672268907,0.8808843918198881
0.8907563025210083,0.04201680672268907,0.8832740329206926
0.8991596638655461,0.04201680672268907,0.8856219588984714
0.907563025210084,0.04201680672268907,0.8879286490795876
0.9159663865546218,0.04201680672268907,0.8901945874846332
0.9243697478991596,0.04201680672268907,0.8924202623127873
0.9327731092436974,0.04201680672268907,0.8946061654421235
0.9411764705882353,0.04201680672268907,0.8967527919458984
0.9495798319327731,0.04201680672268907,0.8988606396248123
0.9579831932773109,0.04201680672268907,0.9009302085552024
0.9663865546218487,0.04201680672268907,0.9029620006531047
0.9747899159663865,0.04201680672268907,0.9049565192540844
0.9831932773109243,0.04201680672268907,0.9069142687087149
0.9915966386554621,0.04201680672268907,0.9088357539935612
1.0,0.04201680672268907,0.9107214803374944
0.0,0.05042016806722689,0.3988961513679319
0.008403361344537815,0.05042016806722689,0.40438352725052495
0.01680672268907563,0.05042016806722689,0.4098949151281455
0.025210084033613446,0.05042016806722689,0.41542902708660695
0.03361344537815126,0.05042016806722689,0.42098455267686424
0.04201680672268907,0.05042016806722689,0.4265601600851293
0.05042016806722689,0.05042016806722689,0.43215449734753836
0.058823529411764705,0.05042016806722689,0.43776619360717084
0.06722689075630252,0.05042016806722689,0.4433938604110681
0.07563025210084033,0.05042016806722689,0.4490360930447595
0.08403361344537814,0.05042016806722689,0.454691471901664
0.09243697478991596,0.05042016806722689,0.46035856388461144
0.10084033613445378,0.05042016806722689,0.4660359238366093
0.1092436974789916,0.05042016806722689,0.4717220959978686
0.11764705882352941,0.05042016806722689,0.47741561548601197
0.12605042016806722,0.05042016806722689,0.4831150097962933
0.13445378151260504,0.05042016806722689,0.48881880031858893
0.14285714285714285,0.05042016806722689,0.49452550386785205
0.15126050420168066,0.05042016806722689,0.5002336342246749
0.15966386554621848,0.05042016806722689,0.5059417036825663
0.1680672268907563,0.05042016806722689,0.5116482245985166
0.1764705882352941,0.05042016806722689,0.5173517109434276
0.18487394957983191,0.05042016806722689,0.5230506798489649
0.19327731092436973,0.05042016806722689,0.5287436531474224
0.20168067226890757,0.05042016806722689,0.5344291589011984
0.21008403361344538,0.05042016806722689,0.540105732918538
0.2184873949579832,0.05042016806722689,0.5457719202522362
0.226890756302521,0.05042016806722689,0.5514262766780644
0.23529411764705882,0.05042016806722689,0.5570673701497645
0.24369747899159663,0.05042016806722689,0.5626937822275287
0.25210084033613445,0.05042016806722689,0.5683041094770017
0.26050420168067223,0.05042016806722689,0.5738969648359257
0.2689075630252101,0.05042016806722689,0.5794709789456964
0.2773109243697479,0.05042016806722689,0.5850248014451983
0.2857142857142857,0.05042016806722689,0.5905571022244416
0.29411764705882354,0.05042016806722689,0.596066572635666
0.3025210084033613,0.05042016806722689,0.6015519266597142
0.31092436974789917,0.05042016806722689,0.6070119020256549
0.31932773109243695,0.05042016806722689,0.6124452612817771
0.3277310924369748,0.05042016806722689,0.6178507928162632
0.3361344537815126,0.05042016806722689,0.6232273118260048
0.3445378151260504,0.05042016806722689,0.6285736612322023
0.3529411764705882,0.05042016806722689,0.6338887125415706
0.36134453781512604,0.05042016806722689,0.6391713666521383
0.36974789915966383,0.05042016806722689,0.6444205546028142
0.37815126050420167,0.05042016806722689,0.6496352382660655
0.38655462184873945,0.05042016806722689,0.6548144109832236
0.3949579831932773,0.05042016806722689,0.6599570981421157
0.40336134453781514,0.05042016806722689,0.6650623576968778
0.4117647058823529,0.05042016806722689,0.6701292806299782
0.42016806722689076,0.05042016806722689,0.6751569913566376
0.42857142857142855,0.05042016806722689,0.6801446480719971
0.4369747899159664,0.05042016806722689,0.6850914430415199
0.4453781512605042,0.05042016806722689,0.6899966028352779
0.453781512605042,0.05042016806722689,0.6948593885068993
0.4621848739495798,0.05042016806722689,0.699679095718091
0.47058823529411764,0.05042016806722689,0.7044550548097736
0.4789915966386554,0.05042016806722689,0.7091866308209851
0.48739495798319327,0.05042016806722689,0.7138732234568201
0.49579831932773105,0.05042016806722689,0.7185142670067691
0.5042016806722689,0.05042016806722689,0.7231092302149232
0.5126050420168067,0.05042016806722689,0.7276576161035885
0.5210084033613445,0.05042016806722689,0.7321589617519372
0.5294117647058824,0.05042016806722689,0.7366128380313882
0.5378151260504201,0.05042016806722689,0.741018849299471
0.5462184873949579,0.05042016806722689,0.7453766330539855
0.5546218487394958,0.05042016806722689,0.7496858595492993
0.5630252100840336,0.05042016806722689,0.7539462313766879
0.5714285714285714,0.05042016806722689,0.7581574830106188
0.5798319327731092,0.05042016806722689,0.76231938032293
0.5882352941176471,0.05042016806722689,0.7664317200668531
0.5966386554621849,0.05042016806722689,0.7704943293328403
0.6050420168067226,0.05042016806722689,0.7745070649781599
0.6134453781512604,0.05042016806722689,0.7784698130322113
0.6218487394957983,0.05042016806722689,0.7823824880795065
0.6302521008403361,0.05042016806722689,0.7862450326222367
0.6386554621848739,0.05042016806722689,0.7900574164243334
0.6470588235294117,0.05042016806722689,0.79381963583889
0.6554621848739496,0.05042016806722689,0.7975317131207877
0.6638655462184874,0.05042016806722689,0.8011936957263246
0.6722689075630252,0.05042016806722689,0.8048056556016089
0.680672268907563,0.05042016806722689,0.8083676884614378
0.6890756302521008,0.05042016806722689,0.8118799130603163
0.6974789915966386,0.05042016806722689,0.8153424704572427
0.7058823529411764,0.05042016806722689,0.8187555232758191
0.7142857142857143,0.05042016806722689,0.8221192549611862
0.7226890756302521,0.05042016806722689,0.8254338690352403
0.7310924369747899,0.05042016806722689,0.8286995883515125
0.7394957983193277,0.05042016806722689,0.8319166543510395
0.7478991596638656,0.05042016806722689,0.8350853263204899
0.7563025210084033,0.05042016806722689,0.8382058806537539
0.7647058823529411,0.05042016806722689,0.8412786101181308
0.7731092436974789,0.05042016806722689,0.8443038231261915
0.7815126050420168,0.05042016806722689,0.8472818430143383
0.7899159663865546,0.05042016806722689,0.8502130073290001
0.7983193277310924,0.05042016806722689,0.8530976671213668
0.8067226890756303,0.05042016806722689,0.8559361862514833
0.8151260504201681,0.05042016806722689,0.8587289407024704
0.8235294117647058,0.05042016806722689,0.8614763179055882
0.8319327731092436,0.05042016806722689,0.8641787160767846
0.8403361344537815,0.05042016806722689,0.8668365435653298
0.8487394957983193,0.05042016806722689,0.8694502182150697
0.8571428571428571,0.05042016806722689,0.8720201667387876
0.8655462184873949,0.05042016806722689,0.8745468241061026
0.8739495798319328,0.05042016806722689,0.8770306329452898
0.8823529411764706,0.05042016806722689,0.8794720429593562
0.8907563025210083,0.05042016806722689,0.8818715103566558
0.8991596638655461,0.05042016806722689,0.8842294972962916
0.907563025210084,0.05042016806722689,0.8865464713484946
0.9159663865546218,0.05042016806722689,0.8888229049701484
0.9243697478991596,0.05042016806722689,0.8910592749955691
0.9327731092436974,0.05042016806722689,0.8932560621426292
0.9411764705882353,0.05042016806722689,0.8954137505342644
0.9495798319327731,0.05042016806722689,0.897532827235384
0.9579831932773109,0.05042016806722689,0.8996137818051623
0.9663865546218487,0.05042016806722689,0.9016571058646642
0.9747899159663865,0.05042016806722689,0.9036632926797294
0.9831932773109243,0.05042016806722689,0.9056328367590173
0.9915966386554621,0.05042016806722689,0.9075662334670788
1.0,0.05042016806722689,0.9094639786523212
0.0,0.058823529411764705,0.39924003989248646
0.008403361344537815,0.058823529411764705,0.40469494372000697
0.01680672268907563,0.058823529411764705,0.41017349210487414
0.025210084033613446,0.058823529411764705,0.4156744196642346
0.03361344537815126,0.058823529411764705,0.4211964390890385
0.04201680672268907,0.058823529411764705,0.4267382422805159
0.05042016806722689,0.058823529411764705,0.4322985015294888
0.058823529411764705,0.058823529411764705,0.43787587073640166
0.06722689075630252,0.058823529411764705,0.4434689866698191
0.07563025210084033,0.058823529411764705,0.44907647026099534
0.08403361344537814,0.058823529411764705,0.45469692793199523
0.09243697478991596,0.058823529411764705,0.46032895295472775
0.10084033613445378,0.058823529411764705,0.4659711268381324
0.1092436974789916,0.058823529411764705,0.4716220207406673
0.11764705882352941,0.058823529411764705,0.47728019690514556
0.12605042016806722,0.058823529411764705,0.48294421011288896
0.13445378151260504,0.058823529411764705,0.48861260915409466
0.14285714285714285,0.058823529411764705,0.4942839383112529
0.15126050420168066,0.058823529411764705,0.49995673885239716
0.15966386554621848,0.058823529411764705,0.5056295505309435
0.1680672268907563,0.058823529411764705,0.5113009130888416
0.1764705882352941,0.058823529411764705,0.5169693677597494
0.18487394957983191,0.058823529411764705,0.5226334587689477
0.19327731092436973,0.058823529411764705,0.5282917348267155
0.20168067226890757,0.058823529411764705,0.5339427506119234
0.21008403361344538,0.058823529411764705,0.5395850682426203
0.2184873949579832,0.058823529411764705,0.5452172587304595
0.226890756302521,0.058823529411764705,0.5508379034158537
0.23529411764705882,0.058823529411764705,0.5564455953808237
0.24369747899159663,0.058823529411764705,0.5620389408365957
0.25210084033613445,0.058823529411764705,0.5676165604830814
0.26050420168067223,0.058823529411764705,0.5731770908374932
0.2689075630252101,0.058823529411764705,0.5787191855294449
0.2773109243697479,0.058823529411764705,0.5842415165600152
0.2857142857142857,0.058823529411764705,0.5897427755223849
0.29411764705882354,0.058823529411764705,0.5952216747817846
0.3025210084033613,0.058823529411764705,0.6006769486126404
0.31092436974789917,0.058823529411764705,0.60610735429095
0.31932773109243695,0.058823529411764705,0.6115116731400767
0.3277310924369748,0.058823529411764705,0.6168887115283096
0.3361344537815126,0.058823529411764705,0.622237301816692
0.3445378151260504,0.058823529411764705,0.6275563032557947
0.3529411764705882,0.058823529411764705,0.6328446028302686
0.36134453781512604,0.058823529411764705,0.638101116050184
0.36974789915966383,0.058823529411764705,0.6433247876883292
0.37815126050420167,0.058823529411764705,0.6485145924628088
0.38655462184873945,0.058823529411764705,0.6536695356644489
0.3949579831932773,0.058823529411764705,0.658788653728678
0.40336134453781514,0.058823529411764705,0.6638710147517218
0.4117647058823529,0.058823529411764705,0.6689157189510949
0.42016806722689076,0.058823529411764705,0.6739218990705452
0.42857142857142855,0.058823529411764705,0.6788887207297368
0.4369747899159664,0.058823529411764705,0.6838153827191221
0.4453781512605042,0.058823529411764705,0.6887011172405766
0.453781512605042,0.058823529411764705,0.6935451900945173
0.4621848739495798,0.058823529411764705,0.6983469008143416
0.47058823529411764,0.058823529411764705,0.7031055827491564
0.4789915966386554,0.058823529411764705,0.7078206030958679
0.48739495798319327,0.058823529411764705,0.7124913628818219
0.49579831932773105,0.058823529411764705,0.7171172968992717
0.5042016806722689,0.058823529411764705,0.7216978735930536
0.5126050420168067,0.058823529411764705,0.7262325949029254
0.5210084033613445,0.058823529411764705,0.7307209960621027
0.5294117647058824,0.058823529411764705,0.7351626453535961
0.5378151260504201,0.058823529411764705,0.7395571438260121
0.5462184873949579,0.058823529411764705,0.7439041249705335
0.5546218487394958,0.058823529411764705,0.7482032543608382
0.5630252100840336,0.058823529411764705,0.7524542292577591
0.5714285714285714,0.058823529411764705,0.7566567781805088
0.5798319327731092,0.058823529411764705,0.7608106604463186
0.5882352941176471,0.058823529411764705,0.7649156656803655
0.5966386554621849,0.058823529411764705,0.7689716132978539
0.6050420168067226,0.058823529411764705,0.7729783519601389
0.6134453781512604,0.058823529411764705,0.7769357590067612
0.6218487394957983,0.058823529411764705,0.7808437398652579
0.6302521008403361,0.058823529411764705,0.7847022274406018
0.6386554621848739,0.058823529411764705,0.7885111814861004
0.6470588235294117,0.058823529411764705,0.7922705879575547
0.6554621848739496,0.058823529411764705,0.7959804583524571
0.6638655462184874,0.058823529411764705,0.7996408290359631
0.6722689075630252,0.058823529411764705,0.803251760555347
0.680672268907563,0.058823529411764705,0.8068133369445945
0.6890756302521008,0.058823529411764705,0.8103256650207533
0.6974789915966386,0.058823529411764705,0.8137888736736093
0.7058823529411764,0.058823529411764705,0.8172031131502021
0.7142857142857143,0.058823529411764705,0.820568554335651
0.7226890756302521,0.058823529411764705,0.8238853880316984
0.7310924369747899,0.058823529411764705,0.8271538242343283
0.7394957983193277,0.058823529411764705,0.8303740914117543
0.7478991596638656,0.058823529411764705,0.8335464357840175
0.7563025210084033,0.058823529411764705,0.8366711206053787
0.7647058823529411,0.058823529411764705,0.8397484254506155
0.7731092436974789,0.058823529411764705,0.8427786455062962
0.7815126050420168,0.058823529411764705,0.8457620908680232
0.7899159663865546,0.058823529411764705,0.8486990858445888
0.7983193277310924,0.058823529411764705,0.851589968269929
0.8067226890756303,0.058823529411764705,0.8544350888236919
0.8151260504201681,0.058823529411764705,0.8572348103611916
0.8235294117647058,0.058823529411764705,0.8599895072534519
0.8319327731092436,0.058823529411764705,0.8626995647379936
0.8403361344537815,0.058823529411764705,0.8653653782809653
0.8487394957983193,0.058823529411764705,0.8679873529511543
0.8571428571428571,0.058823529411764705,0.870565902806381
0.8655462184873949,0.058823529411764705,0.8731014502927056
0.8739495798319328,0.058823529411764705,0.8755944256568507
0.8823529411764706,0.058823529411764705,0.8780452663721804
0.8907563025210083,0.058823529411764705,0.8804544165785355
0.8991596638655461,0.058823529411764705,0.882822326536182
0.907563025210084,0.058823529411764705,0.885149452094087
0.9159663865546218,0.058823529411764705,0.8874362541726973
0.9243697478991596,0.058823529411764705,0.8896831982613561
0.9327731092436974,0.058823529411764705,0.8918907539304537
0.9411764705882353,0.058823529411764705,0.8940593943583822
0.9495798319327731,0.058823529411764705,0.8961895958733238
0.9579831932773109,0.058823529411764705,0.8982818375098722
0.9663865546218487,0.058823529411764705,0.9003366005804624
0.9747899159663865,0.058823529411764705,0.9023543682615481
0.9831932773109243,0.058823529411764705,0.9043356251944525
0.9915966386554621,0.058823529411764705,0.9062808571007811
1.0,0.058823529411764705,0.9081905504122724
0.0,0.06722689075630252,0.39958402780729074
0.008403361344537815,0.06722689075630252,0.40500643693778815
0.01680672268907563,0.06722689075630252,0.4104521267214641
0.025210084033613446,0.06722689075630252,0.4159198540612805
0.03361344537815126,0.06722689075630252,0.4214083545297839
0.04201680672268907,0.06722689075630252,0.4269163434726882
0.05042016806722689,0.06722689075630252,0.43244251715363086
0.058823529411764705,0.06722689075630252,0.437985553938073
0.06722689075630252,0.06722689075630252,0.44354411551417783
0.07563025210084033,0.06722689075630252,0.4491168481483767
0.08403361344537814,0.06722689075630252,0.4547023839732047
0.09243697478991596,0.06722689075630252,0.4602993423048752
0.10084033613445378,0.06722689075630252,0.4659063309879569
0.1092436974789916,0.06722689075630252,0.4715219477644185
0.11764705882352941,0.06722689075630252,0.4771447816642141
0.12605042016806722,0.06722689075630252,0.4827734144145131
0.13445378151260504,0.06722689075630252,0.4884064218645984
0.14285714285714285,0.06722689075630252,0.49404237542340995
0.15126050420168066,0.06722689075630252,0.49967984350665406
0.15966386554621848,0.06722689075630252,0.505317392990374
0.1680672268907563,0.06722689075630252,0.5109535906678432
0.1764705882352941,0.06722689075630252,0.51658700470664
0.18487394957983191,0.06722689075630252,0.5222162061027507
0.19327731092436973,0.06722689075630252,0.5278397701285731
0.20168067226890757,0.06722689075630252,0.5334562777716995
0.21008403361344538,0.06722689075630252,0.5390643171614057
0.2184873949579832,0.06722689075630252,0.5446624849798108
0.226890756302521,0.06722689075630252,0.5502493878547274
0.23529411764705882,0.06722689075630252,0.5558236437312978
0.24369747899159663,0.06722689075630252,0.5613838832195751
0.25210084033613445,0.06722689075630252,0.5669287509153141
0.26050420168067223,0.06722689075630252,0.5724569066913119
0.2689075630252101,0.06722689075630252,0.5779670269567624
0.2773109243697479,0.06722689075630252,0.5834578058821948
0.2857142857142857,0.06722689075630252,0.5889279565876818
0.29411764705882354,0.06722689075630252,0.5943762122921487
0.3025210084033613,0.06722689075630252,0.5998013274217288
0.31092436974789917,0.06722689075630252,0.6052020786752697
0.31932773109243695,0.06722689075630252,0.6105772660452292
0.3277310924369748,0.06722689075630252,0.6159257137923532
0.3361344537815126,0.06722689075630252,0.621246271372681
0.3445378151260504,0.06722689075630252,0.6265378143155799
0.3529411764705882,0.06722689075630252,0.6317992450516703
0.36134453781512604,0.06722689075630252,0.6370294936896548
0.36974789915966383,0.06722689075630252,0.6422275187412363
0.37815126050420167,0.06722689075630252,0.6473923077934565
0.38655462184873945,0.06722689075630252,0.6525228781279552
0.3949579831932773,0.06722689075630252,0.6576182772868004
0.40336134453781514,0.06722689075630252,0.6626775835846956
0.4117647058823529,0.06722689075630252,0.6676999065675294
0.42016806722689076,0.06722689075630252,0.6726843874173613
0.42857142857142855,0.06722689075630252,0.6776301993041103
0.4369747899159664,0.06722689075630252,0.6825365476843204
0.4453781512605042,0.06722689075630252,0.6874026705475386
0.453781512605042,0.06722689075630252,0.6922278386109524
0.4621848739495798,0.06722689075630252,0.6970113554630633
0.47058823529411764,0.06722689075630252,0.70175255765729
0.4789915966386554,0.06722689075630252,0.7064508147565026
0.48739495798319327,0.06722689075630252,0.7111055293295948
0.49579831932773105,0.06722689075630252,0.715716136901293
0.5042016806722689,0.06722689075630252,0.7202821058564978
0.5126050420168067,0.06722689075630252,0.7248029373005285
0.5210084033613445,0.06722689075630252,0.7292781648767191
0.5294117647058824,0.06722689075630252,0.7337073545428816
0.5378151260504201,0.06722689075630252,0.7380901043082071
0.5462184873949579,0.06722689075630252,0.7424260439322392
0.5546218487394958,0.06722689075630252,0.7467148345875843
0.5630252100840336,0.06722689075630252,0.7509561684880732
0.5714285714285714,0.06722689075630252,0.7551497684841149
0.5798319327731092,0.06722689075630252,0.7592953876270049
0.5882352941176471,0.06722689075630252,0.763392808703973
0.5966386554621849,0.06722689075630252,0.7674418437457622
0.6050420168067226,0.06722689075630252,0.7714423335085391
0.6134453781512604,0.06722689075630252,0.7753941469319284
0.6218487394957983,0.06722689075630252,0.779297180574964
0.6302521008403361,0.06722689075630252,0.7831513580317319
0.6386554621848739,0.06722689075630252,0.7869566293284695
0.6470588235294117,0.06722689075630252,0.790712970303852
0.6554621848739496,0.06722689075630252,0.7944203819741785
0.6638655462184874,0.06722689075630252,0.7980788898851443
0.6722689075630252,0.06722689075630252,0.8016885434518327
0.680672268907563,0.06722689075630252,0.8052494152885441
0.6890756302521008,0.06722689075630252,0.8087616005300219
0.6974789915966386,0.06722689075630252,0.8122252161455971
0.7058823529411764,0.06722689075630252,0.8156404002477281
0.7142857142857143,0.06722689075630252,0.8190073113963567
0.7226890756302521,0.06722689075630252,0.8223261279004632
0.7310924369747899,0.06722689075630252,0.8255970471181288
0.7394957983193277,0.06722689075630252,0.8288202847563867
0.7478991596638656,0.06722689075630252,0.8319960741720666
0.7563025210084033,0.06722689075630252,0.8351246656747878
0.7647058823529411,0.06722689075630252,0.8382063258332101
0.7731092436974789,0.06722689075630252,0.8412413367855727
0.7815126050420168,0.06722689075630252,0.8442299955555207
0.7899159663865546,0.06722689075630252,0.847172613374136
0.7983193277310924,0.06722689075630252,0.8500695150090564
0.8067226890756303,0.06722689075630252,0.8529210381014907
0.8151260504201681,0.06722689075630252,0.8557275325118983
0.8235294117647058,0.06722689075630252,0.8584893596750302
0.8319327731092436,0.06722689075630252,0.8612068919649973
0.8403361344537815,0.06722689075630252,0.8638805120709523
0.8487394957983193,0.06722689075630252,0.8665106123839421
0.8571428571428571,0.06722689075630252,0.869097594395428
0.8655462184873949,0.06722689075630252,0.8716418681079179
0.8739495798319328,0.06722689075630252,0.8741438514581218
0.8823529411764706,0.06722689075630252,0.8766039697529764
0.8907563025210083,0.06722689075630252,0.8790226551188587
0.8991596638655461,0.06722689075630252,0.8814003459642548
0.907563025210084,0.06722689075630252,0.883737486456111
0.9159663865546218,0.06722689075630252,0.886034526010061
0.9243697478991596,0.06722689075630252,0.8882919187946763
0.9327731092436974,0.06722689075630252,0.8905101232498578
0.9411764705882353,0.06722689075630252,0.8926896016194499
0.9495798319327731,0.06722689075630252,0.8948308194981315
0.9579831932773109,0.06722689075630252,0.8969342453925924
0.9663865546218487,0.06722689075630252,0.899000350296999
0.9747899159663865,0.06722689075630252,0.9010296072827009
0.9831932773109243,0.06722689075630252,0.9030224911021242
0.9915966386554621,0.06722689075630252,0.9049794778067617
1.0,0.06722689075630252,0.9069010443791509
0.0,0.07563025210084033,0.39992811480161145
0.008403361344537815,0.07563025210084033,0.40531800667184786
0.01680672268907563,0.07563025210084033,0.4107308188109917
0.025210084033613446,0.07563025210084033,0.4161653301631225
0.03361344537815126,0.07563025210084033,0.4216202989249991
0.04201680672268907,0.07563025210084033,0.4270944636174835
0.05042016806722689,0.07563025210084033,0.43258654419653103
0.058823529411764705,0.07563025210084033,0.4380952432017989
0.06722689075630252,0.07563025210084033,0.4436192469407966
0.07563025210084033,0.07563025210084033,0.44915722670638303
0.08403361344537814,0.07563025210084033,0.45470784002529097
0.09243697478991596,0.07563025210084033,0.46026973193525994
0.10084033613445378,0.07563025210084033,0.4658415362882491
0.1092436974789916,0.07563025210084033,0.4714218770771132
0.11764705882352941,0.07563025210084033,0.47700936978304115
0.12605042016806722,0.07563025210084033,0.48260262274097726
0.13445378151260504,0.07563025210084033,0.48820023852018846
0.14285714285714285,0.07563025210084033,0.4938008153170743
0.15126050420168066,0.07563025210084033,0.49940294835728505
0.15966386554621848,0.07563025210084033,0.5050052313041671
0.1680672268907563,0.07563025210084033,0.5106062576705431
0.1764705882352941,0.07563025210084033,0.5162046222308094
0.18487394957983191,0.07563025210084033,0.5217989224303468
0.19327731092436973,0.07563025210084033,0.5273877597892348
0.20168067226890757,0.07563025210084033,0.532969741297297
0.21008403361344538,0.07563025210084033,0.5385434807975196
0.2184873949579832,0.07563025210084033,0.5441076003549419
0.226890756302521,0.07563025210084033,0.5496607316081633
0.23529411764705882,0.07563025210084033,0.5552015171006732
0.24369747899159663,0.07563025210084033,0.5607286115892881
0.25210084033613445,0.07563025210084033,0.5662406833270576
0.26050420168067223,0.07563025210084033,0.5717364153180927
0.2689075630252101,0.07563025210084033,0.577214506541876
0.2773109243697479,0.07563025210084033,0.5826736731447055
0.2857142857142857,0.07563025210084033,0.5881126495960584
0.29411764705882354,0.07563025210084033,0.5935301898077668
0.3025210084033613,0.07563025210084033,0.5989250682140305
0.31092436974789917,0.07563025210084033,0.6042960808104297
0.31932773109243695,0.07563025210084033,0.6096420461502284
0.3277310924369748,0.07563025210084033,0.6149618062964124
0.3361344537815126,0.07563025210084033,0.6202542277280407
0.3445378151260504,0.07563025210084033,0.6255182021996445
0.3529411764705882,0.07563025210084033,0.6307526475525542
0.36134453781512604,0.07563025210084033,0.6359565084771903
0.36974789915966383,0.07563025210084033,0.6411287572254972
0.37815126050420167,0.07563025210084033,0.6462683942728611
0.38655462184873945,0.07563025210084033,0.651374448928995
0.3949579831932773,0.07563025210084033,0.6564459798974315
0.40336134453781514,0.07563025210084033,0.661482075783405
0.4117647058823529,0.07563025210084033,0.6664818555500489
0.42016806722689076,0.07563025210084033,0.6714444689229843
0.42857142857142855,0.07563025210084033,0.676369096743503
0.4369747899159664,0.07563025210084033,0.6812549512706887
0.4453781512605042,0.07563025210084033,0.6861012764329437
0.453781512605042,0.07563025210084033,0.6909073480295204
0.4621848739495798,0.07563025210084033,0.6956724738827653
0.47058823529411764,0.07563025210084033,0.7003959939419033
0.4789915966386554,0.07563025210084033,0.7050772803392902
0.48739495798319327,0.07563025210084033,0.7097157374001707
0.49579831932773105,0.07563025210084033,0.7143108016070601
0.5042016806722689,0.07563025210084033,0.718861941519967
0.5126050420168067,0.07563025210084033,0.7233686576537437
0.5210084033613445,0.07563025210084033,0.7278304823139355
0.5294117647058824,0.07563025210084033,0.7322469793925528
0.5378151260504201,0.07563025210084033,0.7366177441252564
0.5462184873949579,0.07563025210084033,0.740942402811506
0.5546218487394958,0.07563025210084033,0.7452206124992479
0.5630252100840336,0.07563025210084033,0.7494520606357704
0.5714285714285714,0.07563025210084033,0.7536364646863928
0.5798319327731092,0.07563025210084033,0.7577735717226518
0.5882352941176471,0.07563025210084033,0.7618631579817049
0.5966386554621849,0.07563025210084033,0.7659050283986499
0.6050420168067226,0.07563025210084033,0.7698990161134875
0.6134453781512604,0.07563025210084033,0.7738449819544462
0.6218487394957983,0.07563025210084033,0.7777428138993808
0.6302521008403361,0.07563025210084033,0.7815924265169581
0.6386554621848739,0.07563025210084033,0.7853937603893161
0.6470588235294117,0.07563025210084033,0.7891467815178652
0.6554621848739496,0.07563025210084033,0.7928514807138891
0.6638655462184874,0.07563025210084033,0.7965078729755574
0.6722689075630252,0.07563025210084033,0.8001159968529372
0.680672268907563,0.07563025210084033,0.8036759138025703
0.6890756302521008,0.07563025210084033,0.8071877075331105
0.6974789915966386,0.07563025210084033,0.8106514833435171
0.7058823529411764,0.07563025210084033,0.8140673674552189
0.7142857142857143,0.07563025210084033,0.8174355063396438
0.7226890756302521,0.07563025210084033,0.8207560660424484
0.7310924369747899,0.07563025210084033,0.8240292315057327
0.7394957983193277,0.07563025210084033,0.8272552058894846
0.7478991596638656,0.07563025210084033,0.8304342098934306
0.7563025210084033,0.07563025210084033,0.8335664810804322
0.7647058823529411,0.07563025210084033,0.8366522732025035
0.7731092436974789,0.07563025210084033,0.8396918555304766
0.7815126050420168,0.07563025210084033,0.8426855121882845
0.7899159663865546,0.07563025210084033,0.8456335414927774
0.7983193277310924,0.07563025210084033,0.8485362552999407
0.8067226890756303,0.07563025210084033,0.8513939783583139
0.8151260504201681,0.07563025210084033,0.854207047670376
0.8235294117647058,0.07563025210084033,0.856975811862596
0.8319327731092436,0.07563025210084033,0.8597006305647994
0.8403361344537815,0.07563025210084033,0.8623818737994579
0.8487394957983193,0.07563025210084033,0.8650199213814453
0.8571428571428571,0.07563025210084033,0.8676151623287712
0.8655462184873949,0.07563025210084033,0.8701679942847432
0.8739495798319328,0.07563025210084033,0.8726788229519691
0.8823529411764706,0.07563025210084033,0.8751480615385663
0.8907563025210083,0.07563025210084033,0.8775761302168997
0.8991596638655461,0.07563025210084033,0.8799634555951308
0.907563025210084,0.07563025210084033,0.8823104702018163
0.9159663865546218,0.07563025210084033,0.8846176119837661
0.9243697478991596,0.07563025210084033,0.88688532381732
0.9327731092436974,0.07563025210084033,0.8891140530331796
0.9411764705882353,0.07563025210084033,0.8913042509548925
0.9495798319327731,0.07563025210084033,0.8934563724510535
0.9579831932773109,0.07563025210084033,0.895570875501264
0.9663865546218487,0.07563025210084033,0.8976482207758515
0.9747899159663865,0.07563025210084033,0.8996888712293374
0.9831932773109243,0.07563025210084033,0.9016932917076026
0.9915966386554621,0.07563025210084033,0.9036619485686865
1.0,0.07563025210084033,0.9055953093171333
0.0,0.08403361344537814,0.4002723005643326
0.008403361344537815,0.08403361344537814,0.4056296526899235
0.01680672268907563,0.08403361344537814,0.41100956820638856
0.025210084033613446,0.08403361344537814,0.41641084785505705
0.03361344537815126,0.08403361344537814,0.4218322722005403
0.04201680672268907,0.08403361344537814,0.4272726026707198
0.05042016806722689,0.08403361344537814,0.43273058263474795
0.058823529411764705,0.08403361344537814,0.43820493851719106
0.06722689075630252,0.08403361344537814,0.4436943809463276
0.07563025210084033,0.08403361344537814,0.4491976059344928
0.08403361344537814,0.08403361344537814,0.45471329608825267
0.09243697478991596,0.08403361344537814,0.4602401218460886
0.10084033613445378,0.08403361344537814,0.46577674274117475
0.1092436974789916,0.08403361344537814,0.47132180868674234
0.11764705882352941,0.08403361344537814,0.4768739612814482
0.12605042016806722,0.08403361344537814,0.4824318351320896
0.13445378151260504,0.08403361344537814,0.48799405919094774
0.14285714285714285,0.08403361344537814,0.49355925810499224
0.15126050420168066,0.08403361344537814,0.4991260535741279
0.15966386554621848,0.08403361344537814,0.5046930657156459
0.1680672268907563,0.08403361344537814,0.5102589144320034
0.1764705882352941,0.08403361344537814,0.5158222207790603
0.18487394957983191,0.08403361344537814,0.5213816083318809
0.19327731092436973,0.08403361344537814,0.5269357045452404
0.20168067226890757,0.08403361344537814,0.532483142105971
0.21008403361344538,0.08403361344537814,0.5380225602743294
0.2184873949579832,0.08403361344537814,0.5435526062116017
0.226890756302521,0.08403361344537814,0.5490719362912054
0.23529411764705882,0.08403361344537814,0.5545792173906179
0.24369747899159663,0.08403361344537814,0.5600731281615177
0.25210084033613445,0.08403361344537814,0.5655523602756122
0.26050420168067223,0.08403361344537814,0.5710156196437046
0.2689075630252101,0.08403361344537814,0.5764616276056469
0.2773109243697479,0.08403361344537814,0.581889122088932
0.2857142857142857,0.08403361344537814,0.5872968587337803
0.29411764705882354,0.08403361344537814,0.5926836119826943
0.3025210084033613,0.08403361344537814,0.5980481761325755
0.31092436974789917,0.08403361344537814,0.6033893663476214
0.31932773109243695,0.08403361344537814,0.6087060196313524
0.3277310924369748,0.08403361344537814,0.6139969957562535
0.3361344537815126,0.08403361344537814,0.6192611781496513
0.3445378151260504,0.08403361344537814,0.6244974747345888
0.3529411764705882,0.08403361344537814,0.6297048187246022
0.36134453781512604,0.08403361344537814,0.6348821693714477
0.36974789915966383,0.08403361344537814,0.6400285126649707
0.37815126050420167,0.08403361344537814,0.6451428619844525
0.38655462184873945,0.08403361344537814,0.6502242587009129
0.3949579831932773,0.08403361344537814,0.6552717727299999
0.40336134453781514,0.08403361344537814,0.6602845030352129
0.4117647058823529,0.08403361344537814,0.6652615780813803
0.42016806722689076,0.08403361344537814,0.6702021562384094
0.42857142857142855,0.08403361344537814,0.6751054261354914
0.4369747899159664,0.08403361344537814,0.6799706069660476
0.4453781512605042,0.08403361344537814,0.6847969487438423
0.453781512605042,0.08403361344537814,0.6895837325107994
0.4621848739495798,0.08403361344537814,0.6943302704971733
0.47058823529411764,0.08403361344537814,0.6990359062348432
0.4789915966386554,0.08403361344537814,0.7037000146245806
0.48739495798319327,0.08403361344537814,0.7083220019582653
0.49579831932773105,0.08403361344537814,0.712901305897092
0.5042016806722689,0.08403361344537814,0.7174373954069059
0.5126050420168067,0.08403361344537814,0.7219297706518846
0.5210084033613445,0.08403361344537814,0.7263779628478418
0.5294117647058824,0.08403361344537814,0.7307815340765148
0.5378151260504201,0.08403361344537814,0.7351400770622336
0.5462184873949579,0.08403361344537814,0.739453214912438
0.5546218487394958,0.08403361344537814,0.7437206008235425
0.5630252100840336,0.08403361344537814,0.747941917753698
0.5714285714285714,0.08403361344537814,0.7521168780640178
0.5798319327731092,0.08403361344537814,0.7562452231298785
0.5882352941176471,0.08403361344537814,0.7603267229239092
0.5966386554621849,0.08403361344537814,0.7643611755723094
0.6050420168067226,0.08403361344537814,0.7683484068861364
0.6134453781512604,0.08403361344537814,0.772288269869209
0.6218487394957983,0.08403361344537814,0.7761806442042753
0.6302521008403361,0.08403361344537814,0.7800254357190721
0.6386554621848739,0.08403361344537814,0.7838225758339092
0.6470588235294117,0.08403361344537814,0.7875720209923813
0.6554621848739496,0.08403361344537814,0.7912737520767934
0.6638655462184874,0.08403361344537814,0.7949277738098635
0.6722689075630252,0.08403361344537814,0.7985341141442343
0.680672268907563,0.08403361344537814,0.8020928236412945
0.6890756302521008,0.08403361344537814,0.8056039748407755
0.6974789915966386,0.08403361344537814,0.809067661622554
0.7058823529411764,0.08403361344537814,0.8124839985620437
0.7142857142857143,0.08403361344537814,0.8158531202805255
0.7226890756302521,0.08403361344537814,0.819175180791716
0.7310924369747899,0.08403361344537814,0.8224503528458273
0.7394957983193277,0.08403361344537814,0.825678827272324
0.7478991596638656,0.08403361344537814,0.8288608123225395
0.7563025210084033,0.08403361344537814,0.8319965330132534
0.7647058823529411,0.08403361344537814,0.8350862304722938
0.7731092436974789,0.08403361344537814,0.8381301612871658
0.7815126050420168,0.08403361344537814,0.8411285968576613
0.7899159663865546,0.08403361344537814,0.8440818227533574
0.7983193277310924,0.08403361344537814,0.8469901380768504
0.8067226890756303,0.08403361344537814,0.8498538548335286
0.8151260504201681,0.08403361344537814,0.8526732973086345
0.8235294117647058,0.08403361344537814,0.8554488014523127
0.8319327731092436,0.08403361344537814,0.8581807142732975
0.8403361344537815,0.08403361344537814,0.8608693932418386
0.8487394957983193,0.08403361344537814,0.8635152057024212
0.8571428571428571,0.08403361344537814,0.8661185282967858
0.8655462184873949,0.08403361344537814,0.8686797463977117
0.8739495798319328,0.08403361344537814,0.8711992535539737
0.8823529411764706,0.08403361344537814,0.8736774509468608
0.8907563025210083,0.08403361344537814,0.8761147468585739
0.8991596638655461,0.08403361344537814,0.8785115561528062
0.907563025210084,0.08403361344537814,0.8808682997677527
0.9159663865546218,0.08403361344537814,0.883185404221769
0.9243697478991596,0.08403361344537814,0.8854633011318599
0.9327731092436974,0.08403361344537814,0.8877024267451424
0.9411764705882353,0.08403361344537814,0.889903221483397
0.9495798319327731,0.08403361344537814,0.8920661295007911
0.9579831932773109,0.08403361344537814,0.8941915982548271
0.9663865546218487,0.08403361344537814,0.896280078090539
0.9747899159663865,0.08403361344537814,0.8983320218379384
0.9831932773109243,0.08403361344537814,0.9003478844226787
0.9915966386554621,0.08403361344537814,0.9023281224898941
1.0,0.08403361344537814,0.9042731940411372
0.0,0.09243697478991596,0.40061658478395673
0.008403361344537815,0.09243697478991596,0.4059413747595107
0.01680672268907563,0.09243697478991596,0.4112883747404412
0.025210084033613446,0.09243697478991596,0.4166564070222992
0.03361344537815126,0.09243697478991596,0.42204427428222185
0.04201680672268907,0.09243697478991596,0.4274507605881958
0.05042016806722689,0.09243697478991596,0.4328746324448323
0.058823529411764705,0.09243697478991596,0.4383146398738588
0.06722689075630252,0.09243697478991596,0.4437695175274226
0.07563025210084033,0.09243697478991596,0.4492379858321853
0.08403361344537814,0.09243697478991596,0.4547187521620886
0.09243697478991596,0.09243697478991596,0.4602105120375675
0.10084033613445378,0.09243697478991596,0.4657119503488997
0.1092436974789916,0.09243697478991596,0.4712217426012955
0.11764705882352941,0.09243697478991596,0.4767385561792553
0.12605042016806722,0.09243697478991596,0.4822610516276534
0.13445378151260504,0.09243697478991596,0.4877878839469538
0.14285714285714285,0.09243697478991596,0.4933177038999037
0.15126050420168066,0.09243697478991596,0.4988491593270203
0.15966386554621848,0.09243697478991596,0.5043808964681442
0.1680672268907563,0.09243697478991596,0.5099115612873266
0.1764705882352941,0.09243697478991596,0.5154398007982826
0.18487394957983191,0.09243697478991596,0.5209642643876684
0.19327731092436973,0.09243697478991596,0.5264836051334233
0.20168067226890757,0.09243697478991596,0.5319964811154511
0.21008403361344538,0.09243697478991596,0.5375015567159356
0.2184873949579832,0.09243697478991596,0.5429975039066219
0.226890756302521,0.09243697478991596,0.5484830035204489
0.23529411764705882,0.09243697478991596,0.5539567465049564
0.24369747899159663,0.09243697478991596,0.5594174351549783
0.25210084033613445,0.09243697478991596,0.5648637843221843
0.26050420168067223,0.09243697478991596,0.5702945225991232
0.2689075630252101,0.09243697478991596,0.5757083934755131
0.2773109243697479,0.09243697478991596,0.5811041564646062
0.2857142857142857,0.09243697478991596,0.5864805881975703
0.29411764705882354,0.09243697478991596,0.5918364834839355
0.3025210084033613,0.09243697478991596,0.5971706563362568
0.31092436974789917,0.09243697478991596,0.6024819409572816
0.31932773109243695,0.09243697478991596,0.6077691926880158
0.3277310924369748,0.09243697478991596,0.6130312889152242
0.3361344537815126,0.09243697478991596,0.6182671299370169
0.3445378151260504,0.09243697478991596,0.6234756397853236
0.3529411764705882,0.09243697478991596,0.6286557670041751
0.36134453781512604,0.09243697478991596,0.6338064853828592
0.36974789915966383,0.09243697478991596,0.6389267946431532
0.37815126050420167,0.09243697478991596,0.6440157210799654
0.38655462184873945,0.09243697478991596,0.6490723181548684
0.3949579831932773,0.09243697478991596,0.6540956670421241
0.40336134453781514,0.09243697478991596,0.6590848771269538
0.4117647058823529,0.09243697478991596,0.6640390864559255
0.42016806722689076,0.09243697478991596,0.6689574621394592
0.42857142857142855,0.09243697478991596,0.673839200706592
0.4369747899159664,0.09243697478991596,0.678683528412247
0.4453781512605042,0.09243697478991596,0.6834897014973832
0.453781512605042,0.09243697478991596,0.6882570064025136
0.4621848739495798,0.09243697478991596,0.6929847599351834
0.47058823529411764,0.09243697478991596,0.6976723093921158
0.4789915966386554,0.09243697478991596,0.7023190326368183
0.48739495798319327,0.09243697478991596,0.7069243381335483
0.49579831932773105,0.09243697478991596,0.7114876649386135
0.5042016806722689,0.09243697478991596,0.7160084826500789
0.5126050420168067,0.09243697478991596,0.7204862913170091
0.5210084033613445,0.09243697478991596,0.724920621309464
0.5294117647058824,0.09243697478991596,0.7293110331505136
0.5378151260504201,0.09243697478991596,0.7336571173116062
0.5462184873949579,0.09243697478991596,0.7379584939726679
0.5546218487394958,0.09243697478991596,0.742214812748359
0.5630252100840336,0.09243697478991596,0.7464257523819542
0.5714285714285714,0.09243697478991596,0.7505910204083407
0.5798319327731092,0.09243697478991596,0.7547103527876605
0.5882352941176471,0.09243697478991596,0.7587835135111368
0.5966386554621849,0.09243697478991596,0.7628102941806499
0.6050420168067226,0.09243697478991596,0.7667905135636308
0.6134453781512604,0.09243697478991596,0.7707240171248441
0.6218487394957983,0.09243697478991596,0.7746106765366362
0.6302521008403361,0.09243697478991596,0.7784503891692148
0.6386554621848739,0.09243697478991596,0.7822430775625275
0.6470588235294117,0.09243697478991596,0.785988688881266
0.6554621848739496,0.09243697478991596,0.7896871943545402
0.6638655462184874,0.09243697478991596,0.7933385887017161
0.6722689075630252,0.09243697478991596,0.7969428895458948
0.680672268907563,0.09243697478991596,0.8005001368164889
0.6890756302521008,0.09243697478991596,0.8040103921423046
0.6974789915966386,0.09243697478991596,0.807473738236519
0.7058823529411764,0.09243697478991596,0.810890278274891
0.7142857142857143,0.09243697478991596,0.8142601352685165
0.7226890756302521,0.09243697478991596,0.8175834514323904
0.7310924369747899,0.09243697478991596,0.8208603875509903
0.7394957983193277,0.09243697478991596,0.8240911223420698
0.7478991596638656,0.09243697478991596,0.8272758518197744
0.7563025210084033,0.09243697478991596,0.8304147886581805
0.7647058823529411,0.09243697478991596,0.8335081615562815
0.7731092436974789,0.09243697478991596,0.8365562146054071
0.7815126050420168,0.09243697478991596,0.8395592066600234
0.7899159663865546,0.09243697478991596,0.8425174107127905
0.7983193277310924,0.09243697478991596,0.845431113274728
0.8067226890756303,0.09243697478991596,0.8483006137612737
0.8151260504201681,0.09243697478991596,0.8511262238849803
0.8235294117647058,0.09243697478991596,0.853908267055544
0.8319327731092436,0.09243697478991596,0.8566470777878138
0.8403361344537815,0.09243697478991596,0.859343001118382
0.8487394957983193,0.09243697478991596,0.8619963920313077
0.8571428571428571,0.09243697478991596,0.8646076148934891
0.8655462184873949,0.09243697478991596,0.8671770429001427
0.8739495798319328,0.09243697478991596,0.8697050575308203
0.8823529411764706,0.09243697478991596,0.8721920480163406
0.8907563025210083,0.09243697478991596,0.8746384108169801
0.8991596638655461,0.09243697478991596,0.8770445491122201
0.907563025210084,0.09243697478991596,0.8794108723023197
0.9159663865546218,0.09243697478991596,0.8817377955219418
0.9243697478991596,0.09243697478991596,0.8840257391660259
0.9327731092436974,0.09243697478991596,0.886275128428063
0.9411764705882353,0.09243697478991596,0.8884863928509078
0.9495798319327731,0.09243697478991596,0.8906599658902202
0.9579831932773109,0.09243697478991596,0.8927962844906092
0.9663865546218487,0.09243697478991596,0.8948957886745146
0.9747899159663865,0.09243697478991596,0.896958921143846
0.9831932773109243,0.09243697478991596,0.8989861268943677
0.9915966386554621,0.09243697478991596,0.9009778528427951
1.0,0.09243697478991596,0.9029345474665501
0.0,0.10084033613445378,0.400960967148605
0.008403361344537815,0.10084033613445378,0.4062531726478655
0.01680672268907563,0.10084033613445378,0.41156723824579194
0.025210084033613446,0.10084033613445378,0.4169020075499828
0.03361344537815126,0.10084033613445378,0.42225630509581596
0.04201680672268907,0.10084033613445378,0.42762893732569063
0.05042016806722689,0.10084033613445378,0.4330186936033277
0.058823529411764705,0.10084033613445378,0.4384243472614096
0.06722689075630252,0.10084033613445378,0.44384465668073253
0.07563025210084033,0.10084033613445378,0.44927836639893926
0.08403361344537814,0.10084033613445378,0.4547242082467975
0.09243697478991596,0.10084033613445378,0.4601809025099028
0.10084033613445378,0.10084033613445378,0.46564715911358956
0.1092436974789916,0.10084033613445378,0.4711216788287622
0.11764705882352941,0.10084033613445378,0.47660315449628016
0.12605042016806722,0.10084033613445378,0.48209027226746937
0.13445378151260504,0.10084033613445378,0.4875817128582787
0.14285714285714285,0.10084033613445378,0.4930761528145448
0.15126050420168066,0.10084033613445378,0.4985722657857981
0.15966386554621848,0.10084033613445378,0.5040687238050093
0.1680672268907563,0.10084033613445378,0.5095641985716526
0.1764705882352941,0.10084033613445378,0.5150573627354542
0.18487394957983191,0.10084033613445378,0.5205468911781908
0.19327731092436973,0.10084033613445378,0.5260314622909062
0.20168067226890757,0.10084033613445378,0.5315097592439375
0.21008403361344538,0.10084033613445378,0.5369804712471614
0.2184873949579832,0.10084033613445378,0.5424422947979057
0.226890756302521,0.10084033613445378,0.5478939349140209
0.23529411764705882,0.10084033613445378,0.5533341063496477
0.24369747899159663,0.10084033613445378,0.5587615347912893
0.25210084033613445,0.10084033613445378,0.5641749580318485
0.26050420168067223,0.10084033613445378,0.5695731271203888
0.2689075630252101,0.10084033613445378,0.5749548074854344
0.2773109243697479,0.10084033613445378,0.5803187800297392
0.2857142857142857,0.10084033613445378,0.5856638421945297
0.29411764705882354,0.10084033613445378,0.59098880899135
0.3025210084033613,0.10084033613445378,0.596292513999722
0.31092436974789917,0.10084033613445378,0.6015738103289647
0.31932773109243695,0.10084033613445378,0.606831571542624
0.3277310924369748,0.10084033613445378,0.612064692544088
0.3361344537815126,0.10084033613445378,0.6172720904220813
0.3445378151260504,0.10084033613445378,0.6224527052548647
0.3529411764705882,0.10084033613445378,0.6276055008720904
0.36134453781512604,0.10084033613445378,0.6327294655733918
0.36974789915966383,0.10084033613445378,0.6378236128029204
0.37815126050420167,0.10084033613445378,0.6428869817791686
0.38655462184873945,0.10084033613445378,0.6479186380795465
0.3949579831932773,0.10084033613445378,0.6529176741793217
0.40336134453781514,0.10084033613445378,0.6578832099446371
0.4117647058823529,0.10084033613445378,0.6628143930794695
0.42016806722689076,0.10084033613445378,0.6677103995265006
0.42857142857142855,0.10084033613445378,0.6725704338219998
0.4369747899159664,0.10084033613445378,0.6773937294049319
0.4453781512605042,0.10084033613445378,0.6821795488806189
0.453781512605042,0.10084033613445378,0.6869271842393951
0.4621848739495798,0.10084033613445378,0.69163595703079
0.47058823529411764,0.10084033613445378,0.696305218493898
0.4789915966386554,0.10084033613445378,0.7009343496446575
0.48739495798319327,0.10084033613445378,0.7055227613208789
0.49579831932773105,0.10084033613445378,0.7100698941859374
0.5042016806722689,0.10084033613445378,0.7145752186921115
0.5126050420168067,0.10084033613445378,0.7190382350046537
0.5210084033613445,0.10084033613445378,0.7234584728877155
0.5294117647058824,0.10084033613445378,0.7278354915533298
0.5378151260504201,0.10084033613445378,0.7321688794747047
0.5462184873949579,0.10084033613445378,0.7364582541651342
0.5546218487394958,0.10084033613445378,0.7407032619238743
0.5630252100840336,0.10084033613445378,0.7449035775503737
0.5714285714285714,0.10084033613445378,0.7490589040282795
0.5798319327731092,0.10084033613445378,0.7531689721806658
0.5882352941176471,0.10084033613445378,0.7572335402979576
0.5966386554621849,0.10084033613445378,0.761252393740033
0.6050420168067226,0.10084033613445378,0.7652253445140093
0.6134453781512604,0.10084033613445378,0.7691522308292081
0.6218487394957983,0.10084033613445378,0.7730329166308101
0.6302521008403361,0.10084033613445378,0.7768672911136999
0.6386554621848739,0.10084033613445378,0.7806552682180002
0.6470588235294117,0.10084033613445378,0.7843967861077686
0.6554621848739496,0.10084033613445378,0.7880918066343343
0.6638655462184874,0.10084033613445378,0.7917403147857124
0.6722689075630252,0.10084033613445378,0.7953423181235274
0.680672268907563,0.10084033613445378,0.7988978462088389
0.6890756302521008,0.10084033613445378,0.8024069500182411
0.6974789915966386,0.10084033613445378,0.80586970135157
0.7058823529411764,0.10084033613445378,0.8092861922325224
0.7142857142857143,0.10084033613445378,0.8126565343034517
0.7226890756302521,0.10084033613445378,0.8159808582155685
0.7310924369747899,0.10084033613445378,0.8192593130157303
0.7394957983193277,0.10084033613445378,0.8224920655309661
0.7478991596638656,0.10084033613445378,0.8256792997518388
0.7563025210084033,0.10084033613445378,0.8288212162157014
0.7647058823529411,0.10084033613445378,0.8319180313908577
0.7731092436974789,0.10084033613445378,0.8349699770626008
0.7815126050420168,0.10084033613445378,0.8379772997220392
0.7899159663865546,0.10084033613445378,0.8409402599585935
0.7983193277310924,0.10084033613445378,0.8438591318569904
0.8067226890756303,0.10084033613445378,0.8467342023995277
0.8151260504201681,0.10084033613445378,0.8495657708743561
0.8235294117647058,0.10084033613445378,0.8523541482904559
0.8319327731092436,0.10084033613445378,0.8550996567999599
0.8403361344537815,0.10084033613445378,0.8578026291284218
0.8487394957983193,0.10084033613445378,0.8604634080135751
0.8571428571428571,0.10084033613445378,0.8630823456531076
0.8655462184873949,0.10084033613445378,0.8656598031619095
0.8739495798319328,0.10084033613445378,0.8681961500392312
0.8823529411764706,0.10084033613445378,0.870691763646135
0.8907563025210083,0.10084033613445378,0.8731470286935874
0.8991596638655461,0.10084033613445378,0.8755623367415097
0.907563025210084,0.10084033613445378,0.8779380857090543
0.9159663865546218,0.10084033613445378,0.8802746793963513
0.9243697478991596,0.10084033613445378,0.8825725270179271
0.9327731092436974,0.10084033613445378,0.8848320427479703
0.9411764705882353,0.10084033613445378,0.8870536452775826
0.9495798319327731,0.10084033613445378,0.8892377573841326
0.9579831932773109,0.10084033613445378,0.8913848055127886
0.9663865546218487,0.10084033613445378,0.8934952193702894
0.9747899159663865,0.10084033613445378,0.8955694315309869
0.9831932773109243,0.10084033613445378,0.8976078770551588
0.9915966386554621,0.10084033613445378,0.8996109931195823
1.0,0.10084033613445378,0.9015792186603242
0.0,0.1092436974789916,0.40130544734601953
0.008403361344537815,0.1092436974789916,0.40656504612200267
0.01680672268907563,0.1092436974789916,0.41184615855493917
0.025210084033613446,0.1092436974789916,0.41714764932316084
0.03361344537815126,0.1092436974789916,0.4224683645670531
0.04201680672268907,0.1092436974789916,0.4278071328389641
0.05042016806722689,0.1092436974789916,0.4331627660867699
0.058823529411764705,0.1092436974789916,0.43853406066944783
0.06722689075630252,0.1092436974789916,0.4439197984029084
0.07563025210084033,0.1092436974789916,0.4493187476342335
0.08403361344537814,0.1092436974789916,0.45472966434237805
0.09243697478991596,0.1092436974789916,0.46015129326330073
0.10084033613445378,0.1092436974789916,0.46558236903740996
0.1092436974789916,0.1092436974789916,0.47102161737713055
0.11764705882352941,0.1092436974789916,0.47646775625233806
0.12605042016806722,0.1092436974789916,0.4819194970913333
0.13445378151260504,0.1092436974789916,0.48737554599498856
0.14285714285714285,0.1092436974789916,0.4928346049616438
0.15126050420168066,0.1092436974789916,0.49829537312029576
0.15966386554621848,0.1092436974789916,0.503756547969597
0.1680672268907563,0.1092436974789916,0.5092168266201583
0.1764705882352941,0.1092436974789916,0.5146749070376373
0.18487394957983191,0.1092436974789916,0.520129489284093
0.19327731092436973,0.1092436974789916,0.5255792767550961
0.20168067226890757,0.1092436974789916,0.5310229774100921
0.21008403361344538,0.1092436974789916,0.5364593049935443
0.2184873949579832,0.1092436974789916,0.5418869802444122
0.226890756302521,0.1092436974789916,0.5473047320915634
0.23529411764705882,0.1092436974789916,0.5527112988327633
0.24369747899159663,0.1092436974789916,0.558105429294942
0.25210084033613445,0.1092436974789916,0.5634858839735114
0.26050420168067223,0.1092436974789916,0.5688514361485574
0.2689075630252101,0.1092436974789916,0.5742008729758341
0.2773109243697479,0.1092436974789916,0.5795329965505527
0.2857142857142857,0.1092436974789916,0.5848466249420536
0.29411764705882354,0.1092436974789916,0.5901405931975551
0.3025210084033613,0.1092436974789916,0.5954137543132589
0.31092436974789917,0.1092436974789916,0.6006649801712117
0.31932773109243695,0.1092436974789916,0.6058931624404222
0.3277310924369748,0.1092436974789916,0.6110972134408562
0.3361344537815126,0.1092436974789916,0.6162760669690394
0.3445378151260504,0.1092436974789916,0.6214286790841229
0.3529411764705882,0.1092436974789916,0.6265540288533907
0.36134453781512604,0.1092436974789916,0.6316511190562962
0.36974789915966383,0.1092436974789916,0.6367189768462628
0.37815126050420167,0.1092436974789916,0.6417566543695786
0.38655462184873945,0.1092436974789916,0.6467632293408654
0.3949579831932773,0.1092436974789916,0.6517378055747048
0.40336134453781514,0.1092436974789916,0.6566795134731394
0.4117647058823529,0.1092436974789916,0.6615875104688765
0.42016806722689076,0.1092436974789916,0.6664609814241517
0.42857142857142855,0.1092436974789916,0.6712991389853111
0.4369747899159664,0.1092436974789916,0.676101223893293
0.4453781512605042,0.1092436974789916,0.6808665052502957
0.453781512605042,0.1092436974789916,0.685594280743022
0.4621848739495798,0.1092436974789916,0.6902838768229934
0.47058823529411764,0.1092436974789916,0.694934648844527
0.4789915966386554,0.1092436974789916,0.6995459811610469
0.48739495798319327,0.1092436974789916,0.7041172871805131
0.49579831932773105,0.1092436974789916,0.7086480093808052
0.5042016806722689,0.1092436974789916,0.7131376192859981
0.5126050420168067,0.1092436974789916,0.7175856174045262
0.5210084033613445,0.1092436974789916,0.721991533130304
0.5294117647058824,0.1092436974789916,0.7263549246079268
0.5378151260504201,0.1092436974789916,0.7306753785631389
0.5462184873949579,0.1092436974789916,0.7349525100997968
0.5546218487394958,0.1092436974789916,0.7391859624646061
0.5630252100840336,0.1092436974789916,0.7433754067809494
0.5714285714285714,0.1092436974789916,0.7475205417531456
0.5798319327731092,0.1092436974789916,0.7516210933425238
0.5882352941176471,0.1092436974789916,0.7556768144167115
0.5966386554621849,0.1092436974789916,0.759687484373542
0.6050420168067226,0.1092436974789916,0.763652908741027
0.6134453781512604,0.1092436974789916,0.7675729187548124
0.6218487394957983,0.1092436974789916,0.7714473709145705
0.6302521008403361,0.1092436974789916,0.7752761465207587
0.6386554621848739,0.1092436974789916,0.7790591511931786
0.6470588235294117,0.1092436974789916,0.7827963143727613
0.6554621848739496,0.1092436974789916,0.7864875888079796
0.6638655462184874,0.1092436974789916,0.7901329500272894
0.6722689075630252,0.1092436974789916,0.7937323957989604
0.680672268907563,0.1092436974789916,0.7972859455796549
0.6890756302521008,0.1092436974789916,0.8007936399530632
0.6974789915966386,0.1092436974789916,0.8042555400598975
0.7058823529411764,0.1092436974789916,0.8076717270204996
0.7142857142857143,0.1092436974789916,0.8110423013512882
0.7226890756302521,0.1092436974789916,0.8143673823762377
0.7310924369747899,0.1092436974789916,0.8176471076345395
0.7394957983193277,0.1092436974789916,0.8208816322855628
0.7478991596638656,0.1092436974789916,0.8240711285121797
0.7563025210084033,0.1092436974789916,0.8272157849234993
0.7647058823529411,0.1092436974789916,0.8303158059579862
0.7731092436974789,0.1092436974789916,0.8333714112879186
0.7815126050420168,0.1092436974789916,0.8363828352260867
0.7899159663865546,0.1092436974789916,0.8393503261355848
0.7983193277310924,0.1092436974789916,0.842274145843521
0.8067226890756303,0.1092436974789916,0.845154569059404
0.8151260504201681,0.1092436974789916,0.8479918827989396
0.8235294117647058,0.1092436974789916,0.8507863858139193
0.8319327731092436,0.1092436974789916,0.8535383880288346
0.8403361344537815,0.1092436974789916,0.856248209984823
0.8487394957983193,0.1092436974789916,0.8589161822914847
0.8571428571428571,0.1092436974789916,0.8615426450870983
0.8655462184873949,0.1092436974789916,0.8641279475076988
0.8739495798319328,0.1092436974789916,0.8666724471654447
0.8823529411764706,0.1092436974789916,0.8691765096366841
0.8907563025210083,0.1092436974789916,0.8716405079600561
0.8991596638655461,0.1092436974789916,0.8740648221449587
0.907563025210084,0.1092436974789916,0.8764498386906664
0.9159663865546218,0.1092436974789916,0.878795950116334
0.9243697478991596,0.1092436974789916,0.8811035545021255
0.9327731092436974,0.1092436974789916,0.8833730550416254
0.9411764705882353,0.1092436974789916,0.8856048596057114
0.9495798319327731,0.1092436974789916,0.8877993803179954
0.9579831932773109,0.1092436974789916,0.8899570331419359
0.9663865546218487,0.1092436974789916,0.8920782374796977
0.9747899159663865,0.1092436974789916,0.8941634157827907
0.9831932773109243,0.1092436974789916,0.8962129931745237
0.9915966386554621,0.1092436974789916,0.8982273970842594
1.0,0.1092436974789916,0.9002070568934535
0.0,0.11764705882352941,0.40165002506356334
0.008403361344537815,0.11764705882352941,0.40687699494869894
0.01680672268907563,0.11764705882352941,0.41212513550023777
0.025210084033613446,0.11764705882352941,0.4173933322268056
0.03361344537815126,0.11764705882352941,0.4226804526216221
0.04201680672268907,0.11764705882352941,0.42798534708375685
0.05042016806722689,0.11764705882352941,0.43330684987168694
0.058823529411764705,0.11764705882352941,0.4386437800875762
0.06722689075630252,0.11764705882352941,0.44399494269060025
0.07563025210084033,0.11764705882352941,0.4493591295375469
0.08403361344537814,0.11764705882352941,0.4547351204488288
0.09243697478991596,0.11764705882352941,0.4601216842979681
0.10084033613445378,0.11764705882352941,0.46551758012252614
0.1092436974789916,0.11764705882352941,0.4709215582543883
0.11764705882352941,0.11764705882352941,0.4763323614672431
0.12605042016806722,0.11764705882352941,0.4817487261390378
0.13445378151260504,0.11764705882352941,0.4871693834271441
0.14285714285714285,0.11764705882352941,0.4925930604539244
0.15126050420168066,0.11764705882352941,0.4980184815003453
0.15966386554621848,0.11764705882352941,0.5034443692052744
0.1680672268907563,0.11764705882352941,0.5088694457680573
0.1764705882352941,0.11764705882352941,0.5142924341519766
0.18487394957983191,0.11764705882352941,0.5197120592861799
0.19327731092436973,0.11764705882352941,0.5251270492636799
0.20168067226890757,0.11764705882352941,0.5305361365330323
0.21008403361344538,0.11764705882352941,0.5359380590813252
0.2184873949579832,0.11764705882352941,0.541331561606145
0.226890756302521,0.11764705882352941,0.5467153966742168
0.23529411764705882,0.11764705882352941,0.5520883258644617
0.24369747899159663,0.11764705882352941,0.5574491208932739
0.25210084033613445,0.11764705882352941,0.5627965647198736
0.26050420168067223,0.11764705882352941,0.5681294526296556
0.2689075630252101,0.11764705882352941,0.5734465932935436
0.2773109243697479,0.11764705882352941,0.5787468098014115
0.2857142857142857,0.11764705882352941,0.5840289406677508
0.29411764705882354,0.11764705882352941,0.5892918408078278
0.3025210084033613,0.11764705882352941,0.5945343824826821
0.31092436974789917,0.11764705882352941,0.5997554562114195
0.31932773109243695,0.11764705882352941,0.604953971649347
0.3277310924369748,0.11764705882352941,0.6101288584306174
0.3361344537815126,0.11764705882352941,0.6152790669741461
0.3445378151260504,0.11764705882352941,0.620403569251695
0.3529411764705882,0.11764705882352941,0.625501359517114
0.36134453781512604,0.11764705882352941,0.6305714549958583
0.36974789915966383,0.11764705882352941,0.6356128965340127
0.37815126050420167,0.11764705882352941,0.6406247492061778
0.38655462184873945,0.11764705882352941,0.6456061028816765
0.3949579831932773,0.11764705882352941,0.6505560727486714
0.40336134453781514,0.11764705882352941,0.6554737997958895
0.4117647058823529,0.11764705882352941,0.6603584512517726
0.42016806722689076,0.11764705882352941,0.6652092209809718
0.42857142857142855,0.11764705882352941,0.6700253298382319
0.4369747899159664,0.11764705882352941,0.6748060259798021
0.4453781512605042,0.11764705882352941,0.6795505851326226
0.453781512605042,0.11764705882352941,0.6842583108216382
0.4621848739495798,0.11764705882352941,0.6889285345556798
0.47058823529411764,0.11764705882352941,0.6935606159724576
0.4789915966386554,0.11764705882352941,0.6981539429432888
0.48739495798319327,0.11764705882352941,0.7027079316382713
0.49579831932773105,0.11764705882352941,0.7072220265526971
0.5042016806722689,0.11764705882352941,0.711695700495569
0.5126050420168067,0.11764705882352941,0.7161284545411566
0.5210084033613445,0.11764705882352941,0.7205198179445889
0.5294117647058824,0.11764705882352941,0.7248693480225468
0.5378151260504201,0.11764705882352941,0.7291766300001633
0.5462184873949579,0.11764705882352941,0.7334412768253022
0.5546218487394958,0.11764705882352941,0.7376629289514091
0.5630252100840336,0.11764705882352941,0.7418412540901932
0.5714285714285714,0.11764705882352941,0.7459759469354051
0.5798319327731092,0.11764705882352941,0.7500667288590241
0.5882352941176471,0.11764705882352941,0.7541133475811824
0.5966386554621849,0.11764705882352941,0.7581155768151739
0.6050420168067226,0.11764705882352941,0.7620732158889053
0.6134453781512604,0.11764705882352941,0.7659860893441698
0.6218487394957983,0.11764705882352941,0.7698540465151038
0.6302521008403361,0.11764705882352941,0.7736769610872123
0.6386554621848739,0.11764705882352941,0.777454730638334
0.6470588235294117,0.11764705882352941,0.7811872761629004
0.6554621848739496,0.11764705882352941,0.7848745415808529
0.6638655462184874,0.11764705882352941,0.7885164932325464
0.6722689075630252,0.11764705882352941,0.7921131193609618
0.680672268907563,0.11764705882352941,0.7956644295825269
0.6890756302521008,0.11764705882352941,0.7991704543478138
0.6974789915966386,0.11764705882352941,0.8026312443933684
0.7058823529411764,0.11764705882352941,0.8060468701858806
0.7142857142857143,0.11764705882352941,0.8094174213598905
0.7226890756302521,0.11764705882352941,0.8127430061501776
0.7310924369747899,0.11764705882352941,0.8160237508199563
0.7394957983193277,0.11764705882352941,0.8192597990859583
0.7478991596638656,0.11764705882352941,0.822451311541444
0.7563025210084033,0.11764705882352941,0.8255984650781544
0.7647058823529411,0.11764705882352941,0.8287014523081607
0.7731092436974789,0.11764705882352941,0.831760480986546
0.7815126050420168,0.11764705882352941,0.8347757734357955
0.7899159663865546,0.11764705882352941,0.8377475659727386
0.7983193277310924,0.11764705882352941,0.8406761083388512
0.8067226890756303,0.11764705882352941,0.8435616631346614
0.8151260504201681,0.11764705882352941,0.84640450525899
0.8235294117647058,0.11764705882352941,0.8492049213536929
0.8319327731092436,0.11764705882352941,0.8519632092545404
0.8403361344537815,0.11764705882352941,0.8546796774488247
0.8487394957983193,0.11764705882352941,0.8573546445402492
0.8571428571428571,0.11764705882352941,0.8599884387216127
0.8655462184873949,0.11764705882352941,0.8625813972557576
0.8739495798319328,0.11764705882352941,0.8651338659652218
0.8823529411764706,0.11764705882352941,0.8676461987309879
0.8907563025210083,0.11764705882352941,0.8701187570006933
0.8991596638655461,0.11764705882352941,0.8725519093066274
0.907563025210084,0.11764705882352941,0.8749460307938021
0.9159663865546218,0.11764705882352941,0.8773015027583615
0.9243697478991596,0.11764705882352941,0.8796187121965512
0.9327731092436974,0.11764705882352941,0.8818980513644451
0.9411764705882353,0.11764705882352941,0.8841399173485929
0.9495798319327731,0.11764705882352941,0.8863447116477258
0.9579831932773109,0.11764705882352941,0.8885128397656352
0.9663865546218487,0.11764705882352941,0.8906447108152971
0.9747899159663865,0.11764705882352941,0.8927407371343119
0.9831932773109243,0.11764705882352941,0.8948013339116903
0.9915966386554621,0.11764705882352941,0.8968269188259952
1.0,0.11764705882352941,0.8988179116948374
0.0,0.12605042016806722,0.40199469998822196
0.008403361344537815,0.12605042016806722,0.4071890188944915
0.01680672268907563,0.12605042016806722,0.412404168913899
0.025210084033613446,0.12605042016806722,0.4176390561458087
0.03361344537815126,0.12605042016806722,0.42289256918517004
0.04201680672268907,0.12605042016806722,0.42816358001579047
0.05042016806722689,0.12605042016806722,0.43345094493459974
0.058823529411764705,0.12605042016806722,0.4387535055053946
0.06722689075630252,0.12605042016806722,0.44407008954045796
0.07563025210084033,0.12605042016806722,0.44939951210835793
0.08403361344537814,0.12605042016806722,0.45474057656614875
0.09243697478991596,0.12605042016806722,0.46009207561411086
0.10084033613445378,0.12605042016806722,0.4654527923711033
0.1092436974789916,0.12605042016806722,0.4708215014685224
0.11764705882352941,0.12605042016806722,0.47619697016080687
0.12605042016806722,0.12605042016806722,0.48157795945037074
0.13445378151260504,0.12605042016806722,0.48696322522480007
0.14285714285714285,0.12605042016806722,0.49235151940410327
0.15126050420168066,0.12605042016806722,0.4977415910957764
0.15966386554621848,0.12605042016806722,0.5031321877554172
0.1680672268907563,0.12605042016806722,0.5085220563505966
0.1764705882352941,0.12605042016806722,0.5139099445256969
0.18487394957983191,0.12605042016806722,0.5192946017654129
0.19327731092436973,0.12605042016806722,0.5246747805546197
0.20168067226890757,0.12605042016806722,0.5300492375323246
0.21008403361344538,0.12605042016806722,0.5354167346374394
0.2184873949579832,0.12605042016806722,0.5407760402441393
0.226890756302521,0.12605042016806722,0.5461259302846005
0.23529411764705882,0.12605042016806722,0.551465189356968
0.24369747899159663,0.12605042016806722,0.5567926118164359
0.25210084033613445,0.12605042016806722,0.5621070028473922
0.26050420168067223,0.12605042016806722,0.5674071795146354
0.2689075630252101,0.12605042016806722,0.5726919717917446
0.2773109243697479,0.12605042016806722,0.5779602235647527
0.2857142857142857,0.12605042016806722,0.5832107936093599
0.29411764705882354,0.12605042016806722,0.588442556540008
0.3025210084033613,0.12605042016806722,0.5936544037292183
0.31092436974789917,0.12605042016806722,0.5988452441957076
0.31932773109243695,0.12605042016806722,0.6040140054598747
0.3277310924369748,0.12605042016806722,0.6091596343653652
0.3361344537815126,0.12605042016806722,0.6142810978655247
0.3445378151260504,0.12605042016806722,0.6193773837736479
0.3529411764705882,0.12605042016806722,0.6244475014760593
0.36134453781512604,0.12605042016806722,0.6294904826071409
0.36974789915966383,0.12605042016806722,0.6345053816855718
0.37815126050420167,0.12605042016806722,0.6394912767111194
0.38655462184873945,0.12605042016806722,0.6444472697214568
0.3949579831932773,0.12605042016806722,0.6493724873085852
0.40336134453781514,0.12605042016806722,0.6542660810945452
0.4117647058823529,0.12605042016806722,0.6591272281662228
0.42016806722689076,0.12605042016806722,0.6639551314691422
0.42857142857142855,0.12605042016806722,0.6687490201602698
0.4369747899159664,0.12605042016806722,0.6735081499199247
0.4453781512605042,0.12605042016806722,0.678231803223022
0.453781512605042,0.12605042016806722,0.68291928956995
0.4621848739495798,0.12605042016806722,0.6875699456774783
0.47058823529411764,0.12605042016806722,0.6921831356301993
0.4789915966386554,0.12605042016806722,0.6967582509930637
0.48739495798319327,0.12605042016806722,0.7012947108856795
0.49579831932773105,0.12605042016806722,0.7057919620191011
0.5042016806722689,0.12605042016806722,0.7102494786959159
0.5126050420168067,0.12605042016806722,0.7146667627745021
0.5210084033613445,0.12605042016806722,0.7190433435983956
0.5294117647058824,0.12605042016806722,0.723378777891757
0.5378151260504201,0.12605042016806722,0.7276726496219862
0.5462184873949579,0.12605042016806722,0.7319245698305861
0.5546218487394958,0.12605042016806722,0.7361341764334024
0.5630252100840336,0.12605042016806722,0.7403011339914273
0.5714285714285714,0.12605042016806722,0.7444251334533715
0.5798319327731092,0.12605042016806722,0.7485058918712445
0.5882352941176471,0.12605042016806722,0.7525431520902037
0.5966386554621849,0.12605042016806722,0.7565366824139554
0.6050420168067226,0.12605042016806722,0.7604862762470067
0.6134453781512604,0.12605042016806722,0.7643917517150663
0.6218487394957983,0.12605042016806722,0.7682529512649166
0.6302521008403361,0.12605042016806722,0.7720697412450613
0.6386554621848739,0.12605042016806722,0.7758420114684685
0.6470588235294117,0.12605042016806722,0.7795696747587112
0.6554621848739496,0.12605042016806722,0.7832526664807999
0.6638655462184874,0.12605042016806722,0.786890944058
0.6722689075630252,0.12605042016806722,0.7904844864758885
0.680672268907563,0.12605042016806722,0.7940332937749133
0.6890756302521008,0.12605042016806722,0.7975373865326721
0.6974789915966386,0.12605042016806722,0.8009968053371189
0.7058823529411764,0.12605042016806722,0.8044116102518741
0.7142857142857143,0.12605042016806722,0.8077818802747841
0.7226890756302521,0.12605042016806722,0.8111077127908529
0.7310924369747899,0.12605042016806722,0.8143892230206227
0.7394957983193277,0.12605042016806722,0.8176265434650616
0.7478991596638656,0.12605042016806722,0.8208198233479705
0.7563025210084033,0.12605042016806722,0.8239692280568881
0.7647058823529411,0.12605042016806722,0.8270749385834376
0.7731092436974789,0.12605042016806722,0.8301371509640187
0.7815126050420168,0.12605042016806722,0.8331560757217066
0.7899159663865546,0.12605042016806722,0.8361319373101875
0.7983193277310924,0.12605042016806722,0.839064973560513
0.8067226890756303,0.12605042016806722,0.8419554351314213
0.8151260504201681,0.12605042016806722,0.8448035849639326
0.8235294117647058,0.12605042016806722,0.8476096977408804
0.8319327731092436,0.12605042016806722,0.8503740593520105
0.8403361344537815,0.12605042016806722,0.8530969663652347
0.8487394957983193,0.12605042016806722,0.855778725504586
0.8571428571428571,0.12605042016806722,0.8584196531353896
0.8655462184873949,0.12605042016806722,0.8610200747571195
0.8739495798319328,0.12605042016806722,0.8635803245043824
0.8823529411764706,0.12605042016806722,0.8661007446564243
0.8907563025210083,0.12605042016806722,0.8685816851555319
0.8991596638655461,0.12605042016806722,0.8710235031346535
0.907563025210084,0.12605042016806722,0.8734265624545421
0.9159663865546218,0.12605042016806722,0.8757912332506859
0.9243697478991596,0.12605042016806722,0.8781178914902639
0.9327731092436974,0.12605042016806722,0.8804069185393245
0.9411764705882353,0.12605042016806722,0.8826587007403695
0.9495798319327731,0.12605042016806722,0.884873629000492
0.9579831932773109,0.12605042016806722,0.8870520983901834
0.9663865546218487,0.12605042016806722,0.8891945077529145
0.9747899159663865,0.12605042016806722,0.8913012593255549
0.9831932773109243,0.12605042016806722,0.8933727583696828
0.9915966386554621,0.12605042016806722,0.8954094128138133
1.0,0.12605042016806722,0.8974116329065464
0.0,0.13445378151260504,0.4023394718066042
0.008403361344537815,0.13445378151260504,0.4075011177256796
0.01680672268907563,0.13445378151260504,0.41268325862799177
0.025210084033613446,0.13445378151260504,0.4178848209649816
0.03361344537815126,0.13445378151260504,0.42310471418330253
0.04201680672268907,0.13445378151260504,0.4283418315907667
0.05042016806722689,0.13445378151260504,0.43359505125202086
0.058823529411764705,0.13445378151260504,0.4388632369125008
0.06722689075630252,0.13445378151260504,0.4441452389491306
0.07563025210084033,0.13445378151260504,0.44943989534614587
0.08403361344537814,0.13445378151260504,0.45474603269433633
0.09243697478991596,0.13445378151260504,0.4600624672119354
0.10084033613445378,0.13445378151260504,0.4653880057853064
0.1092436974789916,0.13445378151260504,0.470721447027519
0.11764705882352941,0.13445378151260504,0.4760615823528388
0.12605042016806722,0.13445378151260504,0.4814071970651172
0.13445378151260504,0.13445378151260504,0.48675707145800495
0.14285714285714285,0.13445378151260504,0.4921099819248907
0.15126050420168066,0.13445378151260504,0.4974647020764159
0.15966386554621848,0.13445378151260504,0.5028200038634097
0.1680672268907563,0.13445378151260504,0.5081746587030561
0.1764705882352941,0.13445378151260504,0.5135274386061021
0.18487394957983191,0.13445378151260504,0.5188771173029076
0.19327731092436973,0.13445378151260504,0.5242224713661471
0.20168067226890757,0.13445378151260504,0.5295622813279762
0.21008403361344538,0.13445378151260504,0.5348953327895076
0.2184873949579832,0.13445378151260504,0.5402204175204471
0.226890756302521,0.13445378151260504,0.5455363345467967
0.23529411764705882,0.13445378151260504,0.55084189122455
0.24369747899159663,0.13445378151260504,0.5561359042973646
0.25210084033613445,0.13445378151260504,0.5614172009362447
0.26050420168067223,0.13445378151260504,0.5666846197593245
0.2689075630252101,0.13445378151260504,0.5719370118299116
0.2773109243697479,0.13445378151260504,0.5771732416310165
0.2857142857142857,0.13445378151260504,0.5823921880146662
0.29411764705882354,0.13445378151260504,0.5875927451243991
0.3025210084033613,0.13445378151260504,0.5927738232893912
0.31092436974789917,0.13445378151260504,0.597934349888786
0.31932773109243695,0.13445378151260504,0.6030732701848669
0.3277310924369748,0.13445378151260504,0.6081895481238269
0.3361344537815126,0.13445378151260504,0.6132821671029708
0.3445378151260504,0.13445378151260504,0.6183501307033041
0.3529411764705882,0.13445378151260504,0.6233924633865453
0.36134453781512604,0.13445378151260504,0.6284082111557265
0.36974789915966383,0.13445378151260504,0.6333964421786307
0.37815126050420167,0.13445378151260504,0.6383562473734298
0.38655462184873945,0.13445378151260504,0.6432867409559944
0.3949579831932773,0.13445378151260504,0.6481870609484496
0.40336134453781514,0.13445378151260504,0.6530563696486555
0.4117647058823529,0.13445378151260504,0.6578938540603914
0.42016806722689076,0.13445378151260504,0.662698726284135
0.42857142857142855,0.13445378151260504,0.6674702238684146
0.4369747899159664,0.13445378151260504,0.6722076101218228
0.4453781512605042,0.13445378151260504,0.6769101743858622
0.453781512605042,0.13445378151260504,0.6815772322689011
0.4621848739495798,0.13445378151260504,0.6862081258415959
0.47058823529411764,0.13445378151260504,0.6908022237942182
0.4789915966386554,0.13445378151260504,0.6953589215564261
0.48739495798319327,0.13445378151260504,0.6998776413800746
0.49579831932773105,0.13445378151260504,0.7043578323857513
0.5042016806722689,0.13445378151260504,0.7087989705737798
0.5126050420168067,0.13445378151260504,0.7132005588005111
0.5210084033613445,0.13445378151260504,0.7175621267207789
0.5294117647058824,0.13445378151260504,0.7218832306974444
0.5378151260504201,0.13445378151260504,0.7261634536790237
0.5462184873949579,0.13445378151260504,0.7304024050464202
0.5546218487394958,0.13445378151260504,0.734599720429842
0.5630252100840336,0.13445378151260504,0.738755061497014
0.5714285714285714,0.13445378151260504,0.7428681157138283
0.5798319327731092,0.13445378151260504,0.7469385960786078
0.5882352941176471,0.13445378151260504,0.7509662408311815
0.5966386554621849,0.13445378151260504,0.7549508131379842
0.6050420168067226,0.13445378151260504,0.758892100754423
0.6134453781512604,0.13445378151260504,0.7627899156657446
0.6218487394957983,0.13445378151260504,0.7666440937076625
0.6302521008403361,0.13445378151260504,0.7704544941679906
0.6386554621848739,0.13445378151260504,0.7742209993705512
0.6470588235294117,0.13445378151260504,0.777943514242589
0.6554621848739496,0.13445378151260504,0.7816219658669517
0.6638655462184874,0.13445378151260504,0.7852563030202558
0.6722689075630252,0.13445378151260504,0.7888464956982629
0.680672268907563,0.13445378151260504,0.7923925346296663
0.6890756302521008,0.13445378151260504,0.7958944307794654
0.6974789915966386,0.13445378151260504,0.7993522148430976
0.7058823529411764,0.13445378151260504,0.8027659367324506
0.7142857142857143,0.13445378151260504,0.8061356650548759
0.7226890756302521,0.13445378151260504,0.8094614865862781
0.7310924369747899,0.13445378151260504,0.8127435057393332
0.7394957983193277,0.13445378151260504,0.8159818440278565
0.7478991596638656,0.13445378151260504,0.8191766395283024
0.7563025210084033,0.13445378151260504,0.8223280463393565
0.7647058823529411,0.13445378151260504,0.8254362340405303
0.7731092436974789,0.13445378151260504,0.8285013871506444
0.7815126050420168,0.13445378151260504,0.8315237045870449
0.7899159663865546,0.13445378151260504,0.8345033991263576
0.7983193277310924,0.13445378151260504,0.837440696867558
0.8067226890756303,0.13445378151260504,0.8403358366980817
0.8151260504201681,0.13445378151260504,0.8431890697636768
0.8235294117647058,0.13445378151260504,0.8460006589426513
0.8319327731092436,0.13445378151260504,0.8487708783251384
0.8403361344537815,0.13445378151260504,0.8515000126979625
0.8487394957983193,0.13445378151260504,0.8541883570356467
0.8571428571428571,0.13445378151260504,0.8568362159980781
0.8655462184873949,0.13445378151260504,0.8594439034352978
0.8739495798319328,0.13445378151260504,0.8620117418998554
0.8823529411764706,0.13445378151260504,0.8645400621671369
0.8907563025210083,0.13445378151260504,0.8670292027640231
0.8991596638655461,0.13445378151260504,0.8694795095062294
0.907563025210084,0.13445378151260504,0.8718913350446185
0.9159663865546218,0.13445378151260504,0.8742650384207705
0.9243697478991596,0.13445378151260504,0.8766009846320454
0.9327731092436974,0.13445378151260504,0.8788995442063527
0.9411764705882353,0.13445378151260504,0.8811610927868228
0.9495798319327731,0.13445378151260504,0.8833860107265241
0.9579831932773109,0.13445378151260504,0.8855746826933736
0.9663865546218487,0.13445378151260504,0.8877274972853376
0.9747899159663865,0.13445378151260504,0.889844846656011
0.9831932773109243,0.13445378151260504,0.8919271261506401
0.9915966386554621,0.13445378151260504,0.8939747339526193
1.0,0.13445378151260504,0.8959880707404909
0.0,0.14285714285714285,0.4026843402049436
0.008403361344537815,0.14285714285714285,0.40781329120832543
0.01680672268907563,0.14285714285714285,0.4129624044744423
0.025210084033613446,0.14285714285714285,0.41813062656905575
0.03361344537815126,0.14285714285714285,0.42331688754158375
0.04201680672268907,0.14285714285714285,0.4285201017643692
0.05042016806722689,0.14285714285714285,0.43373916880045627
0.058823529411764705,0.14285714285714285,0.4389729742984901
0.06722689075630252,0.14285714285714285,0.4442203909132673
0.07563025210084033,0.14285714285714285,0.449480279250389
0.08403361344537814,0.14285714285714285,0.45475148883339056
0.09243697478991596,0.14285714285714285,0.46003285909164776
0.10084033613445378,0.14285714285714285,0.4653232203673006
0.1092436974789916,0.14285714285714285,0.47062139493936334
0.11764705882352941,0.14285714285714285,0.4759261980631467
0.12605042016806722,0.14285714285714285,0.4812364390230569
0.13445378151260504,0.14285714285714285,0.4865509221968017
0.14285714285714285,0.14285714285714285,0.49186844812899094
0.15126050420168066,0.14285714285714285,0.49718781461208694
0.15966386554621848,0.14285714285714285,0.5025078177726435
0.1680672268907563,0.14285714285714285,0.5078272531607483
0.1764705882352941,0.14285714285714285,0.5131449168405722
0.18487394957983191,0.14285714285714285,0.5184596064799298
0.19327731092436973,0.14285714285714285,0.523770122436759
0.20168067226890757,0.14285714285714285,0.5290752688404308
0.21008403361344538,0.14285714285714285,0.5343738546658243
0.2184873949579832,0.14285714285714285,0.5396646947981253
0.226890756302521,0.14285714285714285,0.5449466110863324
0.23529411764705882,0.14285714285714285,0.5502184333834947
0.24369747899159663,0.14285714285714285,0.555479000571752
0.25210084033613445,0.14285714285714285,0.5607271615702895
0.26050420168067223,0.14285714285714285,0.5659617763243815
0.2689075630252101,0.14285714285714285,0.5711817167737558
0.2773109243697479,0.14285714285714285,0.576385867798577
0.2857142857142857,0.14285714285714285,0.5815731281414183
0.29411764705882354,0.14285714285714285,0.5867424113036702
0.3025210084033613,0.14285714285714285,0.5918926464149067
0.31092436974789917,0.14285714285714285,0.5970227790738191
0.31932773109243695,0.14285714285714285,0.602131772159418
0.3277310924369748,0.14285714285714285,0.6072186066112851
0.3361344537815126,0.14285714285714285,0.6122822821777583
0.3445378151260504,0.14285714285714285,0.6173218181310199
0.3529411764705882,0.14285714285714285,0.6223362539481717
0.36134453781512604,0.14285714285714285,0.6273246499574526
0.36974789915966383,0.14285714285714285,0.6322860879488842
0.37815126050420167,0.14285714285714285,0.6372196717487052
0.38655462184873945,0.14285714285714285,0.6421245277570674
0.3949579831932773,0.14285714285714285,0.6469998054485746
0.40336134453781514,0.14285714285714285,0.6518446778353179
0.4117647058823529,0.14285714285714285,0.6566583418921947
0.42016806722689076,0.14285714285714285,0.661440018944362
0.42857142857142855,0.14285714285714285,0.6661889550168009
0.4369747899159664,0.14285714285714285,0.6709044211460375
0.4453781512605042,0.14285714285714285,0.6755857136541678
0.453781512605042,0.14285714285714285,0.6802321543854293
0.4621848739495798,0.14285714285714285,0.6848430909056249
0.47058823529411764,0.14285714285714285,0.6894178966648188
0.4789915966386554,0.14285714285714285,0.6939559711237707
0.48739495798319327,0.14285714285714285,0.6984567398446742
0.49579831932773105,0.14285714285714285,0.7029196545468216
0.5042016806722689,0.14285714285714285,0.7073441931278958
0.5126050420168067,0.14285714285714285,0.7117298596516407
0.5210084033613445,0.14285714285714285,0.7160761843027396
0.5294117647058824,0.14285714285714285,0.7203827233097595
0.5378151260504201,0.14285714285714285,0.7246490588370985
0.5462184873949579,0.14285714285714285,0.7288747988468962
0.5546218487394958,0.14285714285714285,0.7330595769319272
0.5630252100840336,0.14285714285714285,0.7372030521205185
0.5714285714285714,0.14285714285714285,0.7413049086545825
0.5798319327731092,0.14285714285714285,0.7453648557418636
0.5882352941176471,0.14285714285714285,0.7493826272835481
0.5966386554621849,0.14285714285714285,0.753357981578385
0.6050420168067226,0.14285714285714285,0.7572907010044873
0.6134453781512604,0.14285714285714285,0.7611805916800094
0.6218487394957983,0.14285714285714285,0.7650274831038798
0.6302521008403361,0.14285714285714285,0.7688312277777927
0.6386554621848739,0.14285714285714285,0.7725917008106614
0.6470588235294117,0.14285714285714285,0.7763087995067177
0.6554621848739496,0.14285714285714285,0.7799824429384561
0.6638655462184874,0.14285714285714285,0.7836125715056033
0.6722689075630252,0.14285714285714285,0.7871991464812736
0.680672268907563,0.14285714285714285,0.7907421495464784
0.6890756302521008,0.14285714285714285,0.7942415823141121
0.6974789915966386,0.14285714285714285,0.7976974658435436
0.7058823529411764,0.14285714285714285,0.8011098401469033
0.7142857142857143,0.14285714285714285,0.8044787636881328
0.7226890756302521,0.14285714285714285,0.8078043128758554
0.7310924369747899,0.14285714285714285,0.81108658155107
0.7394957983193277,0.14285714285714285,0.8143256804706663
0.7478991596638656,0.14285714285714285,0.8175217367877174
0.7563025210084033,0.14285714285714285,0.8206748935294749
0.7647058823529411,0.14285714285714285,0.823785309073958
0.7731092436974789,0.14285714285714285,0.8268531566260032
0.7815126050420168,0.14285714285714285,0.8298786236935889
0.7899159663865546,0.14285714285714285,0.8328619115652369
0.7983193277310924,0.14285714285714285,0.8358032347892361
0.8067226890756303,0.14285714285714285,0.8387028206554167
0.8151260504201681,0.14285714285714285,0.8415609086801475
0.8235294117647058,0.14285714285714285,0.8443777500952168
0.8319327731092436,0.14285714285714285,0.8471536073411982
0.8403361344537815,0.14285714285714285,0.8498887535658834
0.8487394957983193,0.14285714285714285,0.8525834721283215
0.8571428571428571,0.14285714285714285,0.8552380561089722
0.8655462184873949,0.14285714285714285,0.85785280782644
0.8739495798319328,0.14285714285714285,0.8604280383612384
0.8823529411764706,0.14285714285714285,0.8629640670869743
0.8907563025210083,0.14285714285714285,0.8654612212093389
0.8991596638655461,0.14285714285714285,0.8679198353132339
0.907563025210084,0.14285714285714285,0.8703402509183534
0.9159663865546218,0.14285714285714285,0.8727228160434903
0.9243697478991596,0.14285714285714285,0.8750678847798267
0.9327731092436974,0.14285714285714285,0.8773758168734245
0.9411764705882353,0.14285714285714285,0.8796469773171136
0.9495798319327731,0.14285714285714285,0.8818817359519453
0.9579831932773109,0.14285714285714285,0.8840804670783533
0.9663865546218487,0.14285714285714285,0.8862435490771433
0.9747899159663865,0.14285714285714285,0.8883713640404025
0.9831932773109243,0.14285714285714285,0.890464297412407
0.9915966386554621,0.14285714285714285,0.8925227376405763
1.0,0.14285714285714285,0.8945470758365066
0.0,0.15126050420168066,0.403029304869099
0.008403361344537815,0.15126050420168066,0.4081255391082543
0.01680672268907563,0.15126050420168066,0.4132416062850348
0.025210084033613446,0.15126050420168066,0.4183764728426824
0.03361344537815126,0.15126050420168066,0.4235290891855366
0.04201680672268907,0.15126050420168066,0.42869839049226127
0.05042016806722689,0.15126050420168066,0.43388329755640337
0.058823529411764705,0.15126050420168066,0.4390827176529558
0.06722689075630252,0.15126050420168066,0.4442955454295162
0.07563025210084033,0.15126050420168066,0.44952066382056627
0.08403361344537814,0.15126050420168066,0.45475694498330976
0.09243697478991596,0.15126050420168066,0.460003251253455
0.10084033613445378,0.15126050420168066,0.4652584361192505
0.1092436974789916,0.15126050420168066,0.4705213452120404
0.11764705882352941,0.15126050420168066,0.4757908173115357
0.12605042016806722,0.15126050420168066,0.48106568536396616
0.13445378151260504,0.15126050420168066,0.48634477751122684
0.14285714285714285,0.15126050420168066,0.4916269181291007
0.15126050420168066,0.15126050420168066,0.49691092887260857
0.15966386554621848,0.15126050420168066,0.5021956297265173
0.1680672268907563,0.15126050420168066,0.507479840059016
0.1764705882352941,0.15126050420168066,0.5127623796765612
0.18487394957983191,0.15126050420168066,0.5180420698778919
0.19327731092436973,0.15126050420168066,0.5233177345052135
0.20168067226890757,0.15126050420168066,0.528588200990558
0.21008403361344538,0.15126050420168066,0.5338523013953498
0.2184873949579832,0.15126050420168066,0.5391088734412223
0.226890756302521,0.15126050420168066,0.544356761530161
0.23529411764705882,0.15126050420168066,0.549594817752085
0.24369747899159663,0.15126050420168066,0.5548219028780155
0.25210084033613445,0.15126050420168066,0.5600368873370297
0.26050420168067223,0.15126050420168066,0.5652386521752489
0.2689075630252101,0.15126050420168066,0.5704260899951645
0.2773109243697479,0.15126050420168066,0.5755981058736712
0.2857142857142857,0.15126050420168066,0.580753618257243
0.29411764705882354,0.15126050420168066,0.5858915598327554
0.3025210084033613,0.15126050420168066,0.5910108783725334
0.31092436974789917,0.15126050420168066,0.5961105375522913
0.31932773109243695,0.15126050420168066,0.6011895177406983
0.3277310924369748,0.15126050420168066,0.606246816759405
0.3361344537815126,0.15126050420168066,0.6112814506124358
0.3445378151260504,0.15126050420168066,0.6162924541839667
0.3529411764705882,0.15126050420168066,0.6212788819035737
0.36134453781512604,0.15126050420168066,0.6262398083781442
0.36974789915966383,0.15126050420168066,0.6311743289897418
0.37815126050420167,0.15126050420168066,0.6360815604587997
0.38655462184873945,0.15126050420168066,0.6409606413721172
0.3949579831932773,0.15126050420168066,0.6458107326752317
0.40336134453781514,0.15126050420168066,0.6506310181288272
0.4117647058823529,0.15126050420168066,0.655420704728942
0.42016806722689076,0.15126050420168066,0.6601790230908209
0.42857142857142855,0.15126050420168066,0.6649052277963572
0.4369747899159664,0.15126050420168066,0.6695985977051526
0.4453781512605042,0.15126050420168066,0.6742584362293157
0.453781512605042,0.15126050420168066,0.678884071572193
0.4621848739495798,0.15126050420168066,0.6834748569313271
0.47058823529411764,0.15126050420168066,0.688030170665995
0.4789915966386554,0.15126050420168066,0.6925494164297707
0.48739495798319327,0.15126050420168066,0.6970320232686167
0.49579831932773105,0.15126050420168066,0.701477445685089
0.5042016806722689,0.15126050420168066,0.7058851636692987
0.5126050420168067,0.15126050420168066,0.7102546826973316
0.5210084033613445,0.15126050420168066,0.7145855336978961
0.5294117647058824,0.15126050420168066,0.7188772729880079
0.5378151260504201,0.15126050420168066,0.723129482178584
0.5462184873949579,0.15126050420168066,0.727341768050854
0.5546218487394958,0.15126050420168066,0.7315137624045407
0.5630252100840336,0.15126050420168066,0.7356451218788008
0.5714285714285714,0.15126050420168066,0.7397355277469445
0.5798319327731092,0.15126050420168066,0.7437846856859927
0.5882352941176471,0.15126050420168066,0.7477923255221334
0.5966386554621849,0.15126050420168066,0.751758200953189
0.6050420168067226,0.15126050420168066,0.7556820892491991
0.6134453781512604,0.15126050420168066,0.7595637909322422
0.6218487394957983,0.15126050420168066,0.7634031294366438
0.6302521008403361,0.15126050420168066,0.7671999507506957
0.6386554621848739,0.15126050420168066,0.7709541230410467
0.6470588235294117,0.15126050420168066,0.7746655362608948
0.6554621848739496,0.15126050420168066,0.7783341017431245
0.6638655462184874,0.15126050420168066,0.7819597517795238
0.6722689075630252,0.15126050420168066,0.7855424391871915
0.680672268907563,0.15126050420168066,0.7890821368632567
0.6890756302521008,0.15126050420168066,0.7925788373289921
0.6974789915966386,0.15126050420168066,0.7960325522644036
0.7058823529411764,0.15126050420168066,0.7994433120343483
0.7142857142857143,0.15126050420168066,0.8028111652072141
0.7226890756302521,0.15126050420168066,0.8061361780671776
0.7310924369747899,0.15126050420168066,0.8094184341210107
0.7394957983193277,0.15126050420168066,0.8126580336004099
0.7478991596638656,0.15126050420168066,0.815855092960764
0.7563025210084033,0.15126050420168066,0.8190097443772663
0.7647058823529411,0.15126050420168066,0.8221221352392407
0.7731092436974789,0.15126050420168066,0.8251924276435123
0.7815126050420168,0.15126050420168066,0.8282207978876378
0.7899159663865546,0.15126050420168066,0.831207435963757
0.7983193277310924,0.15126050420168066,0.8341525450538159
0.8067226890756303,0.15126050420168066,0.8370563410268513
0.8151260504201681,0.15126050420168066,0.8399190519390289
0.8235294117647058,0.15126050420168066,0.8427409175370487
0.8319327731092436,0.15126050420168066,0.8455221887655432
0.8403361344537815,0.15126050420168066,0.8482631272790216
0.8487394957983193,0.15126050420168066,0.8509640049589041
0.8571428571428571,0.15126050420168066,0.8536251034361483
0.8655462184873949,0.15126050420168066,0.8562467136199343
0.8739495798319328,0.15126050420168066,0.8588291352328508
0.8823529411764706,0.15126050420168066,0.8613726763529816
0.8907563025210083,0.15126050420168066,0.8638776529632727
0.8991596638655461,0.15126050420168066,0.8663443885085212
0.907563025210084,0.15126050420168066,0.8687732134602985
0.9159663865546218,0.15126050420168066,0.8711644648900938
0.9243697478991596,0.15126050420168066,0.8735184860509383
0.9327731092436974,0.15126050420168066,0.875835625967731
0.9411764705882353,0.15126050420168066,0.878116239036477
0.9495798319327731,0.15126050420168066,0.8803606846326116
0.9579831932773109,0.15126050420168066,0.8825693267285619
0.9663865546218487,0.15126050420168066,0.8847425335206788
0.9747899159663865,0.15126050420168066,0.8868806770656388
0.9831932773109243,0.15126050420168066,0.8889841329264085
0.9915966386554621,0.15126050420168066,0.8910532798278274
1.0,0.15126050420168066,0.8930884993218565
0.0,0.15966386554621848,0.403374365484556
0.008403361344537815,0.15966386554621848,0.4084378611910554
0.01680672268907563,0.15966386554621848,0.4135208638914118
0.025210084033613446,0.15966386554621848,0.4186223596704335
0.03361344537815126,0.15966386554621848,0.4237413190406425
0.04201680672268907,0.15966386554621848,0.4288766977300881
0.05042016806722689,0.15966386554621848,0.43402743749635336
0.058823529411764705,0.15966386554621848,0.4391924669654886
0.06722689075630252,0.15966386554621848,0.44437070249452554
0.07563025210084033,0.15966386554621848,0.44956104905615585
0.08403361344537814,0.15966386554621848,0.4547624011440932
0.09243697478991596,0.15966386554621848,0.45997364369756244
0.10084033613445378,0.15966386554621848,0.46519365304332055
0.1092436974789916,0.15966386554621848,0.47042129785353387
0.11764705882352941,0.15966386554621848,0.47565544011780947
0.12605042016806722,0.15966386554621848,0.48089493612761774
0.13445378151260504,0.15966386554621848,0.48613863747131086
0.14285714285714285,0.15966386554621848,0.49138539203790976
0.15126050420168066,0.15966386554621848,0.49663404502779623
0.15966386554621848,0.15966386554621848,0.5018834399684362
0.1680672268907563,0.15966386554621848,0.507132419733231
0.1764705882352941,0.15966386554621848,0.5123798275615953
0.18487394957983191,0.15966386554621848,0.5176245080783509
0.19327731092436973,0.15966386554621848,0.5228653083105238
0.20168067226890757,0.15966386554621848,0.52810107869965
0.21008403361344538,0.15966386554621848,0.5333306741077004
0.2184873949579832,0.15966386554621848,0.538552954814764
0.226890756302521,0.15966386554621848,0.5437667875066458
0.23529411764705882,0.15966386554621848,0.5489710462505774
0.24369747899159663,0.15966386554621848,0.5541646134572685
0.25210084033613445,0.15966386554621848,0.559346380827575
0.26050420168067223,0.15966386554621848,0.5645152502821055
0.2689075630252101,0.15966386554621848,0.5696701348721456
0.2773109243697479,0.15966386554621848,0.57480995967033
0.2857142857142857,0.15966386554621848,0.5799336626395633
0.29411764705882354,0.15966386554621848,0.5850401954787531
0.3025210084033613,0.15966386554621848,0.5901285244439874
0.31092436974789917,0.15966386554621848,0.5951976311438701
0.31932773109243695,0.15966386554621848,0.6002465133077991
0.3277310924369748,0.15966386554621848,0.605274185526051
0.3361344537815126,0.15966386554621848,0.6102796799606295
0.3445378151260504,0.15966386554621848,0.615262047025905
0.3529411764705882,0.15966386554621848,0.6202203560381744
0.36134453781512604,0.15966386554621848,0.6251536958333426
0.36974789915966383,0.15966386554621848,0.6300611753520333
0.37815126050420167,0.15966386554621848,0.634941924191514
0.38655462184873945,0.15966386554621848,0.6397950931239135
0.3949579831932773,0.15966386554621848,0.6446198545803045
0.40336134453781514,0.15966386554621848,0.649415403100307
0.4117647058823529,0.15966386554621848,0.6541809557469634
0.42016806722689076,0.15966386554621848,0.658915752486721
0.42857142857142855,0.15966386554621848,0.6636190565344406
0.4369747899159664,0.15966386554621848,0.6682901546634488
0.4453781512605042,0.15966386554621848,0.6729283574807065
0.453781512605042,0.15966386554621848,0.6775329996672871
0.4621848739495798,0.15966386554621848,0.6821034401843936
0.47058823529411764,0.15966386554621848,0.6866390624452533
0.4789915966386554,0.15966386554621848,0.6911392744532772
0.48739495798319327,0.15966386554621848,0.6956035089069619
0.49579831932773105,0.15966386554621848,0.7000312232720544
0.5042016806722689,0.15966386554621848,0.704421899821588
0.5126050420168067,0.15966386554621848,0.7087750456444366
0.5210084033613445,0.15966386554621848,0.7130901926230999
0.5294117647058824,0.15966386554621848,0.7173668973814844
0.5378151260504201,0.15966386554621848,0.7216047412034873
0.5462184873949579,0.15966386554621848,0.7258033299232437
0.5546218487394958,0.15966386554621848,0.7299622937879274
0.5630252100840336,0.15966386554621848,0.7340812872940364
0.5714285714285714,0.15966386554621848,0.7381599889981354
0.5798319327731092,0.15966386554621848,0.7421981013030375
0.5882352941176471,0.15966386554621848,0.746195350220451
0.5966386554621849,0.15966386554621848,0.7501514851111261
0.6050420168067226,0.15966386554621848,0.7540662784035593
0.6134453781512604,0.15966386554621848,0.7579395252923276
0.6218487394957983,0.15966386554621848,0.7617710434171256
0.6302521008403361,0.15966386554621848,0.7655606725236032
0.6386554621848739,0.15966386554621848,0.7693082741070842
0.6470588235294117,0.15966386554621848,0.7730137310402655
0.6554621848739496,0.15966386554621848,0.7766769471859799
0.6638655462184874,0.15966386554621848,0.7802978469961047
0.6722689075630252,0.15966386554621848,0.7838763750976961
0.680672268907563,0.15966386554621848,0.7874124958674072
0.6890756302521008,0.15966386554621848,0.7909061929952401
0.6974789915966386,0.15966386554621848,0.794357469038672
0.7058823529411764,0.15966386554621848,0.797766344968162
0.7142857142857143,0.15966386554621848,0.8011328597050449
0.7226890756302521,0.15966386554621848,0.8044570696527791
0.7310924369747899,0.15966386554621848,0.8077390482225048
0.7394957983193277,0.15966386554621848,0.8109788853538372
0.7478991596638656,0.15966386554621848,0.8141766870317935
0.7563025210084033,0.15966386554621848,0.8173325748007296
0.7647058823529411,0.15966386554621848,0.8204466852761275
0.7731092436974789,0.15966386554621848,0.823519169655051
0.7815126050420168,0.15966386554621848,0.8265501932260525
0.7899159663865546,0.15966386554621848,0.8295399348792843
0.7983193277310924,0.15966386554621848,0.832488586617539
0.8067226890756303,0.15966386554621848,0.8353963530689053
0.8151260504201681,0.15966386554621848,0.8382634510017052
0.8235294117647058,0.15966386554621848,0.8410901088423302
0.8319327731092436,0.15966386554621848,0.8438765661965765
0.8403361344537815,0.15966386554621848,0.8466230733750403
0.8487394957983193,0.15966386554621848,0.8493298909231015
0.8571428571428571,0.15966386554621848,0.8519972891559973
0.8655462184873949,0.15966386554621848,0.8546255476994481
0.8739495798319328,0.15966386554621848,0.8572149550362768
0.8823529411764706,0.15966386554621848,0.8597658080594226
0.8907563025210083,0.15966386554621848,0.8622784116317291
0.8991596638655461,0.15966386554621848,0.8647530781528479
0.907563025210084,0.15966386554621848,0.8671901271335773
0.9159663865546218,0.15966386554621848,0.869589884777929
0.9243697478991596,0.15966386554621848,0.8719526835731772
0.9327731092436974,0.15966386554621848,0.8742788618881342
0.9411764705882353,0.15966386554621848,0.8765687635798547
0.9495798319327731,0.15966386554621848,0.8788227376089601
0.9579831932773109,0.15966386554621848,0.8810411376637413
0.9663865546218487,0.15966386554621848,0.8832243217931769
0.9747899159663865,0.15966386554621848,0.8853726520489852
0.9831932773109243,0.15966386554621848,0.8874864941368039
0.9915966386554621,0.15966386554621848,0.8895662170765702
1.0,0.15966386554621848,0.8916121928721606
0.0,0.1680672268907563,0.40371952173642783
0.008403361344537815,0.1680672268907563,0.40875025722208275
0.01680672268907563,0.1680672268907563,0.4138001771250745
0.025210084033613446,0.1680672268907563,0.4188682869368008
0.03361344537815126,0.1680672268907563,0.42395357703234204
0.04201680672268907,0.1680672268907563,0.4290550234334755
0.05042016806722689,0.1680672268907563,0.4341715885967886
0.058823529411764705,0.1680672268907563,0.4393022222256771
0.06722689075630252,0.1680672268907563,0.44444586210494225
0.07563025210084033,0.1680672268907563,0.44960143495663707
0.08403361344537814,0.1680672268907563,0.45476785731573893
0.09243697478991596,0.1680672268907563,0.45994403642417714
0.10084033613445378,0.1680672268907563,0.4651288711416753
0.1092436974789916,0.1680672268907563,0.47032125287182674
0.11764705882352941,0.1680672268907563,0.47552006650176937
0.12605042016806722,0.1680672268907563,0.48072419135377936
0.13445378151260504,0.1680672268907563,0.48593250214707767
0.14285714285714285,0.1680672268907563,0.49114386996810055
0.15126050420168066,0.1680672268907563,0.49635716324746093
0.15966386554621848,0.1680672268907563,0.5015712487418102
0.1680672268907563,0.1680672268907563,0.5067849925187924
0.1764705882352941,0.1680672268907563,0.5119972609432709
0.18487394957983191,0.1680672268907563,0.5172069216630041
0.19327731092436973,0.1680672268907563,0.5224128445919546
0.20168067226890757,0.1680672268907563,0.527613902889412
0.21008403361344538,0.1680672268907563,0.5328089739331376
0.2184873949579832,0.1680672268907563,0.5379969402847411
0.226890756302521,0.1680672268907563,0.5431766906455409
0.23529411764705882,0.1680672268907563,0.5483471208011779
0.24369747899159663,0.1680672268907563,0.5535071345532904
0.25210084033613445,0.1680672268907563,0.5586556446366026
0.26050420168067223,0.1680672268907563,0.5637915736198181
0.2689075630252101,0.1680672268907563,0.5689138547887677
0.2773109243697479,0.1680672268907563,0.5740214330103052
0.2857142857142857,0.1680672268907563,0.5791132655755098
0.29411764705882354,0.1680672268907563,0.5841883230208261
0.3025210084033613,0.1680672268907563,0.5892455899258121
0.31092436974789917,0.1680672268907563,0.5942840656862693
0.31932773109243695,0.1680672268907563,0.5993027652615713
0.3277310924369748,0.1680672268907563,0.6043007198951112
0.3361344537815126,0.1680672268907563,0.6092769778068384
0.3445378151260504,0.1680672268907563,0.6142306048569569
0.3529411764705882,0.1680672268907563,0.6191606851799317
0.36134453781512604,0.1680672268907563,0.6240663217880293
0.36974789915966383,0.1680672268907563,0.6289466371437105
0.37815126050420167,0.1680672268907563,0.6338007737002701
0.38655462184873945,0.1680672268907563,0.6386278944102122
0.3949579831932773,0.1680672268907563,0.64342718320093
0.40336134453781514,0.1680672268907563,0.648197845417342
0.4117647058823529,0.1680672268907563,0.6529391082312305
0.42016806722689076,0.1680672268907563,0.6576502210170979
0.42857142857142855,0.1680672268907563,0.6623304556944576
0.4369747899159664,0.1680672268907563,0.6669791070365289
0.4453781512605042,0.1680672268907563,0.6715954929454195
0.453781512605042,0.1680672268907563,0.6761789546939272
0.4621848739495798,0.1680672268907563,0.6807288571341804
0.47058823529411764,0.1680672268907563,0.6852445888734081
0.4789915966386554,0.1680672268907563,0.6897255624171964
0.48739495798319327,0.1680672268907563,0.6941712142806623
0.49579831932773105,0.1680672268907563,0.6985810050680272
0.5042016806722689,0.1680672268907563,0.7029544195211476
0.5126050420168067,0.1680672268907563,0.7072909665376022
0.5210084033613445,0.1680672268907563,0.7115901791590068
0.5294117647058824,0.1680672268907563,0.715851614530259
0.5378151260504201,0.1680672268907563,0.7200748538304762
0.5462184873949579,0.1680672268907563,0.7242595021764281
0.5546218487394958,0.1680672268907563,0.7284051884993
0.5630252100840336,0.1680672268907563,0.7325115653956727
0.5714285714285714,0.1680672268907563,0.7365783089536172
0.5798319327731092,0.1680672268907563,0.7406051185548505
0.5882352941176471,0.1680672268907563,0.74459171665391
0.5966386554621849,0.1680672268907563,0.7485378485353287
0.6050420168067226,0.1680672268907563,0.7524432820498218
0.6134453781512604,0.1680672268907563,0.7563078073304863
0.6218487394957983,0.1680672268907563,0.7601312364900566
0.6302521008403361,0.1680672268907563,0.7639134033002336
0.6386554621848739,0.1680672268907563,0.7676541628541442
0.6470588235294117,0.1680672268907563,0.7713533912129593
0.6554621848739496,0.1680672268907563,0.7750109850377124
0.6638655462184874,0.1680672268907563,0.778626861207362
0.6722689075630252,0.1680672268907563,0.7822009564241129
0.680672268907563,0.1680672268907563,0.7857332268070323
0.6890756302521008,0.1680672268907563,0.7892236474749499
0.6974789915966386,0.1680672268907563,0.7926722121196538
0.7058823529411764,0.1680672268907563,0.7960789325703469
0.7142857142857143,0.1680672268907563,0.7994438383503285
0.7226890756302521,0.1680672268907563,0.8027669762268432
0.7310924369747899,0.1680672268907563,0.8060484097550115
0.7394957983193277,0.1680672268907563,0.8092882188167401
0.7478991596638656,0.1680672268907563,0.8124864991554847
0.7563025210084033,0.1680672268907563,0.8156433619077074
0.7647058823529411,0.1680672268907563,0.8187589331318518
0.7731092436974789,0.1680672268907563,0.8218333533356291
0.7815126050420168,0.1680672268907563,0.8248667770023732
0.7899159663865546,0.1680672268907563,0.827859372117203
0.7983193277310924,0.1680672268907563,0.8308113196937019
0.8067226890756303,0.1680672268907563,0.8337228133017828
0.8151260504201681,0.1680672268907563,0.836594058597385
0.8235294117647058,0.1680672268907563,0.8394252728546249
0.8319327731092436,0.1680672268907563,0.8422166845009734
0.8403361344537815,0.1680672268907563,0.8449685326560274
0.8487394957983193,0.1680672268907563,0.8476810666743866
0.8571428571428571,0.1680672268907563,0.8503545456931363
0.8655462184873949,0.1680672268907563,0.8529892381843981
0.8739495798319328,0.1680672268907563,0.8555854215133789
0.8823529411764706,0.1680672268907563,0.8581433815023315
0.8907563025210083,0.1680672268907563,0.8606634120007894
0.8991596638655461,0.1680672268907563,0.8631458144624352
0.907563025210084,0.1680672268907563,0.8655908975289186
0.9159663865546218,0.1680672268907563,0.8679989766209126
0.9243697478991596,0.1680672268907563,0.8703703735366843
0.9327731092436974,0.1680672268907563,0.8727054160584112
0.9411764705882353,0.1680672268907563,0.8750044375664661
0.9495798319327731,0.1680672268907563,0.8772677766618604
0.9579831932773109,0.1680672268907563,0.8794957767970173
0.9663865546218487,0.1680672268907563,0.8816887859150162
0.9747899159663865,0.1680672268907563,0.8838471560974392
0.9831932773109243,0.1680672268907563,0.8859712432209214
0.9915966386554621,0.1680672268907563,0.8880614066224888
1.0,0.1680672268907563,0.8901180087737498
0.0,0.1764705882352941,0.4040647733094562
0.008403361344537815,0.1764705882352941,0.4090627269664553
0.01680672268907563,0.1764705882352941,0.414079545817383
0.025210084033613446,0.1764705882352941,0.41911425452619755
0.03361344537815126,0.1764705882352941,0.42416586308603466
0.04201680672268907,0.1764705882352941,0.42923336755803043
0.05042016806722689,0.1764705882352941,0.43431575083418483
0.058823529411764705,0.1764705882352941,0.43941198342310706
0.06722689075630252,0.1764705882352941,0.44452102425741397
0.07563025210084033,0.1764705882352941,0.44964182152148774
0.08403361344537814,0.1764705882352941,0.4547733134982463
0.09243697478991596,0.1764705882352941,0.45991442943350497
0.10084033613445378,0.1764705882352941,0.46506409041647856
0.1092436974789916,0.1764705882352941,0.47022121027490166
0.11764705882352941,0.1764705882352941,0.4753846964832145
0.12605042016806722,0.1764705882352941,0.480553451082215
0.13445378151260504,0.1764705882352941,0.4857263716085449
0.14285714285714285,0.1764705882352941,0.49090235203234855
0.15126050420168066,0.1764705882352941,0.49608028370140766
0.15966386554621848,0.1764705882352941,0.5012590562900536
0.1680672268907563,0.1764705882352941,0.5064375587511272
0.1764705882352941,0.1764705882352941,0.5116146802692522
0.18487394957983191,0.1764705882352941,0.5167893112136865
0.19327731092436973,0.1764705882352941,0.5219603440890155
0.20168067226890757,0.1764705882352941,0.5271266744819568
0.21008403361344538,0.1764705882352941,0.5322872020025594
0.2184873949579832,0.1764705882352941,0.5374408312180957
0.226890756302521,0.1764705882352941,0.5425864725779748
0.23529411764705882,0.1764705882352941,0.5477230433280191
0.24369747899159663,0.1764705882352941,0.5528494684124957
0.25210084033613445,0.1764705882352941,0.5579646813623198
0.26050420168067223,0.1764705882352941,0.5630676251678952
0.2689075630252101,0.1764705882352941,0.5681572531351032
0.2773109243697479,0.1764705882352941,0.5732325297229993
0.2857142857142857,0.1764705882352941,0.5782924313618382
0.29411764705882354,0.1764705882352941,0.5833359472500999
0.3025210084033613,0.1764705882352941,0.5883620801292615
0.31092436974789917,0.1764705882352941,0.593369847035108
0.31932773109243695,0.1764705882352941,0.5983582800244689
0.3277310924369748,0.1764705882352941,0.6033264268763133
0.3361344537815126,0.1764705882352941,0.6082733517662298
0.3445378151260504,0.1764705882352941,0.6131981359133776
0.3529411764705882,0.1764705882352941,0.6180998781990859
0.36134453781512604,0.1764705882352941,0.6229776957563488
0.36974789915966383,0.1764705882352941,0.6278307245295438
0.37815126050420167,0.1764705882352941,0.6326581198037865
0.38655462184873945,0.1764705882352941,0.6374590567034076
0.3949579831932773,0.1764705882352941,0.64223273065913
0.40336134453781514,0.1764705882352941,0.6469783578435936
0.4117647058823529,0.1764705882352941,0.651695175574961
0.42016806722689076,0.1764705882352941,0.6563824426884203
0.42857142857142855,0.1764705882352941,0.6610394398754665
0.4369747899159664,0.1764705882352941,0.6656654699909385
0.4453781512605042,0.1764705882352941,0.6702598583278478
0.453781512605042,0.1764705882352941,0.6748219528601179
0.4621848739495798,0.1764705882352941,0.6793511244534166
0.47058823529411764,0.1764705882352941,0.6838467670443515
0.4789915966386554,0.1764705882352941,0.6883082977883306
0.48739495798319327,0.1764705882352941,0.6927351571764976
0.49579831932773105,0.1764705882352941,0.697126809122175
0.5042016806722689,0.1764705882352941,0.7014827410173269
0.5126050420168067,0.1764705882352941,0.7058024637596059
0.5210084033613445,0.1764705882352941,0.7100855117505943
0.5294117647058824,0.1764705882352941,0.714331442865905
0.5378151260504201,0.1764705882352941,0.7185398383978489
0.5462184873949579,0.1764705882352941,0.7227103029714197
0.5546218487394958,0.1764705882352941,0.7268424644343837
0.5630252100840336,0.1764705882352941,0.7309359737223051
0.5714285714285714,0.1764705882352941,0.7349905046993489
0.5798319327731092,0.1764705882352941,0.7390057539757631
0.5882352941176471,0.1764705882352941,0.7429814407029343
0.5966386554621849,0.1764705882352941,0.7469173063469539
0.6050420168067226,0.1764705882352941,0.7508131144416463
0.6134453781512604,0.1764705882352941,0.7546686503220166
0.6218487394957983,0.1764705882352941,0.7584837208390945
0.6302521008403361,0.1764705882352941,0.762258154057163
0.6386554621848739,0.1764705882352941,0.765991798934357
0.6470588235294117,0.1764705882352941,0.7696845249876213
0.6554621848739496,0.1764705882352941,0.7733362219430332
0.6638655462184874,0.1764705882352941,0.7769467993724589
0.6722689075630252,0.1764705882352941,0.7805161863175492
0.680672268907563,0.1764705882352941,0.784044330902034
0.6890756302521008,0.1764705882352941,0.7875311999332911
0.6974789915966386,0.1764705882352941,0.7909767784941438
0.7058823529411764,0.1764705882352941,0.794381069525817
0.7142857142857143,0.1764705882352941,0.7977440934029901
0.7226890756302521,0.1764705882352941,0.8010658875018444
0.7310924369747899,0.1764705882352941,0.8043465057619863
0.7394957983193277,0.1764705882352941,0.8075860182431276
0.7478991596638656,0.1764705882352941,0.8107845106773446
0.7563025210084033,0.1764705882352941,0.8139420840177566
0.7647058823529411,0.1764705882352941,0.8170588539844026
0.7731092436974789,0.1764705882352941,0.8201349506080956
0.7815126050420168,0.1764705882352941,0.8231705177729909
0.7899159663865546,0.1764705882352941,0.8261657127585862
0.7983193277310924,0.1764705882352941,0.8291207057818483
0.8067226890756303,0.1764705882352941,0.8320356795401126
0.8151260504201681,0.1764705882352941,0.8349108287554017
0.8235294117647058,0.1764705882352941,0.8377463597207557
0.8319327731092436,0.1764705882352941,0.8405424898491525
0.8403361344537815,0.1764705882352941,0.8432994472255663
0.8487394957983193,0.1764705882352941,0.8460174701626705
0.8571428571428571,0.1764705882352941,0.8486968067606887
0.8655462184873949,0.1764705882352941,0.8513377144718329
0.8739495798319328,0.1764705882352941,0.8539404596697807
0.8823529411764706,0.1764705882352941,0.8565053172245772
0.8907563025210083,0.1764705882352941,0.859032570083345
0.8991596638655461,0.1764705882352941,0.8615225088571542
0.907563025210084,0.1764705882352941,0.8639754314143638
0.9159663865546218,0.1764705882352941,0.8663916424807401
0.9243697478991596,0.1764705882352941,0.8687714532466203
0.9327731092436974,0.1764705882352941,0.8711151809813615
0.9411764705882353,0.1764705882352941,0.8734231486553072
0.9495798319327731,0.1764705882352941,0.8756956845694599
0.9579831932773109,0.1764705882352941,0.8779331219930447
0.9663865546218487,0.1764705882352941,0.8801357988091122
0.9747899159663865,0.1764705882352941,0.8823040571683148
0.9831932773109243,0.1764705882352941,0.8844382431509762
0.9915966386554621,0.1764705882352941,0.8865387064375356
1.0,0.1764705882352941,0.8886057999874565
0.0,0.18487394957983191,0.4044101198880131
0.008403361344537815,0.18487394957983191,0.4093752701890579
0.01680672268907563,0.18487394957983191,0.4143589697995571
0.025210084033613446,0.18487394957983191,0.4193602623229574
0.03361344537815126,0.18487394957983191,0.4243781771270788
0.04201680672268907,0.18487394957983191,0.4294117300593405
0.05042016806722689,0.18487394957983191,0.43445992418500967
0.058823529411764705,0.18487394957983191,0.43952175054736287
0.06722689075630252,0.18487394957983191,0.4445961889485864
0.07563025210084033,0.18487394957983191,0.449682208750187
0.08403361344537814,0.18487394957983191,0.4547787696916134
0.09243697478991596,0.18487394957983191,0.45988482272575204
0.10084033613445378,0.18487394957983191,0.4649993108698948
0.1092436974789916,0.18487394957983191,0.4701211700707401
0.11764705882352941,0.18487394957983191,0.4752493300819418
0.12605042016806722,0.18487394957983191,0.4803827153526839
0.13445378151260504,0.18487394957983191,0.48552024592572396
0.14285714285714285,0.18487394957983191,0.4906608383433207
0.15126050420168066,0.18487394957983191,0.495803406559436
0.15966386554621848,0.18487394957983191,0.5009468628565849
0.1680672268907563,0.18487394957983191,0.5060901187656867
0.1764705882352941,0.18487394957983191,0.5112320859872693
0.18487394957983191,0.18487394957983191,0.5163716773123668
0.19327731092436973,0.18487394957983191,0.5215078075414581
0.20168067226890757,0.18487394957983191,0.5266393943997969
0.21008403361344538,0.18487394957983191,0.5317653594474895
0.2184873949579832,0.18487394957983191,0.5368846289827084
0.226890756302521,0.18487394957983191,0.5419961349364317
0.23529411764705882,0.18487394957983191,0.5470988157571367
0.24369747899159663,0.18487394957983191,0.5521916172839048
0.25210084033613445,0.18487394957983191,0.5572734936064265
0.26050420168067223,0.18487394957983191,0.5623434079104389
0.2689075630252101,0.18487394957983191,0.5674003333071672
0.2773109243697479,0.18487394957983191,0.5724432536453954
0.2857142857142857,0.18487394957983191,0.5774711643048406
0.29411764705882354,0.18487394957983191,0.5824830729695603
0.3025210084033613,0.18487394957983191,0.5874780003801762
0.31092436974789917,0.18487394957983191,0.592454981063774
0.31932773109243695,0.18487394957983191,0.5974130640403861
0.3277310924369748,0.18487394957983191,0.6023513135050406
0.3361344537815126,0.18487394957983191,0.6072688094844304
0.3445378151260504,0.18487394957983191,0.6121646484673218
0.3529411764705882,0.18487394957983191,0.6170379440079006
0.36134453781512604,0.18487394957983191,0.6218878273013221
0.36974789915966383,0.18487394957983191,0.6267134477308134
0.37815126050420167,0.18487394957983191,0.6315139733857456
0.38655462184873945,0.18487394957983191,0.6362885915501771
0.3949579831932773,0.18487394957983191,0.6410365091614378
0.40336134453781514,0.18487394957983191,0.6457569532384074
0.4117647058823529,0.18487394957983191,0.6504491712792183
0.42016806722689076,0.18487394957983191,0.6551124316281729
0.42857142857142855,0.18487394957983191,0.6597460238117672
0.4369747899159664,0.18487394957983191,0.6643492588437607
0.4453781512605042,0.18487394957983191,0.6689214694993147
0.453781512605042,0.18487394957983191,0.6734620105582942
0.4621848739495798,0.18487394957983191,0.6779702590178905
0.47058823529411764,0.18487394957983191,0.6824456142747913
0.4789915966386554,0.18487394957983191,0.6868874982771882
0.48739495798319327,0.18487394957983191,0.6912953556469724
0.49579831932773105,0.18487394957983191,0.6956686537725254
0.5042016806722689,0.18487394957983191,0.7000068828725774
0.5126050420168067,0.18487394957983191,0.7043095560316468
0.5210084033613445,0.18487394957983191,0.708576209207632
0.5294117647058824,0.18487394957983191,0.7128064012121732
0.5378151260504201,0.18487394957983191,0.7169997136644393
0.5462184873949579,0.18487394957983191,0.7211557509190555
0.5546218487394958,0.18487394957983191,0.7252741399688881
0.5630252100840336,0.18487394957983191,0.729354530323486
0.5714285714285714,0.18487394957983191,0.7333965938639648
0.5798319327731092,0.18487394957983191,0.7374000246751721
0.5882352941176471,0.18487394957983191,0.7413645388559998
0.5966386554621849,0.18487394957983191,0.7452898743087059
0.6050420168067226,0.18487394957983191,0.7491757905081633
0.6134453781512604,0.18487394957983191,0.7530220682519325
0.6218487394957983,0.18487394957983191,0.7568285093920935
0.6302521008403361,0.18487394957983191,0.7605949365497672
0.6386554621848739,0.18487394957983191,0.7643211928132703
0.6470588235294117,0.18487394957983191,0.7680071414208464
0.6554621848739496,0.18487394957983191,0.7716526654289203
0.6638655462184874,0.18487394957983191,0.7752576673668241
0.6722689075630252,0.18487394957983191,0.7788220688789275
0.680672268907563,0.18487394957983191,0.7823458103551149
0.6890756302521008,0.18487394957983191,0.7858288505505313
0.6974789915966386,0.18487394957983191,0.7892711661955122
0.7058823529411764,0.18487394957983191,0.7926727515966009
0.7142857142857143,0.18487394957983191,0.796033618229542
0.7226890756302521,0.18487394957983191,0.7993537943251223
0.7310924369747899,0.18487394957983191,0.8026333244487146
0.7394957983193277,0.18487394957983191,0.8058722690743562
0.7478991596638656,0.18487394957983191,0.8090707041541828
0.7563025210084033,0.18487394957983191,0.8122287206840044
0.7647058823529411,0.18487394957983191,0.8153464242658005
0.7731092436974789,0.18487394957983191,0.8184239346678702
0.7815126050420168,0.18487394957983191,0.8214613853833724
0.7899159663865546,0.18487394957983191,0.8244589231879417
0.7983193277310924,0.18487394957983191,0.8274167076970584
0.8067226890756303,0.18487394957983191,0.8303349109238112
0.8151260504201681,0.18487394957983191,0.8332137168376726
0.8235294117647058,0.18487394957983191,0.8360533209248794
0.8319327731092436,0.18487394957983191,0.838853929750978
0.8403361344537815,0.18487394957983191,0.841615760526074
0.8487394957983193,0.18487394957983191,0.84433904067329
0.8571428571428571,0.18487394957983191,0.8470240074009177
0.8655462184873949,0.18487394957983191,0.8496709072787183
0.8739495798319328,0.18487394957983191,0.8522799958187913
0.8823529411764706,0.18487394957983191,0.854851537061424
0.8907563025210083,0.18487394957983191,0.8573858031662845
0.8991596638655461,0.18487394957983191,0.859883074009315
0.907563025210084,0.18487394957983191,0.8623436367856451
0.9159663865546218,0.18487394957983191,0.8647677856188211
0.9243697478991596,0.18487394957983191,0.867155821176631
0.9327731092436974,0.18487394957983191,0.8695080502937692
0.9411764705882353,0.18487394957983191,0.8718247856015701
0.9495798319327731,0.18487394957983191,0.8741063451650185
0.9579831932773109,0.18487394957983191,0.8763530521272115
0.9663865546218487,0.18487394957983191,0.8785652343614401
0.9747899159663865,0.18487394957983191,0.8807432241310307
0.9831932773109243,0.18487394957983191,0.882887357757063
0.9915966386554621,0.18487394957983191,0.884997975294075
1.0,0.18487394957983191,0.8870754202138306
0.0,0.19327731092436973,0.40475556115610073
0.008403361344537815,0.19327731092436973,0.4096878866545423
0.01680672268907563,0.19327731092436973,0.41463844890267654
0.025210084033613446,0.19327731092436973,0.41960631021133565
0.03361344537815126,0.19327731092436973,0.4245905190807922
0.04201680672268907,0.19327731092436973,0.4295901108929752
0.05042016806722689,0.19327731092436973,0.4346041086257245
0.058823529411764705,0.19327731092436973,0.4396315235880256
0.06722689075630252,0.19327731092436973,0.44467135617510656
0.07563025210084033,0.19327731092436973,0.4497225966422128
0.08403361344537814,0.19327731092436973,0.45478422589583933
0.09243697478991596,0.19327731092436973,0.459855216301125
0.10084033613445378,0.19327731092436973,0.46493453250408817
0.1092436974789916,0.19327731092436973,0.4700211322673229
0.11764705882352941,0.19327731092436973,0.4751139673177465
0.12605042016806722,0.19327731092436973,0.48021198420494254
0.13445378151260504,0.19327731092436973,0.48531412516861927
0.14285714285714285,0.19327731092436973,0.49041932901367635
0.15126050420168066,0.19327731092436973,0.4955265319913407
0.15966386554621848,0.19327731092436973,0.5006346686848261
0.1680672268907563,0.19327731092436973,0.5057426728979468
0.1764705882352941,0.19327731092436973,0.5108494785451161
0.18487394957983191,0.19327731092436973,0.5159540205411448
0.19327731092436973,0.19327731092436973,0.5210552356892709
0.20168067226890757,0.19327731092436973,0.5261520635658381
0.21008403361344538,0.19327731092436973,0.5312434474000695
0.2184873949579832,0.19327731092436973,0.5363283349473844
0.226890756302521,0.19327731092436973,0.5414056793547338
0.23529411764705882,0.19327731092436973,0.5464744400164457
0.24369747899159663,0.19327731092436973,0.5515335834191131
0.25210084033613445,0.19327731092436973,0.5565820839740769
0.26050420168067223,0.19327731092436973,0.5616189248360979
0.2689075630252101,0.19327731092436973,0.5666430987068608
0.2773109243697479,0.19327731092436973,0.5716536086219829
0.2857142857142857,0.19327731092436973,0.5766494687202633
0.29411764705882354,0.19327731092436973,0.5816297049939503
0.3025210084033613,0.19327731092436973,0.5865933560188662
0.31092436974789917,0.19327731092436973,0.5915394736632819
0.31932773109243695,0.19327731092436973,0.5964671237744973
0.3277310924369748,0.19327731092436973,0.6013753868421485
0.3361344537815126,0.19327731092436973,0.6062633586373182
0.3445378151260504,0.19327731092436973,0.6111301508266113
0.3529411764705882,0.19327731092436973,0.6159748915604039
0.36134453781512604,0.19327731092436973,0.620796726034563
0.36974789915966383,0.19327731092436973,0.6255948170249951
0.37815126050420167,0.19327731092436973,0.6303683453944549
0.38655462184873945,0.19327731092436973,0.6351165105711201
0.3949579831932773,0.19327731092436973,0.6398385309985138
0.40336134453781514,0.19327731092436973,0.6445336445564163
0.4117647058823529,0.19327731092436973,0.6492011089524943
0.42016806722689076,0.19327731092436973,0.6538402020844389
0.42857142857142855,0.19327731092436973,0.6584502223724789
0.4369747899159664,0.19327731092436973,0.6630304890621989
0.4453781512605042,0.19327731092436973,0.6675803424976676
0.453781512605042,0.19327731092436973,0.672099144364947
0.4621848739495798,0.19327731092436973,0.6765862779061084
0.47058823529411764,0.19327731092436973,0.681041148103965
0.4789915966386554,0.19327731092436973,0.6854631818377671
0.48739495798319327,0.19327731092436973,0.6898518280101826
0.49579831932773105,0.19327731092436973,0.6942065576459393
0.5042016806722689,0.19327731092436973,0.6985268639625469
0.5126050420168067,0.19327731092436973,0.7028122624135876
0.5210084033613445,0.19327731092436973,0.707062290705097
0.5294117647058824,0.19327731092436973,0.7112765087856069
0.5378151260504201,0.19327731092436973,0.7154544988104674
0.5462184873949579,0.19327731092436973,0.7195958650811062
0.5546218487394958,0.19327731092436973,0.7237002339599085
0.5630252100840336,0.19327731092436973,0.7277672537614566
0.5714285714285714,0.19327731092436973,0.7317965946208697
0.5798319327731092,0.19327731092436973,0.7357879483400431
0.5882352941176471,0.19327731092436973,0.739741028212583
0.5966386554621849,0.19327731092436973,0.7436555688282763
0.6050420168067226,0.19327731092436973,0.7475313258579388
0.6134453781512604,0.19327731092436973,0.7513680758195088
0.6218487394957983,0.19327731092436973,0.7551656158262658
0.6302521008403361,0.19327731092436973,0.7589237633180508
0.6386554621848739,0.19327731092436973,0.762642355776404
0.6470588235294117,0.19327731092436973,0.7663212504244931
0.6554621848739496,0.19327731092436973,0.769960323912758
0.6638655462184874,0.19327731092436973,0.7735594719911555
0.6722689075630252,0.19327731092436973,0.7771186091689112
0.680672268907563,0.19327731092436973,0.7806376683626737
0.6890756302521008,0.19327731092436973,0.7841166005339474
0.6974789915966386,0.19327731092436973,0.7875553743166921
0.7058823529411764,0.19327731092436973,0.7909539756359524
0.7142857142857143,0.19327731092436973,0.7943124073183634
0.7226890756302521,0.19327731092436973,0.7976306886953857
0.7310924369747899,0.19327731092436973,0.8009088552000749
0.7394957983193277,0.19327731092436973,0.8041469579582086
0.7478991596638656,0.19327731092436973,0.807345063374544
0.7563025210084033,0.19327731092436973,0.8105032527149807
0.7647058823529411,0.19327731092436973,0.8136216216853686
0.7731092436974789,0.19327731092436973,0.8167002800076911
0.7815126050420168,0.19327731092436973,0.8197393509943198
0.7899159663865546,0.19327731092436973,0.8227389711210147
0.7983193277310924,0.19327731092436973,0.8256992895993335
0.8067226890756303,0.19327731092436973,0.8286204679490666
0.8151260504201681,0.19327731092436973,0.8315026795713082
0.8235294117647058,0.19327731092436973,0.8343461093227409
0.8319327731092436,0.19327731092436973,0.8371509530916769
0.8403361344537815,0.19327731092436973,0.839917417376401
0.8487394957983193,0.19327731092436973,0.8426457188662896
0.8571428571428571,0.19327731092436973,0.8453360840262071
0.8655462184873949,0.19327731092436973,0.8479887486846073
0.8739495798319328,0.19327731092436973,0.8506039576257716
0.8823529411764706,0.19327731092436973,0.8531819641865866
0.8907563025210083,0.19327731092436973,0.8557230298582204
0.8991596638655461,0.19327731092436973,0.8582274238930591
0.907563025210084,0.19327731092436973,0.8606954229172183
0.9159663865546218,0.19327731092436973,0.8631273105489313
0.9243697478991596,0.19327731092436973,0.8655233770230927
0.9327731092436974,0.19327731092436973,0.867883918822206
0.9411764705882353,0.19327731092436973,0.8702092383139729
0.9495798319327731,0.19327731092436973,0.8724996433957248
0.9579831932773109,0.19327731092436973,0.8747554471458936
0.9663865546218487,0.19327731092436973,0.8769769674826844
0.9747899159663865,0.19327731092436973,0.879164526830096
0.9831932773109243,0.19327731092436973,0.8813184517914284
0.9915966386554621,0.19327731092436973,0.8834390728303728
1.0,0.19327731092436973,0.885526723959791
0.0,0.20168067226890757,0.4051010967973537
0.008403361344537815,0.20168067226890757,0.4100005761273275
0.01680672268907563,0.20168067226890757,0.4149179829576811
0.025210084033613446,0.20168067226890757,0.4198523980755083
0.03361344537815126,0.20168067226890757,0.4248028888724518
0.04201680672268907,0.20168067226890757,0.42976851001448435
0.05042016806722689,0.20168067226890757,0.4347483041327814
0.058823529411764705,0.20168067226890757,0.439741302534675
0.06722689075630252,0.20168067226890757,0.44474652593361935
0.07563025210084033,0.20168067226890757,0.449762985197044
0.08403361344537814,0.20168067226890757,0.45478968211092285
0.09243697478991596,0.20168067226890757,0.4598256101598299
0.10084033613445378,0.20168067226890757,0.4648697553212218
0.1092436974789916,0.20168067226890757,0.4699210968726302
0.11764705882352941,0.20168067226890757,0.47497860821042165
0.12605042016806722,0.20168067226890757,0.48004125767874145
0.13445378151260504,0.20168067226890757,0.48510800940722826
0.14285714285714285,0.20168067226890757,0.4901778241560669
0.15126050420168066,0.20168067226890757,0.4952496601669096
0.15966386554621848,0.20168067226890757,0.5003224740182006
0.1680672268907563,0.20168067226890757,0.5053952214834059
0.1764705882352941,0.20168067226890757,0.5104668583906479
0.18487394957983191,0.20168067226890757,0.5155363414822489
0.19327731092436973,0.20168067226890757,0.5206026292726731
0.20168067226890757,0.20168067226890757,0.5256646829033728
0.21008403361344538,0.20168067226890757,0.530721466993047
0.2184873949579832,0.20168067226890757,0.5357719504818405
0.226890756302521,0.20168067226890757,0.5408151074680231
0.23529411764705882,0.20168067226890757,0.5458499180357176
0.24369747899159663,0.20168067226890757,0.5508753690722623
0.25210084033613445,0.20168067226890757,0.5558904550738392
0.26050420168067223,0.20168067226890757,0.5608941789380172
0.2689075630252101,0.20168067226890757,0.56588555274191
0.2773109243697479,0.20168067226890757,0.5708635985046875
0.2857142857142857,0.20168067226890757,0.5758273489332152
0.29411764705882354,0.20168067226890757,0.5807758481496682
0.3025210084033613,0.20168067226890757,0.5857081523999882
0.31092436974789917,0.20168067226890757,0.5906233307421305
0.31932773109243695,0.20168067226890757,0.5955204657130919
0.3277310924369748,0.20168067226890757,0.600398653973776
0.3361344537815126,0.20168067226890757,0.6052570069308105
0.3445378151260504,0.20168067226890757,0.6100946513344945
0.3529411764705882,0.20168067226890757,0.6149107298521221
0.36134453781512604,0.20168067226890757,0.6197044016159855
0.36974789915966383,0.20168067226890757,0.624474842745445
0.37815126050420167,0.20168067226890757,0.6292212468425022
0.38655462184873945,0.20168067226890757,0.6339428254603872
0.3949579831932773,0.20168067226890757,0.6386388085447554
0.40336134453781514,0.20168067226890757,0.6433084448471236
0.4117647058823529,0.20168067226890757,0.6479510023102831
0.42016806722689076,0.20168067226890757,0.6525657684254612
0.42857142857142855,0.20168067226890757,0.6571520505610962
0.4369747899159664,0.20168067226890757,0.6617091762631373
0.4453781512605042,0.20168067226890757,0.6662364935268553
0.453781512605042,0.20168067226890757,0.6707333710402176
0.4621848739495798,0.20168067226890757,0.6751991983989297
0.47058823529411764,0.20168067226890757,0.6796333862933209
0.4789915966386554,0.20168067226890757,0.6840353666672958
0.48739495798319327,0.20168067226890757,0.6884045928496436
0.49579831932773105,0.20168067226890757,0.6927405396580393
0.5042016806722689,0.20168067226890757,0.6970427034761308
0.5126050420168067,0.20168067226890757,0.7013106023041507
0.5210084033613445,0.20168067226890757,0.7055437757835383
0.5294117647058824,0.20168067226890757,0.7097417851961063
0.5378151260504201,0.20168067226890757,0.7139042134383224
0.5462184873949579,0.20168067226890757,0.7180306649713163
0.5546218487394958,0.20168067226890757,0.7221207657472597
0.5630252100840336,0.20168067226890757,0.7261741631128001
0.5714285714285714,0.20168067226890757,0.7301905256902588
0.5798319327731092,0.20168067226890757,0.7341695432373251
0.5882352941176471,0.20168067226890757,0.7381109264860164
0.5966386554621849,0.20168067226890757,0.7420144069616791
0.6050420168067226,0.20168067226890757,0.7458797367828396
0.6134453781512604,0.20168067226890757,0.7497066884427183
0.6218487394957983,0.20168067226890757,0.7534950545732388
0.6302521008403361,0.20168067226890757,0.7572446476923754
0.6386554621848739,0.20168067226890757,0.7609552999356871
0.6470588235294117,0.20168067226890757,0.7646268627728954
0.6554621848739496,0.20168067226890757,0.7682592067103584
0.6638655462184874,0.20168067226890757,0.7718522209803114
0.6722689075630252,0.20168067226890757,0.7754058132177163
0.680672268907563,0.20168067226890757,0.7789199091255886
0.6890756302521008,0.20168067226890757,0.7823944521296359
0.6974789915966386,0.20168067226890757,0.7858294030230629
0.7058823529411764,0.20168067226890757,0.7892247396023573
0.7142857142857143,0.20168067226890757,0.7925804562948886
0.7226890756302521,0.20168067226890757,0.7958965637791215
0.7310924369747899,0.20168067226890757,0.7991730885982321
0.7394957983193277,0.20168067226890757,0.8024100727679088
0.7478991596638656,0.20168067226890757,0.8056075733790966
0.7563025210084033,0.20168067226890757,0.8087656621964151
0.7647058823529411,0.20168067226890757,0.8118844252529872
0.7731092436974789,0.20168067226890757,0.8149639624423682
0.7815126050420168,0.20168067226890757,0.818004387108256
0.7899159663865546,0.20168067226890757,0.8210058256326433
0.7983193277310924,0.20168067226890757,0.8239684170230475
0.8067226890756303,0.20168067226890757,0.8268923124994239
0.8151260504201681,0.20168067226890757,0.8297776750813576
0.8235294117647058,0.20168067226890757,0.832624679176097
0.8319327731092436,0.20168067226890757,0.8354335101679643
0.8403361344537815,0.20168067226890757,0.8382043640096658
0.8487394957983193,0.20168067226890757,0.8409374468159906
0.8571428571428571,0.20168067226890757,0.8436329744603617
0.8655462184873949,0.20168067226890757,0.846291172174686
0.8739495798319328,0.20168067226890757,0.8489122741529213
0.8823529411764706,0.20168067226890757,0.8514965231587518
0.8907563025210083,0.20168067226890757,0.8540441701377441
0.8991596638655461,0.20168067226890757,0.8565554738343298
0.907563025210084,0.20168067226890757,0.8590307004139361
0.9159663865546218,0.20168067226890757,0.8614701230905689
0.9243697478991596,0.20168067226890757,0.8638740217601227
0.9327731092436974,0.20168067226890757,0.8662426826396727
0.9411764705882353,0.20168067226890757,0.8685763979129898
0.9495798319327731,0.20168067226890757,0.8708754653824791
0.9579831932773109,0.20168067226890757,0.8731401881277541
0.9663865546218487,0.20168067226890757,0.875370874170999
0.9747899159663865,0.20168067226890757,0.8775678361492917
0.9831932773109243,0.20168067226890757,0.8797313909940094
0.9915966386554621,0.20168067226890757,0.8818618596174406
1.0,0.20168067226890757,0.8839595666067108
0.0,0.21008403361344538,0.40544672649503954
0.008403361344537815,0.21008403361344538,0.4103133383716
0.01680672268907563,0.21008403361344538,0.4151975717953712
0.025210084033613446,0.21008403361344538,0.4200985257995733
0.03361344537815126,0.21008403361344538,0.4250152864272941
0.04201680672268907,0.21008403361344538,0.4299469273793997
0.05042016806722689,0.21008403361344538,0.4348925106826268
0.058823529411764705,0.21008403361344538,0.4398510873768879
0.06722689075630252,0.21008403361344538,0.44482169822077
0.07563025210084033,0.21008403361344538,0.4498033744141589
0.08403361344537814,0.21008403361344538,0.4547951383368624
0.09243697478991596,0.21008403361344538,0.4597960043020733
0.10084033613445378,0.21008403361344538,0.46480497932346
0.1092436974789916,0.21008403361344538,0.4698210638946413
0.11764705882352941,0.21008403361344538,0.4748432527797577
0.12605042016806722,0.21008403361344538,0.4798705358138273
0.13445378151260504,0.21008403361344538,0.4849018987115427
0.14285714285714285,0.21008403361344538,0.48993632388313524
0.15126050420168066,0.21008403361344538,0.4949727912559234
0.15966386554621848,0.21008403361344538,0.5000102791001344
0.1680672268907563,0.21008403361344538,0.5050477648575835
0.1764705882352941,0.21008403361344538,0.5100842259717798
0.18487394957983191,0.21008403361344538,0.5151186407180305
0.19327731092436973,0.21008403361344538,0.520149989032111
0.20168067226890757,0.21008403361344538,0.5251772533360722
0.21008403361344538,0.21008403361344538,0.5301994193597668
0.2184873949579832,0.21008403361344538,0.5352154769566901
0.226890756302521,0.21008403361344538,0.5402244209127446
0.23529411764705882,0.21008403361344538,0.5452252517465567
0.24369747899159663,0.21008403361344538,0.5502169765000074
0.25210084033613445,0.21008403361344538,0.5551986095176592
0.26050420168067223,0.21008403361344538,0.5601691732137914
0.2689075630252101,0.21008403361344538,0.5651276988258084
0.2773109243697479,0.21008403361344538,0.5700732271527971
0.2857142857142857,0.21008403361344538,0.5750048092780835
0.29411764705882354,0.21008403361344538,0.5799215072746625
0.3025210084033613,0.21008403361344538,0.5848223948924229
0.31092436974789917,0.21008403361344538,0.5897065582261617
0.31932773109243695,0.21008403361344538,0.5945730963634087
0.3277310924369748,0.21008403361344538,0.5994211220111586
0.3361344537815126,0.21008403361344538,0.6042497621006506
0.3445378151260504,0.21008403361344538,0.6090581583694106
0.3529411764705882,0.21008403361344538,0.6138454679198143
0.36134453781512604,0.21008403361344538,0.6186108637535076
0.36974789915966383,0.21008403361344538,0.6233535352810742
0.37815126050420167,0.21008403361344538,0.6280726888064068
0.38655462184873945,0.21008403361344538,0.6327675479853074
0.3949579831932773,0.21008403361344538,0.6374373542578966
0.40336134453781514,0.21008403361344538,0.6420813672544885
0.4117647058823529,0.21008403361344538,0.6466988651746455
0.42016806722689076,0.21008403361344538,0.651289145139193
0.42857142857142855,0.21008403361344538,0.6558515235150365
0.4369747899159664,0.21008403361344538,0.6603853362126898
0.4453781512605042,0.21008403361344538,0.6648899389564837
0.453781512605042,0.21008403361344538,0.6693647075274787
0.4621848739495798,0.21008403361344538,0.6738090379791769
0.47058823529411764,0.21008403361344538,0.6782223468261744
0.4789915966386554,0.21008403361344538,0.6826040712059545
0.48739495798319327,0.21008403361344538,0.6869536690140816
0.49579831932773105,0.21008403361344538,0.6912706190130974
0.5042016806722689,0.21008403361344538,0.6955544209154793
0.5126050420168067,0.21008403361344538,0.6998045954410641
0.5210084033613445,0.21008403361344538,0.7040206843493886
0.5294117647058824,0.21008403361344538,0.7082022504474302
0.5378151260504201,0.21008403361344538,0.7123488775732898
0.5462184873949579,0.21008403361344538,0.7164601705563832
0.5546218487394958,0.21008403361344538,0.720535755154734
0.5630252100840336,0.21008403361344538,0.7245752779700242
0.5714285714285714,0.21008403361344538,0.7285784063410498
0.5798319327731092,0.21008403361344538,0.732544828216283
0.5882352941176471,0.21008403361344538,0.7364742520062549
0.5966386554621849,0.21008403361344538,0.7403664064164975
0.6050420168067226,0.21008403361344538,0.7442210402618021
0.6134453781512604,0.21008403361344538,0.748037922262564
0.6218487394957983,0.21008403361344538,0.7518168408240061
0.6302521008403361,0.21008403361344538,0.7555576037990689
0.6386554621848739,0.21008403361344538,0.7592600382357859
0.6470588235294117,0.21008403361344538,0.7629239901099468
0.6554621848739496,0.21008403361344538,0.7665493240438663
0.6638655462184874,0.21008403361344538,0.770135923012085
0.6722689075630252,0.21008403361344538,0.7736836880348029
0.680672268907563,0.21008403361344538,0.7771925378598814
0.6890756302521008,0.21008403361344538,0.7806624086342052
0.6974789915966386,0.21008403361344538,0.7840932535652209
0.7058823529411764,0.21008403361344538,0.7874850425734399
0.7142857142857143,0.21008403361344538,0.7908377619366942
0.7226890756302521,0.21008403361344538,0.7941514139269236
0.7310924369747899,0.21008403361344538,0.7974260164402457
0.7394957983193277,0.21008403361344538,0.8006616026210671
0.7478991596638656,0.21008403361344538,0.8038582204809549
0.7563025210084033,0.21008403361344538,0.8070159325129947
0.7647058823529411,0.21008403361344538,0.8101348153023242
0.7731092436974789,0.21008403361344538,0.813214959133524
0.7815126050420168,0.21008403361344538,0.8162564675955224
0.7899159663865546,0.21008403361344538,0.8192594571846495
0.7983193277310924,0.21008403361344538,0.8222240569064685
0.8067226890756303,0.21008403361344538,0.8251504078769637
0.8151260504201681,0.21008403361344538,0.8280386629236703
0.8235294117647058,0.21008403361344538,0.8308889861872965
0.8319327731092436,0.21008403361344538,0.8337015527243554
0.8403361344537815,0.21008403361344538,0.8364765481113282
0.8487394957983193,0.21008403361344538,0.8392141680508282
0.8571428571428571,0.21008403361344538,0.8419146179802247
0.8655462184873949,0.21008403361344538,0.844578112683177
0.8739495798319328,0.21008403361344538,0.8472048759044705
0.8823529411764706,0.21008403361344538,0.8497951399685622
0.8907563025210083,0.21008403361344538,0.8523491454021931
0.8991596638655461,0.21008403361344538,0.8548671405614139
0.907563025210084,0.21008403361344538,0.8573493812633491
0.9159663865546218,0.21008403361344538,0.8597961304229963
0.9243697478991596,0.21008403361344538,0.8622076576953424
0.9327731092436974,0.21008403361344538,0.8645842391230523
0.9411764705882353,0.21008403361344538,0.8669261567899686
0.9495798319327731,0.21008403361344538,0.8692336984806396
0.9579831932773109,0.21008403361344538,0.871507157346071
0.9663865546218487,0.21008403361344538,0.8737468315758842
0.9747899159663865,0.21008403361344538,0.8759530240770356
0.9831932773109243,0.21008403361344538,0.8781260421592391
0.9915966386554621,0.21008403361344538,0.8802661972272234
1.0,0.21008403361344538,0.8823738044799238
0.0,0.2184873949579832,0.40579244993205954
0.008403361344537815,0.2184873949579832,0.41062617315131494
0.01680672268907563,0.2184873949579832,0.4154772152464082
0.025210084033613446,0.2184873949579832,0.42034469326755025
0.03361344537815126,0.2184873949579832,0.42522771167051443
0.04201680672268907,0.2184873949579832,0.43012536294323334
0.05042016806722689,0.2184873949579832,0.4350367282516987
0.058823529411764705,0.2184873949579832,0.43996087810423823
0.06722689075630252,0.2184873949579832,0.4448968730332033
0.07563025210084033,0.2184873949579832,0.4498437642930356
0.08403361344537814,0.2184873949579832,0.454800594573657
0.09243697478991596,0.2184873949579832,0.4597663987280608
0.10084033613445378,0.2184873949579832,0.46474020451296566
0.1092436974789916,0.2184873949579832,0.4697210333413345
0.11764705882352941,0.2184873949579832,0.4747079010455426
0.12605042016806722,0.2184873949579832,0.4796998186499432
0.13445378151260504,0.2184873949579832,0.48469579315154615
0.14285714285714285,0.2184873949579832,0.48969482830751554
0.15126050420168066,0.2184873949579832,0.494695925428156
0.15966386554621848,0.2184873949579832,0.4996980841740531
0.1680672268907563,0.2184873949579832,0.5047003033560199
0.1764705882352941,0.2184873949579832,0.5097015817364843
0.18487394957983191,0.2184873949579832,0.5147009188309634
0.19327731092436973,0.2184873949579832,0.519697315708253
0.20168067226890757,0.2184873949579832,0.5246897757879798
0.21008403361344538,0.2184873949579832,0.5296773056341608
0.2184873949579832,0.2184873949579832,0.5346589157434334
0.226890756302521,0.2184873949579832,0.5396336213266268
0.23529411764705882,0.2184873949579832,0.5446004430823755
0.24369747899159663,0.2184873949579832,0.5495584079614887
0.25210084033613445,0.2184873949579832,0.5545065499208203
0.26050420168067223,0.2184873949579832,0.559443910665418
0.2689075630252101,0.2184873949579832,0.5643695403777544
0.2773109243697479,0.2184873949579832,0.5692824984328896
0.2857142857142857,0.2184873949579832,0.574181854098446
0.29411764705882354,0.2184873949579832,0.579066687218328
0.3025210084033613,0.2184873949579832,0.5839360888791522
0.31092436974789917,0.2184873949579832,0.5887891620584162
0.31932773109243695,0.2184873949579832,0.5936250222534742
0.3277310924369748,0.2184873949579832,0.5984427980904378
0.3361344537815126,0.2184873949579832,0.6032416319121918
0.3445378151260504,0.2184873949579832,0.6080206803447413
0.3529411764705882,0.2184873949579832,0.6127791148412002
0.36134453781512604,0.2184873949579832,0.6175161222027553
0.36974789915966383,0.2184873949579832,0.6222309050760224
0.37815126050420167,0.2184873949579832,0.6269226824262664
0.38655462184873945,0.2184873949579832,0.6315906899860045
0.3949579831932773,0.2184873949579832,0.6362341806786015
0.40336134453781514,0.2184873949579832,0.640852425016492
0.4117647058823529,0.2184873949579832,0.6454447114737596
0.42016806722689076,0.2184873949579832,0.6500103468328365
0.42857142857142855,0.2184873949579832,0.6545486565051681
0.4369747899159664,0.2184873949579832,0.6590589848257291
0.4453781512605042,0.2184873949579832,0.6635406953213542
0.453781512605042,0.2184873949579832,0.6679931709528867
0.4621848739495798,0.2184873949579832,0.6724158143312166
0.47058823529411764,0.2184873949579832,0.6768080479073323
0.4789915966386554,0.2184873949579832,0.6811693141365555
0.48739495798319327,0.2184873949579832,0.6854990756171947
0.49579831932773105,0.2184873949579832,0.689796815203888
0.5042016806722689,0.2184873949579832,0.6940620360959594
0.5126050420168067,0.2184873949579832,0.6982942619011628
0.5210084033613445,0.2184873949579832,0.7024930366752256
0.5294117647058824,0.2184873949579832,0.706657924937641
0.5378151260504201,0.2184873949579832,0.7107885116642115
0.5462184873949579,0.2184873949579832,0.7148844022568608
0.5546218487394958,0.2184873949579832,0.7189452224912893
0.5630252100840336,0.2184873949579832,0.7229706184430599
0.5714285714285714,0.2184873949579832,0.7269602563927376
0.5798319327731092,0.2184873949579832,0.7309138227107375
0.5882352941176471,0.2184873949579832,0.7348310237225475
0.5966386554621849,0.2184873949579832,0.7387115855550269
0.6050420168067226,0.2184873949579832,0.7425552539644904
0.6134453781512604,0.2184873949579832,0.7463617941473072
0.6218487394957983,0.2184873949579832,0.7501309905337614
0.6302521008403361,0.2184873949579832,0.753862646565924
0.6386554621848739,0.2184873949579832,0.7575565844603089
0.6470588235294117,0.2184873949579832,0.7612126449560721
0.6554621848739496,0.2184873949579832,0.7648306870495414
0.6638655462184874,0.2184873949579832,0.768410587715849
0.6722689075630252,0.2184873949579832,0.7719522416184426
0.680672268907563,0.2184873949579832,0.7754555608072625
0.6890756302521008,0.2184873949579832,0.7789204744063454
0.6974789915966386,0.2184873949579832,0.7823469282916353
0.7058823529411764,0.2184873949579832,0.7857348847597517
0.7142857142857143,0.2184873949579832,0.789084322188479
0.7226890756302521,0.2184873949579832,0.792395234689711
0.7310924369747899,0.2184873949579832,0.7956676317555886
0.7394957983193277,0.2184873949579832,0.7989015378985406
0.7478991596638656,0.2184873949579832,0.8020969922859407
0.7563025210084033,0.2184873949579832,0.8052540483700655
0.7647058823529411,0.2184873949579832,0.808372773514025
0.7731092436974789,0.2184873949579832,0.8114532486143226
0.7815126050420168,0.2184873949579832,0.8144955677206817
0.7899159663865546,0.2184873949579832,0.8174998376537554
0.7983193277310924,0.2184873949579832,0.8204661776213258
0.8067226890756303,0.2184873949579832,0.8233947188335559
0.8151260504201681,0.2184873949579832,0.8262856041178721
0.8235294117647058,0.2184873949579832,0.829138987533996
0.8319327731092436,0.2184873949579832,0.8319550339896565
0.8403361344537815,0.2184873949579832,0.8347339188574664
0.8487394957983193,0.2184873949579832,0.8374758275934373
0.8571428571428571,0.2184873949579832,0.840180955357591
0.8655462184873949,0.2184873949579832,0.8428495066370846
0.8739495798319328,0.2184873949579832,0.8454816948722661
0.8823529411764706,0.2184873949579832,0.8480777420860413
0.8907563025210083,0.2184873949579832,0.8506378785169114
0.8991596638655461,0.2184873949579832,0.8531623422560347
0.907563025210084,0.2184873949579832,0.8556513788886199
0.9159663865546218,0.2184873949579832,0.8581052411399593
0.9243697478991596,0.2184873949579832,0.8605241885263814
0.9327731092436974,0.2184873949579832,0.8629084870113737
0.9411764705882353,0.2184873949579832,0.8652584086671279
0.9495798319327731,0.2184873949579832,0.8675742313417131
0.9579831932773109,0.2184873949579832,0.8698562383320921
0.9663865546218487,0.2184873949579832,0.8721047180631522
0.9747899159663865,0.2184873949579832,0.8743199637729199
0.9831932773109243,0.2184873949579832,0.8765022732041087
0.9915966386554621,0.2184873949579832,0.8786519483021268
1.0,0.2184873949579832,0.8807692949196607
0.0,0.226890756302521,0.4061382667909506
0.008403361344537815,0.226890756302521,0.4109390802301973
0.01680672268907563,0.226890756302521,0.415756913141315
0.025210084033613446,0.226890756302521,0.42059090036338065
0.03361344537815126,0.226890756302521,0.42544016452726857
0.04201680672268907,0.226890756302521,0.43030381666147993
0.05042016806722689,0.226890756302521,0.43518095681642766
0.058823529411764705,0.226890756302521,0.4400706747062995
0.06722689075630252,0.226890756302521,0.4449720503675635
0.07563025210084033,0.226890756302521,0.4498841548331531
0.08403361344537814,0.226890756302521,0.4548060508213049
0.09243697478991596,0.226890756302521,0.45973679343799906
0.10084033613445378,0.226890756302521,0.4646754308919024
0.1092436974789916,0.226890756302521,0.4696210052206876
0.11764705882352941,0.226890756302521,0.4745725530275639
0.12605042016806722,0.226890756302521,0.479529106226827
0.13445378151260504,0.226890756302521,0.4844896927972159
0.14285714285714285,0.226890756302521,0.48945333754183373
0.15126050420168066,0.226890756302521,0.494419062853374
0.15966386554621848,0.226890756302521,0.4993858894833832
0.1680672268907563,0.226890756302521,0.5043528373142735
0.1764705882352941,0.226890756302521,0.5093189261327895
0.18487394957983191,0.226890756302521,0.5142831764036392
0.19327731092436973,0.226890756302521,0.5192446100419845
0.20168067226890757,0.226890756302521,0.5242022511835045
0.21008403361344538,0.226890756302521,0.5291551269507394
0.2184873949579832,0.226890756302521,0.5341022682144402
0.226890756302521,0.226890756302521,0.539042710348665
0.23529411764705882,0.226890756302521,0.5439754939783735
0.24369747899159663,0.226890756302521,0.5488996657182998
0.25210084033613445,0.226890756302521,0.5538142789019065
0.26050420168067223,0.226890756302521,0.5587183942992451
0.2689075630252101,0.226890756302521,0.5636110808225946
0.2773109243697479,0.226890756302521,0.5684914162187618
0.2857142857142857,0.226890756302521,0.5733584877469821
0.29411764705882354,0.226890756302521,0.5782113928414007
0.3025210084033613,0.226890756302521,0.5830492397571347
0.31092436974789917,0.226890756302521,0.5878711481989893
0.31932773109243695,0.226890756302521,0.5926762499319301
0.3277310924369748,0.226890756302521,0.597463689372471
0.3361344537815126,0.226890756302521,0.6022326241601806
0.3445378151260504,0.226890756302521,0.6069822257085719
0.3529411764705882,0.226890756302521,0.6117116797346889
0.36134453781512604,0.226890756302521,0.6164201867667568
0.36974789915966383,0.226890756302521,0.6211069626293274
0.37815126050420167,0.226890756302521,0.6257712389053912
0.38655462184873945,0.226890756302521,0.6304122633750082
0.3949579831932773,0.226890756302521,0.6350293004300489
0.40336134453781514,0.226890756302521,0.6396216314647021
0.4117647058823529,0.226890756302521,0.6441885552414618
0.42016806722689076,0.226890756302521,0.6487293882323677
0.42857142857142855,0.226890756302521,0.6532434649353267
0.4369747899159664,0.226890756302521,0.6577301381653963
0.4453781512605042,0.226890756302521,0.6621887793209795
0.453781512605042,0.226890756302521,0.6666187786249149
0.4621848739495798,0.226890756302521,0.6710195453405208
0.47058823529411764,0.226890756302521,0.6753905079626921
0.4789915966386554,0.226890756302521,0.6797311143841949
0.48739495798319327,0.226890756302521,0.6840408320373723
0.49579831932773105,0.226890756302521,0.688319148011497
0.5042016806722689,0.226890756302521,0.6925655691460766
0.5126050420168067,0.226890756302521,0.6967796221004365
0.5210084033613445,0.226890756302521,0.7009608533999748
0.5294117647058824,0.226890756302521,0.7051088294594965
0.5378151260504201,0.226890756302521,0.7092231365840829
0.5462184873949579,0.226890756302521,0.7133033809480023
0.5546218487394958,0.226890756302521,0.7173491885521618
0.5630252100840336,0.226890756302521,0.7213602051606832
0.5714285714285714,0.226890756302521,0.7253360962171587
0.5798319327731092,0.226890756302521,0.7292765467412158
0.5882352941176471,0.226890756302521,0.7331812612060133
0.5966386554621849,0.226890756302521,0.7370499633973198
0.6050420168067226,0.226890756302521,0.7408823962548563
0.6134453781512604,0.226890756302521,0.7446783216965798
0.6218487394957983,0.226890756302521,0.7484375204266207
0.6302521008403361,0.226890756302521,0.7521597917275749
0.6386554621848739,0.226890756302521,0.7558449532378905
0.6470588235294117,0.226890756302521,0.7594928407150675
0.6554621848739496,0.226890756302521,0.7631033077854106
0.6638655462184874,0.226890756302521,0.7666762256810769
0.6722689075630252,0.226890756302521,0.7702114829651592
0.680672268907563,0.226890756302521,0.7737089852455419
0.6890756302521008,0.226890756302521,0.7771686548782709
0.6974789915966386,0.226890756302521,0.7805904306611715
0.7058823529411764,0.226890756302521,0.7839742675184388
0.7142857142857143,0.226890756302521,0.787320136176927
0.7226890756302521,0.226890756302521,0.7906280228348456
0.7310924369747899,0.226890756302521,0.7938979288235615
0.7394957983193277,0.226890756302521,0.797129870263207
0.7478991596638656,0.226890756302521,0.8003238777127606
0.7563025210084033,0.226890756302521,0.8034799958152675
0.7647058823529411,0.226890756302521,0.8065982829388537
0.7731092436974789,0.226890756302521,0.809678810814158
0.7815126050420168,0.226890756302521,0.812721664168804
0.7899159663865546,0.226890756302521,0.8157269403595097
0.7983193277310924,0.226890756302521,0.8186947490024128
0.8067226890756303,0.226890756302521,0.8216252116021789
0.8151260504201681,0.226890756302521,0.8245184611804266
0.8235294117647058,0.226890756302521,0.8273746419040047
0.8319327731092436,0.226890756302521,0.8301939087136122
0.8403361344537815,0.226890756302521,0.8329764269532534
0.8487394957983193,0.226890756302521,0.8357223720009846
0.8571428571428571,0.226890756302521,0.8384319289013993
0.8655462184873949,0.226890756302521,0.841105292000267
0.8739495798319328,0.226890756302521,0.8437426645817308
0.8823529411764706,0.226890756302521,0.8463442585084431
0.8907563025210083,0.226890756302521,0.8489102938649954
0.8991596638655461,0.226890756302521,0.8514409986049846
0.907563025210084,0.226890756302521,0.8539366082020342
0.9159663865546218,0.226890756302521,0.8563973653050654
0.9243697478991596,0.226890756302521,0.8588235193981022
0.9327731092436974,0.226890756302521,0.861215326464867
0.9411764705882353,0.226890756302521,0.8635730486584078
0.9495798319327731,0.226890756302521,0.865896953975982
0.9579831932773109,0.226890756302521,0.8681873159393949
0.9663865546218487,0.226890756302521,0.8704444132809855
0.9747899159663865,0.226890756302521,0.872668529635424
0.9831932773109243,0.226890756302521,0.8748599532374787
0.9915966386554621,0.226890756302521,0.8770189766258779
1.0,0.226890756302521,0.8791458963534026
0.0,0.23529411764705882,0.40648417675388565
0.008403361344537815,0.23529411764705882,0.41125205937174153
0.01680672268907563,0.23529411764705882,0.41603666531047634
0.025210084033613446,0.23529411764705882,0.4208371469709284
0.03361344537815126,0.23529411764705882,0.42565264492267163
0.04201680672268907,0.23529411764705882,0.4304822884896138
0.05042016806722689,0.23529411764705882,0.4353251963532377
0.058823529411764705,0.23529411764705882,0.4401804771726409
0.06722689075630252,0.23529411764705882,0.4450472302204946
0.07563025210084033,0.23529411764705882,0.4499245460339891
0.08403361344537814,0.23529411764705882,0.45481150707980544
0.09243697478991596,0.23529411764705882,0.45970718843209435
0.10084033613445378,0.23529411764705882,0.46461065846243316
0.1092436974789916,0.23529411764705882,0.4695209795406781
0.11764705882352941,0.23529411764705882,0.4744372087456051
0.12605042016806722,0.23529411764705882,0.47935839858421236
0.13445378151260504,0.23529411764705882,0.4842835977185223
0.14285714285714285,0.23529411764705882,0.48921185169870607
0.15126050420168066,0.23529411764705882,0.4941422037013355
0.15966386554621848,0.23529411764705882,0.49907369527155016
0.1680672268907563,0.23529411764705882,0.504005367067921
0.1764705882352941,0.23529411764705882,0.5089362596087769
0.18487394957983191,0.23529411764705882,0.5138654140187638
0.19327731092436973,0.23529411764705882,0.518791872774403
0.20168067226890757,0.23529411764705882,0.5237146804474136
0.21008403361344538,0.23529411764705882,0.5286328844445795
0.2184873949579832,0.23529411764705882,0.5335455357429386
0.226890756302521,0.23529411764705882,0.538451689619103
0.23529411764705882,0.23529411764705882,0.5433504063715107
0.24369747899159663,0.23529411764705882,0.5482407520344585
0.25210084033613445,0.23529411764705882,0.5531217990827605
0.26050420168067223,0.23529411764705882,0.5579926271259256
0.2689075630252101,0.23529411764705882,0.5628523235907616
0.2773109243697479,0.23529411764705882,0.5676999843913519
0.2857142857142857,0.23529411764705882,0.5725347145853845
0.29411764705882354,0.23529411764705882,0.5773556290158531
0.3025210084033613,0.23529411764705882,0.5821618529371835
0.31092436974789917,0.23529411764705882,0.5869525226248838
0.31932773109243695,0.23529411764705882,0.5917267859678689
0.3277310924369748,0.23529411764705882,0.5964838030426347
0.3361344537815126,0.23529411764705882,0.6012227466685357
0.3445378151260504,0.23529411764705882,0.6059428029434396
0.3529411764705882,0.23529411764705882,0.6106431717591
0.36134453781512604,0.23529411764705882,0.615323067295641
0.36974789915966383,0.23529411764705882,0.6199817184945876
0.37815126050420167,0.23529411764705882,0.624618369509942
0.38655462184873945,0.23529411764705882,0.6292322801368575
0.3949579831932773,0.23529411764705882,0.6338227262175088
0.40336134453781514,0.23529411764705882,0.638389000023822
0.4117647058823529,0.23529411764705882,0.6429304106167768
0.42016806722689076,0.23529411764705882,0.6474462841820482
0.42857142857142855,0.23529411764705882,0.6519359643418141
0.4369747899159664,0.23529411764705882,0.6563988124425977
0.4453781512605042,0.23529411764705882,0.6608342078190801
0.453781512605042,0.23529411764705882,0.6652415480338606
0.4621848739495798,0.23529411764705882,0.669620249093197
0.47058823529411764,0.23529411764705882,0.6739697456388092
0.4789915966386554,0.23529411764705882,0.6782894911158726
0.48739495798319327,0.23529411764705882,0.6825789579173794
0.49579831932773105,0.23529411764705882,0.6868376375050911
0.5042016806722689,0.23529411764705882,0.6910650405073461
0.5126050420168067,0.23529411764705882,0.6952606967940308
0.5210084033613445,0.23529411764705882,0.6994241555290638
0.5294117647058824,0.23529411764705882,0.7035549852007723
0.5378151260504201,0.23529411764705882,0.7076527736305894
0.5462184873949579,0.23529411764705882,0.7117171279605263
0.5546218487394958,0.23529411764705882,0.715747674619902
0.5630252100840336,0.23529411764705882,0.7197440592718544
0.5714285714285714,0.23529411764705882,0.7237059467401703
0.5798319327731092,0.23529411764705882,0.7276330209170112
0.5882352941176471,0.23529411764705882,0.7315249846521198
0.5966386554621849,0.23529411764705882,0.7353815596241259
0.6050420168067226,0.23529411764705882,0.7392024861945842
0.6134453781512604,0.23529411764705882,0.7429875232453885
0.6218487394957983,0.23529411764705882,0.7467364480002263
0.6302521008403361,0.23529411764705882,0.7504490558307501
0.6386554621848739,0.23529411764705882,0.7541251600481494
0.6470588235294117,0.23529411764705882,0.7577645916808139
0.6554621848739496,0.23529411764705882,0.761367199238789
0.6638655462184874,0.23529411764705882,0.7649328484657267
0.6722689075630252,0.23529411764705882,0.7684614220790298
0.680672268907563,0.23529411764705882,0.771952819498907
0.6890756302521008,0.23529411764705882,0.7754069565670284
0.6974789915966386,0.23529411764705882,0.7788237652554902
0.7058823529411764,0.23529411764705882,0.782203193366782
0.7142857142857143,0.23529411764705882,0.7855452042254489
0.7226890756302521,0.23529411764705882,0.788849776362122
0.7310924369747899,0.23529411764705882,0.7921169031905992
0.7394957983193277,0.23529411764705882,0.7953465926786375
0.7478991596638656,0.23529411764705882,0.7985388670130975
0.7563025210084033,0.23529411764705882,0.8016937622600955
0.7647058823529411,0.23529411764705882,0.8048113280207737
0.7731092436974789,0.23529411764705882,0.8078916270833059
0.7815126050420168,0.23529411764705882,0.8109347350717342
0.7899159663865546,0.23529411764705882,0.8139407400922104
0.7983193277310924,0.23529411764705882,0.8169097423772151
0.8067226890756303,0.23529411764705882,0.8198418539282828
0.8151260504201681,0.23529411764705882,0.822737198157782
0.8235294117647058,0.23529411764705882,0.8255959095302373
0.8319327731092436,0.23529411764705882,0.8284181332036968
0.8403361344537815,0.23529411764705882,0.8312040246716185
0.8487394957983193,0.23529411764705882,0.8339537494057122
0.8571428571428571,0.23529411764705882,0.8366674825001891
0.8655462184873949,0.23529411764705882,0.8393454083178159
0.8739495798319328,0.23529411764705882,0.841987720138176
0.8823529411764706,0.23529411764705882,0.8445946198085117
0.8907563025210083,0.23529411764705882,0.847166317397495
0.8991596638655461,0.23529411764705882,0.8497030308522724
0.907563025210084,0.23529411764705882,0.8522049856590895
0.9159663865546218,0.23529411764705882,0.8546724145078
0.9243697478991596,0.23529411764705882,0.8571055569605357
0.9327731092436974,0.23529411764705882,0.8595046591247916
0.9411764705882353,0.23529411764705882,0.861869973331177
0.9495798319327731,0.23529411764705882,0.8642017578160514
0.9579831932773109,0.23529411764705882,0.8665002764092444
0.9663865546218487,0.23529411764705882,0.8687657982270689
0.9747899159663865,0.23529411764705882,0.8709985973707758
0.9831932773109243,0.23529411764705882,0.873198952630626
0.9915966386554621,0.23529411764705882,0.875367147195709
1.0,0.23529411764705882,0.8775034683696399
0.0,0.24369747899159663,0.40683017950267514
0.008403361344537815,0.24369747899159663,0.41156511033921234
0.01680672268907563,0.24369747899159663,0.4163164715841389
0.025210084033613446,0.24369747899159663,0.4210834329739796
0.03361344537815126,0.24369747899159663,0.4258651527817979
0.04201680672268907,0.24369747899159663,0.43066077838309214
0.05042016806722689,0.24369747899159663,0.4354694468385445
0.058823529411764705,0.24369747899159663,0.44029028549283106
0.06722689075630252,0.24369747899159663,0.4451224125886392
0.07563025210084033,0.24369747899159663,0.4499649378950224
0.08403361344537814,0.24369747899159663,0.45481696334915683
0.09243697478991596,0.24369747899159663,0.45967758371055245
0.10084033613445378,0.24369747899159663,0.4645458872267212
0.1092436974789916,0.24369747899159663,0.46942095630928155
0.11764705882352941,0.24369747899159663,0.47430186821944814
0.12605042016806722,0.24369747899159663,0.47918769576182874
0.13445378151260504,0.24369747899159663,0.4840775079854279
0.14285714285714285,0.24369747899159663,0.48897037089074014
0.15126050420168066,0.24369747899159663,0.4938653481417904
0.15966386554621848,0.24369747899159663,0.4987615017819776
0.1680672268907563,0.24369747899159663,0.5036578929525549
0.1764705882352941,0.24369747899159663,0.5085535826125782
0.18487394957983191,0.24369747899159663,0.5134476322591549
0.19327731092436973,0.24369747899159663,0.5183391046468132
0.20168067226890757,0.24369747899159663,0.5232270645048257
0.21008403361344538,0.24369747899159663,0.5281105792513163
0.2184873949579832,0.24369747899159663,0.5329887197030015
0.226890756302521,0.24369747899159663,0.5378605607794141
0.23529411764705882,0.24369747899159663,0.5427251822004859
0.24369747899159663,0.24369747899159663,0.5475816691763737
0.25210084033613445,0.24369747899159663,0.5524291130884482
0.26050420168067223,0.24369747899159663,0.5572666121603678
0.2689075630252101,0.24369747899159663,0.5620932721182142
0.2773109243697479,0.24369747899159663,0.5669082068386697
0.2857142857142857,0.24369747899159663,0.5717105389842699
0.29411764705882354,0.24369747899159663,0.5764994006247864
0.3025210084033613,0.24369747899159663,0.5812739338438376
0.31092436974789917,0.24369747899159663,0.5860332913298675
0.31932773109243695,0.24369747899159663,0.5907766369506617
0.3277310924369748,0.24369747899159663,0.5955031463106323
0.3361344537815126,0.24369747899159663,0.6002120072901274
0.3445378151260504,0.24369747899159663,0.6049024205660839
0.3529411764705882,0.24369747899159663,0.6095736001133859
0.36134453781512604,0.24369747899159663,0.6142247736863212
0.36974789915966383,0.24369747899159663,0.6188551832796187
0.37815126050420167,0.24369747899159663,0.6234640855685554
0.38655462184873945,0.24369747899159663,0.6280507523277007
0.3949579831932773,0.24369747899159663,0.6326144708279112
0.40336134453781514,0.24369747899159663,0.6371545442112329
0.4117647058823529,0.24369747899159663,0.641670291843434
0.42016806722689076,0.24369747899159663,0.6461610496439234
0.42857142857142855,0.24369747899159663,0.6506261703928841
0.4369747899159664,0.24369747899159663,0.6550650240154811
0.4453781512605042,0.24369747899159663,0.6594769978430634
0.453781512605042,0.24369747899159663,0.6638614968513347
0.4621848739495798,0.24369747899159663,0.6682179438754956
0.47058823529411764,0.24369747899159663,0.6725457798024372
0.4789915966386554,0.24369747899159663,0.6768444637400766
0.48739495798319327,0.24369747899159663,0.6811134731640078
0.49579831932773105,0.24369747899159663,0.6853523040416465
0.5042016806722689,0.24369747899159663,0.6895604709341245
0.5126050420168067,0.24369747899159663,0.6937375070762019
0.5210084033613445,0.24369747899159663,0.6978829644345177
0.5294117647058824,0.24369747899159663,0.7019964137445365
0.5378151260504201,0.24369747899159663,0.7060774445265714
0.5462184873949579,0.24369747899159663,0.7101256650813189
0.5546218487394958,0.24369747899159663,0.7141407024653381
0.5630252100840336,0.24369747899159663,0.7181222024469794
0.5714285714285714,0.24369747899159663,0.7220698294432482
0.5798319327731092,0.24369747899159663,0.7259832664381486
0.5882352941176471,0.24369747899159663,0.7298622148830622
0.5966386554621849,0.24369747899159663,0.7337063945797282
0.6050420168067226,0.24369747899159663,0.7375155435464312
0.6134453781512604,0.24369747899159663,0.7412894178679982
0.6218487394957983,0.24369747899159663,0.7450277915302292
0.6302521008403361,0.24369747899159663,0.7487304562394062
0.6386554621848739,0.24369747899159663,0.7523972212275166
0.6470588235294117,0.24369747899159663,0.7560279130438561
0.6554621848739496,0.24369747899159663,0.7596223753336684
0.6638655462184874,0.24369747899159663,0.763180468604486
0.6722689075630252,0.24369747899159663,0.7667020699808484
0.680672268907563,0.24369747899159663,0.7701870729480607
0.6890756302521008,0.24369747899159663,0.7736353870856663
0.6974789915966386,0.24369747899159663,0.7770469377913025
0.7058823529411764,0.24369747899159663,0.7804216659956008
0.7142857142857143,0.24369747899159663,0.7837595278687857
0.7226890756302521,0.24369747899159663,0.78706049451964
0.7310924369747899,0.24369747899159663,0.7903245516874597
0.7394957983193277,0.24369747899159663,0.7935516994276539
0.7478991596638656,0.24369747899159663,0.7967419517915993
0.7563025210084033,0.24369747899159663,0.799895336501372
0.7647058823529411,0.24369747899159663,0.8030118946199561
0.7731092436974789,0.24369747899159663,0.806091680217518
0.7815126050420168,0.24369747899159663,0.8091347600343168
0.7899159663865546,0.24369747899159663,0.8121412131408164
0.7983193277310924,0.24369747899159663,0.8151111305955391
0.8067226890756303,0.24369747899159663,0.8180446151011905
0.8151260504201681,0.24369747899159663,0.8209417806595716
0.8235294117647058,0.24369747899159663,0.8238027522257553
0.8319327731092436,0.24369747899159663,0.8266276653620339
0.8403361344537815,0.24369747899159663,0.8294166658920671
0.8487394957983193,0.24369747899159663,0.8321699095556907
0.8571428571428571,0.24369747899159663,0.8348875616648025
0.8655462184873949,0.24369747899159663,0.8375697967607282
0.8739495798319328,0.24369747899159663,0.8402167982734604
0.8823529411764706,0.24369747899159663,0.84282875818313
0.8907563025210083,0.24369747899159663,0.8454058766840667
0.8991596638655461,0.24369747899159663,0.847948361851776
0.907563025210084,0.24369747899159663,0.8504564293131444
0.9159663865546218,0.24369747899159663,0.852930301920171
0.9243697478991596,0.24369747899159663,0.8553702094275022
0.9327731092436974,0.24369747899159663,0.8577763881740245
0.9411764705882353,0.24369747899159663,0.8601490807687603
0.9495798319327731,0.24369747899159663,0.8624885357812937
0.9579831932773109,0.24369747899159663,0.864795007436929
0.9663865546218487,0.24369747899159663,0.8670687553167797
0.9747899159663865,0.24369747899159663,0.8693100440629554
0.9831932773109243,0.24369747899159663,0.8715191430890207
0.9915966386554621,0.24369747899159663,0.873696326295852
1.0,0.24369747899159663,0.8758418717930414
0.0,0.25210084033613445,0.4071762747187675
0.008403361344537815,0.25210084033613445,0.4118782328956463
0.01680672268907563,0.25210084033613445,0.41659633179241246
0.025210084033613446,0.25210084033613445,0.42132975825624264
0.03361344537815126,0.25210084033613445,0.4260776880296826
0.04201680672268907,0.25210084033613445,0.4308392862973526
0.05042016806722689,0.25210084033613445,0.43561370824875745
0.058823529411764705,0.25210084033613445,0.4404000996564347
0.06722689075630252,0.25210084033613445,0.4451975974686409
0.07563025210084033,0.25210084033613445,0.4500053304157308
0.08403361344537814,0.25210084033613445,0.45482241962935804
0.09243697478991596,0.25210084033613445,0.45964797927358
0.10084033613445378,0.25210084033613445,0.4644811171869291
0.1092436974789916,0.25210084033613445,0.4693209355344735
0.11764705882352941,0.25210084033613445,0.4741665314688732
0.12605042016806722,0.25210084033613445,0.47901699779940077
0.13445378151260504,0.25210084033613445,0.4838714236678887
0.14285714285714285,0.25210084033613445,0.4887288952305337
0.15126050420168066,0.25210084033613445,0.4935884963444801
0.15966386554621848,0.25210084033613445,0.49844930925808795
0.1680672268907563,0.25210084033613445,0.5033104153037827
0.1764705882352941,0.25210084033613445,0.5081708955923754
0.18487394957983191,0.25210084033613445,0.5130298317077382
0.19327731092436973,0.25210084033613445,0.5178863064007233
0.20168067226890757,0.25210084033613445,0.5227394042812032
0.21008403361344538,0.25210084033613445,0.5275882125071337
0.2184873949579832,0.25210084033613445,0.5324318214695318
0.226890756302521,0.25210084033613445,0.5372693254722852
0.23529411764705882,0.25210084033613445,0.5420998234057114
0.24369747899159663,0.25210084033613445,0.5469224194128177
0.25210084033613445,0.25210084033613445,0.5517362235472175
0.26050420168067223,0.25210084033613445,0.5565403524216862
0.2689075630252101,0.25210084033613445,0.5613339298463772
0.2773109243697479,0.25210084033613445,0.5661160874557214
0.2857142857142857,0.25210084033613445,0.570885965323092
0.29411764705882354,0.25210084033613445,0.5756427125623246
0.3025210084033613,0.25210084033613445,0.5803854879152388
0.31092436974789917,0.25210084033613445,0.5851134603243204
0.31932773109243695,0.25210084033613445,0.5898258094897894
0.3277310924369748,0.25210084033613445,0.5945217264102983
0.3361344537815126,0.25210084033613445,0.5992004139065529
0.3445378151260504,0.25210084033613445,0.6038610871271983
0.3529411764705882,0.25210084033613445,0.6085029740363481
0.36134453781512604,0.25210084033613445,0.6131253158821851
0.36974789915966383,0.25210084033613445,0.6177273676461115
0.37815126050420167,0.25210084033613445,0.6223083984719668
0.38655462184873945,0.25210084033613445,0.6268676920748837
0.3949579831932773,0.25210084033613445,0.6314045471294063
0.40336134453781514,0.25210084033613445,0.6359182776365281
0.4117647058823529,0.25210084033613445,0.6404082132693785
0.42016806722689076,0.25210084033613445,0.6448736996973103
0.42857142857142855,0.25210084033613445,0.6493140988882112
0.4369747899159664,0.25210084033613445,0.6537287893888941
0.4453781512605042,0.25210084033613445,0.6581171665834791
0.453781512605042,0.25210084033613445,0.6624786429297231
0.4621848739495798,0.25210084033613445,0.6668126481732926
0.47058823529411764,0.25210084033613445,0.6711186295400364
0.4789915966386554,0.25210084033613445,0.6753960519063374
0.48739495798319327,0.25210084033613445,0.679644397947685
0.49579831932773105,0.25210084033613445,0.6838631682656373
0.5042016806722689,0.25210084033613445,0.6880518814933926
0.5126050420168067,0.25210084033613445,0.6922100743802123
0.5210084033613445,0.25210084033613445,0.6963373018550023
0.5294117647058824,0.25210084033613445,0.7004331370693554
0.5378151260504201,0.25210084033613445,0.7044971714204326
0.5462184873949579,0.25210084033613445,0.7085290145540593
0.5546218487394958,0.25210084033613445,0.7125282943484598
0.5630252100840336,0.25210084033613445,0.7164946568790842
0.5714285714285714,0.25210084033613445,0.7204277663649845
0.5798319327731092,0.25210084033613445,0.7243273050972551
0.5882352941176471,0.25210084033613445,0.7281929733500428
0.5966386554621849,0.25210084033613445,0.7320244892746735
0.6050420168067226,0.25210084033613445,0.7358215887774515
0.6134453781512604,0.25210084033613445,0.7395840253817016
0.6218487394957983,0.25210084033613445,0.7433115700746485
0.6302521008403361,0.25210084033613445,0.7470040111397247
0.6386554621848739,0.25210084033613445,0.750661153974929
0.6470588235294117,0.25210084033613445,0.754282820897846
0.6554621848739496,0.25210084033613445,0.7578688509379573
0.6638655462184874,0.25210084033613445,0.7614190996168774
0.6722689075630252,0.25210084033613445,0.7649334387171443
0.680672268907563,0.25210084033613445,0.7684117560402088
0.6890756302521008,0.25210084033613445,0.7718539551542534
0.6974789915966386,0.25210084033613445,0.775259955132483
0.7058823529411764,0.25210084033613445,0.7786296902825106
0.7142857142857143,0.25210084033613445,0.7819631098674794
0.7226890756302521,0.25210084033613445,0.7852601778195375
0.7310924369747899,0.25210084033613445,0.7885208724462798
0.7394957983193277,0.25210084033613445,0.7917451861307737
0.7478991596638656,0.25210084033613445,0.7949331250257593
0.7563025210084033,0.25210084033613445,0.7980847087426199
0.7647058823529411,0.25210084033613445,0.8011999700357022
0.7731092436974789,0.25210084033613445,0.8042789544825439
0.7815126050420168,0.25210084033613445,0.8073217201605758
0.7899159663865546,0.25210084033613445,0.810328337320821
0.7983193277310924,0.25210084033613445,0.8132988880591414
0.8067226890756303,0.25210084033613445,0.8162334659855157
0.8151260504201681,0.25210084033613445,0.8191321758918644
0.8235294117647058,0.25210084033613445,0.8219951334188944
0.8319327731092436,0.25210084033613445,0.8248224647224256
0.8403361344537815,0.25210084033613445,0.8276143061396504
0.8487394957983193,0.25210084033613445,0.8303708038557555
0.8571428571428571,0.25210084033613445,0.8330921135713129
0.8655462184873949,0.25210084033613445,0.8357784001708503
0.8739495798319328,0.25210084033613445,0.8384298373929631
0.8823529411764706,0.25210084033613445,0.8410466075023401
0.8907563025210083,0.25210084033613445,0.843628900964045
0.8991596638655461,0.25210084033613445,0.8461769161203748
0.907563025210084,0.25210084033613445,0.8486908588706121
0.9159663865546218,0.25210084033613445,0.8511709423539544
0.9243697478991596,0.25210084033613445,0.8536173866359077
0.9327731092436974,0.25210084033613445,0.8560304183983877
0.9411764705882353,0.25210084033613445,0.8584102706337814
0.9495798319327731,0.25210084033613445,0.86075718234319
0.9579831932773109,0.25210084033613445,0.8630713982390642
0.9663865546218487,0.25210084033613445,0.865353168452421
0.9747899159663865,0.25210084033613445,0.8676027482448287
0.9831932773109243,0.25210084033613445,0.8698203977253123
0.9915966386554621,0.25210084033613445,0.8720063815723385
1.0,0.25210084033613445,0.8741609687610095
0.0,0.26050420168067223,0.4075224620832512
0.008403361344537815,0.26050420168067223,0.4121914268038516
0.01680672268907563,0.26050420168067223,0.4168762457652686
0.025210084033613446,0.26050420168067223,0.42157612270134925
0.03361344537815126,0.26050420168067223,0.4262902505913202
0.04201680672268907,0.26050420168067223,0.43101781218781476
0.05042016806722689,0.26050420168067223,0.43575798056027715
0.058823529411764705,0.26050420168067223,0.44050991965301567
0.06722689075630252,0.26050420168067223,0.4452727848571418
0.07563025210084033,0.26050420168067223,0.45004572359559253
0.08403361344537814,0.26050420168067223,0.45482787592040774
0.09243697478991596,0.26050420168067223,0.4596183751213829
0.10084033613445378,0.26050420168067223,0.46441634834521933
0.1092436974789916,0.26050420168067223,0.4692209172242289
0.11764705882352941,0.26050420168067223,0.47403119851365755
0.12605042016806722,0.26050420168067223,0.4788463047366486
0.13445378151260504,0.26050420168067223,0.4836653448358526
0.14285714285714285,0.26050420168067223,0.4884874248306753
0.15126050420168066,0.26050420168067223,0.4933116484791365
0.15966386554621848,0.26050420168067223,0.4981371179432995
0.1680672268907563,0.26050420168067223,0.5029629344572258
0.1764705882352941,0.26050420168067223,0.5077881989963964
0.18487394957983191,0.26050420168067223,0.512612012947545
0.19327731092436973,0.26050420168067223,0.5174334787778382
0.20168067226890757,0.26050420168067223,0.5222517007023468
0.21008403361344538,0.26050420168067223,0.5270657853487528
0.2184873949579832,0.26050420168067223,0.5318748424182506
0.226890756302521,0.26050420168067223,0.5366779853415957
0.23529411764705882,0.26050420168067223,0.5414743319292907
0.24369747899159663,0.26050420168067223,0.5462630050148936
0.25210084033613445,0.26050420168067223,0.5510431330904593
0.26050420168067223,0.26050420168067223,0.5558138509331519
0.2689075630252101,0.26050420168067223,0.5605743002220792
0.2773109243697479,0.26050420168067223,0.5653236301444337
0.2857142857142857,0.26050420168067223,0.5700609979900478
0.29411764705882354,0.26050420168067223,0.5747855697335099
0.3025210084033613,0.26050420168067223,0.5794965206030034
0.31092436974789917,0.26050420168067223,0.5841930356350898
0.31932773109243695,0.26050420168067223,0.5888743102146674
0.3277310924369748,0.26050420168067223,0.5935395505993974
0.3361344537815126,0.26050420168067223,0.5981879744279126
0.3445378151260504,0.26050420168067223,0.6028188112111684
0.3529411764705882,0.26050420168067223,0.6074313028063512
0.36134453781512604,0.26050420168067223,0.6120247038727761
0.36974789915966383,0.26050420168067223,0.6165982823092787
0.37815126050420167,0.26050420168067223,0.6211513196726266
0.38655462184873945,0.26050420168067223,0.6256831115765352
0.3949579831932773,0.26050420168067223,0.6301929680709175
0.40336134453781514,0.26050420168067223,0.6346802140010331
0.4117647058823529,0.26050420168067223,0.6391441893462642
0.42016806722689076,0.26050420168067223,0.6435842495382701
0.42857142857142855,0.26050420168067223,0.6479997657583465
0.4369747899159664,0.26050420168067223,0.65239012521383
0.4453781512605042,0.26050420168067223,0.6567547313934582
0.453781512605042,0.26050420168067223,0.6610930043016296
0.4621848739495798,0.26050420168067223,0.6654043806715423
0.47058823529411764,0.26050420168067223,0.6696883141572573
0.4789915966386554,0.26050420168067223,0.6739442755047477
0.48739495798319327,0.26050420168067223,0.6781717527020522
0.49579831932773105,0.26050420168067223,0.6823702511086854
0.5042016806722689,0.26050420168067223,0.6865392935644936
0.5126050420168067,0.26050420168067223,0.6906784204781866
0.5210084033613445,0.26050420168067223,0.6947871898958087
0.5294117647058824,0.26050420168067223,0.6988651775494419
0.5378151260504201,0.26050420168067223,0.7029119768864712
0.5462184873949579,0.26050420168067223,0.7069271990797756
0.5546218487394958,0.26050420168067223,0.7109104730192254
0.5630252100840336,0.26050420168067223,0.7148614452849059
0.5714285714285714,0.26050420168067223,0.7187797801025062
0.5798319327731092,0.26050420168067223,0.7226651592813336
0.5882352941176471,0.26050420168067223,0.7265172821354451
0.5966386554621849,0.26050420168067223,0.730335865388391
0.6050420168067226,0.26050420168067223,0.7341206430621038
0.6134453781512604,0.26050420168067223,0.737871366350465
0.6218487394957983,0.26050420168067223,0.7415878034781019
0.6302521008403361,0.26050420168067223,0.7452697395449823
0.6386554621848739,0.26050420168067223,0.7489169763573883
0.6470588235294117,0.26050420168067223,0.7525293322458404
0.6554621848739496,0.26050420168067223,0.7561066418705816
0.6638655462184874,0.26050420168067223,0.7596487560152069
0.6722689075630252,0.26050420168067223,0.7631555413690445
0.680672268907563,0.26050420168067223,0.7666268802988985
0.6890756302521008,0.26050420168067223,0.7700626706107488
0.6974789915966386,0.26050420168067223,0.7734628253020223
0.7058823529411764,0.26050420168067223,0.7768272723050317
0.7142857142857143,0.26050420168067223,0.7801559542221882
0.7226890756302521,0.26050420168067223,0.7834488280535781
0.7310924369747899,0.26050420168067223,0.7867058649174964
0.7394957983193277,0.26050420168067223,0.7899270497645158
0.7478991596638656,0.26050420168067223,0.7931123810856724
0.7563025210084033,0.26050420168067223,0.7962618706153287
0.7647058823529411,0.26050420168067223,0.7993755430292685
0.7731092436974789,0.26050420168067223,0.8024534356385762
0.7815126050420168,0.26050420168067223,0.8054955980798226
0.7899159663865546,0.26050420168067223,0.8085020920020889
0.7983193277310924,0.26050420168067223,0.8114729907513315
0.8067226890756303,0.26050420168067223,0.8144083790525785
0.8151260504201681,0.26050420168067223,0.8173083526904485
0.8235294117647058,0.26050420168067223,0.8201730181884428
0.8319327731092436,0.26050420168067223,0.8230024924874745
0.8403361344537815,0.26050420168067223,0.8257969026240628
0.8487394957983193,0.26050420168067223,0.8285563854086085
0.8571428571428571,0.26050420168067223,0.8312810871041643
0.8655462184873949,0.26050420168067223,0.8339711631060733
0.8739495798319328,0.26050420168067223,0.8366267776228596
0.8823529411764706,0.26050420168067223,0.8392481033587142
0.8907563025210083,0.26050420168067223,0.8418353211979214
0.8991596638655461,0.26050420168067223,0.8443886198915447
0.907563025210084,0.26050420168067223,0.8469081957466739
0.9159663865546218,0.26050420168067223,0.8493942523185286
0.9243697478991596,0.26050420168067223,0.8518470001056875
0.9327731092436974,0.26050420168067223,0.8542666562486958
0.9411764705882353,0.26050420168067223,0.8566534442323005
0.9495798319327731,0.26050420168067223,0.859007593591531
0.9579831932773109,0.26050420168067223,0.8613293396218383
0.9663865546218487,0.26050420168067223,0.8636189230934895
0.9747899159663865,0.26050420168067223,0.8658765899703912
0.9831932773109243,0.26050420168067223,0.8681025911335174
0.9915966386554621,0.26050420168067223,0.8702971821090842
1.0,0.26050420168067223,0.8724606228016141
0.0,0.2689075630252101,0.4078687412768549
0.008403361344537815,0.2689075630252101,0.412504691826409
0.01680672268907563,0.2689075630252101,0.4171562133325435
0.025210084033613446,0.2689075630252101,0.4218225261928537
0.03361344537815126,0.2689075630252101,0.4265028403916655
0.04201680672268907,0.2689075630252101,0.43119635600987954
0.05042016806722689,0.2689075630252101,0.4359022637494984
0.058823529411764705,0.2689075630252101,0.4406197454721349
0.06722689075630252,0.2689075630252101,0.4453479747507834
0.07563025210084033,0.2689075630252101,0.45008611743408616
0.08403361344537814,0.2689075630252101,0.45483333222230415
0.09243697478991596,0.2689075630252101,0.45958877125416747
0.10084033613445378,0.2689075630252101,0.4643515807037545
0.1092436974789916,0.2689075630252101,0.4691209013865209
0.11764705882352941,0.2689075630252101,0.47389586937357664
0.12605042016806722,0.2689075630252101,0.4786756166132878
0.13445378151260504,0.2689075630252101,0.4834592715592602
0.14285714285714285,0.2689075630252101,0.4882459598037435
0.15126050420168066,0.2689075630252101,0.49303480471548183
0.15966386554621848,0.2689075630252101,0.4978249280810273
0.1680672268907563,0.2689075630252101,0.5026154507485171
0.1764705882352941,0.2689075630252101,0.5074054932729146
0.18487394957983191,0.2689075630252101,0.5121941765617076
0.19327731092436973,0.2689075630252101,0.516980622520056
0.20168067226890757,0.2689075630252101,0.5217639546943857
0.21008403361344538,0.2689075630252101,0.5265432989134243
0.2184873949579832,0.2689075630252101,0.5313177839256817
0.226890756302521,0.2689075630252101,0.5360865420324016
0.23529411764705882,0.2689075630252101,0.540848709714994
0.24369747899159663,0.2689075630252101,0.545603428256004
0.25210084033613445,0.2689075630252101,0.5503498443526694
0.26050420168067223,0.2689075630252101,0.555087110722144
0.2689075630252101,0.2689075630252101,0.5598143866974938
0.2773109243697479,0.2689075630252101,0.5645308388135808
0.2857142857142857,0.2689075630252101,0.5692356413819919
0.29411764705882354,0.2689075630252101,0.57392797705419
0.3025210084033613,0.2689075630252101,0.5786070373720947
0.31092436974789917,0.2689075630252101,0.5832720233053403
0.31932773109243695,0.2689075630252101,0.5879221457744753
0.3277310924369748,0.2689075630252101,0.5925566261594288
0.3361344537815126,0.2689075630252101,0.5971746967925801
0.3445378151260504,0.2689075630252101,0.6017756014358194
0.3529411764705882,0.2689075630252101,0.6063585957410339
0.36134453781512604,0.2689075630252101,0.6109229476934718
0.36974789915966383,0.2689075630252101,0.6154679380375019
0.37815126050420167,0.2689075630252101,0.6199928606843129
0.38655462184873945,0.2689075630252101,0.6244970231011445
0.3949579831932773,0.2689075630252101,0.6289797466816868
0.40336134453781514,0.2689075630252101,0.6334403670973228
0.4117647058823529,0.2689075630252101,0.63787823462894
0.42016806722689076,0.2689075630252101,0.6422927144790671
0.42857142857142855,0.2689075630252101,0.646683187064156
0.4369747899159664,0.2689075630252101,0.6510490482868494
0.4453781512605042,0.2689075630252101,0.6553897097881305
0.453781512605042,0.2689075630252101,0.6597045991792939
0.4621848739495798,0.2689075630252101,0.6639931602537078
0.47058823529411764,0.2689075630252101,0.6682548531783894
0.4789915966386554,0.2689075630252101,0.6724891546654495
0.48739495798319327,0.2689075630252101,0.6766955581235015
0.49579831932773105,0.2689075630252101,0.6808735737891619
0.5042016806722689,0.2689075630252101,0.6850227288388272
0.5126050420168067,0.2689075630252101,0.6891425674809084
0.5210084033613445,0.2689075630252101,0.6932326510287878
0.5294117647058824,0.2689075630252101,0.6972925579547421
0.5378151260504201,0.2689075630252101,0.7013218839251535
0.5462184873949579,0.2689075630252101,0.7053202418173301
0.5546218487394958,0.2689075630252101,0.709287261718289
0.5630252100840336,0.2689075630252101,0.713222590905902
0.5714285714285714,0.2689075630252101,0.7171258938127941
0.5798319327731092,0.2689075630252101,0.7209968519734411
0.5882352941176471,0.2689075630252101,0.724835163954907
0.5966386554621849,0.2689075630252101,0.7286405452717022
0.6050420168067226,0.2689075630252101,0.7324127282852483
0.6134453781512604,0.2689075630252101,0.7361514620884512
0.6218487394957983,0.2689075630252101,0.73985651237591
0.6302521008403361,0.2689075630252101,0.7435276613002851
0.6386554621848739,0.2689075630252101,0.7471647073153765
0.6470588235294117,0.2689075630252101,0.7507674650064586
0.6554621848739496,0.2689075630252101,0.7543357649084327
0.6638655462184874,0.2689075630252101,0.7578694533123672
0.6722689075630252,0.2689075630252101,0.7613683920609862
0.680672268907563,0.2689075630252101,0.764832458333697
0.6890756302521008,0.2689075630252101,0.7682615444217064
0.6974789915966386,0.2689075630252101,0.7716555574938285
0.7058823529411764,0.2689075630252101,0.7750144193535389
0.7142857142857143,0.2689075630252101,0.7783380661878504
0.7226890756302521,0.2689075630252101,0.781626448308589
0.7310924369747899,0.2689075630252101,0.7848795298866162
0.7394957983193277,0.2689075630252101,0.7880972886795692
0.7478991596638656,0.2689075630252101,0.7912797157536631
0.7563025210084033,0.2689075630252101,0.7944268152000932
0.7647058823529411,0.2689075630252101,0.797538603846585
0.7731092436974789,0.2689075630252101,0.8006151109645949
0.7815126050420168,0.2689075630252101,0.8036563779726948
0.7899159663865546,0.2689075630252101,0.8066624581366285
0.7983193277310924,0.2689075630252101,0.8096334162665348
0.8067226890756303,0.2689075630252101,0.8125693284118181
0.8151260504201681,0.2689075630252101,0.815470281554122
0.8235294117647058,0.2689075630252101,0.8183363732988672
0.8319327731092436,0.2689075630252101,0.8211677115657805
0.8403361344537815,0.2689075630252101,0.8239644142788443
0.8487394957983193,0.2689075630252101,0.8267266090560711
0.8571428571428571,0.2689075630252101,0.8294544328994954
0.8655462184873949,0.2689075630252101,0.832148031885763
0.8739495798319328,0.2689075630252101,0.8348075608576787
0.8823529411764706,0.2689075630252101,0.8374331831170562
0.8907563025210083,0.2689075630252101,0.8400250701192095
0.8991596638655461,0.2689075630252101,0.8425834011693923
0.907563025210084,0.2689075630252101,0.8451083631214935
0.9159663865546218,0.2689075630252101,0.8476001500792687
0.9243697478991596,0.2689075630252101,0.8500589631003809
0.9327731092436974,0.2689075630252101,0.8524850099035028
0.9411764705882353,0.2689075630252101,0.8548785045787217
0.9495798319327731,0.2689075630252101,0.8572396673014688
0.9579831932773109,0.2689075630252101,0.8595687240501894
0.9663865546218487,0.2689075630252101,0.8618659063279397
0.9747899159663865,0.2689075630252101,0.8641314508881031
0.9831932773109243,0.2689075630252101,0.8663655994643849
0.9915966386554621,0.2689075630252101,0.8685685985052423
1.0,0.2689075630252101,0.8707406989128946
0.0,0.2773109243697479,0.40821511197994936
0.008403361344537815,0.2773109243697479,0.4128180277256729
0.01680672268907563,0.2773109243697479,0.4174362343239366
0.025210084033613446,0.2773109243697479,0.4220689686142342
0.03361344537815126,0.2773109243697479,0.42671545735563343
0.04201680672268907,0.2773109243697479,0.4313749177189297
0.05042016806722689,0.2773109243697479,0.43604655779280777
0.058823529411764705,0.2773109243697479,0.44072957710335087
0.06722689075630252,0.2773109243697479,0.4454231671462079
0.07563025210084033,0.2773109243697479,0.4501265119306895
0.08403361344537814,0.2773109243697479,0.4548387885350469
0.09243697478991596,0.2773109243697479,0.4595591676721402
0.10084033613445378,0.2773109243697479,0.4642868142646974
0.1092436974789916,0.2773109243697479,0.469020888029323
0.11764705882352941,0.2773109243697479,0.4737605440684033
0.12605042016806722,0.2773109243697479,0.47850493346902984
0.13445378151260504,0.2773109243697479,0.48325320390804566
0.14285714285714285,0.2773109243697479,0.48800450026230724
0.15126050420168066,0.2773109243697479,0.4927579652232284
0.15966386554621848,0.2773109243697479,0.49751273991468165
0.1680672268907563,0.2773109243697479,0.5022679645133019
0.1764705882352941,0.2773109243697479,0.5070227788702465
0.18487394957983191,0.2773109243697479,0.5117763231334573
0.19327731092436973,0.2773109243697479,0.5165277383694632
0.20168067226890757,0.2773109243697479,0.5212761671837756
0.21008403361344538,0.2773109243697479,0.5260207543389162
0.2184873949579832,0.2773109243697479,0.5307606473691406
0.226890756302521,0.2773109243697479,0.5354949971909179
0.23529411764705882,0.2773109243697479,0.5402229587082343
0.24369747899159663,0.2773109243697479,0.544943691411822
0.25210084033613445,0.2773109243697479,0.5496563599714072
0.26050420168067223,0.2773109243697479,0.5543601348201
0.2689075630252101,0.2773109243697479,0.5590541927300768
0.2773109243697479,0.2773109243697479,0.5637377173787115
0.2857142857142857,0.2773109243697479,0.568409899904343
0.29411764705882354,0.2773109243697479,0.5730699394509137
0.3025210084033613,0.2773109243697479,0.5777170437006959
0.31092436974789917,0.2773109243697479,0.5823504293944024
0.31932773109243695,0.2773109243697479,0.5869693228379808
0.3277310924369748,0.2773109243697479,0.591572960395422
0.3361344537815126,0.2773109243697479,0.5961605889669744
0.3445378151260504,0.2773109243697479,0.600731466452155
0.3529411764705882,0.2773109243697479,0.6052848621970182
0.36134453781512604,0.2773109243697479,0.6098200574251577
0.36974789915966383,0.2773109243697479,0.614336345651969
0.37815126050420167,0.2773109243697479,0.6188330330817341
0.38655462184873945,0.2773109243697479,0.6233094389871314
0.3949579831932773,0.2773109243697479,0.6277648960708113
0.40336134453781514,0.2773109243697479,0.6321987508087246
0.4117647058823529,0.2773109243697479,0.6366103637749252
0.42016806722689076,0.2773109243697479,0.6409991099476176
0.42857142857142855,0.2773109243697479,0.6453643789962471
0.4369747899159664,0.2773109243697479,0.6497055755494905
0.4453781512605042,0.2773109243697479,0.6540221194440206
0.453781512605042,0.2773109243697479,0.6583134459539868
0.4621848739495798,0.2773109243697479,0.6625790060011648
0.47058823529411764,0.2773109243697479,0.6668182663457864
0.4789915966386554,0.2773109243697479,0.6710307097580913
0.48739495798319327,0.2773109243697479,0.6752158351706754
0.49579831932773105,0.2773109243697479,0.6793731578117551
0.5042016806722689,0.2773109243697479,0.6835022093194932
0.5126050420168067,0.2773109243697479,0.6876025378375715
0.5210084033613445,0.2773109243697479,0.6916737080922212
0.5294117647058824,0.2773109243697479,0.6957153014509613
0.5378151260504201,0.2773109243697479,0.6997269159633176
0.5462184873949579,0.2773109243697479,0.7037081663838258
0.5546218487394958,0.2773109243697479,0.7076586841776495
0.5630252100840336,0.2773109243697479,0.7115781175091683
0.5714285714285714,0.2773109243697479,0.7154661312139149
0.5798319327731092,0.2773109243697479,0.7193224067542633
0.5882352941176471,0.2773109243697479,0.7231466421592844
0.5966386554621849,0.2773109243697479,0.7269385519492193
0.6050420168067226,0.2773109243697479,0.7306978670450167
0.6134453781512604,0.2773109243697479,0.734424334663417
0.6218487394957983,0.2773109243697479,0.7381177181980675
0.6302521008403361,0.2773109243697479,0.7417777970871612
0.6386554621848739,0.2773109243697479,0.7454043666681298
0.6470588235294117,0.2773109243697479,0.7489972380198855
0.6554621848739496,0.2773109243697479,0.7525562377931616
0.6638655462184874,0.2773109243697479,0.7560812080294768
0.6722689075630252,0.2773109243697479,0.7595720059692632
0.680672268907563,0.2773109243697479,0.7630285038497024
0.6890756302521008,0.2773109243697479,0.7664505886928158
0.6974789915966386,0.2773109243697479,0.7698381620843555
0.7058823529411764,0.2773109243697479,0.7731911399440395
0.7142857142857143,0.2773109243697479,0.7765094522876789
0.7226890756302521,0.2773109243697479,0.7797930429817318
0.7310924369747899,0.2773109243697479,0.7830418694908318
0.7394957983193277,0.2773109243697479,0.7862559026188131
0.7478991596638656,0.2773109243697479,0.7894351262437633
0.7563025210084033,0.2773109243697479,0.7925795370476236
0.7647058823529411,0.2773109243697479,0.7956891442408454
0.7731092436974789,0.2773109243697479,0.7987639692826094
0.7815126050420168,0.2773109243697479,0.8018040455970965
0.7899159663865546,0.2773109243697479,0.8048094182862928
0.7983193277310924,0.2773109243697479,0.8077801438398095
0.8067226890756303,0.2773109243697479,0.8107162898421628
0.8151260504201681,0.2773109243697479,0.8136179346779825
0.8235294117647058,0.2773109243697479,0.816485167235562
0.8319327731092436,0.2773109243697479,0.8193180866091924
0.8403361344537815,0.2773109243697479,0.8221168018006835
0.8487394957983193,0.2773109243697479,0.824881431420461
0.8571428571428571,0.2773109243697479,0.8276121033886362
0.8655462184873949,0.2773109243697479,0.8303089546364012
0.8739495798319328,0.2773109243697479,0.8329721308081144
0.8823529411764706,0.2773109243697479,0.8356017859644119
0.8907563025210083,0.2773109243697479,0.8381980822866664
0.8991596638655461,0.2773109243697479,0.8407611897831103
0.907563025210084,0.2773109243697479,0.843291285996911
0.9159663865546218,0.2773109243697479,0.8457885557164849
0.9243697478991596,0.2773109243697479,0.8482531906883162
0.9327731092436974,0.2773109243697479,0.8506853893325288
0.9411764705882353,0.2773109243697479,0.8530853564614496
0.9495798319327731,0.2773109243697479,0.855453303001397
0.9579831932773109,0.2773109243697479,0.857789445717883
0.9663865546218487,0.2773109243697479,0.8600940069444498
0.9747899159663865,0.2773109243697479,0.862367214315303
0.9831932773109243,0.2773109243697479,0.8646093005019261
0.9915966386554621,0.2773109243697479,0.8668205029538167
1.0,0.2773109243697479,0.8690010636435074
0.0,0.2857142857142857,0.40856157387254777
0.008403361344537815,0.2857142857142857,0.4131314342637711
0.01680672268907563,0.2857142857142857,0.4177163085690115
0.025210084033613446,0.2857142857142857,0.42231544984889147
0.03361344537815126,0.2857142857142857,0.4269281014080993
0.04201680672268907,0.2857142857142857,0.4315534972703289
0.05042016806722689,0.2857142857142857,0.43619086266658463
0.058823529411764705,0.2857142857142857,0.4408394145362204
0.06722689075630252,0.2857142857142857,0.44549836204005583
0.07563025210084033,0.2857142857142857,0.45016690708488083
0.08403361344537814,0.2857142857142857,0.45484424485863423
0.09243697478991596,0.2857142857142857,0.45952956437550657
0.10084033613445378,0.2857142857142857,0.4642220490302095
0.1092436974789916,0.2857142857142857,0.4689208771606074
0.11764705882352941,0.2857142857142857,0.47362522261790896
0.12605042016806722,0.2857142857142857,0.47833425534358065
0.13445378151260504,0.2857142857142857,0.48304714195213405
0.14285714285714285,0.2857142857142857,0.4877630463189242
0.15126050420168066,0.2857142857142857,0.4924811301720775
0.15966386554621848,0.2857142857142857,0.49720055368766775
0.1680672268907563,0.2857142857142857,0.5019204760872341
0.1764705882352941,0.2857142857142857,0.5066400562367489
0.18487394957983191,0.2857142857142857,0.5113584532461203
0.19327731092436973,0.2857142857142857,0.5160748270683293
0.20168067226890757,0.2857142857142857,0.5207883390972846
0.21008403361344538,0.2857142857142857,0.5254981527635053
0.2184873949579832,0.2857142857142857,0.5302034341267189
0.226890756302521,0.2857142857142857,0.5349033524644975
0.23529411764705882,0.2857142857142857,0.5395970808560429
0.24369747899159663,0.2857142857142857,0.5442837967602585
0.25210084033613445,0.2857142857142857,0.5489626825872582
0.26050420168067223,0.2857142857142857,0.5536329262624663
0.2689075630252101,0.2857142857142857,0.5582937217825065
0.2773109243697479,0.2857142857142857,0.5629442697620684
0.2857142857142857,0.2857142857142857,0.5675837779709931
0.29411764705882354,0.2857142857142857,0.5722114618608208
0.3025210084033613,0.2857142857142857,0.5768265450800786
0.31092436974789917,0.2857142857142857,0.5814282599776236
0.31932773109243695,0.2857142857142857,0.5860158480933638
0.3277310924369748,0.2857142857142857,0.5905885606357354
0.3361344537815126,0.2857142857142857,0.5951456589453273
0.3445378151260504,0.2857142857142857,0.599686414944094
0.3529411764705882,0.2857142857142857,0.6042101115696125
0.36134453781512604,0.2857142857142857,0.6087160431938988
0.36974789915966383,0.2857142857142857,0.6132035160263123
0.37815126050420167,0.2857142857142857,0.6176718485001321
0.38655462184873945,0.2857142857142857,0.6221203716424124
0.3949579831932773,0.2857142857142857,0.6265484294267724
0.40336134453781514,0.2857142857142857,0.6309553791088107
0.4117647058823529,0.2857142857142857,0.6353405915438702
0.42016806722689076,0.2857142857142857,0.6397034514869228
0.42857142857142855,0.2857142857142857,0.6440433578743778
0.4369747899159664,0.2857142857142857,0.6483597240876583
0.4453781512605042,0.2857142857142857,0.6526519781984277
0.453781512605042,0.2857142857142857,0.6569195631953834
0.4621848739495798,0.2857142857142857,0.6611619371925777
0.47058823529411764,0.2857142857142857,0.6653785736192573
0.4789915966386554,0.2857142857142857,0.6695689613912436
0.48739495798319327,0.2857142857142857,0.6737326050639326
0.49579831932773105,0.2857142857142857,0.67786902496699
0.5042016806722689,0.2857142857142857,0.6819777573208956
0.5126050420168067,0.2857142857142857,0.6860583543354765
0.5210084033613445,0.2857142857142857,0.6901103842906411
0.5294117647058824,0.2857142857142857,0.6941334315995255
0.5378151260504201,0.2857142857142857,0.6981270968543025
0.5462184873949579,0.2857142857142857,0.7020909968549435
0.5546218487394958,0.2857142857142857,0.706024764621217
0.5630252100840336,0.2857142857142857,0.7099280493882746
0.5714285714285714,0.2857142857142857,0.7138005165861555
0.5798319327731092,0.2857142857142857,0.7176418478035924
0.5882352941176471,0.2857142857142857,0.7214517407365105
0.5966386554621849,0.2857142857142857,0.7252299091216233
0.6050420168067226,0.2857142857142857,0.7289760826555636
0.6134453781512604,0.2857142857142857,0.7326900068999815
0.6218487394957983,0.2857142857142857,0.7363714431730751
0.6302521008403361,0.2857142857142857,0.7400201684280173
0.6386554621848739,0.2857142857142857,0.7436359751187627
0.6470588235294117,0.2857142857142857,0.7472186710537234
0.6554621848739496,0.2857142857142857,0.7507680792378125
0.6638655462184874,0.2857142857142857,0.754284037703359
0.6722689075630252,0.2857142857142857,0.7577663993304021
0.680672268907563,0.2857142857142857,0.7612150316568874
0.6890756302521008,0.2857142857142857,0.7646298166792709
0.6974789915966386,0.2857142857142857,0.7680106506440566
0.7058823529411764,0.2857142857142857,0.7713574438307848
0.7142857142857143,0.2857142857142857,0.7746701203269831
0.7226890756302521,0.2857142857142857,0.7779486177956061
0.7310924369747899,0.2857142857142857,0.7811928872354661
0.7394957983193277,0.2857142857142857,0.7844028927351657
0.7478991596638656,0.2857142857142857,0.7875786112210421
0.7563025210084033,0.2857142857142857,0.7907200321996031
0.7647058823529411,0.2857142857142857,0.7938271574949677
0.7731092436974789,0.2857142857142857,0.7969000009817729
0.7815126050420168,0.2857142857142857,0.7999385883140286
0.7899159663865546,0.2857142857142857,0.8029429566503885
0.7983193277310924,0.2857142857142857,0.8059131543762827
0.8067226890756303,0.2857142857142857,0.8088492408233642
0.8151260504201681,0.2857142857142857,0.8117512859866967
0.8235294117647058,0.2857142857142857,0.8146193702401037
0.8319327731092436,0.2857142857142857,0.8174535840500986
0.8403361344537815,0.2857142857142857,0.8202540276887794
0.8487394957983193,0.2857142857142857,0.8230208109460796
0.8571428571428571,0.2857142857142857,0.8257540528417489
0.8655462184873949,0.2857142857142857,0.8284538813374152
0.8739495798319328,0.2857142857142857,0.8311204330490783
0.8823529411764706,0.2857142857142857,0.8337538529603644
0.8907563025210083,0.2857142857142857,0.836354294136859
0.8991596638655461,0.2857142857142857,0.8389219174418244
0.907563025210084,0.2857142857142857,0.841456891253587
0.9159663865546218,0.2857142857142857,0.8439593911848758
0.9243697478991596,0.2857142857142857,0.8464295998043752
0.9327731092436974,0.2857142857142857,0.8488677063607345
0.9411764705882353,0.2857142857142857,0.8512739065092779
0.9495798319327731,0.2857142857142857,0.8536484020416315
0.9579831932773109,0.2857142857142857,0.85599140061848
0.9663865546218487,0.2857142857142857,0.8583031155056455
0.9747899159663865,0.2857142857142857,0.8605837653136712
0.9831932773109243,0.2857142857142857,0.8628335737410884
0.9915966386554621,0.2857142857142857,0.8650527693215085
1.0,0.2857142857142857,0.8672415851747065
0.0,0.29411764705882354,0.40890812663430753
0.008403361344537815,0.29411764705882354,0.4134449112026066
0.01680672268907563,0.29411764705882354,0.4179964358971961
0.025210084033613446,0.29411764705882354,0.4225619697801505
0.03361344537815126,0.29411764705882354,0.4271407724738987
0.04201680672268907,0.29411764705882354,0.43173209461942263
0.05042016806722689,0.29411764705882354,0.43633517834720137
0.058823529411764705,0.29411764705882354,0.4409492577602975
0.06722689075630252,0.29411764705882354,0.4455735594289679
0.07563025210084033,0.29411764705882354,0.4502073028961383
0.08403361344537814,0.29411764705882354,0.45484970119306456
0.09243697478991596,0.29411764705882354,0.45949996136447313
0.10084033613445378,0.29411764705882354,0.46415728500245285
0.1092436974789916,0.29411764705882354,0.4688208687883453
0.11764705882352941,0.29411764705882354,0.4734899050418619
0.12605042016806722,0.29411764705882354,0.47816358227664224
0.13445378151260504,0.29411764705882354,0.48284108576144324
0.14285714285714285,0.29411764705882354,0.4875215980861423
0.15126050420168066,0.29411764705882354,0.4922042997317207
0.15966386554621848,0.29411764705882354,0.49688836964338456
0.1680672268907563,0.29411764705882354,0.5015729858059766
0.1764705882352941,0.29411764705882354,0.5062573258208164
0.18487394957983191,0.29411764705882354,0.5109405674831156
0.19327731092436973,0.29411764705882354,0.5156218893591014
0.20168067226890757,0.29411764705882354,0.5203004713619928
0.21008403361344538,0.29411764705882354,0.5249754953259682
0.2184873949579832,0.29411764705882354,0.5296461455772716
0.226890756302521,0.29411764705882354,0.5343116095016158
0.23529411764705882,0.29411764705882354,0.5389710781070457
0.24369747899159663,0.29411764705882354,0.5436237465814315
0.25210084033613445,0.29411764705882354,0.5482688148437928
0.26050420168067223,0.29411764705882354,0.5529054880886488
0.2689075630252101,0.29411764705882354,0.5575329773226186
0.2773109243697479,0.29411764705882354,0.5621504998925193
0.2857142857142857,0.29411764705882354,0.5667572800042182
0.29411764705882354,0.29411764705882354,0.5713525492315317
0.3025210084033613,0.29411764705882354,0.5759355470144772
0.31092436974789917,0.29411764705882354,0.5805055211462128
0.31932773109243695,0.29411764705882354,0.5850617282480404
0.3277310924369748,0.29411764705882354,0.5896034342318518
0.3361344537815126,0.29411764705882354,0.5941299147494511
0.3445378151260504,0.29411764705882354,0.5986404556282062
0.3529411764705882,0.29411764705882354,0.6031343532925152
0.36134453781512604,0.29411764705882354,0.6076109151706073
0.36974789915966383,0.29411764705882354,0.6120694600862404
0.37815126050420167,0.29411764705882354,0.6165093186348753
0.38655462184873945,0.29411764705882354,0.6209298335439556
0.3949579831932773,0.29411764705882354,0.6253303600169555
0.40336134453781514,0.29411764705882354,0.6297102660608883
0.4117647058823529,0.29411764705882354,0.634068932797011
0.42016806722689076,0.29411764705882354,0.6384057547544927
0.42857142857142855,0.29411764705882354,0.6427201401468502
0.4369747899159664,0.29411764705882354,0.6470115111309978
0.4453781512605042,0.29411764705882354,0.6512793040487811
0.453781512605042,0.29411764705882354,0.6555229696509115
0.4621848739495798,0.29411764705882354,0.659741973303252
0.47058823529411764,0.29411764705882354,0.6639357951754287
0.4789915966386554,0.29411764705882354,0.6681039304117921
0.48739495798319327,0.29411764705882354,0.6722458892847721
0.49579831932773105,0.29411764705882354,0.6763611973307125
0.5042016806722689,0.29411764705882354,0.6804493954682906
0.5126050420168067,0.29411764705882354,0.6845100400996753
0.5210084033613445,0.29411764705882354,0.6885427031945901
0.5294117647058824,0.29411764705882354,0.6925469723574804
0.5378151260504201,0.29411764705882354,0.6965224508780188
0.5462184873949579,0.29411764705882354,0.7004687577651992
0.5546218487394958,0.29411764705882354,0.7043855277652986
0.5630252100840336,0.29411764705882354,0.7082724113640084
0.5714285714285714,0.29411764705882354,0.712129074773062
0.5798319327731092,0.29411764705882354,0.7159551999017004
0.5882352941176471,0.29411764705882354,0.7197504843133415
0.5966386554621849,0.29411764705882354,0.7235146411678328
0.6050420168067226,0.29411764705882354,0.7272473991496964
0.6134453781512604,0.29411764705882354,0.730948502382763
0.6218487394957983,0.29411764705882354,0.7346177103316404
0.6302521008403361,0.29411764705882354,0.7382547976904426
0.6386554621848739,0.29411764705882354,0.7418595542592399
0.6470588235294117,0.29411764705882354,0.7454317848086868
0.6554621848739496,0.29411764705882354,0.7489713089332987
0.6638655462184874,0.29411764705882354,0.7524779608938481
0.6722689075630252,0.29411764705882354,0.7559515894493707
0.680672268907563,0.29411764705882354,0.7593920576792631
0.6890756302521008,0.29411764705882354,0.7627992427959547
0.6974789915966386,0.29411764705882354,0.7661730359486598
0.7058823529411764,0.29411764705882354,0.7695133420186879
0.7142857142857143,0.29411764705882354,0.7728200794068092
0.7226890756302521,0.29411764705882354,0.7760931798131707
0.7310924369747899,0.29411764705882354,0.7793325880102397
0.7394957983193277,0.29411764705882354,0.7825382616092705
0.7478991596638656,0.29411764705882354,0.7857101708207612
0.7563025210084033,0.29411764705882354,0.7888482982093938
0.7647058823529411,0.29411764705882354,0.7919526384439046
0.7731092436974789,0.29411764705882354,0.7950231980423627
0.7815126050420168,0.29411764705882354,0.7980599951133075
0.7899159663865546,0.29411764705882354,0.8010630590931819
0.7983193277310924,0.29411764705882354,0.804032430480514
0.8067226890756303,0.29411764705882354,0.8069681605672581
0.8151260504201681,0.29411764705882354,0.8098703111677232
0.8235294117647058,0.29411764705882354,0.8127389543454938
0.8319327731092436,0.29411764705882354,0.8155741721387331
0.8403361344537815,0.29411764705882354,0.8183760562842635
0.8487394957983193,0.29411764705882354,0.821144707940784
0.8571428571428571,0.29411764705882354,0.8238802374115958
0.8655462184873949,0.29411764705882354,0.8265827638671807
0.8739495798319328,0.29411764705882354,0.8292524150679635
0.8823529411764706,0.29411764705882354,0.831889327087594
0.8907563025210083,0.29411764705882354,0.8344936440370415
0.8991596638655461,0.29411764705882354,0.8370655177898142
0.907563025210084,0.29411764705882354,0.8396051077085835
0.9159663865546218,0.29411764705882354,0.842112580373478
0.9243697478991596,0.29411764705882354,0.8445881093123202
0.9327731092436974,0.29411764705882354,0.847031874733034
0.9411764705882353,0.29411764705882354,0.849444063258472
0.9495798319327731,0.29411764705882354,0.8518248676638721
0.9579831932773109,0.29411764705882354,0.8541744866171579
0.9663865546218487,0.29411764705882354,0.8564931244222704
0.9747899159663865,0.29411764705882354,0.8587809907657241
0.9831932773109243,0.29411764705882354,0.8610383004665468
0.9915966386554621,0.29411764705882354,0.8632652732297736
1.0,0.29411764705882354,0.8654621334036336
0.0,0.3025210084033613,0.4092547699445313
0.008403361344537815,0.3025210084033613,0.41375845830385755
0.01680672268907563,0.3025210084033613,0.41827661613778355
0.025210084033613446,0.3025210084033613,0.42280852829125976
0.03361344537815126,0.3025210084033613,0.42735347047782746
0.04201680672268907,0.3025210084033613,0.4319107097215386
0.05042016806722689,0.3025210084033613,0.4364795048110228
0.058823529411764705,0.3025210084033613,0.4410591067651342
0.06722689075630252,0.3025210084033613,0.4456487593095846
0.07563025210084033,0.3025210084033613,0.45024769936393966
0.08403361344537814,0.3025210084033613,0.45485515753833705
0.09243697478991596,0.3025210084033613,0.459470358639246
0.10084033613445378,0.3025210084033613,0.4640925221835899
0.1092436974789916,0.3025210084033613,0.4687208629205076
0.11764705882352941,0.3025210084033613,0.47335459136002833
0.12605042016806722,0.3025210084033613,0.4779929143079115
0.13445378151260504,0.3025210084033613,0.48263503540588326
0.14285714285714285,0.3025210084033613,0.48728015567649946
0.15126050420168066,0.3025210084033613,0.491927474071837
0.15966386554621848,0.3025210084033613,0.4965761880252249
0.1680672268907563,0.3025210084033613,0.5012254940051994
0.1764705882352941,0.3025210084033613,0.5058745880708818
0.18487394957983191,0.3025210084033613,0.5105226664279496
0.19327731092436973,0.3025210084033613,0.5151689259844007
0.20168067226890757,0.3025210084033613,0.5198125649052818
0.21008403361344538,0.3025210084033613,0.5244527831655701
0.2184873949579832,0.3025210084033613,0.5290887831004033
0.226890756302521,0.3025210084033613,0.5337197699518518
0.23529411764705882,0.3025210084033613,0.5383449524114405
0.24369747899159663,0.3025210084033613,0.5429635431576356
0.25210084033613445,0.3025210084033613,0.5475747593875293
0.26050420168067223,0.3025210084033613,0.5521778233419622
0.2689075630252101,0.3025210084033613,0.5567719628233484
0.2773109243697479,0.3025210084033613,0.5613564117054758
0.2857142857142857,0.3025210084033613,0.5659304104345837
0.29411764705882354,0.3025210084033613,0.5704932065210414
0.3025210084033613,0.3025210084033613,0.5750440550209559
0.31092436974789917,0.3025210084033613,0.5795822190070912
0.31932773109243695,0.3025210084033613,0.5841069700284833
0.3277310924369748,0.3025210084033613,0.5886175885581731
0.3361344537815126,0.3025210084033613,0.5931133644285009
0.3445378151260504,0.3025210084033613,0.5975935972534456
0.3529411764705882,0.3025210084033613,0.602057596837512
0.36134453781512604,0.3025210084033613,0.6065046835707051
0.36974789915966383,0.3025210084033613,0.6109341888091626
0.37815126050420167,0.3025210084033613,0.6153454552410474
0.38655462184873945,0.3025210084033613,0.6197378372373338
0.3949579831932773,0.3025210084033613,0.6241107011871649
0.40336134453781514,0.3025210084033613,0.6284634258174726
0.4117647058823529,0.3025210084033613,0.6327954024966094
0.42016806722689076,0.3025210084033613,0.6371060355217518
0.42857142857142855,0.3025210084033613,0.6413947423898928
0.4369747899159664,0.3025210084033613,0.6456609540522503
0.4453781512605042,0.3025210084033613,0.6499041151519797
0.453781512605042,0.3025210084033613,0.6541236842450816
0.4621848739495798,0.3025210084033613,0.6583191340044572
0.47058823529411764,0.3025210084033613,0.6624899514070809
0.4789915966386554,0.3025210084033613,0.6666356379042871
0.48739495798319327,0.3025210084033613,0.6707557095752251
0.49579831932773105,0.3025210084033613,0.6748496972635256
0.5042016806722689,0.3025210084033613,0.6789171466972977
0.5126050420168067,0.3025210084033613,0.6829576185925691
0.5210084033613445,0.3025210084033613,0.6869706887403243
0.5294117647058824,0.3025210084033613,0.6909559480773302
0.5378151260504201,0.3025210084033613,0.6949130027409405
0.5462184873949579,0.3025210084033613,0.6988414741081322
0.5546218487394958,0.3025210084033613,0.702740998819002
0.5630252100840336,0.3025210084033613,0.7066112287850304
0.5714285714285714,0.3025210084033613,0.710451831182387
0.5798319327731092,0.3025210084033613,0.7142624884306098
0.5882352941176471,0.3025210084033613,0.7180428981569951
0.5966386554621849,0.3025210084033613,0.7217927731470484
0.6050420168067226,0.3025210084033613,0.7255118412813737
0.6134453781512604,0.3025210084033613,0.7291998454593837
0.6218487394957983,0.3025210084033613,0.7328565435102306
0.6302521008403361,0.3025210084033613,0.7364817080913725
0.6386554621848739,0.3025210084033613,0.7400751265751964
0.6470588235294117,0.3025210084033613,0.7436366009241335
0.6554621848739496,0.3025210084033613,0.7471659475547001
0.6638655462184874,0.3025210084033613,0.7506629971909247
0.6722689075630252,0.3025210084033613,0.7541275947076055
0.680672268907563,0.3025210084033613,0.757559598963862
0.6890756302521008,0.3025210084033613,0.7609588826274422
0.6974789915966386,0.3025210084033613,0.7643253319902503
0.7058823529411764,0.3025210084033613,0.7676588467755606
0.7142857142857143,0.3025210084033613,0.7709593399373876
0.7226890756302521,0.3025210084033613,0.774226737452472
0.7310924369747899,0.3025210084033613,0.777460978105354
0.7394957983193277,0.3025210084033613,0.7806620132669879
0.7478991596638656,0.3025210084033613,0.7838298066673608
0.7563025210084033,0.3025210084033613,0.7869643341625687
0.7647058823529411,0.3025210084033613,0.7900655834967896
0.7731092436974789,0.3025210084033613,0.7931335540596122
0.7815126050420168,0.3025210084033613,0.7961682566391359
0.7899159663865546,0.3025210084033613,0.799169713171284
0.7983193277310924,0.3025210084033613,0.8021379564857449
0.8067226890756303,0.3025210084033613,0.8050730300489483
0.8151260504201681,0.3025210084033613,0.8079749877044872
0.8235294117647058,0.3025210084033613,0.8108438934113682
0.8319327731092436,0.3025210084033613,0.8136798209804794
0.8403361344537815,0.3025210084033613,0.8164828538096455
0.8487394957983193,0.3025210084033613,0.8192530846176244
0.8571428571428571,0.3025210084033613,0.8219906151774107
0.8655462184873949,0.3025210084033613,0.8246955560491627
0.8739495798319328,0.3025210084033613,0.8273680263131007
0.8823529411764706,0.3025210084033613,0.8300081533026775
0.8907563025210083,0.3025210084033613,0.832616072338325
0.8991596638655461,0.3025210084033613,0.8351919264620791
0.907563025210084,0.3025210084033613,0.8377358661733453
0.9159663865546218,0.3025210084033613,0.8402480491660815
0.9243697478991596,0.3025210084033613,0.8427286400676554
0.9327731092436974,0.3025210084033613,0.845177810179603
0.9411764705882353,0.3025210084033613,0.8475957372205393
0.9495798319327731,0.3025210084033613,0.8499826050714194
0.9579831932773109,0.3025210084033613,0.8523386035233692
0.9663865546218487,0.3025210084033613,0.854663928028276
0.9747899159663865,0.3025210084033613,0.8569587794523148
0.9831932773109243,0.3025210084033613,0.859223363832596
0.9915966386554621,0.3025210084033613,0.8614578921370772
1.0,0.3025210084033613,0.8636625800278988
0.0,0.31092436974789917,0.4096015034821673
0.008403361344537815,0.31092436974789917,0.41407207532897805
0.01680672268907563,0.31092436974789917,0.41855684911993246
0.025210084033613446,0.31092436974789917,0.4230551252653919
0.03361344537815126,0.31092436974789917,0.42756619534464285
0.04201680672268907,0.31092436974789917,0.43208934253198583
0.05042016806722689,0.31092436974789917,0.43662384203440713
0.058823529411764705,0.31092436974789917,0.4411689615402805
0.06722689075630252,0.31092436974789917,0.44572396167854483
0.07563025210084033,0.31092436974789917,0.450288096487763
0.08403361344537814,0.31092436974789917,0.4548606138944501
0.09243697478991596,0.31092436974789917,0.4594407562000314
0.10084033613445378,0.31092436974789917,0.4640277605757821
0.1092436974789916,0.31092436974789917,0.4686208595650642
0.11764705882352941,0.31092436974789917,0.4732192815921726
0.12605042016806722,0.31092436974789917,0.4778222514770806
0.13445378151260504,0.31092436974789917,0.48242899095535646
0.14285714285714285,0.31092436974789917,0.4870387192025213
0.15126050420168066,0.31092436974789917,0.4916506533620944
0.15966386554621848,0.31092436974789917,0.49626400907657253
0.1680672268907563,0.31092436974789917,0.5008780010205791
0.1764705882352941,0.31092436974789917,0.5054918434354106
0.18487394957983191,0.31092436974789917,0.5101047506642149
0.19327731092436973,0.31092436974789917,0.5147159376870173
0.20168067226890757,0.31092436974789917,0.5193246206548279
0.21008403361344538,0.31092436974789917,0.523930017422054
0.2184873949579832,0.31092436974789917,0.5285313480764544
0.226890756302521,0.31092436974789917,0.5331278354658684
0.23529411764705882,0.31092436974789917,0.537718705720971
0.24369747899159663,0.31092436974789917,0.542303188773311
0.25210084033613445,0.31092436974789917,0.54688051886789
0.26050420168067223,0.31092436974789917,0.5514499350695807
0.2689075630252101,0.31092436974789917,0.5560106817626667
0.2773109243697479,0.31092436974789917,0.56056200914282
0.2857142857142857,0.31092436974789917,0.5651031737008558
0.29411764705882354,0.31092436974789917,0.5696334386976037
0.3025210084033613,0.31092436974789917,0.5741520746292778
0.31092436974789917,0.31092436974789917,0.5786583596827343
0.31932773109243695,0.31092436974789917,0.583151580180044
0.3277310924369748,0.31092436974789917,0.5876310310118144
0.3361344537815126,0.31092436974789917,0.5920960160587405
0.3445378151260504,0.31092436974789917,0.5965458486008793
0.3529411764705882,0.31092436974789917,0.600979851714174
0.36134453781512604,0.31092436974789917,0.6053973586537849
0.36974789915966383,0.31092436974789917,0.6097977132238135
0.37815126050420167,0.31092436974789917,0.6141802701330319
0.38655462184873945,0.31092436974789917,0.6185443953362685
0.3949579831932773,0.31092436974789917,0.6228894663611284
0.40336134453781514,0.31092436974789917,0.6272148726197562
0.4117647058823529,0.31092436974789917,0.6315200157053829
0.42016806722689076,0.31092436974789917,0.6358043096734376
0.42857142857142855,0.31092436974789917,0.6400671813070221
0.4369747899159664,0.31092436974789917,0.6443080703665902
0.4453781512605042,0.31092436974789917,0.6485264298237085
0.453781512605042,0.31092436974789917,0.6527217260787873
0.4621848739495798,0.31092436974789917,0.6568934391627289
0.47058823529411764,0.31092436974789917,0.6610410629224485
0.4789915966386554,0.31092436974789917,0.665164105190268
0.48739495798319327,0.31092436974789917,0.6692620879372
0.49579831932773105,0.31092436974789917,0.6733345474101845
0.5042016806722689,0.31092436974789917,0.6773810342533562
0.5126050420168067,0.31092436974789917,0.6814011136134441
0.5210084033613445,0.31092436974789917,0.685394365229459
0.5294117647058824,0.31092436974789917,0.689360383506807
0.5378151260504201,0.31092436974789917,0.6932987775760344
0.5462184873949579,0.31092436974789917,0.6972091713364077
0.5546218487394958,0.31092436974789917,0.7010912034845549
0.5630252100840336,0.31092436974789917,0.7049445275284413
0.5714285714285714,0.31092436974789917,0.7087688117869319
0.5798319327731092,0.31092436974789917,0.7125637393752561
0.5882352941176471,0.31092436974789917,0.7163290081766744
0.5966386554621849,0.31092436974789917,0.7200643308006787
0.6050420168067226,0.31092436974789917,0.7237694345280812
0.6134453781512604,0.31092436974789917,0.7274440612433366
0.6218487394957983,0.31092436974789917,0.7310879673544857
0.6302521008403361,0.31092436974789917,0.7347009237010944
0.6386554621848739,0.31092436974789917,0.7382827154505966
0.6470588235294117,0.31092436974789917,0.7418331419834301
0.6554621848739496,0.31092436974789917,0.7453520167673997
0.6638655462184874,0.31092436974789917,0.7488391672216743
0.6722689075630252,0.31092436974789917,0.7522944345708521
0.680672268907563,0.31092436974789917,0.7557176736895306
0.6890756302521008,0.31092436974789917,0.7591087529378058
0.6974789915966386,0.31092436974789917,0.7624675539881568
0.7058823529411764,0.31092436974789917,0.765793971644147
0.7142857142857143,0.31092436974789917,0.7690879136513821
0.7226890756302521,0.31092436974789917,0.7723493005011784
0.7310924369747899,0.31092436974789917,0.7755780652273699
0.7394957983193277,0.31092436974789917,0.778774153196703
0.7478991596638656,0.31092436974789917,0.7819375218932465
0.7563025210084033,0.31092436974789917,0.785068140697255
0.7647058823529411,0.31092436974789917,0.7881659906589118
0.7731092436974789,0.31092436974789917,0.7912310642673732
0.7815126050420168,0.31092436974789917,0.7942633652155295
0.7899159663865546,0.31092436974789917,0.7972629081608968
0.7983193277310924,0.31092436974789917,0.8002297184830339
0.8067226890756303,0.31092436974789917,0.8031638320378922
0.8151260504201681,0.31092436974789917,0.806065294909469
0.8235294117647058,0.31092436974789917,0.8089341631591586
0.8319327731092436,0.31092436974789917,0.8117705025731532
0.8403361344537815,0.31092436974789917,0.8145743884082678
0.8487394957983193,0.31092436974789917,0.8173459051365254
0.8571428571428571,0.31092436974789917,0.8200851461888481
0.8655462184873949,0.31092436974789917,0.8227922136981837
0.8739495798319328,0.31092436974789917,0.8254672182423759
0.8823529411764706,0.31092436974789917,0.8281102785870935
0.8907563025210083,0.31092436974789917,0.8307215214291113
0.8991596638655461,0.31092436974789917,0.8333010811402229
0.907563025210084,0.31092436974789917,0.8358490995120601
0.9159663865546218,0.31092436974789917,0.838365725502085
0.9243697478991596,0.31092436974789917,0.840851114980991
0.9327731092436974,0.31092436974789917,0.8433054304817673
0.9411764705882353,0.31092436974789917,0.8457288409506405
0.9495798319327731,0.31092436974789917,0.8481215215001138
0.9579831932773109,0.31092436974789917,0.8504836531643082
0.9663865546218487,0.31092436974789917,0.8528154226567977
0.9747899159663865,0.31092436974789917,0.8551170221311151
0.9831932773109243,0.31092436974789917,0.8573886489441109
0.9915966386554621,0.31092436974789917,0.859630505422309
1.0,0.31092436974789917,0.8618427986314255
0.0,0.31932773109243695,0.4099483269258113
0.008403361344537815,0.31932773109243695,0.41438576203919875
0.01680672268907563,0.31932773109243695,0.4188371346726663
0.025210084033613446,0.31932773109243695,0.4233017605856443
0.03361344537815126,0.31932773109243695,0.42777894699906155
0.04201680672268907,0.31932773109243695,0.43226799300605495
0.05042016806722689,0.31932773109243695,0.43676818999370476
0.058823529411764705,0.31932773109243695,0.44127882207528346
0.06722689075630252,0.31932773109243695,0.44579916653248824
0.07563025210084033,0.31932773109243695,0.45032849426708665
0.08403361344537814,0.31932773109243695,0.4548660702614026
0.09243697478991596,0.31932773109243695,0.4594111540470352
0.10084033613445378,0.31932773109243695,0.4639630001811907
0.1092436974789916,0.31932773109243695,0.4685208587299838
0.11764705882352941,0.31932773109243695,0.4730839757580562
0.12605042016806722,0.31932773109243695,0.477651593823837
0.13445378151260504,0.31932773109243695,0.48222295247975655
0.14285714285714285,0.31932773109243695,0.48679728877672357
0.15126050420168066,0.31932773109243695,0.4913738377721483
0.15966386554621848,0.31932773109243695,0.4959518330408048
0.1680672268907563,0.31932773109243695,0.500530507187795
0.1764705882352941,0.31932773109243695,0.5051090923629017
0.18487394957983191,0.31932773109243695,0.5096868207755869
0.19327731092436973,0.31932773109243695,0.5142629252099047
0.20168067226890757,0.31932773109243695,0.518836639538596
0.21008403361344538,0.31932773109243695,0.5234071992356337
0.2184873949579832,0.31932773109243695,0.5279738418864883
0.226890756302521,0.31932773109243695,0.5325358076953953
0.23529411764705882,0.31932773109243695,0.5370923399889047
0.24369747899159663,0.31932773109243695,0.5416426857150107
0.25210084033613445,0.31932773109243695,0.5461860959371647
0.26050420168067223,0.31932773109243695,0.5507218263224875
0.2689075630252101,0.31932773109243695,0.5552491376235168
0.2773109243697479,0.31932773109243695,0.5597672961528294
0.2857142857142857,0.31932773109243695,0.5642755742499062
0.29411764705882354,0.31932773109243695,0.5687732507396247
0.3025210084033613,0.31932773109243695,0.5732596113817736
0.31092436974789917,0.31932773109243695,0.5777339493110203
0.31932773109243695,0.31932773109243695,0.5821955654667693
0.3277310924369748,0.31932773109243695,0.5866437690123912
0.3361344537815126,0.31932773109243695,0.5910778777432999
0.3445378151260504,0.31932773109243695,0.5954972184834167
0.3529411764705882,0.31932773109243695,0.5999011274695494
0.36134453781512604,0.31932773109243695,0.6042889507232658
0.36974789915966383,0.31932773109243695,0.608660044409869
0.37815126050420167,0.31932773109243695,0.61301377518409
0.38655462184873945,0.31932773109243695,0.6173495205221666
0.3949579831932773,0.31932773109243695,0.6216666690399956
0.40336134453781514,0.31932773109243695,0.6259646207970635
0.4117647058823529,0.31932773109243695,0.6302427875859246
0.42016806722689076,0.31932773109243695,0.6345005932069817
0.42857142857142855,0.31932773109243695,0.6387374737283952
0.4369747899159664,0.31932773109243695,0.642952877730948
0.4453781512605042,0.31932773109243695,0.6471462665377358
0.453781512605042,0.31932773109243695,0.6513171144285886
0.4621848739495798,0.31932773109243695,0.6554649088391373
0.47058823529411764,0.31932773109243695,0.6595891505444985
0.4789915966386554,0.31932773109243695,0.6636893538275469
0.48739495798319327,0.31932773109243695,0.6677650466318001
0.49579831932773105,0.31932773109243695,0.6718157706989547
0.5042016806722689,0.31932773109243695,0.675841081691136
0.5126050420168067,0.31932773109243695,0.6798405492979644
0.5210084033613445,0.31932773109243695,0.6838137573285525
0.5294117647058824,0.31932773109243695,0.6877603037885807
0.5378151260504201,0.31932773109243695,0.6916798009426125
0.5462184873949579,0.31932773109243695,0.6955718753618512
0.5546218487394958,0.31932773109243695,0.6994361679575414
0.5630252100840336,0.31932773109243695,0.7032723340002524
0.5714285714285714,0.31932773109243695,0.7070800431252954
0.5798319327731092,0.31932773109243695,0.7108589793245491
0.5882352941176471,0.31932773109243695,0.7146088409249766
0.5966386554621849,0.31932773109243695,0.7183293405541462
0.6050420168067226,0.31932773109243695,0.7220202050930726
0.6134453781512604,0.31932773109243695,0.7256811756167153
0.6218487394957983,0.31932773109243695,0.7293120073224838
0.6302521008403361,0.31932773109243695,0.732912469447105
0.6386554621848739,0.31932773109243695,0.7364823451722287
0.6470588235294117,0.31932773109243695,0.7400214315191495
0.6554621848739496,0.31932773109243695,0.7435295392330356
0.6638655462184874,0.31932773109243695,0.7470064926570571
0.6722689075630252,0.31932773109243695,0.7504521295968224
0.680672268907563,0.31932773109243695,0.7538663011755262
0.6890756302521008,0.31932773109243695,0.7572488716802214
0.6974789915966386,0.31932773109243695,0.7605997183996374
0.7058823529411764,0.31932773109243695,0.7639187314539487
0.7142857142857143,0.31932773109243695,0.76720581361693
0.7226890756302521,0.31932773109243695,0.770460880130899
0.7310924369747899,0.31932773109243695,0.7736838585148843
0.7394957983193277,0.31932773109243695,0.7768746883664182
0.7478991596638656,0.31932773109243695,0.7800333211573774
0.7563025210084033,0.31932773109243695,0.7831597200242897
0.7647058823529411,0.31932773109243695,0.7862538595534981
0.7731092436974789,0.31932773109243695,0.7893157255616039
0.7815126050420168,0.31932773109243695,0.7923453148715739
0.7899159663865546,0.31932773109243695,0.7953426350849074
0.7983193277310924,0.31932773109243695,0.7983077043502566
0.8067226890756303,0.31932773109243695,0.8012405511288632
0.8151260504201681,0.31932773109243695,0.8041412139572017
0.8235294117647058,0.31932773109243695,0.8070097412071765
0.8319327731092436,0.31932773109243695,0.8098461908442353
0.8403361344537815,0.31932773109243695,0.8126506301837493
0.8487394957983193,0.31932773109243695,0.8154231356459812
0.8571428571428571,0.31932773109243695,0.8181637925099926
0.8655462184873949,0.31932773109243695,0.8208726946667845
0.8739495798319328,0.31932773109243695,0.8235499443719904
0.8823529411764706,0.31932773109243695,0.8261956519984257
0.8907563025210083,0.31932773109243695,0.8288099357887638
0.8991596638655461,0.31932773109243695,0.8313929216086301
0.907563025210084,0.31932773109243695,0.8339447427003718
0.9159663865546218,0.31932773109243695,0.8364655394377635
0.9243697478991596,0.31932773109243695,0.8389554590818893
0.9327731092436974,0.31932773109243695,0.841414655538436
0.9411764705882353,0.31932773109243695,0.8438432891166232
0.9495798319327731,0.31932773109243695,0.8462415262899766
0.9579831932773109,0.31932773109243695,0.848609539459153
0.9663865546218487,0.31932773109243695,0.8509475067170021
0.9747899159663865,0.31932773109243695,0.8532556116160459
0.9831932773109243,0.31932773109243695,0.8555340429385503
0.9915966386554621,0.31932773109243695,0.8577829944693444
1.0,0.31932773109243695,0.8600026647715338
0.0,0.3277310924369748,0.41029523995370754
0.008403361344537815,0.3277310924369748,0.41469951819552775
0.01680672268907563,0.3277310924369748,0.41911747262487575
0.025210084033613446,0.3277310924369748,0.4235484341350378
0.03361344537815126,0.3277310924369748,0.4279917253657624
0.04201680672268907,0.3277310924369748,0.43244666109901886
0.05042016806722689,0.3277310924369748,0.43691254866525836
0.058823529411764705,0.3277310924369748,0.4413886883596884
0.06722689075630252,0.3277310924369748,0.44587437386805345
0.07563025210084033,0.3277310924369748,0.4503688927013879
0.08403361344537814,0.3277310924369748,0.45487152663919317
0.09243697478991596,0.3277310924369748,0.45938155218046395
0.10084033613445378,0.3277310924369748,0.4638982410019769
0.1092436974789916,0.3277310924369748,0.4684208604232346
0.11764705882352941,0.3277310924369748,0.47294867387743894
0.12605042016806722,0.3277310924369748,0.4774809413878631
0.13445378151260504,0.3277310924369748,0.4820169200489695
0.14285714285714285,0.3277310924369748,0.48655586451160926
0.15126050420168066,0.3277310924369748,0.49109702747164263
0.15966386554621848,0.3277310924369748,0.49563966016128835
0.1680672268907563,0.3277310924369748,0.500183012842531
0.1764705882352941,0.3277310924369748,0.5047263353018836
0.18487394957983191,0.3277310924369748,0.5092688773458192
0.19327731092436973,0.3277310924369748,0.513809889296175
0.20168067226890757,0.3277310924369748,0.5183486224848318
0.21008403361344538,0.3277310924369748,0.5228843297469806
0.2184873949579832,0.3277310924369748,0.5274162659122767
0.226890756302521,0.3277310924369748,0.5319436882932118
0.23529411764705882,0.3277310924369748,0.5364658571700059
0.24369747899159663,0.3277310924369748,0.5409820362713711
0.25210084033613445,0.3277310924369748,0.5454914932504694
0.26050420168067223,0.3277310924369748,0.5499935001554245
0.2689075630252101,0.3277310924369748,0.554487333893755
0.2773109243697479,0.3277310924369748,0.5589722766900964
0.2857142857142857,0.3277310924369748,0.56344761653662
0.29411764705882354,0.3277310924369748,0.5679126476355486
0.3025210084033613,0.3277310924369748,0.5723666708332107
0.31092436974789917,0.3277310924369748,0.5768089940450726
0.31932773109243695,0.3277310924369748,0.5812389326712242
0.3277310924369748,0.3277310924369748,0.5856558100018133
0.3361344537815126,0.3277310924369748,0.5900589576119366
0.3445378151260504,0.3277310924369748,0.5944477157455355
0.3529411764705882,0.3277310924369748,0.5988214336878532
0.36134453781512604,0.3277310924369748,0.6031794701260449
0.36974789915966383,0.3277310924369748,0.6075211934975596
0.37815126050420167,0.3277310924369748,0.6118459823259327
0.38655462184873945,0.3277310924369748,0.616153225543655
0.3949579831932773,0.3277310924369748,0.6204423228018262
0.40336134453781514,0.3277310924369748,0.6247126847663035
0.4117647058823529,0.3277310924369748,0.6289637334001105
0.42016806722689076,0.3277310924369748,0.6331949022318797
0.42857142857142855,0.3277310924369748,0.6374056366101443
0.4369747899159664,0.3277310924369748,0.6415953939433118
0.4453781512605042,0.3277310924369748,0.6457636439251926
0.453781512605042,0.3277310924369748,0.6499098687459683
0.4621848739495798,0.3277310924369748,0.6540335632885376
0.47058823529411764,0.3277310924369748,0.6581342353101697
0.4789915966386554,0.3277310924369748,0.6622114056094625
0.48739495798319327,0.3277310924369748,0.6662646081785972
0.49579831932773105,0.3277310924369748,0.6702933903409176
0.5042016806722689,0.3277310924369748,0.6742973128739048
0.5126050420168067,0.3277310924369748,0.6782759501176047
0.5210084033613445,0.3277310924369748,0.6822288900686392
0.5294117647058824,0.3277310924369748,0.6861557344599026
0.5378151260504201,0.3277310924369748,0.6900560988261161
0.5462184873949579,0.3277310924369748,0.6939296125553989
0.5546218487394958,0.3277310924369748,0.6977759189270512
0.5630252100840336,0.3277310924369748,0.7015946751357701
0.5714285714285714,0.3277310924369748,0.7053855523025223
0.5798319327731092,0.3277310924369748,0.7091482354723214
0.5882352941176471,0.3277310924369748,0.712882423599188
0.5966386554621849,0.3277310924369748,0.7165878295185629
0.6050420168067226,0.3277310924369748,0.7202641799074793
0.6134453781512604,0.3277310924369748,0.7239112152328014
0.6218487394957983,0.3277310924369748,0.7275286896878602
0.6302521008403361,0.3277310924369748,0.7311163711178036
0.6386554621848739,0.3277310924369748,0.7346740409340389
0.6470588235294117,0.3277310924369748,0.7382014940180938
0.6554621848739496,0.3277310924369748,0.7416985386152739
0.6638655462184874,0.3277310924369748,0.7451649962184943
0.6722689075630252,0.3277310924369748,0.7486007014426485
0.680672268907563,0.3277310924369748,0.7520055018899141
0.6890756302521008,0.3277310924369748,0.7553792580063737
0.6974789915966386,0.3277310924369748,0.7587218429303495
0.7058823529411764,0.3277310924369748,0.762033142332841
0.7142857142857143,0.3277310924369748,0.7653130542504627
0.7226890756302521,0.3277310924369748,0.7685614889112894
0.7310924369747899,0.3277310924369748,0.7717783685539851
0.7394957983193277,0.3277310924369748,0.774963627240632
0.7478991596638656,0.3277310924369748,0.7781172106636451
0.7563025210084033,0.3277310924369748,0.7812390759471605
0.7647058823529411,0.3277310924369748,0.7843291914432962
0.7731092436974789,0.3277310924369748,0.7873875365236604
0.7815126050420168,0.3277310924369748,0.7904141013664926
0.7899159663865546,0.3277310924369748,0.793408886739812
0.7983193277310924,0.3277310924369748,0.7963719037809438
0.8067226890756303,0.3277310924369748,0.7993031737727817
0.8151260504201681,0.3277310924369748,0.8022027279171507
0.8235294117647058,0.3277310924369748,0.8050706071056092
0.8319327731092436,0.3277310924369748,0.8079068616880456
0.8403361344537815,0.3277310924369748,0.8107115512393859
0.8487394957983193,0.3277310924369748,0.8134847443247556
0.8571428571428571,0.3277310924369748,0.8162265182633972
0.8655462184873949,0.3277310924369748,0.8189369588916561
0.8739495798319328,0.3277310924369748,0.8216161603253379
0.8823529411764706,0.3277310924369748,0.824264224721719
0.8907563025210083,0.3277310924369748,0.8268812620414908
0.8991596638655461,0.3277310924369748,0.82946738981091
0.907563025210084,0.3277310924369748,0.8320227328844086
0.9159663865546218,0.3277310924369748,0.8345474232079201
0.9243697478991596,0.3277310924369748,0.8370415995831547
0.9327731092436974,0.3277310924369748,0.8395054074330538
0.9411764705882353,0.3277310924369748,0.8419389985686481
0.9495798319327731,0.3277310924369748,0.8443425309575155
0.9579831932773109,0.3277310924369748,0.8467161684940576
0.9663865546218487,0.3277310924369748,0.8490600807717597
0.9747899159663865,0.3277310924369748,0.8513744428576291
0.9831932773109243,0.3277310924369748,0.8536594350689795
0.9915966386554621,0.3277310924369748,0.855915242752709
1.0,0.3277310924369748,0.8581420560672371
0.0,0.3361344537815126,0.4106422422437496
0.008403361344537815,0.3361344537815126,0.4150133435587519
0.01680672268907563,0.3361344537815126,0.4193978628053173
0.025210084033613446,0.3361344537815126,0.4237951457965192
0.03361344537815126,0.3361344537815126,0.42820453036938466
0.04201680672268907,0.3361344537815126,0.4326253467661316
0.05042016806722689,0.3361344537815126,0.4370569180254046
0.058823529411764705,0.3361344537815126,0.44149856038303853
0.06722689075630252,0.3361344537815126,0.44594958368187904
0.07563025210084033,0.3361344537815126,0.4504092917901454
0.08403361344537814,0.3361344537815126,0.45487698302782104
0.09243697478991596,0.3361344537815126,0.45935195060052353
0.10084033613445378,0.3361344537815126,0.46383348304030264
0.1092436974789916,0.3361344537815126,0.46832086465278433
0.11764705882352941,0.3361344537815126,0.4728133759700775
0.12605042016806722,0.3361344537815126,0.4773102942088376
0.13445378151260504,0.3361344537815126,0.4818108937328732
0.14285714285714285,0.3361344537815126,0.4863144465196724
0.15126050420168066,0.3361344537815126,0.49082022263020664
0.15966386554621848,0.3361344537815126,0.4953274906813811
0.1680672268907563,0.3361344537815126,0.49983551832047357
0.1764705882352941,0.3361344537815126,0.5043435727009132
0.18487394957983191,0.3361344537815126,0.5088509209587412
0.19327731092436973,0.3361344537815126,0.513356830689094
0.20168067226890757,0.3361344537815126,0.5178605704220558
0.21008403361344538,0.3361344537815126,0.5223614100972166
0.2184873949579832,0.3361344537815126,0.5268586215362884
0.226890756302521,0.3361344537815126,0.5313514789131263
0.23529411764705882,0.3361344537815126,0.5358392592205145
0.24369747899159663,0.3361344537815126,0.5403212427330791
0.25210084033613445,0.3361344537815126,0.544796713465706
0.26050420168067223,0.3361344537815126,0.5492649596268427
0.2689075630252101,0.3361344537815126,0.5537252740660854
0.2773109243697479,0.3361344537815126,0.558176954715457
0.2857142857142857,0.3361344537815126,0.5626193050238035
0.29411764705882354,0.3361344537815126,0.5670516343837478
0.3025210084033613,0.3361344537815126,0.5714732585506572
0.31092436974789917,0.3361344537815126,0.5758835000531035
0.31932773109243695,0.3361344537815126,0.5802816885943047
0.3277310924369748,0.3361344537815126,0.5846671614440723
0.3361344537815126,0.3361344537815126,0.5890392638207924
0.3445378151260504,0.3361344537815126,0.593397349263004
0.3529411764705882,0.3361344537815126,0.5977407799901561
0.36134453781512604,0.3361344537815126,0.6020689272521477
0.36974789915966383,0.3361344537815126,0.6063811716672816
0.37815126050420167,0.3361344537815126,0.6106769035482899
0.38655462184873945,0.3361344537815126,0.6149555232161019
0.3949579831932773,0.3361344537815126,0.6192164413010747
0.40336134453781514,0.3361344537815126,0.6234590790314062
0.4117647058823529,0.3361344537815126,0.6276828685084989
0.42016806722689076,0.3361344537815126,0.6318872529690508
0.42857142857142855,0.3361344537815126,0.6360716870336939
0.4369747899159664,0.3361344537815126,0.640235636942016
0.4453781512605042,0.3361344537815126,0.644378580773827
0.453781512605042,0.3361344537815126,0.6485000086565702
0.4621848739495798,0.3361344537815126,0.6525994229587877
0.47058823529411764,0.3361344537815126,0.6566763384695903
0.4789915966386554,0.3361344537815126,0.6607302825641018
0.48739495798319327,0.3361344537815126,0.6647607953548655
0.49579831932773105,0.3361344537815126,0.6687674298292429
0.5042016806722689,0.3361344537815126,0.6727497519728403
0.5126050420168067,0.3361344537815126,0.6767073408790354
0.5210084033613445,0.3361344537815126,0.6806397888446931
0.5294117647058824,0.3361344537815126,0.6845467014521823
0.5378151260504201,0.3361344537815126,0.6884276976378316
0.5462184873949579,0.3361344537815126,0.6922824097469712
0.5546218487394958,0.3361344537815126,0.696110483575745
0.5630252100840336,0.3361344537815126,0.6999115783998839
0.5714285714285714,0.3361344537815126,0.7036853669906473
0.5798319327731092,0.3361344537815126,0.7074315356181713
0.5882352941176471,0.3361344537815126,0.7111497840424595
0.5966386554621849,0.3361344537815126,0.7148398254922876
0.6050420168067226,0.3361344537815126,0.7185013866322877
0.6134453781512604,0.3361344537815126,0.7221342075185123
0.6218487394957983,0.3361344537815126,0.7257380415427664
0.6302521008403361,0.3361344537815126,0.7293126553660291
0.6386554621848739,0.3361344537815126,0.732857828841293
0.6470588235294117,0.3361344537815126,0.736373354926138
0.6554621848739496,0.3361344537815126,0.7398590395853979
0.6638655462184874,0.3361344537815126,0.7433147016842582
0.6722689075630252,0.3361344537815126,0.7467401728721423
0.680672268907563,0.3361344537815126,0.7501352974577562
0.6890756302521008,0.3361344537815126,0.7534999322756374
0.6974789915966386,0.3361344537815126,0.756833946544606
0.7058823529411764,0.3361344537815126,0.7601372217184584
0.7142857142857143,0.3361344537815126,0.7634096513293078
0.7226890756302521,0.3361344537815126,0.7666511408239278
0.7310924369747899,0.3361344537815126,0.7698616073934764
0.7394957983193277,0.3361344537815126,0.7730409797969929
0.7478991596638656,0.3361344537815126,0.7761891981790174
0.7563025210084033,0.3361344537815126,0.7793062138817257
0.7647058823529411,0.3361344537815126,0.7823919892519394
0.7731092436974789,0.3361344537815126,0.7854464974433787
0.7815126050420168,0.3361344537815126,0.7884697222145265
0.7899159663865546,0.3361344537815126,0.791461657722451
0.7983193277310924,0.3361344537815126,0.7944223083129553
0.8067226890756303,0.3361344537815126,0.7973516883073869
0.8151260504201681,0.3361344537815126,0.8002498217864557
0.8235294117647058,0.3361344537815126,0.8031167423714014
0.8319327731092436,0.3361344537815126,0.805952493002821
0.8403361344537815,0.3361344537815126,0.8087571257175017
0.8487394957983193,0.3361344537815126,0.8115307014235492
0.8571428571428571,0.3361344537815126,0.8142732896741296
0.8655462184873949,0.3361344537815126,0.8169849684401221
0.8739495798319328,0.3361344537815126,0.8196658238819635
0.8823529411764706,0.3361344537815126,0.8223159501209703
0.8907563025210083,0.3361344537815126,0.8249354490104089
0.8991596638655461,0.3361344537815126,0.8275244299065708
0.907563025210084,0.3361344537815126,0.8300830094401113
0.9159663865546218,0.3361344537815126,0.8326113112878889
0.9243697478991596,0.3361344537815126,0.8351094659455436
0.9327731092436974,0.3361344537815126,0.8375776105010379
0.9411764705882353,0.3361344537815126,0.8400158884093686
0.9495798319327731,0.3361344537815126,0.8424244492686648
0.9579831932773109,0.3361344537815126,0.8448034485978595
0.9663865546218487,0.3361344537815126,0.8471530476161224
0.9747899159663865,0.3361344537815126,0.8494734130242352
0.9831932773109243,0.3361344537815126,0.8517647167880696
0.9915966386554621,0.3361344537815126,0.8540271359243314
1.0,0.3361344537815126,0.8562608522887186
0.0,0.3445378151260504,0.41098933347348204
0.008403361344537815,0.3445378151260504,0.4153272378894358
0.01680672268907563,0.3445378151260504,0.41967830504261483
0.025210084033613446,0.3445378151260504,0.42404189545295945
0.03361344537815126,0.3445378151260504,0.42841736193452745
0.04201680672268907,0.3445378151260504,0.43280404996262967
0.05042016806722689,0.3445378151260504,0.43720129805047214
0.058823529411764705,0.3445378151260504,0.44160843813487466
0.06722689075630252,0.3445378151260504,0.4460247959706027
0.07563025210084033,0.3445378151260504,0.4504496915328367
0.08403361344537814,0.3445378151260504,0.4548824394272842
0.09243697478991596,0.3445378151260504,0.45932234930741994
0.10084033613445378,0.3445378151260504,0.46376872629832844
0.1092436974789916,0.3445378151260504,0.46822087142659935
0.11764705882352941,0.3445378151260504,0.47267808205572676
0.12605042016806722,0.3445378151260504,0.4771396523264319
0.13445378151260504,0.3445378151260504,0.4816048736013377
0.14285714285714285,0.3445378151260504,0.48607303491339277
0.15126050420168066,0.3445378151260504,0.49054342341745727
0.15966386554621848,0.3445378151260504,0.49501532484442945
0.1680672268907563,0.3445378151260504,0.49948802395730857
0.1764705882352941,0.3445378151260504,0.5039608050085737
0.18487394957983191,0.3445378151260504,0.5084329521982546
0.19327731092436973,0.3445378151260504,0.5129037501320773
0.20168067226890757,0.3445378151260504,0.5173724842790539
0.21008403361344538,0.3445378151260504,0.5218384414279024
0.2184873949579832,0.3445378151260504,0.5263009101416711
0.226890756302521,0.3445378151260504,0.5307591812099594
0.23529411764705882,0.3445378151260504,0.5352125480981198
0.24369747899159663,0.3445378151260504,0.539660307392841
0.25210084033613445,0.3445378151260504,0.5441017592435238
0.26050420168067223,0.3445378151260504,0.5485362077988507
0.2689075630252101,0.3445378151260504,0.5529629616379977
0.2773109243697479,0.3445378151260504,0.5573813341959077
0.2857142857142857,0.3445378151260504,0.5617906441820898
0.29411764705882354,0.3445378151260504,0.5661902159924094
0.3025210084033613,0.3445378151260504,0.5705793801133512
0.31092436974789917,0.3445378151260504,0.5749574735182567
0.31932773109243695,0.3445378151260504,0.5793238400550556
0.3277310924369748,0.3445378151260504,0.5836778308250269
0.3361344537815126,0.3445378151260504,0.588018804552147
0.3445378151260504,0.3445378151260504,0.5923461279426014
0.3529411764705882,0.3445378151260504,0.5966591760340666
0.36134453781512604,0.3445378151260504,0.6009573325343724
0.36974789915966383,0.3445378151260504,0.6052399901491996
0.37815126050420167,0.3445378151260504,0.6095065508984713
0.38655462184873945,0.3445378151260504,0.6137564264211373
0.3949579831932773,0.3445378151260504,0.6179890382680608
0.40336134453781514,0.3445378151260504,0.622203818182753
0.4117647058823529,0.3445378151260504,0.6264002083697152
0.42016806722689076,0.3445378151260504,0.6305776617501797
0.42857142857142855,0.3445378151260504,0.6347356422050697
0.4369747899159664,0.3445378151260504,0.6388736248050071
0.4453781512605042,0.3445378151260504,0.6429910960272456
0.453781512605042,0.3445378151260504,0.647087553959406
0.4621848739495798,0.3445378151260504,0.6511625084899416
0.47058823529411764,0.3445378151260504,0.6552154814852617
0.4789915966386554,0.3445378151260504,0.6592460069534803
0.48739495798319327,0.3445378151260504,0.6632536311947839
0.49579831932773105,0.3445378151260504,0.667237912938411
0.5042016806722689,0.3445378151260504,0.6711984234663019
0.5126050420168067,0.3445378151260504,0.6751347467234482
0.5210084033613445,0.3445378151260504,0.6790464794150401
0.5294117647058824,0.3445378151260504,0.6829332310905013
0.5378151260504201,0.3445378151260504,0.6867946242145253
0.5462184873949579,0.3445378151260504,0.6906302942252676
0.5546218487394958,0.3445378151260504,0.6944398895798342
0.5630252100840336,0.3445378151260504,0.6982230717872571
0.5714285714285714,0.3445378151260504,0.7019795154291403
0.5798319327731092,0.3445378151260504,0.7057089081681911
0.5882352941176471,0.3445378151260504,0.7094109507448629
0.5966386554621849,0.3445378151260504,0.7130853569623475
0.6050420168067226,0.3445378151260504,0.7167318536601778
0.6134453781512604,0.3445378151260504,0.7203501806766955
0.6218487394957983,0.3445378151260504,0.723940090800684
0.6302521008403361,0.3445378151260504,0.7275013497124332
0.6386554621848739,0.3445378151260504,0.7310337359145633
0.6470588235294117,0.3445378151260504,0.7345370406528959
0.6554621848739496,0.3445378151260504,0.7380110678277031
0.6638655462184874,0.3445378151260504,0.7414556338956629
0.6722689075630252,0.3445378151260504,0.7448705677628473
0.680672268907563,0.3445378151260504,0.7482557106690858
0.6890756302521008,0.3445378151260504,0.7516109160640495
0.6974789915966386,0.3445378151260504,0.7549360494753995
0.7058823529411764,0.3445378151260504,0.7582309883693578
0.7142857142857143,0.3445378151260504,0.7614956220040447
0.7226890756302521,0.3445378151260504,0.7647298512759473
0.7310924369747899,0.3445378151260504,0.7679335885598668
0.7394957983193277,0.3445378151260504,0.7711067575427062
0.7478991596638656,0.3445378151260504,0.7742492930514512
0.7563025210084033,0.3445378151260504,0.7773611408756981
0.7647058823529411,0.3445378151260504,0.7804422575850779
0.7731092436974789,0.3445378151260504,0.7834926103419342
0.7815126050420168,0.3445378151260504,0.7865121767095882
0.7899159663865546,0.3445378151260504,0.7895009444565421
0.7983193277310924,0.3445378151260504,0.7924589113569575
0.8067226890756303,0.3445378151260504,0.795386084987733
0.8151260504201681,0.3445378151260504,0.798282482522522
0.8235294117647058,0.3445378151260504,0.8011481305229978
0.8319327731092436,0.3445378151260504,0.8039830647276908
0.8403361344537815,0.3445378151260504,0.8067873298387053
0.8487394957983193,0.3445378151260504,0.8095609793066081
0.8571428571428571,0.3445378151260504,0.8123040751137983
0.8655462184873949,0.3445378151260504,0.8150166875566321
0.8739495798319328,0.3445378151260504,0.8176988950265834
0.8823529411764706,0.3445378151260504,0.8203507837907237
0.8907563025210083,0.3445378151260504,0.8229724477717579
0.8991596638655461,0.3445378151260504,0.8255639883279012
0.907563025210084,0.3445378151260504,0.8281255140328153
0.9159663865546218,0.3445378151260504,0.8306571404558556
0.9243697478991596,0.3445378151260504,0.8331589899428563
0.9327731092436974,0.3445378151260504,0.8356311913976644
0.9411764705882353,0.3445378151260504,0.8380738800646412
0.9495798319327731,0.3445378151260504,0.8404871973123278
0.9579831932773109,0.3445378151260504,0.842871290418466
0.9663865546218487,0.3445378151260504,0.8452263123565653
0.9747899159663865,0.3445378151260504,0.8475524215841755
0.9831932773109243,0.3445378151260504,0.849849781833049
0.9915966386554621,0.3445378151260504,0.8521185619013341
1.0,0.3445378151260504,0.854358935447952
0.0,0.3529411764705882,0.41133651332010024
0.008403361344537815,0.3529411764705882,0.41564120094792406
0.01680672268907563,0.3529411764705882,0.4199587991652592
0.025210084033613446,0.3529411764705882,0.4242886829871541
0.03361344537815126,0.3529411764705882,0.42863021998575285
0.04201680672268907,0.3529411764705882,0.43298277064373114
0.05042016806722689,0.3529411764705882,0.4373456887167829
0.058823529411764705,0.3529411764705882,0.44171832160473506
0.06722689075630252,0.3529411764705882,0.4461000107308615
0.07563025210084033,0.3529411764705882,0.45049009192893935
0.08403361344537814,0.3529411764705882,0.4548878958375817
0.09243697478991596,0.3529411764705882,0.4592927483013594
0.10084033613445378,0.3529411764705882,0.46370397077821507
0.1092436974789916,0.3529411764705882,0.4681208807526457
0.11764705882352941,0.3529411764705882,0.4725427921541389
0.12605042016806722,0.3529411764705882,0.47696901578031514
0.13445378151260504,0.3529411764705882,0.4813988597242229
0.14285714285714285,0.3529411764705882,0.4858316298052397
0.15126050420168066,0.3529411764705882,0.49026663000299786
0.15966386554621848,0.3529411764705882,0.4947031628937692
0.1680672268907563,0.3529411764705882,0.4991405300887218
0.1764705882352941,0.3529411764705882,0.5035780326734706
0.18487394957983191,0.3529411764705882,0.5080149716483305
0.19327731092436973,0.3529411764705882,0.5124506483686845
0.20168067226890757,0.3529411764705882,0.5168843649848742
0.21008403361344538,0.3529411764705882,0.5213154248810283
0.2184873949579832,0.3529411764705882,0.5257431331122417
0.226890756302521,0.3529411764705882,0.5301667968395243
0.23529411764705882,0.3529411764705882,0.5345857257619365
0.24369747899159663,0.3529411764705882,0.5389992325453529
0.25210084033613445,0.3529411764705882,0.5434066332472772
0.26050420168067223,0.3529411764705882,0.5478072477371644
0.2689075630252101,0.3529411764705882,0.5522004001117046
0.2773109243697479,0.3529411764705882,0.5565854191045324
0.2857142857142857,0.3529411764705882,0.560961638489844
0.29411764705882354,0.3529411764705882,0.5653283974794221
0.3025210084033613,0.3529411764705882,0.5696850411125632
0.31092436974789917,0.3529411764705882,0.5740309206384486
0.31932773109243695,0.3529411764705882,0.5783653938904869
0.3277310924369748,0.3529411764705882,0.5826878256521915
0.3361344537815126,0.3529411764705882,0.5869975880141729
0.3445378151260504,0.3529411764705882,0.5912940607218378
0.3529411764705882,0.3529411764705882,0.5955766315134128
0.36134453781512604,0.3529411764705882,0.5998446964479328
0.36974789915966383,0.3529411764705882,0.6040976602228466
0.37815126050420167,0.3529411764705882,0.6083349364809235
0.38655462184873945,0.3529411764705882,0.6125559481061654
0.3949579831932773,0.3529411764705882,0.6167601275084403
0.40336134453781514,0.3529411764705882,0.620946916896599
0.4117647058823529,0.3529411764705882,0.6251157685398273
0.42016806722689076,0.3529411764705882,0.6292661450170509
0.42857142857142855,0.3529411764705882,0.633397519454186
0.4369747899159664,0.3529411764705882,0.6375093757490996
0.4453781512605042,0.3529411764705882,0.6416012087841283
0.453781512605042,0.3529411764705882,0.6456725246260491
0.4621848739495798,0.3529411764705882,0.6497228407134197
0.47058823529411764,0.3529411764705882,0.6537516860312106
0.4789915966386554,0.3529411764705882,0.6577586012726981
0.48739495798319327,0.3529411764705882,0.6617431389885914
0.49579831932773105,0.3529411764705882,0.6657048637233972
0.5042016806722689,0.3529411764705882,0.669643352139048
0.5126050420168067,0.3529411764705882,0.6735581931258334
0.5210084033613445,0.3529411764705882,0.6774489879007094
0.5294117647058824,0.3529411764705882,0.6813153500930579
0.5378151260504201,0.3529411764705882,0.6851569058180137
0.5462184873949579,0.3529411764705882,0.6889732937374812
0.5546218487394958,0.3529411764705882,0.6927641651089694
0.5630252100840336,0.3529411764705882,0.6965291838224301
0.5714285714285714,0.3529411764705882,0.7002680264252465
0.5798319327731092,0.3529411764705882,0.7039803821355887
0.5882352941176471,0.3529411764705882,0.7076659528443283
0.5966386554621849,0.3529411764705882,0.7113244531057393
0.6050420168067226,0.3529411764705882,0.7149556101172203
0.6134453781512604,0.3529411764705882,0.7185591636882832
0.6218487394957983,0.3529411764705882,0.7221348661990741
0.6302521008403361,0.3529411764705882,0.7256824825486837
0.6386554621848739,0.3529411764705882,0.7292017900935457
0.6470588235294117,0.3529411764705882,0.732692578576196
0.6554621848739496,0.3529411764705882,0.7361546500447002
0.6638655462184874,0.3529411764705882,0.7395878187630569
0.6722689075630252,0.3529411764705882,0.7429919111128751
0.680672268907563,0.3529411764705882,0.746366765486666
0.6890756302521008,0.3529411764705882,0.7497122321730447
0.6974789915966386,0.3529411764705882,0.7530281732342
0.7058823529411764,0.3529411764705882,0.7563144623759346
0.7142857142857143,0.3529411764705882,0.7595709848106236
0.7226890756302521,0.3529411764705882,0.7627976371134313
0.7310924369747899,0.3529411764705882,0.7659943270721041
0.7394957983193277,0.3529411764705882,0.7691609735306962
0.7478991596638656,0.3529411764705882,0.7722975062275513
0.7563025210084033,0.3529411764705882,0.7754038656278802
0.7647058823529411,0.3529411764705882,0.7784800027512718
0.7731092436974789,0.3529411764705882,0.7815258789944608
0.7815126050420168,0.3529411764705882,0.784541465949691
0.7899159663865546,0.3529411764705882,0.7875267452189907
0.7983193277310924,0.3529411764705882,0.7904817082246902
0.8067226890756303,0.3529411764705882,0.7934063560164955
0.8151260504201681,0.3529411764705882,0.796300699075425
0.8235294117647058,0.3529411764705882,0.799164757114935
0.8319327731092436,0.3529411764705882,0.8019985588795115
0.8403361344537815,0.3529411764705882,0.8048021419410447
0.8487394957983193,0.3529411764705882,0.807575552493267
0.8571428571428571,0.3529411764705882,0.8103188451445372
0.8655462184873949,0.3529411764705882,0.8130320827092501
0.8739495798319328,0.3529411764705882,0.8157153359981403
0.8823529411764706,0.3529411764705882,0.818368683607739
0.8907563025210083,0.3529411764705882,0.8209922117092402
0.8991596638655461,0.3529411764705882,0.823586013837022
0.907563025210084,0.3529411764705882,0.8261501906770622
0.9159663865546218,0.3529411764705882,0.8286848498554711
0.9243697478991596,0.3529411764705882,0.8311901057273806
0.9327731092436974,0.3529411764705882,0.8336660791663795
0.9411764705882353,0.3529411764705882,0.8361128973547202
0.9495798319327731,0.3529411764705882,0.8385306935744833
0.9579831932773109,0.3529411764705882,0.8409196069998932
0.9663865546218487,0.3529411764705882,0.8432797824909598
0.9747899159663865,0.3529411764705882,0.8456113703886246
0.9831932773109243,0.3529411764705882,0.8479145263115682
0.9915966386554621,0.3529411764705882,0.850189410954838
1.0,0.3529411764705882,0.8524361898904427
0.0,0.36134453781512604,0.41168378146045354
0.008403361344537815,0.36134453781512604,0.41595523249434135
0.01680672268907563,0.36134453781512604,0.4202393450016083
0.025210084033613446,0.36134453781512604,0.42453550828182507
0.03361344537815126,0.36134453781512604,0.42884310444758267
0.04201680672268907,0.36134453781512604,0.4331615087646361
0.05042016806722689,0.36134453781512604,0.4374900900006511
0.058823529411764705,0.36134453781512604,0.44182821078215634
0.06722689075630252,0.36134453781512604,0.4461752279592928
0.07563025210084033,0.36134453781512604,0.45053049297793113
0.08403361344537814,0.36134453781512604,0.4548933522587118
0.09243697478991596,0.36134453781512604,0.45926314758254777
0.10084033613445378,0.36134453781512604,0.4636392164821229
0.1092436974789916,0.36134453781512604,0.46802089263888746
0.11764705882352941,0.36134453781512604,0.4724075062850649
0.12605042016806722,0.36134453781512604,0.47679838461014923
0.13445378151260504,0.36134453781512604,0.48119285217138125
0.14285714285714285,0.36134453781512604,0.4855902313076691
0.15126050420168066,0.36134453781512604,0.48998984255641687
0.15966386554621848,0.36134453781512604,0.49439100507272393
0.1680672268907563,0.36134453781512604,0.4987930370503968
0.1764705882352941,0.36134453781512604,0.5031952561442325
0.18487394957983191,0.36134453781512604,0.507596979893006
0.19327731092436973,0.36134453781512604,0.5119975261426144
0.20168067226890757,0.36134453781512604,0.5163962134688156
0.21008403361344538,0.36134453781512604,0.5207923615990034
0.2184873949579832,0.36134453781512604,0.525185291832472
0.226890756302521,0.36134453781512604,0.5295743274586089
0.23529411764705882,0.36134453781512604,0.5339587941724823
0.24369747899159663,0.36134453781512604,0.5383380204872658
0.25210084033613445,0.36134453781512604,0.5427113381429864
0.26050420168067223,0.36134453781512604,0.547078082511056
0.2689075630252101,0.36134453781512604,0.5514375929940788
0.2773109243697479,0.36134453781512604,0.555789213420423
0.2857142857142857,0.36134453781512604,0.5601322924330714
0.29411764705882354,0.36134453781512604,0.5644661838722633
0.3025210084033613,0.36134453781512604,0.5687902471514648
0.31092436974789917,0.36134453781512604,0.5731038476262104
0.31932773109243695,0.36134453781512604,0.5774063569553846
0.3277310924369748,0.36134453781512604,0.5816971534545156
0.3361344537815126,0.36134453781512604,0.5859756224406865
0.3445378151260504,0.36134453781512604,0.5902411565686698
0.3529411764705882,0.36134453781512604,0.5944931561579232
0.36134453781512604,0.36134453781512604,0.5987310295100955
0.36974789915966383,0.36134453781512604,0.6029541932167205
0.37815126050420167,0.36134453781512604,0.6071620724567811
0.38655462184873945,0.36134453781512604,0.6113541012838687
0.3949579831932773,0.36134453781512604,0.6155297229026621
0.40336134453781514,0.36134453781512604,0.6196883899344827
0.4117647058823529,0.36134453781512604,0.623829564671714
0.42016806722689076,0.36134453781512604,0.6279527193208653
0.42857142857142855,0.36134453781512604,0.6320573362341222
0.4369747899159664,0.36134453781512604,0.6361429081292059
0.4453781512605042,0.36134453781512604,0.6402089382974256
0.453781512605042,0.36134453781512604,0.6442549407997981
0.4621848739495798,0.36134453781512604,0.6482804406511463
0.47058823529411764,0.36134453781512604,0.6522849739921175
0.4789915966386554,0.36134453781512604,0.656268088249054
0.48739495798319327,0.36134453781512604,0.6602293422817131
0.49579831932773105,0.36134453781512604,0.664168306518809
0.5042016806722689,0.36134453781512604,0.6680845630814074
0.5126050420168067,0.36134453781512604,0.6719777058942008
0.5210084033613445,0.36134453781512604,0.6758473407847188
0.5294117647058824,0.36134453781512604,0.6796930855705485
0.5378151260504201,0.36134453781512604,0.6835145701346583
0.5462184873949579,0.36134453781512604,0.6873114364889328
0.5546218487394958,0.36134453781512604,0.6910833388260452
0.5630252100840336,0.36134453781512604,0.6948299435598184
0.5714285714285714,0.36134453781512604,0.6985509293542218
0.5798319327731092,0.36134453781512604,0.7022459871411914
0.5882352941176471,0.36134453781512604,0.7059148201274601
0.5966386554621849,0.36134453781512604,0.7095571437905892
0.6050420168067226,0.36134453781512604,0.7131726858644396
0.6134453781512604,0.36134453781512604,0.7167611863142935
0.6218487394957983,0.36134453781512604,0.7203223973018719
0.6302521008403361,0.36134453781512604,0.723856083140501
0.6386554621848739,0.36134453781512604,0.7273620202406883
0.6470588235294117,0.36134453781512604,0.7308399970463697
0.6554621848739496,0.36134453781512604,0.7342898139621207
0.6638655462184874,0.36134453781512604,0.7377112832716001
0.6722689075630252,0.36134453781512604,0.7411042290475324
0.680672268907563,0.36134453781512604,0.744468487053515
0.6890756302521008,0.36134453781512604,0.7478039046379665
0.6974789915966386,0.36134453781512604,0.7511103406205077
0.7058823529411764,0.36134453781512604,0.7543876651710965
0.7142857142857143,0.36134453781512604,0.7576357596822337
0.7226890756302521,0.36134453781512604,0.7608545166345428
0.7310924369747899,0.36134453781512604,0.7640438394560539
0.7394957983193277,0.36134453781512604,0.7672036423755025
0.7478991596638656,0.36134453781512604,0.770333850269963
0.7563025210084033,0.36134453781512604,0.7734343985071379
0.7647058823529411,0.36134453781512604,0.776505232782616
0.7731092436974789,0.36134453781512604,0.7795463089524152
0.7815126050420168,0.36134453781512604,0.7825575928611265
0.7899159663865546,0.36134453781512604,0.7855390601659592
0.7983193277310924,0.36134453781512604,0.7884906961570135
0.8067226890756303,0.36134453781512604,0.7914124955740552
0.8151260504201681,0.36134453781512604,0.7943044624201262
0.8235294117647058,0.36134453781512604,0.7971666097722504
0.8319327731092436,0.36134453781512604,0.7999989595895465
0.8403361344537815,0.36134453781512604,0.8028015425190318
0.8487394957983193,0.36134453781512604,0.8055743976993782
0.8571428571428571,0.36134453781512604,0.8083175725629111
0.8655462184873949,0.36134453781512604,0.8110311226361072
0.8739495798319328,0.36134453781512604,0.8137151113388501
0.8823529411764706,0.36134453781512604,0.8163696097827058
0.8907563025210083,0.36134453781512604,0.8189946965684467
0.8991596638655461,0.36134453781512604,0.8215904575830816
0.907563025210084,0.36134453781512604,0.8241569857966079
0.9159663865546218,0.36134453781512604,0.8266943810587133
0.9243697478991596,0.36134453781512604,0.8292027498956521
0.9327731092436974,0.36134453781512604,0.8316822053074865
0.9411764705882353,0.36134453781512604,0.8341328665659071
0.9495798319327731,0.36134453781512604,0.836554859012825
0.9579831932773109,0.36134453781512604,0.838948313859906
0.9663865546218487,0.36134453781512604,0.8413133679892435
0.9747899159663865,0.36134453781512604,0.8436501637553206
0.9831932773109243,0.36134453781512604,0.8459588487884376
0.9915966386554621,0.36134453781512604,0.8482395757997446
1.0,0.36134453781512604,0.8504925023880351
0.0,0.36974789915966383,0.4120311375710451
0.008403361344537815,0.36974789915966383,0.4162693322885933
0.01680672268907563,0.36974789915966383,0.42051994237988977
0.025210084033613446,0.36974789915966383,0.42478237121961976
0.03361344537815126,0.36974789915966383,0.42905601524450115
0.04201680672268907,0.36974789915966383,0.43334026428052724
0.05042016806722689,0.36974789915966383,0.43763450187838476
0.058823529411764705,0.36974789915966383,0.4419381056566724
0.06722689075630252,0.36974789915966383,0.44625044765253297
0.07563025210084033,0.36974789915966383,0.4505708946792904
0.08403361344537814,0.36974789915966383,0.45489880869067356
0.09243697478991596,0.36974789915966383,0.45923354715119186
0.10084033613445378,0.36974789915966383,0.4635744634122132
0.1092436974789916,0.36974789915966383,0.4679209070932901
0.11764705882352941,0.36974789915966383,0.4722722244682518
0.12605042016806722,0.36974789915966383,0.4766277588555928
0.13445378151260504,0.36974789915966383,0.4809868510126579
0.14285714285714285,0.36974789915966383,0.4853488395331261
0.15126050420168066,0.36974789915966383,0.48971306124728875
0.15966386554621848,0.36974789915966383,0.4940788516246035
0.1680672268907563,0.36974789915966383,0.49844554517801465
0.1764705882352941,0.36974789915966383,0.502812475869508
0.18487394957983191,0.36974789915966383,0.5071789775163811
0.19327731092436973,0.36974789915966383,0.5115443841977012
0.20168067226890757,0.36974789915966383,0.5159080306604245
0.21008403361344538,0.36974789915966383,0.5202692527246477
0.2184873949579832,0.36974789915966383,0.5246273876874729
0.226890756302521,0.36974789915966383,0.5289817747249598
0.23529411764705882,0.36974789915966383,0.5333317552916509
0.24369747899159663,0.36974789915966383,0.5376766735171565
0.25210084033613445,0.36974789915966383,0.5420158765992973
0.26050420168067223,0.36974789915966383,0.5463487151933044
0.2689075630252101,0.36974789915966383,0.5506745437965891
0.2773109243697479,0.36974789915966383,0.5549927211286028
0.2857142857142857,0.36974789915966383,0.5593026105053195
0.29411764705882354,0.36974789915966383,0.563603580207886
0.3025210084033613,0.36974789915966383,0.5678950038449911
0.31092436974789917,0.36974789915966383,0.5721762607085267
0.31932773109243695,0.36974789915966383,0.5764467361221248
0.3277310924369748,0.36974789915966383,0.5807058217821699
0.3361344537815126,0.36974789915966383,0.584952916090897
0.3445378151260504,0.36974789915966383,0.5891874244812155
0.3529411764705882,0.36974789915966383,0.5934087597328995
0.36134453781512604,0.36974789915966383,0.5976163422798159
0.36974789915966383,0.36974789915966383,0.6018096005078767
0.37815126050420167,0.36974789915966383,0.6059879710434142
0.38655462184873945,0.36974789915966383,0.6101508990317113
0.3949579831932773,0.36974789915966383,0.6142978384054181
0.40336134453781514,0.36974789915966383,0.6184282521426324
0.4117647058823529,0.36974789915966383,0.6225416125144143
0.42016806722689076,0.36974789915966383,0.6266374013215508
0.42857142857142855,0.36974789915966383,0.6307151101203843
0.4369747899159664,0.36974789915966383,0.6347742404375575
0.4453781512605042,0.36974789915966383,0.6388143039735408
0.453781512605042,0.36974789915966383,0.6428348227948203
0.4621848739495798,0.36974789915966383,0.6468353295146679
0.47058823529411764,0.36974789915966383,0.6508153674624069
0.4789915966386554,0.36974789915966383,0.6547744908411312
0.48739495798319327,0.36974789915966383,0.6587122648738409
0.49579831932773105,0.36974789915966383,0.6626282659379829
0.5042016806722689,0.36974789915966383,0.6665220816884049
0.5126050420168067,0.36974789915966383,0.6703933111687451
0.5210084033613445,0.36974789915966383,0.6742415649113075
0.5294117647058824,0.36974789915966383,0.6780664650254817
0.5378151260504201,0.36974789915966383,0.681867645274783
0.5462184873949579,0.36974789915966383,0.6856447511426248
0.5546218487394958,0.36974789915966383,0.6893974398869132
0.5630252100840336,0.36974789915966383,0.6931253805836224
0.5714285714285714,0.36974789915966383,0.6968282541594638
0.5798319327731092,0.36974789915966383,0.7005057534138397
0.5882352941176471,0.36974789915966383,0.7041575830302252
0.5966386554621849,0.36974789915966383,0.7077834595771866
0.6050420168067226,0.36974789915966383,0.7113831114992294
0.6134453781512604,0.36974789915966383,0.7149562790976761
0.6218487394957983,0.36974789915966383,0.7185027145018128
0.6302521008403361,0.36974789915966383,0.7220221816305205
0.6386554621848739,0.36974789915966383,0.7255144561446448
0.6470588235294117,0.36974789915966383,0.7289793253903507
0.6554621848739496,0.36974789915966383,0.7324165883337149
0.6638655462184874,0.36974789915966383,0.7358260554868357
0.6722689075630252,0.36974789915966383,0.7392075488257152
0.680672268907563,0.36974789915966383,0.7425609017002125
0.6890756302521008,0.36974789915966383,0.7458859587363345
0.6974789915966386,0.36974789915966383,0.7491825757311574
0.7058823529411764,0.36974789915966383,0.752450619540683
0.7142857142857143,0.36974789915966383,0.7556899679609034
0.7226890756302521,0.36974789915966383,0.758900509602391
0.7310924369747899,0.36974789915966383,0.7620821437587032
0.7394957983193277,0.36974789915966383,0.7652347802689023
0.7478991596638656,0.36974789915966383,0.7683583393744963
0.7563025210084033,0.36974789915966383,0.7714527515710967
0.7647058823529411,0.36974789915966383,0.7745179574550978
0.7731092436974789,0.36974789915966383,0.7775539075656708
0.7815126050420168,0.36974789915966383,0.7805605622223761
0.7899159663865546,0.36974789915966383,0.7835378913586831
0.7983193277310924,0.36974789915966383,0.7864858743516941
0.8067226890756303,0.36974789915966383,0.7894044998483585
0.8151260504201681,0.36974789915966383,0.7922937655884656
0.8235294117647058,0.36974789915966383,0.7951536782246883
0.8319327731092436,0.36974789915966383,0.7979842531399677
0.8403361344537815,0.36974789915966383,0.8007855142625044
0.8487394957983193,0.36974789915966383,0.8035574938786142
0.8571428571428571,0.36974789915966383,0.8063002324437297
0.8655462184873949,0.36974789915966383,0.8090137783917831
0.8739495798319328,0.36974789915966383,0.8116981879432316
0.8823529411764706,0.36974789915966383,0.8143535249119673
0.8907563025210083,0.36974789915966383,0.8169798605113434
0.8991596638655461,0.36974789915966383,0.8195772731595552
0.907563025210084,0.36974789915966383,0.822145848284589
0.9159663865546218,0.36974789915966383,0.8246856781289674
0.9243697478991596,0.36974789915966383,0.8271968615544912
0.9327731092436974,0.36974789915966383,0.8296795038471806
0.9411764705882353,0.36974789915966383,0.8321337165226211
0.9495798319327731,0.36974789915966383,0.8345596171318875
0.9579831932773109,0.36974789915966383,0.8369573290682369
0.9663865546218487,0.36974789915966383,0.8393269813747387
0.9747899159663865,0.36974789915966383,0.8416687085530081
0.9831932773109243,0.36974789915966383,0.8439826503732063
0.9915966386554621,0.36974789915966383,0.8462689516854464
1.0,0.36974789915966383,0.848527762232765
0.0,0.37815126050420167,0.4123785813280325
0.008403361344537815,0.37815126050420167,0.4165835000903668
0.01680672268907563,0.37815126050420167,0.42080059112819845
0.025210084033613446,0.37815126050420167,0.42502927168311067
0.03361344537815126,0.37815126050420167,0.4292689523009534
0.04201680672268907,0.37815126050420167,0.43351903714656886
0.05042016806722689,0.37815126050420167,0.437778924326284
0.058823529411764705,0.37815126050420167,0.4420480062178153
0.06722689075630252,0.37815126050420167,0.44632566980721816
0.07563025210084033,0.37815126050420167,0.4506112970324944
0.08403361344537814,0.37815126050420167,0.4549042651334664
0.09243697478991596,0.37815126050420167,0.4592039470074967
0.10084033613445378,0.37815126050420167,0.4635097115706465
0.1092436974789916,0.37815126050420167,0.46782092412381604
0.11764705882352941,0.37815126050420167,0.47213694672344475
0.12605042016806722,0.37815126050420167,0.47645713855629845
0.13445378151260504,0.37815126050420167,0.48078085631788753
0.14285714285714285,0.37815126050420167,0.48510745459404303
0.15126050420168066,0.37815126050420167,0.48943628624517177
0.15966386554621848,0.37815126050420167,0.4937667027927052
0.1680672268907563,0.37815126050420167,0.49809805480725133
0.1764705882352941,0.37815126050420167,0.5024296922979625
0.18487394957983191,0.37815126050420167,0.5067609651026146
0.19327731092436973,0.37815126050420167,0.5110912232779071
0.20168067226890757,0.37815126050420167,0.5154198174894852
0.21008403361344538,0.37815126050420167,0.5197460994011788
0.2184873949579832,0.37815126050420167,0.5240694220629836
0.226890756302521,0.37815126050420167,0.5283891402972594
0.23529411764705882,0.37815126050420167,0.5327046110826892
0.24369747899159663,0.37815126050420167,0.5370151939354955
0.25210084033613445,0.37815126050420167,0.5413202512874409
0.26050420168067223,0.37815126050420167,0.5456191488601418
0.2689075630252101,0.37815126050420167,0.5499112560352373
0.2773109243697479,0.37815126050420167,0.5541959462199464
0.2857142857142857,0.37815126050420167,0.5584725972075861
0.29411764705882354,0.37815126050420167,0.562740591532603
0.3025210084033613,0.37815126050420167,0.5669993168197041
0.31092436974789917,0.37815126050420167,0.571248166126674
0.31932773109243695,0.37815126050420167,0.5754865382804869
0.3277310924369748,0.37815126050420167,0.5797138382063273
0.3361344537815126,0.37815126050420167,0.583929477249156
0.3445378151260504,0.37815126050420167,0.5881328734874645
0.3529411764705882,0.37815126050420167,0.5923234520388903
0.36134453781512604,0.37815126050420167,0.5965006453573667
0.36974789915966383,0.37815126050420167,0.6006638935215122
0.37815126050420167,0.37815126050420167,0.6048126445139684
0.38655462184873945,0.37815126050420167,0.608946354491426
0.3949579831932773,0.37815126050420167,0.6130644880450912
0.40336134453781514,0.37815126050420167,0.6171665184513551
0.4117647058823529,0.37815126050420167,0.6212519279124753
0.42016806722689076,0.37815126050420167,0.6253202077870508
0.42857142857142855,0.37815126050420167,0.6293708588101476
0.4369747899159664,0.37815126050420167,0.6334033913029028
0.4453781512605042,0.37815126050420167,0.6374173253714809
0.453781512605042,0.37815126050420167,0.6414121910952736
0.4621848739495798,0.37815126050420167,0.6453875287042385
0.47058823529411764,0.37815126050420167,0.6493428887453141
0.4789915966386554,0.37815126050420167,0.6532778322378431
0.48739495798319327,0.37815126050420167,0.6571919308179764
0.49579831932773105,0.37815126050420167,0.6610847668720358
0.5042016806722689,0.37815126050420167,0.6649559336588318
0.5126050420168067,0.37815126050420167,0.6688050354209584
0.5210084033613445,0.37815126050420167,0.6726316874851053
0.5294117647058824,0.37815126050420167,0.6764355163514215
0.5378151260504201,0.37815126050420167,0.680216159772023
0.5462184873949579,0.37815126050420167,0.6839732668187105
0.5546218487394958,0.37815126050420167,0.6877064979400066
0.5630252100840336,0.37815126050420167,0.6914155250076313
0.5714285714285714,0.37815126050420167,0.6951000313525385
0.5798319327731092,0.37815126050420167,0.6987597117906601
0.5882352941176471,0.37815126050420167,0.7023942726385202
0.5966386554621849,0.37815126050420167,0.7060034317188824
0.6050420168067226,0.37815126050420167,0.7095869183566228
0.6134453781512604,0.37815126050420167,0.7131444733650085
0.6218487394957983,0.37815126050420167,0.716675849022599
0.6302521008403361,0.37815126050420167,0.7201808090409766
0.6386554621848739,0.37815126050420167,0.7236591285235382
0.6470588235294117,0.37815126050420167,0.727110593915568
0.6554621848739496,0.37815126050420167,0.7305350029458477
0.6638655462184874,0.37815126050420167,0.7339321645600361
0.6722689075630252,0.37815126050420167,0.7373018988460864
0.680672268907563,0.37815126050420167,0.7406440369519546
0.6890756302521008,0.37815126050420167,0.7439584209958573
0.6974789915966386,0.37815126050420167,0.74724490396937
0.7058823529411764,0.37815126050420167,0.750503349633615
0.7142857142857143,0.37815126050420167,0.753733632408834
0.7226890756302521,0.37815126050420167,0.7569356372576195
0.7310924369747899,0.37815126050420167,0.7601092595620822
0.7394957983193277,0.37815126050420167,0.7632544049952475
0.7478991596638656,0.37815126050420167,0.7663709893869544
0.7563025210084033,0.37815126050420167,0.7694589385845505
0.7647058823529411,0.37815126050420167,0.7725181883086631
0.7731092436974789,0.37815126050420167,0.7755486840043243
0.7815126050420168,0.37815126050420167,0.7785503806877461
0.7899159663865546,0.37815126050420167,0.7815232427890046
0.7983193277310924,0.37815126050420167,0.7844672439909388
0.8067226890756303,0.37815126050420167,0.7873823670645085
0.8151260504201681,0.37815126050420167,0.7902686037009061
0.8235294117647058,0.37815126050420167,0.7931259543406821
0.8319327731092436,0.37815126050420167,0.7959544280001457
0.8403361344537815,0.37815126050420167,0.7987540420953064
0.8487394957983193,0.37815126050420167,0.8015248222636127
0.8571428571428571,0.37815126050420167,0.804266802183726
0.8655462184873949,0.37815126050420167,0.8069800233935983
0.8739495798319328,0.37815126050420167,0.8096645351070684
0.8823529411764706,0.37815126050420167,0.8123203940292277
0.8907563025210083,0.37815126050420167,0.8149476641707807
0.8991596638655461,0.37815126050420167,0.8175464166616164
0.907563025210084,0.37815126050420167,0.8201167295638137
0.9159663865546218,0.37815126050420167,0.8226586876842882
0.9243697478991596,0.37815126050420167,0.825172382387281
0.9327731092436974,0.37815126050420167,0.8276579114068908
0.9411764705882353,0.37815126050420167,0.830115378659835
0.9495798319327731,0.37815126050420167,0.8325448940586233
0.9579831932773109,0.37815126050420167,0.8349465733253247
0.9663865546218487,0.37815126050420167,0.8373205378060857
0.9747899159663865,0.37815126050420167,0.8396669142865809
0.9831932773109243,0.37815126050420167,0.8419858348085266
0.9915966386554621,0.37815126050420167,0.8442774364874298
1.0,0.37815126050420167,0.8465418613316995
0.0,0.38655462184873945,0.4127261124072301
0.008403361344537815,0.38655462184873945,0.41689773565913124
0.01680672268907563,0.38655462184873945,0.42108129107449865
0.025210084033613446,0.38655462184873945,0.42527620955479684
0.03361344537815126,0.38655462184873945,0.42948191554134585
0.04201680672268907,0.38655462184873945,0.43369782731790685
0.05042016806722689,0.38655462184873945,0.43792335732064186
0.058823529411764705,0.38655462184873945,0.44215791245511465
0.06722689075630252,0.38655462184873945,0.44640089441998376
0.07563025210084033,0.38655462184873945,0.4506517000370214
0.08403361344537814,0.38655462184873945,0.4549097215870878
0.09243697478991596,0.38655462184873945,0.4591743471516693
0.10084033613445378,0.38655462184873945,0.46344496095958215
0.1092436974789916,0.38655462184873945,0.4677209437384279
0.11764705882352941,0.38655462184873945,0.4720016730703872
0.12605042016806722,0.38655462184873945,0.47628652375191405
0.13445378151260504,0.38655462184873945,0.48057486815689643
0.14285714285714285,0.38655462184873945,0.4848660766028384
0.15126050420168066,0.38655462184873945,0.48915951771961025
0.15966386554621848,0.38655462184873945,0.4934545588203112
0.1680672268907563,0.38655462184873945,0.4977505662737773
0.1764705882352941,0.38655462184873945,0.502046905878277
0.18487394957983191,0.38655462184873945,0.5063429432359217
0.19327731092436973,0.38655462184873945,0.5106380441273204
0.20168067226890757,0.38655462184873945,0.5149315748860126
0.21008403361344538,0.38655462184873945,0.5192229027722062
0.2184873949579832,0.38655462184873945,0.5235113963453558
0.226890756302521,0.38655462184873945,0.52779642583511
0.23529411764705882,0.38655462184873945,0.5320773635101722
0.24369747899159663,0.38655462184873945,0.5363535840446148
0.25210084033613445,0.38655462184873945,0.5406244648811911
0.26050420168067223,0.38655462184873945,0.5448893865912043
0.2689075630252101,0.38655462184873945,0.5491477332304935
0.2773109243697479,0.38655462184873945,0.5533988926911032
0.2857142857142857,0.38655462184873945,0.5576422570482226
0.29411764705882354,0.38655462184873945,0.5618772229019733
0.3025210084033613,0.38655462184873945,0.5661031917136562
0.31092436974789917,0.38655462184873945,0.57031957013606
0.31932773109243695,0.38655462184873945,0.5745257703374597
0.3277310924369748,0.38655462184873945,0.5787212103189415
0.3361344537815126,0.38655462184873945,0.582905314224702
0.3445378151260504,0.38655462184873945,0.5870775126449886
0.3529411764705882,0.38655462184873945,0.5912372429113619
0.36134453781512604,0.38655462184873945,0.5953839493839693
0.36974789915966383,0.38655462184873945,0.5995170837305526
0.37815126050420167,0.38655462184873945,0.6036361051969
0.38655462184873945,0.38655462184873945,0.6077404808685065
0.3949579831932773,0.38655462184873945,0.6118296859231857
0.40336134453781514,0.38655462184873945,0.6159032038744264
0.4117647058823529,0.38655462184873945,0.6199605268052827
0.42016806722689076,0.38655462184873945,0.6240011555926099
0.42857142857142855,0.38655462184873945,0.628024600121492
0.4369747899159664,0.38655462184873945,0.6320303794896893
0.4453781512605042,0.38655462184873945,0.636018022202
0.453781512605042,0.38655462184873945,0.6399870663544002
0.4621848739495798,0.38655462184873945,0.643937059807885
0.47058823529411764,0.38655462184873945,0.6478675603519194
0.4789915966386554,0.38655462184873945,0.6517781358574515
0.48739495798319327,0.38655462184873945,0.6556683644194407
0.49579831932773105,0.38655462184873945,0.6595378344888735
0.5042016806722689,0.38655462184873945,0.6633861449942713
0.5126050420168067,0.38655462184873945,0.6672129054526889
0.5210084033613445,0.38655462184873945,0.6710177360702366
0.5294117647058824,0.38655462184873945,0.6748002678321693
0.5378151260504201,0.38655462184873945,0.6785601425825948
0.5462184873949579,0.38655462184873945,0.6822970130938857
0.5546218487394958,0.38655462184873945,0.6860105431258733
0.5630252100840336,0.38655462184873945,0.6897004074749363
0.5714285714285714,0.38655462184873945,0.6933662920130914
0.5798319327731092,0.38655462184873945,0.6970078937172258
0.5882352941176471,0.38655462184873945,0.7006249206886113
0.5966386554621849,0.38655462184873945,0.7042170921628482
0.6050420168067226,0.38655462184873945,0.7077841385104211
0.6134453781512604,0.38655462184873945,0.7113258012280301
0.6218487394957983,0.38655462184873945,0.7148418329208927
0.6302521008403361,0.38655462184873945,0.7183319972762144
0.6386554621848739,0.38655462184873945,0.7217960690280318
0.6470588235294117,0.38655462184873945,0.7252338339136478
0.6554621848739496,0.38655462184873945,0.7286450886218757
0.6638655462184874,0.38655462184873945,0.7320296407333331
0.6722689075630252,0.38655462184873945,0.7353873086530117
0.680672268907563,0.38655462184873945,0.7387179215353713
0.6890756302521008,0.38655462184873945,0.7420213192022069
0.6974789915966386,0.38655462184873945,0.7452973520535378
0.7058823529411764,0.38655462184873945,0.7485458809717795
0.7142857142857143,0.38655462184873945,0.7517667772194548
0.7226890756302521,0.38655462184873945,0.7549599223307091
0.7310924369747899,0.38655462184873945,0.7581252079968983
0.7394957983193277,0.38655462184873945,0.7612625359465048
0.7478991596638656,0.38655462184873945,0.7643718178196656
0.7563025210084033,0.38655462184873945,0.7674529750375663
0.7647058823529411,0.38655462184873945,0.770505938666977
0.7731092436974789,0.38655462184873945,0.7735306492802018
0.7815126050420168,0.38655462184873945,0.7765270568106938
0.7899159663865546,0.38655462184873945,0.7794951204046207
0.7983193277310924,0.38655462184873945,0.7824348082686313
0.8067226890756303,0.38655462184873945,0.7853460975140877
0.8151260504201681,0.38655462184873945,0.7882289739980248
0.8235294117647058,0.38655462184873945,0.7910834321610898
0.8319327731092436,0.38655462184873945,0.7939094748627126
0.8403361344537815,0.38655462184873945,0.7967071132137643
0.8487394957983193,0.38655462184873945,0.7994763664069343
0.8571428571428571,0.38655462184873945,0.8022172615450802
0.8655462184873949,0.38655462184873945,0.8049298334677734
0.8739495798319328,0.38655462184873945,0.8076141245762812
0.8823529411764706,0.38655462184873945,0.8102701846572045
0.8907563025210083,0.38655462184873945,0.8128980707049921
0.8991596638655461,0.38655462184873945,0.8154978467435486
0.907563025210084,0.38655462184873945,0.81806958364714
0.9159663865546218,0.38655462184873945,0.8206133589608017
0.9243697478991596,0.38655462184873945,0.8231292567204519
0.9327731092436974,0.38655462184873945,0.8256173672728868
0.9411764705882353,0.38655462184873945,0.8280777870958561
0.9495798319327731,0.38655462184873945,0.8305106186183896
0.9579831932773109,0.38655462184873945,0.8329159700415446
0.9663865546218487,0.38655462184873945,0.8352939551597486
0.9747899159663865,0.38655462184873945,0.837644693182884
0.9831932773109243,0.38655462184873945,0.8399683085592764
0.9915966386554621,0.38655462184873945,0.8422649307997261
1.0,0.38655462184873945,0.8445346943027277
0.0,0.3949579831932773,0.4130737304841099
0.008403361344537815,0.3949579831932773,0.41721203875413887
0.01680672268907563,0.3949579831932773,0.4213620420466238
0.025210084033613446,0.3949579831932773,0.4255231847171033
0.03361344537815126,0.3949579831932773,0.4296949048900471
0.04201680672268907,0.3949579831932773,0.4338766347496699
0.05042016806722689,0.3949579831932773,0.43806780083774444
0.058823529411764705,0.3949579831932773,0.4422678243580979
0.06722689075630252,0.3949579831932773,0.44647612148746524
0.07563025210084033,0.3949579831932773,0.450692103692348
0.08403361344537814,0.3949579831932773,0.45491517805153703
0.09243697478991596,0.3949579831932773,0.4591447475839152
0.10084033613445378,0.3949579831932773,0.46338021158118037
0.1092436974789916,0.3949579831932773,0.46762096594508745
0.11764705882352941,0.3949579831932773,0.4718664035288199
0.12605042016806722,0.3949579831932773,0.47611591448208257
0.13445378151260504,0.3949579831932773,0.48036888659950205
0.14285714285714285,0.3949579831932773,0.4846247056719182
0.15126050420168066,0.3949579831932773,0.48888275584013163
0.15966386554621848,0.3949579831932773,0.4931424199506892
0.1680672268907563,0.3949579831932773,0.49740307991325566
0.1764705882352941,0.3949579831932773,0.5016641170591462
0.18487394957983191,0.3949579831932773,0.5059249125005708
0.19327731092436973,0.3949579831932773,0.5101848474901481
0.20168067226890757,0.3949579831932773,0.5144433037802486
0.21008403361344538,0.3949579831932773,0.5186996639817173
0.2184873949579832,0.3949579831932773,0.5229533119215407
0.226890756302521,0.3949579831932773,0.5272036329990155
0.23529411764705882,0.3949579831932773,0.5314500145399793
0.24369747899159663,0.3949579831932773,0.5356918461486763
0.25210084033613445,0.3949579831932773,0.5399285200568271
0.26050420168067223,0.3949579831932773,0.5441594314694798
0.2689075630252101,0.3949579831932773,0.5483839789072334
0.2773109243697479,0.3949579831932773,0.552601564544418
0.2857142857142857,0.3949579831932773,0.5568115945428375
0.29411764705882354,0.3949579831932773,0.5610134793806854
0.3025210084033613,0.3949579831932773,0.565206634176253
0.31092436974789917,0.3949579831932773,0.5693904790060614
0.31932773109243695,0.3949579831932773,0.5735644392170557
0.3277310924369748,0.3949579831932773,0.5777279457325252
0.3361344537815126,0.3949579831932773,0.5818804353514049
0.3445378151260504,0.3949579831932773,0.5860213510406488
0.3529411764705882,0.3949579831932773,0.5901501422203639
0.36134453781512604,0.3949579831932773,0.5942662650414161
0.36974789915966383,0.3949579831932773,0.5983691826552269
0.37815126050420167,0.3949579831932773,0.6024583654755092
0.38655462184873945,0.3949579831932773,0.6065332914316843
0.3949579831932773,0.3949579831932773,0.6105934462137621
0.40336134453781514,0.3949579831932773,0.6146383235084619
0.4117647058823529,0.3949579831932773,0.6186674252263828
0.42016806722689076,0.3949579831932773,0.6226802617200421
0.42857142857142855,0.3949579831932773,0.6266763519926141
0.4369747899159664,0.3949579831932773,0.6306552238972326
0.4453781512605042,0.3949579831932773,0.6346164143267142
0.453781512605042,0.3949579831932773,0.638559469393605
0.4621848739495798,0.3949579831932773,0.6424839446004404
0.47058823529411764,0.3949579831932773,0.6463894050001501
0.4789915966386554,0.3949579831932773,0.6502754253465459
0.48739495798319327,0.3949579831932773,0.6541415902348366
0.49579831932773105,0.3949579831932773,0.6579874942321549
0.5042016806722689,0.3949579831932773,0.6618127419980788
0.5126050420168067,0.3949579831932773,0.6656169483951421
0.5210084033613445,0.3949579831932773,0.6693997385893727
0.5294117647058824,0.3949579831932773,0.6731607481408706
0.5378151260504201,0.3949579831932773,0.6768996230844917
0.5462184873949579,0.3949579831932773,0.6806160200006935
0.5546218487394958,0.3949579831932773,0.6843096060766235
0.5630252100840336,0.3949579831932773,0.6879800591575373
0.5714285714285714,0.3949579831932773,0.6916270677886601
0.5798319327731092,0.3949579831932773,0.6952503312476004
0.5882352941176471,0.3949579831932773,0.6988495595674478
0.5966386554621849,0.3949579831932773,0.7024244735506999
0.6050420168067226,0.3949579831932773,0.7059748047741675
0.6134453781512604,0.3949579831932773,0.7095002955850191
0.6218487394957983,0.3949579831932773,0.7130006990881456
0.6302521008403361,0.3949579831932773,0.7164757791250126
0.6386554621848739,0.3949579831932773,0.7199253102442152
0.6470588235294117,0.3949579831932773,0.7233490776639034
0.6554621848739496,0.3949579831932773,0.7267468772263163
0.6638655462184874,0.3949579831932773,0.7301185153446181
0.6722689075630252,0.3949579831932773,0.7334638089422584
0.680672268907563,0.3949579831932773,0.7367825853851006
0.6890756302521008,0.3949579831932773,0.740074682406521
0.6974789915966386,0.3949579831932773,0.7433399480257441
0.7058823529411764,0.3949579831932773,0.7465782404596327
0.7142857142857143,0.3949579831932773,0.7497894280281834
0.7226890756302521,0.3949579831932773,0.7529733890539829
0.7310924369747899,0.3949579831932773,0.7561300117558581
0.7394957983193277,0.3949579831932773,0.7592591941369856
0.7478991596638656,0.3949579831932773,0.762360843867701
0.7563025210084033,0.3949579831932773,0.7654348781632697
0.7647058823529411,0.3949579831932773,0.7684812236568714
0.7731092436974789,0.3949579831932773,0.7714998162680433
0.7815126050420168,0.3949579831932773,0.7744906010668492
0.7899159663865546,0.3949579831932773,0.7774535321340122
0.7983193277310924,0.3949579831932773,0.7803885724172674
0.8067226890756303,0.3949579831932773,0.7832956935841864
0.8151260504201681,0.3949579831932773,0.786174875871712
0.8235294117647058,0.3949579831932773,0.7890261079326515
0.8319327731092436,0.3949579831932773,0.7918493866793702
0.8403361344537815,0.3949579831932773,0.7946447171249151
0.8487394957983193,0.3949579831932773,0.7974121122218117
0.8571428571428571,0.3949579831932773,0.8001515926987572
0.8655462184873949,0.3949579831932773,0.8028631868954359
0.8739495798319328,0.3949579831932773,0.8055469305956808
0.8823529411764706,0.3949579831932773,0.808202866859196
0.8907563025210083,0.3949579831932773,0.8108310458520509
0.8991596638655461,0.3949579831932773,0.8134315246761543
0.907563025210084,0.3949579831932773,0.816004367197903
0.9159663865546218,0.3949579831932773,0.8185496438762162
0.9243697478991596,0.3949579831932773,0.821067431590123
0.9327731092436974,0.3949579831932773,0.8235578134661103
0.9411764705882353,0.3949579831932773,0.8260208787053951
0.9495798319327731,0.3949579831932773,0.8284567224112964
0.9579831932773109,0.3949579831932773,0.8308654454168811
0.9663865546218487,0.3949579831932773,0.8332471541130361
0.9747899159663865,0.3949579831932773,0.8356019602771244
0.9831932773109243,0.3949579831932773,0.8379299809023779
0.9915966386554621,0.3949579831932773,0.8402313380281612
1.0,0.3949579831932773,0.8425061585712553
0.0,0.40336134453781514,0.4134214352338019
0.008403361344537815,0.40336134453781514,0.41752640913442557
0.01680672268907563,0.40336134453781514,0.42164284387227746
0.025210084033613446,0.40336134453781514,0.4257701970523813
0.03361344537815126,0.40336134453781514,0.42990792027138675
0.04201680672268907,0.40336134453781514,0.434055459396969
0.05042016806722689,0.40336134453781514,0.43821225485387083
0.058823529411764705,0.40336134453781514,0.4423777419162906
0.06722689075630252,0.40336134453781514,0.44655135100629667
0.07563025210084033,0.40336134453781514,0.4507325079979531
0.08403361344537814,0.40336134453781514,0.4549206345268129
0.09243697478991596,0.40336134453781514,0.4591151483044405
0.10084033613445378,0.40336134453781514,0.46331546343760166
0.1092436974789916,0.40336134453781514,0.4675209907517558
0.11764705882352941,0.40336134453781514,0.47173113811848033
0.12605042016806722,0.40336134453781514,0.47594531078644065
0.13445378151260504,0.40336134453781514,0.4801629117155134
0.14285714285714285,0.40336134453781514,0.484383341913675
0.15126050420168066,0.40336134453781514,0.48860600077624744
0.15966386554621848,0.40336134453781514,0.4928302864270906
0.1680672268907563,0.40336134453781514,0.4970555960613414
0.1764705882352941,0.40336134453781514,0.5012813262892758
0.18487394957983191,0.40336134453781514,0.5055068734808785
0.19327731092436973,0.40336134453781514,0.509731634110713
0.20168067226890757,0.40336134453781514,0.5139550051026507
0.21008403361344538,0.40336134453781514,0.5181763841740691
0.2184873949579832,0.40336134453781514,0.5223951701790751
0.226890756302521,0.40336134453781514,0.5266107634503625
0.23529411764705882,0.40336134453781514,0.5308225661392688
0.24369747899159663,0.40336134453781514,0.5350299825536395
0.25210084033613445,0.40336134453781514,0.539232419493089
0.26050420168067223,0.40336134453781514,0.5434292865812564
0.2689075630252101,0.40336134453781514,0.5476199965946746
0.2773109243697479,0.40336134453781514,0.5518039657878527
0.2857142857142857,0.40336134453781514,0.5559806142142019
0.29411764705882354,0.40336134453781514,0.5601493660424427
0.3025210084033613,0.40336134453781514,0.5643096498681147
0.31092436974789917,0.40336134453781514,0.5684608990198591
0.31932773109243695,0.40336134453781514,0.5726025518601163
0.3277310924369748,0.40336134453781514,0.5767340520799284
0.3361344537815126,0.40336134453781514,0.5808548489875099
0.3445378151260504,0.40336134453781514,0.5849643977903002
0.3529411764705882,0.40336134453781514,0.5890621598701968
0.36134453781512604,0.40336134453781514,0.5931476030516903
0.36974789915966383,0.40336134453781514,0.5972202018626449
0.37815126050420167,0.40336134453781514,0.6012794377874617
0.38655462184873945,0.40336134453781514,0.6053247995124056
0.3949579831932773,0.40336134453781514,0.6093557831628547
0.40336134453781514,0.40336134453781514,0.6133718925322863
0.4117647058823529,0.40336134453781514,0.6173726393027972
0.42016806722689076,0.40336134453781514,0.6213575432569841
0.42857142857142855,0.40336134453781514,0.6253261324810325
0.4369747899159664,0.40336134453781514,0.6292779435588609
0.4453781512605042,0.40336134453781514,0.6332125217572022
0.453781512605042,0.40336134453781514,0.6371294212015042
0.4621848739495798,0.40336134453781514,0.6410282050425549
0.47058823529411764,0.40336134453781514,0.6449084456137592
0.4789915966386554,0.40336134453781514,0.6487697245789895
0.48739495798319327,0.40336134453781514,0.6526116330709802
0.49579831932773105,0.40336134453781514,0.656433771820215
0.5042016806722689,0.40336134453781514,0.6602357512743022
0.5126050420168067,0.40336134453781514,0.6640171917078298
0.5210084033613445,0.40336134453781514,0.6677777233227129
0.5294117647058824,0.40336134453781514,0.6715169863390614
0.5378151260504201,0.40336134453781514,0.6752346310766072
0.5462184873949579,0.40336134453781514,0.6789303180267501
0.5546218487394958,0.40336134453781514,0.6826037179152765
0.5630252100840336,0.40336134453781514,0.6862545117558541
0.5714285714285714,0.40336134453781514,0.689882390894373
0.5798319327731092,0.40336134453781514,0.6934870570442555
0.5882352941176471,0.40336134453781514,0.6970682223128422
0.5966386554621849,0.40336134453781514,0.7006256092189819
0.6050420168067226,0.40336134453781514,0.7041589507019756
0.6134453781512604,0.40336134453781514,0.7076679901220108
0.6218487394957983,0.40336134453781514,0.7111524812522472
0.6302521008403361,0.40336134453781514,0.7146121882627274
0.6386554621848739,0.40336134453781514,0.718046885696283
0.6470588235294117,0.40336134453781514,0.721456358436623
0.6554621848739496,0.40336134453781514,0.7248404016687937
0.6638655462184874,0.40336134453781514,0.7281988208322081
0.6722689075630252,0.40336134453781514,0.731531431566456
0.680672268907563,0.40336134453781514,0.7348380596500936
0.6890756302521008,0.40336134453781514,0.7381185409326417
0.6974789915966386,0.40336134453781514,0.7413727212600006
0.7058823529411764,0.40336134453781514,0.7446004563935118
0.7142857142857143,0.40336134453781514,0.7478016119228977
0.7226890756302521,0.40336134453781514,0.7509760631733049
0.7310924369747899,0.40336134453781514,0.7541236951066854
0.7394957983193277,0.40336134453781514,0.757244402217755
0.7478991596638656,0.40336134453781514,0.7603380884247619
0.7563025210084033,0.40336134453781514,0.7634046669553068
0.7647058823529411,0.40336134453781514,0.7664440602274508
0.7731092436974789,0.40336134453781514,0.7694561997263576
0.7815126050420168,0.40336134453781514,0.7724410258766953
0.7899159663865546,0.40336134453781514,0.7753984879110463
0.7983193277310924,0.40336134453781514,0.7783285437345644
0.8067226890756303,0.40336134453781514,0.781231159786102
0.8151260504201681,0.40336134453781514,0.7841063108960572
0.8235294117647058,0.40336134453781514,0.7869539801411565
0.8319327731092436,0.40336134453781514,0.7897741586964127
0.8403361344537815,0.40336134453781514,0.792566845684485
0.8487394957983193,0.40336134453781514,0.7953320480226511
0.8571428571428571,0.40336134453781514,0.7980697802676265
0.8655462184873949,0.40336134453781514,0.8007800644584374
0.8739495798319328,0.40336134453781514,0.8034629299575576
0.8823529411764706,0.40336134453781514,0.8061184132905272
0.8907563025210083,0.40336134453781514,0.8087465579842426
0.8991596638655461,0.40336134453781514,0.8113474144041245
0.907563025210084,0.40336134453781514,0.8139210395903586
0.9159663865546218,0.40336134453781514,0.8164674970933904
0.9243697478991596,0.40336134453781514,0.8189868568088662
0.9327731092436974,0.40336134453781514,0.8214791948121908
0.9411764705882353,0.40336134453781514,0.8239445931928802
0.9495798319327731,0.40336134453781514,0.826383139888879
0.9579831932773109,0.40336134453781514,0.8287949285209922
0.9663865546218487,0.40336134453781514,0.8311800582276087
0.9747899159663865,0.40336134453781514,0.8335386334998456
0.9831932773109243,0.40336134453781514,0.8358707640172732
0.9915966386554621,0.40336134453781514,0.8381765644843578
1.0,0.40336134453781514,0.8404561544677486
0.0,0.4117647058823529,0.4137692263310964
0.008403361344537815,0.4117647058823529,0.4178408465588118
0.01680672268907563,0.4117647058823529,0.42192369637903226
0.025210084033613446,0.4117647058823529,0.42601724644290895
0.03361344537815126,0.4117647058823529,0.4301209616096569
0.04201680672268907,0.4117647058823529,0.43423430121489626
0.05042016806722689,0.4117647058823529,0.4383567193452932
0.058823529411764705,0.4117647058823529,0.44248766511921506
0.06722689075630252,0.4117647058823529,0.44662658297311314
0.07563025210084033,0.4117647058823529,0.45077291295331345
0.08403361344537814,0.4117647058823529,0.4549260910129143
0.09243697478991596,0.4117647058823529,0.4590855493134515
0.10084033613445378,0.4117647058823529,0.463250716531005
0.1092436974789916,0.4117647058823529,0.46742101816639253
0.11764705882352941,0.4117647058823529,0.4715958768591048
0.12605042016806722,0.4117647058823529,0.475774712704621
0.13445378151260504,0.4117647058823529,0.4799569435747293
0.14285714285714285,0.4117647058823529,0.4841419854404897
0.15126050420168066,0.4117647058823529,0.4883292526974522
0.15966386554621848,0.4117647058823529,0.4925181584927499
0.1680672268907563,0.4117647058823529,0.4967081150536799
0.1764705882352941,0.4117647058823529,0.5008985340173794
0.18487394957983191,0.4117647058823529,0.5050888267612101
0.19327731092436973,0.4117647058823529,0.5092784047334478
0.20168067226890757,0.4117647058823529,0.5134666797838884
0.21008403361344538,0.4117647058823529,0.5176530644939785
0.2184873949579832,0.4117647058823529,0.5218369725060679
0.226890756302521,0.4117647058823529,0.5260178188514011
0.23529411764705882,0.4117647058823529,0.5301950202764543
0.24369747899159663,0.4117647058823529,0.5343679955672308
0.25210084033613445,0.4117647058823529,0.5385361658711402
0.26050420168067223,0.4117647058823529,0.5426989550160728
0.2689075630252101,0.4117647058823529,0.5468557898263112
0.2773109243697479,0.4117647058823529,0.5510061004349047
0.2857142857142857,0.4117647058823529,0.5551493205921519
0.29411764705882354,0.4117647058823529,0.5592848879698467
0.3025210084033613,0.4117647058823529,0.5634122444609374
0.31092436974789917,0.4117647058823529,0.5675308364742744
0.31932773109243695,0.4117647058823529,0.5716401152241206
0.3277310924369748,0.4117647058823529,0.5757395370141137
0.3361344537815126,0.4117647058823529,0.5798285635153769
0.3445378151260504,0.4117647058823529,0.5839066620384956
0.3529411764705882,0.4117647058823529,0.5879733057990687
0.36134453781512604,0.4117647058823529,0.5920279741765863
0.36974789915966383,0.4117647058823529,0.5960701529663649
0.37815126050420167,0.4117647058823529,0.6000993346243142
0.38655462184873945,0.4117647058823529,0.6041150185042983
0.3949579831932773,0.4117647058823529,0.6081167110878856
0.40336134453781514,0.4117647058823529,0.6121039262062916
0.4117647058823529,0.4117647058823529,0.616076185254319
0.42016806722689076,0.4117647058823529,0.6200330173961434
0.42857142857142855,0.4117647058823529,0.6239739597627717
0.4369747899159664,0.4117647058823529,0.6278985576410501
0.4453781512605042,0.4117647058823529,0.6318063646540821
0.453781512605042,0.4117647058823529,0.6356969429329549
0.4621848739495798,0.4117647058823529,0.6395698632796811
0.47058823529411764,0.4117647058823529,0.643424705321264
0.4789915966386554,0.4117647058823529,0.6472610576548317
0.48739495798319327,0.4117647058823529,0.6510785179837898
0.49579831932773105,0.4117647058823529,0.6548766932449398
0.5042016806722689,0.4117647058823529,0.6586551997265667
0.5126050420168067,0.4117647058823529,0.6624136631774625
0.5210084033613445,0.4117647058823529,0.6661517189069105
0.5294117647058824,0.4117647058823529,0.6698690118756385
0.5378151260504201,0.4117647058823529,0.673565196777779
0.5462184873949579,0.4117647058823529,0.6772399381138802
0.5546218487394958,0.4117647058823529,0.6808929102550246
0.5630252100840336,0.4117647058823529,0.6845237974981349
0.5714285714285714,0.4117647058823529,0.6881322941125362
0.5798319327731092,0.4117647058823529,0.6917181043778795
0.5882352941176471,0.4117647058823529,0.6952809426135249
0.5966386554621849,0.4117647058823529,0.6988205331995071
0.6050420168067226,0.4117647058823529,0.7023366105892045
0.6134453781512604,0.4117647058823529,0.7058289193138454
0.6218487394957983,0.4117647058823529,0.7092972139790079
0.6302521008403361,0.4117647058823529,0.7127412592532442
0.6386554621848739,0.4117647058823529,0.7161608298490251
0.6470588235294117,0.4117647058823529,0.7195557104961412
0.6554621848739496,0.4117647058823529,0.7229256959077527
0.6638655462184874,0.4117647058823529,0.7262705907392786
0.6722689075630252,0.4117647058823529,0.7295902095402979
0.680672268907563,0.4117647058823529,0.7328843766996729
0.6890756302521008,0.4117647058823529,0.7361529263840871
0.6974789915966386,0.4117647058823529,0.7393957024702028
0.7058823529411764,0.4117647058823529,0.7426125584706575
0.7142857142857143,0.4117647058823529,0.7458033574540945
0.7226890756302521,0.4117647058823529,0.748967971959466
0.7310924369747899,0.4117647058823529,0.7521062839048058
0.7394957983193277,0.4117647058823529,0.7552181844907089
0.7478991596638656,0.4117647058823529,0.7583035740987347
0.7563025210084033,0.4117647058823529,0.7613623621849502
0.7647058823529411,0.4117647058823529,0.7643944671688596
0.7731092436974789,0.4117647058823529,0.7673998163179221
0.7815126050420168,0.4117647058823529,0.7703783456278942
0.7899159663865546,0.4117647058823529,0.7733299996992243
0.7983193277310924,0.4117647058823529,0.7762547316097206
0.8067226890756303,0.4117647058823529,0.7791525027837084
0.8151260504201681,0.4117647058823529,0.7820232828579158
0.8235294117647058,0.4117647058823529,0.7848670495442845
0.8319327731092436,0.4117647058823529,0.7876837884899472
0.8403361344537815,0.4117647058823529,0.7904734931345686
0.8487394957983193,0.4117647058823529,0.7932361645652664
0.8571428571428571,0.4117647058823529,0.7959718113693336
0.8655462184873949,0.4117647058823529,0.7986804494849473
0.8739495798319328,0.4117647058823529,0.8013621020500856
0.8823529411764706,0.4117647058823529,0.8040167992498397
0.8907563025210083,0.4117647058823529,0.8066445781623174
0.8991596638655461,0.4117647058823529,0.8092454826033371
0.907563025210084,0.4117647058823529,0.811819562970085
0.9159663865546218,0.4117647058823529,0.8143668760839262
0.9243697478991596,0.4117647058823529,0.8168874850325473
0.9327731092436974,0.4117647058823529,0.8193814590115936
0.9411764705882353,0.4117647058823529,0.8218488731659824
0.9495798319327731,0.4117647058823529,0.8242898084310386
0.9579831932773109,0.4117647058823529,0.826704351373625
0.9663865546218487,0.4117647058823529,0.8290925940334087
0.9747899159663865,0.4117647058823529,0.831454633764413
0.9831932773109243,0.4117647058823529,0.8337905730770037
0.9915966386554621,0.4117647058823529,0.8361005194804323
1.0,0.4117647058823529,0.8383845853260816
0.0,0.42016806722689076,0.4141171034504442
0.008403361344537815,0.42016806722689076,0.41815535078590227
0.01680672268907563,0.42016806722689076,0.4222045993943325
0.025210084033613446,0.42016806722689076,0.42626433277089143
0.03361344537815126,0.42016806722689076,0.43033402882911137
0.04201680672268907,0.42016806722689076,0.4344131601585281
0.05042016806722689,0.42016806722689076,0.43850119428827605
0.058823529411764705,0.42016806722689076,0.44259759395639314
0.06722689075630252,0.42016806722689076,0.44670181738454795
0.07563025210084033,0.42016806722689076,0.45081331855790674
0.08403361344537814,0.42016806722689076,0.4549315475098393
0.09243697478991596,0.42016806722689076,0.4590559506111542
0.10084033613445378,0.42016806722689076,0.46318597086355034
0.1092436974789916,0.42016806722689076,0.46732104819695663
0.11764705882352941,0.42016806722689076,0.4714606197704264
0.12605042016806722,0.42016806722689076,0.47560412027625026
0.13445378151260504,0.42016806722689076,0.4797509822469408
0.14285714285714285,0.42016806722689076,0.4839006363647276
0.15126050420168066,0.42016806722689076,0.48805251177322384
0.15966386554621848,0.42016806722689076,0.49220603639088484
0.1680672268907563,0.42016806722689076,0.496360637225904
0.1764705882352941,0.42016806722689076,0.5005157406921801
0.18487394957983191,0.42016806722689076,0.5046707729259722
0.19327731092436973,0.42016806722689076,0.5088251601028899
0.20168067226890757,0.42016806722689076,0.5129783287548331
0.21008403361344538,0.42016806722689076,0.5171297060865132
0.2184873949579832,0.42016806722689076,0.521278720291186
0.226890756302521,0.42016806722689076,0.5254248008652268
0.23529411764705882,0.42016806722689076,0.529567378921179
0.24369747899159663,0.42016806722689076,0.5337058874989103
0.25210084033613445,0.42016806722689076,0.5378397618745251
0.26050420168067223,0.42016806722689076,0.5419684398666638
0.2689075630252101,0.42016806722689076,0.5460913621398493
0.2773109243697479,0.42016806722689076,0.550207972504532
0.2857142857142857,0.42016806722689076,0.5543177182134928
0.29411764705882354,0.42016806722689076,0.5584200502542818
0.3025210084033613,0.42016806722689076,0.5625144236373537
0.31092436974789917,0.42016806722689076,0.566600297679605
0.31932773109243695,0.42016806722689076,0.5706771362829899
0.3277310924369748,0.42016806722689076,0.5747444082079289
0.3361344537815126,0.42016806722689076,0.5788015873412214
0.3445378151260504,0.42016806722689076,0.5828481529581849
0.3529411764705882,0.42016806722689076,0.5868835899787597
0.36134453781512604,0.42016806722689076,0.5909073892173202
0.36974789915966383,0.42016806722689076,0.594919047625963
0.37815126050420167,0.42016806722689076,0.5989180685310245
0.38655462184873945,0.42016806722689076,0.602903961862633
0.3949579831932773,0.42016806722689076,0.6068762443770738
0.40336134453781514,0.42016806722689076,0.6108344398717848
0.4117647058823529,0.42016806722689076,0.6147780793928085
0.42016806722689076,0.42016806722689076,0.6187067014345266
0.42857142857142855,0.42016806722689076,0.6226198521315385
0.4369747899159664,0.42016806722689076,0.6265170854425375
0.4453781512605042,0.42016806722689076,0.6303979633260696
0.453781512605042,0.42016806722689076,0.6342620559080623
0.4621848739495798,0.42016806722689076,0.6381089416410274
0.47058823529411764,0.42016806722689076,0.6419382074548641
0.4789915966386554,0.42016806722689076,0.6457494488991883
0.48739495798319327,0.42016806722689076,0.649542270277135
0.49579831932773105,0.42016806722689076,0.6533162847706022
0.5042016806722689,0.42016806722689076,0.6570711145568975
0.5126050420168067,0.42016806722689076,0.6608063909167861
0.5210084033613445,0.42016806722689076,0.6645217543339351
0.5294117647058824,0.42016806722689076,0.6682168545857701
0.5378151260504201,0.42016806722689076,0.6718913508257578
0.5462184873949579,0.42016806722689076,0.6755449116571761
0.5546218487394958,0.42016806722689076,0.6791772151983984
0.5630252100840336,0.42016806722689076,0.6827879491397645
0.5714285714285714,0.42016806722689076,0.6863768107921134
0.5798319327731092,0.42016806722689076,0.6899435071270522
0.5882352941176471,0.42016806722689076,0.6934877548090655
0.5966386554621849,0.42016806722689076,0.6970092802195617
0.6050420168067226,0.42016806722689076,0.7005078194729775
0.6134453781512604,0.42016806722689076,0.7039831184250597
0.6218487394957983,0.42016806722689076,0.7074349326734523
0.6302521008403361,0.42016806722689076,0.7108630275507444
0.6386554621848739,0.42016806722689076,0.7142671781101078
0.6470588235294117,0.42016806722689076,0.7176471691036954
0.6554621848739496,0.42016806722689076,0.7210027949539588
0.6638655462184874,0.42016806722689076,0.7243338597180519
0.6722689075630252,0.42016806722689076,0.727640177045499
0.680672268907563,0.42016806722689076,0.7309215701293118
0.6890756302521008,0.42016806722689076,0.7341778716507301
0.6974789915966386,0.42016806722689076,0.7374089237177942
0.7058823529411764,0.42016806722689076,0.7406145777979266
0.7142857142857143,0.42016806722689076,0.7437946946447367
0.7226890756302521,0.42016806722689076,0.7469491442192402
0.7310924369747899,0.42016806722689076,0.7500778056057006
0.7394957983193277,0.42016806722689076,0.7531805669223077
0.7478991596638656,0.42016806722689076,0.7562573252268848
0.7563025210084033,0.42016806722689076,0.7593079864178583
0.7647058823529411,0.42016806722689076,0.7623324651306779
0.7731092436974789,0.42016806722689076,0.7653306846299156
0.7815126050420168,0.42016806722689076,0.7683025766972548
0.7899159663865546,0.42016806722689076,0.7712480815155676
0.7983193277310924,0.42016806722689076,0.7741671475493136
0.8067226890756303,0.42016806722689076,0.7770597314214555
0.8151260504201681,0.42016806722689076,0.7799257977871029
0.8235294117647058,0.42016806722689076,0.7827653192041035
0.8319327731092436,0.42016806722689076,0.7855782760007749
0.8403361344537815,0.42016806722689076,0.7883646561409899
0.8487394957983193,0.42016806722689076,0.791124455086813
0.8571428571428571,0.42016806722689076,0.7938576756588923
0.8655462184873949,0.42016806722689076,0.7965643278947967
0.8739495798319328,0.42016806722689076,0.7992444289054984
0.8823529411764706,0.42016806722689076,0.8018980027301852
0.8907563025210083,0.42016806722689076,0.8045250801895927
0.8991596638655461,0.42016806722689076,0.807125698738037
0.907563025210084,0.42016806722689076,0.8096999023143289
0.9159663865546218,0.42016806722689076,0.8122477411917406
0.9243697478991596,0.42016806722689076,0.8147692718271979
0.9327731092436974,0.42016806722689076,0.8172645567098665
0.9411764705882353,0.42016806722689076,0.8197336642092837
0.9495798319327731,0.42016806722689076,0.8221766684232087
0.9579831932773109,0.42016806722689076,0.8245936490253258
0.9663865546218487,0.42016806722689076,0.8269846911129648
0.9747899159663865,0.42016806722689076,0.829349885054965
0.9831932773109243,0.42016806722689076,0.8316893263398379
0.9915966386554621,0.42016806722689076,0.8340031154243442
1.0,0.42016806722689076,0.836291357582628
0.0,0.42857142857142855,0.414465066265958
0.008403361344537815,0.42857142857142855,0.41846992157408835
0.01680672268907563,0.42857142857142855,0.4224855527454929
0.025210084033613446,0.42857142857142855,0.42651145591846
0.03361344537815126,0.42857142857142855,0.4305471218539661
0.04201680672268907,0.42857142857142855,0.43459203618292086
0.05042016806722689,0.42857142857142855,0.4386456796590778
0.058823529411764705,0.42857142857142855,0.44270752841734273
0.06722689075630252,0.42857142857142855,0.44677705423723457
0.07563025210084033,0.42857142857142855,0.4508537248112106
0.08403361344537814,0.42857142857142855,0.45493700401758685
0.09243697478991596,0.42857142857142855,0.45902635219775445
0.10084033613445378,0.42857142857142855,0.46312122643739706
0.1092436974789916,0.42857142857142855,0.46722108085140684
0.11764705882352941,0.42857142857142855,0.47132536687217547
0.12605042016806722,0.42857142857142855,0.4754335335409513
0.13445378151260504,0.42857142857142855,0.4795450278019288
0.14285714285714285,0.42857142857142855,0.4836592947987412
0.15126050420168066,0.42857142857142855,0.4877757781730222
0.15966386554621848,0.42857142857142855,0.49189392036469354
0.1680672268907563,0.42857142857142855,0.4960131629136373
0.1764705882352941,0.42857142857142855,0.5001329467624043
0.18487394957983191,0.42857142857142855,0.5042527125596111
0.19327731092436973,0.42857142857142855,0.5083719009636776
0.20168067226890757,0.42857142857142855,0.5124899529465532
0.21008403361344538,0.42857142857142855,0.516606310097079
0.2184873949579832,0.42857142857142855,0.5207204149236411
0.226890756302521,0.42857142857142855,0.5248317111557628
0.23529411764705882,0.42857142857142855,0.5289396440442926
0.24369747899159663,0.42857142857142855,0.533043660659841
0.25210084033613445,0.42857142857142855,0.5371432101891286
0.26050420168067223,0.42857142857142855,0.5412377442289102
0.2689075630252101,0.42857142857142855,0.5453267170771429
0.2773109243697479,0.42857142857142855,0.5494095860210688
0.2857142857142857,0.42857142857142855,0.5534858116219015
0.29411764705882354,0.42857142857142855,0.5575548579957954
0.3025210084033613,0.42857142857142855,0.5616161930907936
0.31092436974789917,0.42857142857142855,0.5656692889594584
0.31932773109243695,0.42857142857142855,0.5697136220268947
0.3277310924369748,0.42857142857142855,0.5737486733538834
0.3361344537815126,0.42857142857142855,0.5777739288948489
0.3445378151260504,0.42857142857142855,0.5817888797504153
0.3529411764705882,0.42857142857142855,0.5857930224142733
0.36134453781512604,0.42857142857142855,0.5897858590141449
0.36974789915966383,0.42857142857142855,0.5937668975465924
0.37815126050420167,0.42857142857142855,0.5977356521054655
0.38655462184873945,0.42857142857142855,0.601691643103782
0.3949579831932773,0.42857142857142855,0.6056343974888299
0.40336134453781514,0.42857142857142855,0.6095634489503298
0.4117647058823529,0.42857142857142855,0.6134783381214688
0.42016806722689076,0.42857142857142855,0.6173786127726607
0.42857142857142855,0.42857142857142855,0.6212638279978764
0.4369747899159664,0.42857142857142855,0.6251335463934181
0.4453781512605042,0.42857142857142855,0.6289873382290206
0.453781512605042,0.42857142857142855,0.6328247816111597
0.4621848739495798,0.42857142857142855,0.6366454626384905
0.47058823529411764,0.42857142857142855,0.6404489755493256
0.4789915966386554,0.42857142857142855,0.6442349228610813
0.48739495798319327,0.42857142857142855,0.6480029155016521
0.49579831932773105,0.42857142857142855,0.6517525729326508
0.5042016806722689,0.42857142857142855,0.6554835232645021
0.5126050420168067,0.42857142857142855,0.6591954033633634
0.5210084033613445,0.42857142857142855,0.6628878589498733
0.5294117647058824,0.42857142857142855,0.6665605446897257
0.5378151260504201,0.42857142857142855,0.6702131242760984
0.5462184873949579,0.42857142857142855,0.673845270503969
0.5546218487394958,0.42857142857142855,0.6774566653363423
0.5630252100840336,0.42857142857142855,0.6810469999624681
0.5714285714285714,0.42857142857142855,0.6846159748480894
0.5798319327731092,0.42857142857142855,0.6881632997778097
0.5882352941176471,0.42857142857142855,0.6916886938896609
0.5966386554621849,0.42857142857142855,0.6951918857019559
0.6050420168067226,0.42857142857142855,0.698672613132551
0.6134453781512604,0.42857142857142855,0.7021306235105995
0.6218487394957983,0.42857142857142855,0.7055656735809479
0.6302521008403361,0.42857142857142855,0.7089775295012788
0.6386554621848739,0.42857142857142855,0.7123659668321491
0.6470588235294117,0.42857142857142855,0.7157307705200683
0.6554621848739496,0.42857142857142855,0.7190717348737543
0.6638655462184874,0.42857142857142855,0.7223886635337421
0.6722689075630252,0.42857142857142855,0.7256813694354866
0.680672268907563,0.42857142857142855,0.7289496747661456
0.6890756302521008,0.42857142857142855,0.7321934109152051
0.6974789915966386,0.42857142857142855,0.7354124184191256
0.7058823529411764,0.42857142857142855,0.738606546900196
0.7142857142857143,0.42857142857142855,0.7417756549997745
0.7226890756302521,0.42857142857142855,0.7449196103061058
0.7310924369747899,0.42857142857142855,0.7480382892769142
0.7394957983193277,0.42857142857142855,0.7511315771569482
0.7478991596638656,0.42857142857142855,0.7541993678906975
0.7563025210084033,0.42857142857142855,0.7572415640304558
0.7647058823529411,0.42857142857142855,0.76025807663994
0.7731092436974789,0.42857142857142855,0.7632488251936714
0.7815126050420168,0.42857142857142855,0.7662137374723039
0.7899159663865546,0.42857142857142855,0.7691527494541056
0.7983193277310924,0.42857142857142855,0.7720658052028064
0.8067226890756303,0.42857142857142855,0.7749528567519851
0.8151260504201681,0.42857142857142855,0.7778138639862223
0.8235294117647058,0.42857142857142855,0.7806487945191936
0.8319327731092436,0.42857142857142855,0.7834576235689132
0.8403361344537815,0.42857142857142855,0.7862403338303202
0.8487394957983193,0.42857142857142855,0.7889969153453881
0.8571428571428571,0.42857142857142855,0.7917273653709678
0.8655462184873949,0.42857142857142855,0.7944316882445304
0.8739495798319328,0.42857142857142855,0.7971098952480045
0.8823529411764706,0.42857142857142855,0.7997620044698973
0.8907563025210083,0.42857142857142855,0.8023880406658537
0.8991596638655461,0.42857142857142855,0.8049880351178582
0.907563025210084,0.42857142857142855,0.8075620254922269
0.9159663865546218,0.42857142857142855,0.8101100556965678
0.9243697478991596,0.42857142857142855,0.812632175735878
0.9327731092436974,0.42857142857142855,0.8151284415679216
0.9411764705882353,0.42857142857142855,0.817598914958063
0.9495798319327731,0.42857142857142855,0.8200436633336924
0.9579831932773109,0.42857142857142855,0.8224627596383972
0.9663865546218487,0.42857142857142855,0.8248562821860245
0.9747899159663865,0.42857142857142855,0.8272243145147634
0.9831932773109243,0.42857142857142855,0.8295669452413955
0.9915966386554621,0.42857142857142855,0.8318842679158263
1.0,0.42857142857142855,0.8341763808760375
0.0,0.4369747899159664,0.4148131144514137
0.008403361344537815,0.4369747899159664,0.41878455868154735
0.01680672268907563,0.4369747899159664,0.42276655625969933
0.025210084033613446,0.4369747899159664,0.42675861576767476
0.03361344537815126,0.4369747899159664,0.4307602406083982
0.04201680672268907,0.4369747899159664,0.4347709292431152
0.05042016806722689,0.4369747899159664,0.43879017543394877
0.058823529411764705,0.4369747899159664,0.44281746849158043
0.06722689075630252,0.4369747899159664,0.4468522935278056
0.07563025210084033,0.4369747899159664,0.45089413171270265
0.08403361344537814,0.4369747899159664,0.4549424605361558
0.09243697478991596,0.4369747899159664,0.45899675407345786
0.10084033613445378,0.4369747899159664,0.4630564832547041
0.1092436974789916,0.4369747899159664,0.4671211161376997
0.11764705882352941,0.4369747899159664,0.4711901181840808
0.12605042016806722,0.4369747899159664,0.4752629525383398
0.13445378151260504,0.4369747899159664,0.4793390803094651
0.14285714285714285,0.4369747899159664,0.4834179608548686
0.15126050420168066,0.4369747899159664,0.48749905206628846
0.15966386554621848,0.4369747899159664,0.49158181065735684
0.1680672268907563,0.4369747899159664,0.4956656924524871
0.1764705882352941,0.4369747899159664,0.4997501526767814
0.18487394957983191,0.4369747899159664,0.5038346462466102
0.19327731092436973,0.4369747899159664,0.5079186280605441
0.20168067226890757,0.4369747899159664,0.512001553290306
0.21008403361344538,0.4369747899159664,0.5160828776714117
0.2184873949579832,0.4369747899159664,0.5201620577931744
0.226890756302521,0.4369747899159664,0.5242385513877391
0.23529411764705882,0.4369747899159664,0.5283118176178259
0.24369747899159663,0.4369747899159664,0.5323813173628553
0.25210084033613445,0.4369747899159664,0.5364465135031337
0.26050420168067223,0.4369747899159664,0.5405068712017872
0.2689075630252101,0.4369747899159664,0.5445618581841292
0.2773109243697479,0.4369747899159664,0.5486109450141496
0.2857142857142857,0.4369747899159664,0.5526536053678288
0.29411764705882354,0.4369747899159664,0.556689316302983
0.3025210084033613,0.4369747899159664,0.5607175585253416
0.31092436974789917,0.4369747899159664,0.564737816650584
0.31932773109243695,0.4369747899159664,0.5687495794620588
0.3277310924369748,0.4369747899159664,0.5727523401639154
0.3361344537815126,0.4369747899159664,0.5767455966293944
0.3445378151260504,0.4369747899159664,0.5807288516440247
0.3529411764705882,0.4369747899159664,0.5847016131434946
0.36134453781512604,0.4369747899159664,0.5886633944459532
0.36974789915966383,0.4369747899159664,0.5926137144785417
0.37815126050420167,0.4369747899159664,0.59655209799793
0.38655462184873945,0.4369747899159664,0.6004780758046654
0.3949579831932773,0.4369747899159664,0.6043911849511531
0.40336134453781514,0.4369747899159664,0.6082909689430775
0.4117647058823529,0.4369747899159664,0.61217697793412
0.42016806722689076,0.4369747899159664,0.6160487689137993
0.42857142857142855,0.4369747899159664,0.6199059058883112
0.4369747899159664,0.4369747899159664,0.6237479600542282
0.4453781512605042,0.4369747899159664,0.6275745099649459
0.453781512605042,0.4369747899159664,0.6313851416897718
0.4621848739495798,0.4369747899159664,0.6351794489655633
0.47058823529411764,0.4369747899159664,0.6389570333408324
0.4789915966386554,0.4369747899159664,0.6427175043122539
0.48739495798319327,0.4369747899159664,0.6464604794535126
0.49579831932773105,0.4369747899159664,0.6501855845364535
0.5042016806722689,0.4369747899159664,0.6538924536444974
0.5126050420168067,0.4369747899159664,0.657580729278303
0.5210084033613445,0.4369747899159664,0.6612500624536647
0.5294117647058824,0.4369747899159664,0.664900112791648
0.5378151260504201,0.4369747899159664,0.6685305486009794
0.5462184873949579,0.4369747899159664,0.6721410469527112
0.5546218487394958,0.4369747899159664,0.6757312937471948
0.5630252100840336,0.4369747899159664,0.6793009837734135
0.5714285714285714,0.4369747899159664,0.6828498207607241
0.5798319327731092,0.4369747899159664,0.6863775174230777
0.5882352941176471,0.4369747899159664,0.6898837954957887
0.5966386554621849,0.4369747899159664,0.6933683857649401
0.6050420168067226,0.4369747899159664,0.6968310280895184
0.6134453781512604,0.4369747899159664,0.7002714714163766
0.6218487394957983,0.4369747899159664,0.7036894737881358
0.6302521008403361,0.4369747899159664,0.7070848023441383
0.6386554621848739,0.4369747899159664,0.7104572333145893
0.6470588235294117,0.4369747899159664,0.7138065520079988
0.6554621848739496,0.4369747899159664,0.7171325527920817
0.6638655462184874,0.4369747899159664,0.7204350390682486
0.6722689075630252,0.4369747899159664,0.7237138232398279
0.680672268907563,0.4369747899159664,0.7269687266742078
0.6890756302521008,0.4369747899159664,0.7301995796590119
0.6974789915966386,0.4369747899159664,0.733406221352517
0.7058823529411764,0.4369747899159664,0.7365884997284461
0.7142857142857143,0.4369747899159664,0.7397462715153336
0.7226890756302521,0.4369747899159664,0.7428794021306264
0.7310924369747899,0.4369747899159664,0.7459877656097003
0.7394957983193277,0.4369747899159664,0.7490712445299784
0.7478991596638656,0.4369747899159664,0.7521297299303285
0.7563025210084033,0.4369747899159664,0.7551631212259237
0.7647058823529411,0.4369747899159664,0.7581713261187625
0.7731092436974789,0.4369747899159664,0.761154260504025
0.7815126050420168,0.4369747899159664,0.7641118483724557
0.7899159663865546,0.4369747899159664,0.7670440217089673
0.7983193277310924,0.4369747899159664,0.7699507203876442
0.8067226890756303,0.4369747899159664,0.7728318920633463
0.8151260504201681,0.4369747899159664,0.7756874920600854
0.8235294117647058,0.4369747899159664,0.7785174832563755
0.8319327731092436,0.4369747899159664,0.7813218359677327
0.8403361344537815,0.4369747899159664,0.7841005278265142
0.8487394957983193,0.4369747899159664,0.7868535436592724
0.8571428571428571,0.4369747899159664,0.7895808753618162
0.8655462184873949,0.4369747899159664,0.7922825217721382
0.8739495798319328,0.4369747899159664,0.7949584885414084
0.8823529411764706,0.4369747899159664,0.7976087880031847
0.8907563025210083,0.4369747899159664,0.8002334390410226
0.8991596638655461,0.4369747899159664,0.8028324669546517
0.907563025210084,0.4369747899159664,0.8054059033248745
0.9159663865546218,0.4369747899159664,0.8079537858773592
0.9243697478991596,0.4369747899159664,0.8104761583454735
0.9327731092436974,0.4369747899159664,0.8129730703323225
0.9411764705882353,0.4369747899159664,0.8154445771721319
0.9495798319327731,0.4369747899159664,0.8178907397911259
0.9579831932773109,0.4369747899159664,0.8203116245680485
0.9663865546218487,0.4369747899159664,0.8227073031944514
0.9747899159663865,0.4369747899159664,0.8250778525348987
0.9831932773109243,0.4369747899159664,0.8274233544872073
0.9915966386554621,0.4369747899159664,0.8297438958428495
1.0,0.4369747899159664,0.8320395681476486
0.0,0.4453781512605042,0.41516124768025203
0.008403361344537815,0.4453781512605042,0.41909926186624386
0.01680672268907563,0.4453781512605042,0.42304760976401035
0.025210084033613446,0.4453781512605042,0.4270058122005218
0.03361344537815126,0.4453781512605042,0.4309733850165492
0.04201680672268907,0.4453781512605042,0.4349498392941332
0.05042016806722689,0.4453781512605042,0.4389346815891332
0.058823529411764705,0.4453781512605042,0.44292741416862097
0.06722689075630252,0.4453781512605042,0.44692753525289414
0.07563025210084033,0.4453781512605042,0.45093453926186033
0.08403361344537814,0.4453781512605042,0.45494791706554516
0.09243697478991596,0.4453781512605042,0.4589671562384712
0.10084033613445378,0.4453781512605042,0.4629917413176303
0.1092436974789916,0.4453781512605042,0.4670211540637935
0.11764705882352941,0.4453781512605042,0.4710548737258686
0.12605042016806722,0.4453781512605042,0.475092377308027
0.13445378151260504,0.4453781512605042,0.47913313983931216
0.14285714285714285,0.4453781512605042,0.48317663464543326
0.15126050420168066,0.4453781512605042,0.48722233362244816
0.15966386554621848,0.4453781512605042,0.4912697075120354
0.1680672268907563,0.4453781512605042,0.49531822617804727
0.1764705882352941,0.4453781512605042,0.4993673588840421
0.18487394957983191,0.4453781512605042,0.5034165745714869
0.19327731092436973,0.4453781512605042,0.5074653421383142
0.20168067226890757,0.4453781512605042,0.5115131307175316
0.21008403361344538,0.4453781512605042,0.5155594099555675
0.2184873949579832,0.4453781512605042,0.5196036502900452
0.226890756302521,0.4453781512605042,0.5236453232266769
0.23529411764705882,0.4453781512605042,0.5276839016149669
0.24369747899159663,0.4453781512605042,0.531718859922425
0.25210084033613445,0.4453781512605042,0.5357496745069816
0.26050420168067223,0.4453781512605042,0.5397758238873106
0.2689075630252101,0.4453781512605042,0.5437967890107648
0.2773109243697479,0.4453781512605042,0.547812053518627
0.2857142857142857,0.4453781512605042,0.5518211040084038
0.29411764705882354,0.4453781512605042,0.5558234302928698
0.3025210084033613,0.4453781512605042,0.5598185256555985
0.31092436974789917,0.4453781512605042,0.5638058871027084
0.31932773109243695,0.4453781512605042,0.5677850156105604
0.3277310924369748,0.4453781512605042,0.5717554163691676
0.3361344537815126,0.4453781512605042,0.5757165990210532
0.3445378151260504,0.4453781512605042,0.5796680778953417
0.3529411764705882,0.4453781512605042,0.5836093722368381
0.36134453781512604,0.4453781512605042,0.5875400064298847
0.36974789915966383,0.4453781512605042,0.5914595102167921
0.37815126050420167,0.4453781512605042,0.5953674189106285
0.38655462184873945,0.4453781512605042,0.5992632736021979
0.3949579831932773,0.4453781512605042,0.6031466213610105
0.40336134453781514,0.4453781512605042,0.6070170154300911
0.4117647058823529,0.4453781512605042,0.6108740154144559
0.42016806722689076,0.4453781512605042,0.614717187463117
0.42857142857142855,0.4453781512605042,0.6185461044444814
0.4369747899159664,0.4453781512605042,0.6223603461150065
0.4453781512605042,0.4453781512605042,0.6261594992810139
0.453781512605042,0.4453781512605042,0.6299431579535519
0.4621848739495798,0.4453781512605042,0.6337109234962095
0.47058823529411764,0.4453781512605042,0.637462404765816
0.4789915966386554,0.4453781512605042,0.641197218245943
0.48739495798319327,0.4453781512605042,0.6449149881731616
0.49579831932773105,0.4453781512605042,0.648615346656003
0.5042016806722689,0.4453781512605042,0.6522979337865936
0.5126050420168067,0.4453781512605042,0.6559623977449268
0.5210084033613445,0.4453781512605042,0.659608394895779
0.5294117647058824,0.4453781512605042,0.6632355898782498
0.5378151260504201,0.4453781512605042,0.6668436556879381
0.5462184873949579,0.4453781512605042,0.6704322737517825
0.5546218487394958,0.4453781512605042,0.6740011339955749
0.5630252100840336,0.4453781512605042,0.6775499349042097
0.5714285714285714,0.4453781512605042,0.6810783835746929
0.5798319327731092,0.4453781512605042,0.6845861957619837
0.5882352941176471,0.4453781512605042,0.6880730959177302
0.5966386554621849,0.4453781512605042,0.691538817221964
0.6050420168067226,0.4453781512605042,0.6949831016078638
0.6134453781512604,0.4453781512605042,0.6984056997796422
0.6218487394957983,0.4453781512605042,0.7018063712236854
0.6302521008403361,0.4453781512605042,0.7051848842130375
0.6386554621848739,0.4453781512605042,0.7085410158053436
0.6470588235294117,0.4453781512605042,0.7118745518343768
0.6554621848739496,0.4453781512605042,0.715185286895271
0.6638655462184874,0.4453781512605042,0.718473024323594
0.6722689075630252,0.4453781512605042,0.7217375761683942
0.680672268907563,0.4453781512605042,0.7249787631593745
0.6890756302521008,0.4453781512605042,0.7281964146683279
0.6974789915966386,0.4453781512605042,0.7313903686649987
0.7058823529411764,0.4453781512605042,0.7345604716675154
0.7142857142857143,0.4453781512605042,0.7377065786875663
0.7226890756302521,0.4453781512605042,0.7408285531704671
0.7310924369747899,0.4453781512605042,0.7439262669303076
0.7394957983193277,0.4453781512605042,0.7469996000803223
0.7478991596638656,0.4453781512605042,0.7500484409586694
0.7563025210084033,0.4453781512605042,0.7530726860497979
0.7647058823529411,0.4453781512605042,0.7560722399015578
0.7731092436974789,0.4453781512605042,0.759047015038247
0.7815126050420168,0.4453781512605042,0.7619969318697634
0.7899159663865546,0.4453781512605042,0.7649219185970377
0.7983193277310924,0.4453781512605042,0.7678219111139324
0.8067226890756303,0.4453781512605042,0.7706968529057747
0.8151260504201681,0.4453781512605042,0.7735466949447038
0.8235294117647058,0.4453781512605042,0.776371395582018
0.8319327731092436,0.4453781512605042,0.7791709204376741
0.8403361344537815,0.4453781512605042,0.7819452422871456
0.8487394957983193,0.4453781512605042,0.7846943409457785
0.8571428571428571,0.4453781512605042,0.7874182031508425
0.8655462184873949,0.4453781512605042,0.7901168224414331
0.8739495798319328,0.4453781512605042,0.7927901990363933
0.8823529411764706,0.4453781512605042,0.7954383397104268
0.8907563025210083,0.4453781512605042,0.7980612576685515
0.8991596638655461,0.4453781512605042,0.8006589724190698
0.907563025210084,0.4453781512605042,0.8032315096451991
0.9159663865546218,0.4453781512605042,0.8057789010755181
0.9243697478991596,0.4453781512605042,0.8083011843533935
0.9327731092436974,0.4453781512605042,0.810798402905511
0.9411764705882353,0.4453781512605042,0.8132706058096743
0.9495798319327731,0.4453781512605042,0.8157178476620051
0.9579831932773109,0.4453781512605042,0.8181401884436782
0.9663865546218487,0.4453781512605042,0.8205376933873335
0.9747899159663865,0.4453781512605042,0.822910432843284
0.9831932773109243,0.4453781512605042,0.8252584821456516
0.9915966386554621,0.4453781512605042,0.8275819214785548
1.0,0.4453781512605042,0.829880835742458
0.0,0.453781512605042,0.4155094656255787
0.008403361344537815,0.453781512605042,0.41941403088593093
0.01680672268907563,0.453781512605042,0.42332871308535525
0.025210084033613446,0.453781512605042,0.42725304509891626
0.03361344537815126,0.453781512605042,0.4311865550025209
0.04201680672268907,0.453781512605042,0.43512876629097963
0.05042016806722689,0.453781512605042,0.4390791981008679
0.058823529411764705,0.453781512605042,0.44303736543797645
0.06722689075630252,0.453781512605042,0.447002779409132
0.07563025210084033,0.453781512605042,0.45097494745816075
0.08403361344537814,0.453781512605042,0.45495337360575355
0.09243697478991596,0.453781512605042,0.458937558693
0.10084033613445378,0.453781512605042,0.46292700062833514
0.1092436974789916,0.453781512605042,0.4669211946376432
0.11764705882352941,0.453781512605042,0.47091963351726224
0.12605042016806722,0.453781512605042,0.474921807889619
0.13445378151260504,0.453781512605042,0.47892720646122205
0.14285714285714285,0.453781512605042,0.4829353162827455
0.15126050420168066,0.453781512605042,0.4869456230109051
0.15966386554621848,0.453781512605042,0.49095761117186903
0.1680672268907563,0.453781512605042,0.49497076442589444
0.1764705882352941,0.453781512605042,0.49898456583291556
0.18487394957983191,0.453781512605042,0.5029984981187876
0.19327731092436973,0.453781512605042,0.5070120439418969
0.20168067226890757,0.453781512605042,0.5110246861598439
0.21008403361344538,0.453781512605042,0.5150359080959109
0.2184873949579832,0.453781512605042,0.5190451938050152
0.226890756302521,0.453781512605042,0.5230520283388678
0.23529411764705882,0.453781512605042,0.527055898010034
0.24369747899159663,0.453781512605042,0.5310562906546268
0.25210084033613445,0.453781512605042,0.5350526958933307
0.26050420168067223,0.453781512605042,0.5390446053904875
0.2689075630252101,0.453781512605042,0.5430315131109582
0.2773109243697479,0.453781512605042,0.5470129155744924
0.2857142857142857,0.453781512605042,0.5509883121073323
0.29411764705882354,0.453781512605042,0.55495720509079
0.3025210084033613,0.453781512605042,0.5589191002065388
0.31092436974789917,0.453781512605042,0.562873506678365
0.31932773109243695,0.453781512605042,0.5668199375101374
0.3277310924369748,0.453781512605042,0.5707579097197504
0.3361344537815126,0.453781512605042,0.5746869445688159
0.3445378151260504,0.453781512605042,0.5786065677878709
0.3529411764705882,0.453781512605042,0.582516309796896
0.36134453781512604,0.453781512605042,0.5864157059209262
0.36974789915966383,0.453781512605042,0.5903042966005618
0.37815126050420167,0.453781512605042,0.5941816275971892
0.38655462184873945,0.453781512605042,0.5980472501927245
0.3949579831932773,0.453781512605042,0.6019007213837199
0.40336134453781514,0.453781512605042,0.6057416040696577
0.4117647058823529,0.453781512605042,0.6095694672352925
0.42016806722689076,0.453781512605042,0.6133838861268929
0.42857142857142855,0.453781512605042,0.6171844424222507
0.4369747899159664,0.453781512605042,0.6209707243943433
0.4453781512605042,0.453781512605042,0.624742327068532
0.453781512605042,0.453781512605042,0.6284988523731957
0.4621848739495798,0.453781512605042,0.6322399092837194
0.47058823529411764,0.453781512605042,0.6359651139597433
0.4789915966386554,0.453781512605042,0.6396740898756201
0.48739495798319327,0.453781512605042,0.6433664679440099
0.49579831932773105,0.453781512605042,0.6470418866325737
0.5042016806722689,0.453781512605042,0.6506999920737202
0.5126050420168067,0.453781512605042,0.6543404381673859
0.5210084033613445,0.453781512605042,0.6579628866768319
0.5294117647058824,0.453781512605042,0.6615670073174417
0.5378151260504201,0.453781512605042,0.6651524778385342
0.5462184873949579,0.453781512605042,0.6687189840981991
0.5546218487394958,0.453781512605042,0.6722662201311732
0.5630252100840336,0.453781512605042,0.6757938882098016
0.5714285714285714,0.453781512605042,0.6793016988981094
0.5798319327731092,0.453781512605042,0.6827893710990464
0.5882352941176471,0.453781512605042,0.6862566320949474
0.5966386554621849,0.453781512605042,0.6897032175812969
0.6050420168067226,0.453781512605042,0.6931288716938486
0.6134453781512604,0.453781512605042,0.6965333470291918
0.6218487394957983,0.453781512605042,0.6999164046588657
0.6302521008403361,0.453781512605042,0.7032778141370903
0.6386554621848739,0.453781512605042,0.7066173535022489
0.6470588235294117,0.453781512605042,0.7099348092722018
0.6554621848739496,0.453781512605042,0.7132299764335711
0.6638655462184874,0.453781512605042,0.7165026584251036
0.6722689075630252,0.453781512605042,0.7197526671152386
0.680672268907563,0.453781512605042,0.7229798227740254
0.6890756302521008,0.453781512605042,0.7261839540395083
0.6974789915966386,0.453781512605042,0.7293648978787342
0.7058823529411764,0.453781512605042,0.7325224995435233
0.7142857142857143,0.453781512605042,0.7356566125211428
0.7226890756302521,0.453781512605042,0.7387670984800571
0.7310924369747899,0.453781512605042,0.7418538272108817
0.7394957983193277,0.453781512605042,0.7449166765627154
0.7478991596638656,0.453781512605042,0.7479555323750143
0.7563025210084033,0.453781512605042,0.7509702884051478
0.7647058823529411,0.453781512605042,0.7539608462518266
0.7731092436974789,0.453781512605042,0.7569271152745457
0.7815126050420168,0.453781512605042,0.7598690125092193
0.7899159663865546,0.453781512605042,0.7627864625801717
0.7983193277310924,0.453781512605042,0.7656793976086494
0.8067226890756303,0.453781512605042,0.7685477571180206
0.8151260504201681,0.453781512605042,0.7713914879358332
0.8235294117647058,0.453781512605042,0.774210544092892
0.8319327731092436,0.453781512605042,0.7770048867195258
0.8403361344537815,0.453781512605042,0.7797744839392045
0.8487394957983193,0.453781512605042,0.7825193107596716
0.8571428571428571,0.453781512605042,0.785239348961759
0.8655462184873949,0.453781512605042,0.7879345869860317
0.8739495798319328,0.453781512605042,0.7906050198174402
0.8823529411764706,0.453781512605042,0.7932506488681199
0.8907563025210083,0.453781512605042,0.7958714818584987
0.8991596638655461,0.453781512605042,0.798467532696871
0.907563025210084,0.453781512605042,0.8010388213575754
0.9159663865546218,0.453781512605042,0.8035853737579356
0.9243697478991596,0.453781512605042,0.8061072216341004
0.9327731092436974,0.453781512605042,0.8086044024159253
0.9411764705882353,0.453781512605042,0.8110769591010397
0.9495798319327731,0.453781512605042,0.8135249401282245
0.9579831932773109,0.453781512605042,0.8159483992502431
0.9663865546218487,0.453781512605042,0.8183473954062472
0.9747899159663865,0.453781512605042,0.820721992593879
0.9831932773109243,0.453781512605042,0.823072259741206
0.9915966386554621,0.453781512605042,0.8253982705785865
1.0,0.453781512605042,0.8277001035105963
0.0,0.4621848739495798,0.4158577679601664
0.008403361344537815,0.4621848739495798,0.41972886549814886
0.01680672268907563,0.4621848739495798,0.4236098660505373
0.025210084033613446,0.4621848739495798,0.4275003143447
0.03361344537815126,0.4621848739495798,0.4313997504903785
0.04201680672268907,0.4621848739495798,0.43530771018864167
0.05042016806722689,0.4621848739495798,0.43922372494538275
0.058823529411764705,0.4621848739495798,0.4431473222891565
0.06722689075630252,0.4621848739495798,0.44707802599315094
0.07563025210084033,0.4621848739495798,0.4510153563010816
0.08403361344537814,0.4621848739495798,0.45495883015677885
0.09243697478991596,0.4621848739495798,0.45890796143725054
0.10084033613445378,0.4621848739495798,0.46286226118897705
0.1092436974789916,0.4621848739495798,0.4668212378672036
0.11764705882352941,0.4621848739495798,0.4707843975779827
0.12605042016806722,0.4621848739495798,0.4747512443227152
0.13445378151260504,0.4621848739495798,0.4787212802449391
0.14285714285714285,0.4621848739495798,0.4826940058790998
0.15126050420168066,0.4621848739495798,0.48666892040104526
0.15966386554621848,0.4621848739495798,0.4906455218799764
0.1680672268907563,0.4621848739495798,0.49462330753158884
0.1764705882352941,0.4621848739495798,0.4986017739721269
0.18487394957983191,0.4621848739495798,0.5025804174730855
0.19327731092436973,0.4621848739495798,0.506558734216282
0.20168067226890757,0.4621848739495798,0.5105362205490254
0.21008403361344538,0.4621848739495798,0.5145123732391068
0.2184873949579832,0.4621848739495798,0.518486689729336
0.226890756302521,0.4621848739495798,0.5224586683913554
0.23529411764705882,0.4621848739495798,0.5264278087784534
0.24369747899159663,0.4621848739495798,0.5303936118771113
0.25210084033613445,0.4621848739495798,0.5343555803570147
0.26050420168067223,0.4621848739495798,0.5383132188192608
0.2689075630252101,0.4621848739495798,0.5422660340425066
0.2773109243697479,0.4621848739495798,0.5462135352267944
0.2857142857142857,0.4621848739495798,0.5501552342348018
0.29411764705882354,0.4621848739495798,0.5540906458302711
0.3025210084033613,0.4621848739495798,0.5580192879133653
0.31092436974789917,0.4621848739495798,0.5619406817527264
0.31932773109243695,0.4621848739495798,0.5658543522139848
0.3277310924369748,0.4621848739495798,0.5697598279845152
0.3361344537815126,0.4621848739495798,0.5736566417941975
0.3445378151260504,0.4621848739495798,0.5775443306319874
0.3529411764705882,0.4621848739495798,0.5814224359580868
0.36134453781512604,0.4621848739495798,0.5852905039115075
0.36974789915966383,0.4621848739495798,0.5891480855128561
0.37815126050420167,0.4621848739495798,0.5929947368621431
0.38655462184873945,0.4621848739495798,0.5968300193314545
0.3949579831932773,0.4621848739495798,0.6006534997523154
0.40336134453781514,0.4621848739495798,0.6044647505975955
0.4117647058823529,0.4621848739495798,0.6082633501578111
0.42016806722689076,0.4621848739495798,0.6120488827116789
0.42857142857142855,0.4621848739495798,0.6158209386908092
0.4369747899159664,0.4621848739495798,0.6195791148384117
0.4453781512605042,0.4621848739495798,0.6233230143619041
0.453781512605042,0.4621848739495798,0.627052247079337
0.4621848739495798,0.4621848739495798,0.6307664295595358
0.47058823529411764,0.4621848739495798,0.634465185255887
0.4789915966386554,0.4621848739495798,0.638148144633701
0.48739495798319327,0.4621848739495798,0.6418149452910947
0.49579831932773105,0.4621848739495798,0.6454652320733323
0.5042016806722689,0.4621848739495798,0.649098657180608
0.5126050420168067,0.4621848739495798,0.6527148802692209
0.5210084033613445,0.4621848739495798,0.656313568546131
0.5294117647058824,0.4621848739495798,0.6598943968568896
0.5378151260504201,0.4621848739495798,0.6634570477669312
0.5462184873949579,0.4621848739495798,0.6670012116362466
0.5546218487394958,0.4621848739495798,0.6705265866874492
0.5630252100840336,0.4621848739495798,0.6740328790672585
0.5714285714285714,0.4621848739495798,0.6775198029014394
0.5798319327731092,0.4621848739495798,0.6809870803432324
0.5882352941176471,0.4621848739495798,0.6844344416153374
0.5966386554621849,0.4621848739495798,0.6878616250454946
0.6050420168067226,0.4621848739495798,0.6912683770957389
0.6134453781512604,0.4621848739495798,0.6946544523853982
0.6218487394957983,0.4621848739495798,0.6980196137079172
0.6302521008403361,0.4621848739495798,0.7013636320415864
0.6386554621848739,0.4621848739495798,0.7046862865542836
0.6470588235294117,0.4621848739495798,0.7079873646023112
0.6554621848739496,0.4621848739495798,0.7112666617234481
0.6638655462184874,0.4621848739495798,0.71452398162432
0.6722689075630252,0.4621848739495798,0.717759136162206
0.680672268907563,0.4621848739495798,0.7209719453214051
0.6890756302521008,0.4621848739495798,0.7241622371842784
0.6974789915966386,0.4621848739495798,0.7273298478971169
0.7058823529411764,0.4621848739495798,0.7304746216309412
0.7142857142857143,0.4621848739495798,0.7335964105373972
0.7226890756302521,0.4621848739495798,0.7366950746998727
0.7310924369747899,0.4621848739495798,0.7397704820799772
0.7394957983193277,0.4621848739495798,0.7428225084595459
0.7478991596638656,0.4621848739495798,0.7458510373783012
0.7563025210084033,0.4621848739495798,0.7488559600673247
0.7647058823529411,0.4621848739495798,0.7518371753785089
0.7731092436974789,0.4621848739495798,0.7547945897101132
0.7815126050420168,0.4621848739495798,0.7577281169286075
0.7899159663865546,0.4621848739495798,0.7606376782869408
0.7983193277310924,0.4621848739495798,0.7635232023393986
0.8067226890756303,0.4621848739495798,0.7663846248532071
0.8151260504201681,0.4621848739495798,0.7692218887170348
0.8235294117647058,0.4621848739495798,0.7720349438465564
0.8319327731092436,0.4621848739495798,0.7748237470872279
0.8403361344537815,0.4621848739495798,0.7775882621144307
0.8487394957983193,0.4621848739495798,0.7803284593311443
0.8571428571428571,0.4621848739495798,0.7830443157632903
0.8655462184873949,0.4621848739495798,0.7857358149529118
0.8739495798319328,0.4621848739495798,0.788402946849332
0.8823529411764706,0.4621848739495798,0.7910457076984375
0.8907563025210083,0.4621848739495798,0.7936640999302463
0.8991596638655461,0.4621848739495798,0.7962581320448897
0.907563025210084,0.4621848739495798,0.7988278184971611
0.9159663865546218,0.4621848739495798,0.8013731795797703
0.9243697478991596,0.4621848739495798,0.803894241305438
0.9327731092436974,0.4621848739495798,0.8063910352879679
0.9411764705882353,0.4621848739495798,0.8088635986224288
0.9495798319327731,0.4621848739495798,0.8113119737645768
0.9579831932773109,0.4621848739495798,0.8137362084096418
0.9663865546218487,0.4621848739495798,0.8161363553706054
0.9747899159663865,0.4621848739495798,0.8185124724560849
0.9831932773109243,0.4621848739495798,0.8208646223479493
0.9915966386554621,0.4621848739495798,0.8231928724787713
1.0,0.4621848739495798,0.8254972949092341
0.0,0.47058823529411764,0.4162061543564546
0.008403361344537815,0.47058823529411764,0.42004376546022865
0.01680672268907563,0.47058823529411764,0.42389106848623154
0.025210084033613446,0.47058823529411764,0.4277476198196435
0.03361344537815126,0.47058823529411764,0.43161297140414945
0.04201680672268907,0.47058823529411764,0.43548667094208937
0.05042016806722689,0.47058823529411764,0.43936826209890073
0.058823529411764705,0.47058823529411764,0.44325728471166875
0.06722689075630252,0.47058823529411764,0.44715327500158186
0.07563025210084033,0.47058823529411764,0.45105576579010004
0.08403361344537814,0.47058823529411764,0.45496428671862066
0.09243697478991596,0.47058823529411764,0.45887836447142877
0.10084033613445378,0.47058823529411764,0.4627975230017146
0.1092436974789916,0.47058823529411764,0.46672128376042915
0.11764705882352941,0.47058823529411764,0.47064916592774736
0.12605042016806722,0.47058823529411764,0.47458068664691117
0.13445378151260504,0.47058823529411764,0.47851536126019606
0.14285714285714285,0.47058823529411764,0.48245270354677683
0.15126050420168066,0.47058823529411764,0.48639222596223436
0.15966386554621848,0.47058823529411764,0.4903334398794547
0.1680672268907563,0.47058823529411764,0.49427585583067185
0.1764705882352941,0.47058823529411764,0.4982189837503965
0.18487394957983191,0.47058823529411764,0.5021623332189771
0.19327731092436973,0.47058823529411764,0.506105413706536
0.20168067226890757,0.47058823529411764,0.5100477348170196
0.21008403361344538,0.47058823529411764,0.5139888065321098
0.2184873949579832,0.47058823529411764,0.5179281394547333
0.226890756302521,0.47058823529411764,0.5218652450519177
0.23529411764705882,0.47058823529411764,0.5257996358967335
0.24369747899159663,0.47058823529411764,0.5297308259090717
0.25210084033613445,0.47058823529411764,0.533658330595001
0.26050420168067223,0.47058823529411764,0.5375816672844592
0.2689075630252101,0.47058823529411764,0.5415003553670292
0.2773109243697479,0.47058823529411764,0.5454139165255585
0.2857142857142857,0.47058823529411764,0.5493218749673819
0.29411764705882354,0.47058823529411764,0.5532237576529122
0.3025210084033613,0.47058823529411764,0.5571190945213718
0.31092436974789917,0.47058823529411764,0.5610074187134327
0.31932773109243695,0.47058823529411764,0.5648882667905588
0.3277310924369748,0.47058823529411764,0.5687611789508166
0.3361344537815126,0.47058823529411764,0.5726256992409666
0.3445378151260504,0.47058823529411764,0.5764813757646249
0.3529411764705882,0.47058823529411764,0.5803277608862952
0.36134453781512604,0.47058823529411764,0.5841644114310993
0.36974789915966383,0.47058823529411764,0.5879908888800074
0.37815126050420167,0.47058823529411764,0.5918067595604147
0.38655462184873945,0.47058823529411764,0.5956115948318854
0.3949579831932773,0.47058823529411764,0.5994049712669121
0.40336134453781514,0.47058823529411764,0.603186470826552
0.4117647058823529,0.47058823529411764,0.606955681030782
0.42016806722689076,0.47058823529411764,0.6107121951234603
0.42857142857142855,0.47058823529411764,0.6144556122317629
0.4369747899159664,0.47058823529411764,0.6181855375199793
0.4453781512605042,0.47058823529411764,0.6219015823375762
0.453781512605042,0.47058823529411764,0.6256033643614145
0.4621848739495798,0.47058823529411764,0.6292905077320544
0.47058823529411764,0.47058823529411764,0.6329626431840565
0.4789915966386554,0.47058823529411764,0.63661940817022
0.48739495798319327,0.47058823529411764,0.6402604469796933
0.49579831932773105,0.47058823529411764,0.6438854108499115
0.5042016806722689,0.47058823529411764,0.6474939580723228
0.5126050420168067,0.47058823529411764,0.6510857540918632
0.5210084033613445,0.47058823529411764,0.6546604716001699
0.5294117647058824,0.47058823529411764,0.6582177906225062
0.5378151260504201,0.47058823529411764,0.6617573985984033
0.5462184873949579,0.47058823529411764,0.6652789904560218
0.5546218487394958,0.47058823529411764,0.6687822686802328
0.5630252100840336,0.47058823529411764,0.672266943374461
0.5714285714285714,0.47058823529411764,0.6757327323162904
0.5798319327731092,0.47058823529411764,0.6791793610068978
0.5882352941176471,0.47058823529411764,0.6826065627143336
0.5966386554621849,0.47058823529411764,0.6860140785107107
0.6050420168067226,0.47058823529411764,0.6894016573033699
0.6134453781512604,0.47058823529411764,0.6927690558600608
0.6218487394957983,0.47058823529411764,0.6961160388282434
0.6302521008403361,0.47058823529411764,0.6994423787485597
0.6386554621848739,0.47058823529411764,0.7027478560625738
0.6470588235294117,0.47058823529411764,0.7060322591148739
0.6554621848739496,0.47058823529411764,0.7092953841496205
0.6638655462184874,0.47058823529411764,0.7125370353016526
0.6722689075630252,0.47058823529411764,0.7157570245822532
0.680672268907563,0.47058823529411764,0.7189551718596845
0.6890756302521008,0.47058823529411764,0.722131304834611
0.6974789915966386,0.47058823529411764,0.7252852590105282
0.7058823529411764,0.47058823529411764,0.7284168776593244
0.7142857142857143,0.47058823529411764,0.7315260117820921
0.7226890756302521,0.47058823529411764,0.7346125200653318
0.7310924369747899,0.47058823529411764,0.7376762688326767
0.7394957983193277,0.47058823529411764,0.7407171319922684
0.7478991596638656,0.47058823529411764,0.7437349909799287
0.7563025210084033,0.47058823529411764,0.746729734698271
0.7647058823529411,0.47058823529411764,0.7497012594518784
0.7731092436974789,0.47058823529411764,0.7526494688787106
0.7815126050420168,0.47058823529411764,0.7555742738778735
0.7899159663865546,0.47058823529411764,0.7584755925338944
0.7983193277310924,0.47058823529411764,0.7613533500376665
0.8067226890756303,0.47058823529411764,0.7642074786041855
0.8151260504201681,0.47058823529411764,0.7670379173872461
0.8235294117647058,0.47058823529411764,0.7698446123912367
0.8319327731092436,0.47058823529411764,0.7726275163801761
0.8403361344537815,0.47058823529411764,0.7753865887841525
0.8487394957983193,0.47058823529411764,0.7781217956032892
0.8571428571428571,0.47058823529411764,0.780833109309407
0.8655462184873949,0.47058823529411764,0.7835205087455036
0.8739495798319328,0.47058823529411764,0.7861839790232116
0.8823529411764706,0.47058823529411764,0.788823511418365
0.8907563025210083,0.47058823529411764,0.791439103264815
0.8991596638655461,0.47058823529411764,0.7940307578466417
0.907563025210084,0.47058823529411764,0.7965984842888839
0.9159663865546218,0.47058823529411764,0.7991422974469292
0.9243697478991596,0.47058823529411764,0.8016622177947006
0.9327731092436974,0.47058823529411764,0.8041582713117521
0.9411764705882353,0.47058823529411764,0.8066304893694217
0.9495798319327731,0.47058823529411764,0.8090789086161433
0.9579831932773109,0.47058823529411764,0.8115035708620604
0.9663865546218487,0.47058823529411764,0.8139045229630444
0.9747899159663865,0.47058823529411764,0.8162818167042385
0.9831932773109243,0.47058823529411764,0.8186355086832452
0.9915966386554621,0.47058823529411764,0.8209656601930578
1.0,0.47058823529411764,0.8232723371048484
0.0,0.4789915966386554,0.4165546244865535
0.008403361344537815,0.4789915966386554,0.42035873052929035
0.01680672268907563,0.4789915966386554,0.4241723202189872
0.025210084033613446,0.4789915966386554,0.42799496140544585
0.03361344537815126,0.4789915966386554,0.4318262176678242
0.04201680672268907,0.4789915966386554,0.43566564850627476
0.05042016806722689,0.4789915966386554,0.43951280953763805
0.058823529411764705,0.4789915966386554,0.4433672526950191
0.06722689075630252,0.4789915966386554,0.44722852643105504
0.07563025210084033,0.4789915966386554,0.45109617592469364
0.08403361344537814,0.4789915966386554,0.45496974329127715
0.09243697478991596,0.4789915966386554,0.4588487677957406
0.10084033613445378,0.4789915966386554,0.4627327860687063
0.1092436974789916,0.4789915966386554,0.46662133232527214
0.11764705882352941,0.4789915966386554,0.47051393858627377
0.12605042016806722,0.4789915966386554,0.4744101349017964
0.13445378151260504,0.4789915966386554,0.4783094495767164
0.14285714285714285,0.4789915966386554,0.482211409398041
0.15126050420168066,0.4789915966386554,0.48611553986381906
0.15966386554621848,0.4789915966386554,0.4900213654133779
0.1680672268907563,0.4789915966386554,0.49392840965866375
0.1764705882352941,0.4789915966386554,0.49783619561643583
0.18487394957983191,0.4789915966386554,0.5017442459410795
0.19327731092436973,0.4789915966386554,0.5056520831577958
0.20168067226890757,0.4789915966386554,0.5095592298959234
0.21008403361344538,0.4789915966386554,0.5134652091221535
0.2184873949579832,0.4789915966386554,0.5173695443733947
0.226890756302521,0.4789915966386554,0.5212717599890465
0.23529411764705882,0.4789915966386554,0.5251713813424405
0.24369747899159663,0.4789915966386554,0.5290679350712091
0.25210084033613445,0.4789915966386554,0.5329609493063504
0.26050420168067223,0.4789915966386554,0.5368499538997448
0.2689075630252101,0.4789915966386554,0.5407344806499027
0.2773109243697479,0.4789915966386554,0.5446140635257073
0.2857142857142857,0.4789915966386554,0.5484882388879233
0.29411764705882354,0.4789915966386554,0.5523565457082663
0.3025210084033613,0.4789915966386554,0.5562185257857937
0.31092436974789917,0.4789915966386554,0.5600737239604259
0.31932773109243695,0.4789915966386554,0.5639216883233735
0.3277310924369748,0.4789915966386554,0.5677619704242796
0.3361344537815126,0.4789915966386554,0.5715941254748751
0.3445378151260504,0.4789915966386554,0.575417712548958
0.3529411764705882,0.4789915966386554,0.5792322947785148
0.36134453781512604,0.4789915966386554,0.5830374395458
0.36974789915966383,0.4789915966386554,0.586832718671214
0.37815126050420167,0.4789915966386554,0.5906177085968007
0.38655462184873945,0.4789915966386554,0.5943919905652247
0.3949579831932773,0.4789915966386554,0.5981551507940642
0.40336134453781514,0.4789915966386554,0.6019067806452896
0.4117647058823529,0.4789915966386554,0.6056464767897858
0.42016806722689076,0.4789915966386554,0.6093738413668023
0.42857142857142855,0.4789915966386554,0.6130884821382017
0.4369747899159664,0.4789915966386554,0.6167900126374097
0.4453781512605042,0.4789915966386554,0.6204780523129568
0.453781512605042,0.4789915966386554,0.6241522266665223
0.4621848739495798,0.4789915966386554,0.6278121673854
0.47058823529411764,0.4789915966386554,0.6314575124693076
0.4789915966386554,0.4789915966386554,0.6350879063514656
0.48739495798319327,0.4789915966386554,0.6387030000139049
0.49579831932773105,0.4789915966386554,0.6423024510969354
0.5042016806722689,0.4789915966386554,0.6458859240027437
0.5126050420168067,0.4789915966386554,0.6494530899930868
0.5210084033613445,0.4789915966386554,0.6530036272810504
0.5294117647058824,0.4789915966386554,0.6565372211168649
0.5378151260504201,0.4789915966386554,0.6600535638677639
0.5462184873949579,0.4789915966386554,0.663552355091886
0.5546218487394958,0.4789915966386554,0.6670333016062298
0.5630252100840336,0.4789915966386554,0.6704961175486747
0.5714285714285714,0.4789915966386554,0.6739405244340948
0.5798319327731092,0.4789915966386554,0.6773662512045899
0.5882352941176471,0.4789915966386554,0.6807730342738738
0.5966386554621849,0.4789915966386554,0.6841606175658678
0.6050420168067226,0.4789915966386554,0.6875287525475435
0.6134453781512604,0.4789915966386554,0.6908771982560824
0.6218487394957983,0.4789915966386554,0.6942057213204064
0.6302521008403361,0.4789915966386554,0.6975140959771516
0.6386554621848739,0.4789915966386554,0.7008021040811729
0.6470588235294117,0.4789915966386554,0.7040695351106429
0.6554621848739496,0.4789915966386554,0.7073161861668457
0.6638655462184874,0.4789915966386554,0.7105418619687526
0.6722689075630252,0.4789915966386554,0.713746374842478
0.680672268907563,0.4789915966386554,0.7169295447057186
0.6890756302521008,0.4789915966386554,0.7200911990472707
0.6974789915966386,0.4789915966386554,0.7232311729017614
0.7058823529411764,0.4789915966386554,0.7263493088196752
0.7142857142857143,0.4789915966386554,0.7294454568328127
0.7226890756302521,0.4789915966386554,0.7325194744153053
0.7310924369747899,0.4789915966386554,0.735571226440292
0.7394957983193277,0.4789915966386554,0.738600585132397
0.7478991596638656,0.4789915966386554,0.741607430016135
0.7563025210084033,0.4789915966386554,0.7445916478603714
0.7647058823529411,0.4789915966386554,0.7475531326189706
0.7731092436974789,0.4789915966386554,0.7504917853677676
0.7815126050420168,0.4789915966386554,0.7534075142379973
0.7899159663865546,0.4789915966386554,0.7563002343463174
0.7983193277310924,0.4789915966386554,0.7591698677215631
0.8067226890756303,0.4789915966386554,0.7620163432283731
0.8151260504201681,0.4789915966386554,0.764839596487818
0.8235294117647058,0.4789915966386554,0.7676395697951764
0.8319327731092436,0.4789915966386554,0.7704162120350008
0.8403361344537815,0.4789915966386554,0.7731694785935961
0.8487394957983193,0.4789915966386554,0.7758993312690643
0.8571428571428571,0.4789915966386554,0.7786057381790433
0.8655462184873949,0.4789915966386554,0.7812886736662784
0.8739495798319328,0.4789915966386554,0.7839481182021604
0.8823529411764706,0.4789915966386554,0.786584058288367
0.8907563025210083,0.4789915966386554,0.789196486356737
0.8991596638655461,0.4789915966386554,0.7917854006675074
0.907563025210084,0.4789915966386554,0.794350805206043
0.9159663865546218,0.4789915966386554,0.7968927095781925
0.9243697478991596,0.4789915966386554,0.799411128904382
0.9327731092436974,0.4789915966386554,0.8019060837125862
0.9411764705882353,0.4789915966386554,0.8043775998302843
0.9495798319327731,0.4789915966386554,0.8068257082755237
0.9579831932773109,0.4789915966386554,0.8092504451472161
0.9663865546218487,0.4789915966386554,0.8116518515147637
0.9747899159663865,0.4789915966386554,0.8140299733071426
0.9831932773109243,0.4789915966386554,0.8163848612015405
0.9915966386554621,0.4789915966386554,0.818716570511658
1.0,0.4789915966386554,0.821025161075784
0.0,0.48739495798319327,0.4169031780222418
0.008403361344537815,0.48739495798319327,0.4206737604622451
0.01680672268907563,0.48739495798319327,0.424453621075227
0.025210084033613446,0.48739495798319327,0.42824233898373465
0.03361344537815126,0.48739495798319327,0.4320394892053556
0.04201680672268907,0.48739495798319327,0.4358446428361328
0.05042016806722689,0.48739495798319327,0.4396573672378036
0.058823529411764705,0.48739495798319327,0.4434772262287108
0.06722689075630252,0.48739495798319327,0.4473037802782014
0.07563025210084033,0.48739495798319327,0.4511365867043395
0.08403361344537814,0.48739495798319327,0.45497519987474777
0.09243697478991596,0.48739495798319327,0.45881917141039225
0.10084033613445378,0.48739495798319327,0.46266805039210934
0.1092436974789916,0.48739495798319327,0.46652138356968587
0.11764705882352941,0.48739495798319327,0.47037871557327454
0.12605042016806722,0.48739495798319327,0.4742395891269544
0.13445378151260504,0.48739495798319327,0.47810354526421367
0.14285714285714285,0.48739495798319327,0.4819701235451433
0.15126050420168066,0.48739495798319327,0.4858388622751251
0.15966386554621848,0.48739495798319327,0.48970929872479685
0.1680672268907563,0.48739495798319327,0.4935809693510642
0.1764705882352941,0.48739495798319327,0.4974534100189475
0.18487394957983191,0.48739495798319327,0.5013261562240269
0.19327731092436973,0.48739495798319327,0.5051987433152647
0.20168067226890757,0.48739495798319327,0.5090707067179798
0.21008403361344538,0.48739495798319327,0.5129415821567407
0.2184873949579832,0.48739495798319327,0.5168109058779558
0.226890756302521,0.48739495798319327,0.5206782148719318
0.23529411764705882,0.48739495798319327,0.5245430470941734
0.24369747899159663,0.48739495798319327,0.5284049416857034
0.25210084033613445,0.48739495798319327,0.532263439192174
0.26050420168067223,0.48739495798319327,0.5361180817815582
0.2689075630252101,0.48739495798319327,0.539968413460196
0.2773109243697479,0.48739495798319327,0.5438139802869774
0.2857142857142857,0.48739495798319327,0.5476543305854629
0.29411764705882354,0.48739495798319327,0.5514890151537181
0.3025210084033613,0.48739495798319327,0.5553175874716697
0.31092436974789917,0.48739495798319327,0.5591396039057721
0.31932773109243695,0.48739495798319327,0.5629546239107992
0.3277310924369748,0.48739495798319327,0.5667622102285647
0.3361344537815126,0.48739495798319327,0.5705619290833808
0.3445378151260504,0.48739495798319327,0.574353350374092
0.3529411764705882,0.48739495798319327,0.5781360478624845
0.36134453781512604,0.48739495798319327,0.5819095993579286
0.36974789915966383,0.48739495798319327,0.5856735868980734
0.37815126050420167,0.48739495798319327,0.5894275969254446
0.38655462184873945,0.48739495798319327,0.5931712204598039
0.3949579831932773,0.48739495798319327,0.5969040532661107
0.40336134453781514,0.48739495798319327,0.6006256960179688
0.4117647058823529,0.48739495798319327,0.6043357544564235
0.42016806722689076,0.48739495798319327,0.6080338395439824
0.42857142857142855,0.48739495798319327,0.6117195676137624
0.4369747899159664,0.48739495798319327,0.615392560513639
0.4453781512605042,0.48739495798319327,0.6190524457453196
0.453781512605042,0.48739495798319327,0.6226988565982341
0.4621848739495798,0.48739495798319327,0.6263314322781776
0.47058823529411764,0.48739495798319327,0.6299498180306143
0.4789915966386554,0.48739495798319327,0.6335536652585897
0.48739495798319327,0.48739495798319327,0.6371426316351917
0.49579831932773105,0.48739495798319327,0.6407163812105001
0.5042016806722689,0.48739495798319327,0.6442745845129977
0.5126050420168067,0.48739495798319327,0.6478169186453935
0.5210084033613445,0.48739495798319327,0.651343067374845
0.5294117647058824,0.48739495798319327,0.6548527212175533
0.5378151260504201,0.48739495798319327,0.6583455775177136
0.5462184873949579,0.48739495798319327,0.6618213405208387
0.5546218487394958,0.48739495798319327,0.6652797214414272
0.5630252100840336,0.48739495798319327,0.6687204385250274
0.5714285714285714,0.48739495798319327,0.6721432171046693
0.5798319327731092,0.48739495798319327,0.675547789651728
0.5882352941176471,0.48739495798319327,0.6789338958212346
0.5966386554621849,0.48739495798319327,0.6823012824916634
0.6050420168067226,0.48739495798319327,0.6856497037992634
0.6134453781512604,0.48739495798319327,0.6889789211669637
0.6218487394957983,0.48739495798319327,0.6922887033279197
0.6302521008403361,0.48739495798319327,0.6955788263437621
0.6386554621848739,0.48739495798319327,0.6988490736176166
0.6470588235294117,0.48739495798319327,0.7020992359019679
0.6554621848739496,0.48739495798319327,0.7053291113014442
0.6638655462184874,0.48739495798319327,0.7085385052706117
0.6722689075630252,0.48739495798319327,0.7117272306068616
0.680672268907563,0.48739495798319327,0.7148951074384863
0.6890756302521008,0.48739495798319327,0.7180419632080415
0.6974789915966386,0.48739495798319327,0.7211676326510913
0.7058823529411764,0.48739495798319327,0.7242719577704427
0.7142857142857143,0.48739495798319327,0.7273547878059827
0.7226890756302521,0.48739495798319327,0.7304159792002202
0.7310924369747899,0.48739495798319327,0.7334553955596512
0.7394957983193277,0.48739495798319327,0.7364729076120664
0.7478991596638656,0.48739495798319327,0.7394683931599114
0.7563025210084033,0.48739495798319327,0.742441737029832
0.7647058823529411,0.48739495798319327,0.7453928310185189
0.7731092436974789,0.48739495798319327,0.7483215738349785
0.7815126050420168,0.48739495798319327,0.7512278710393606
0.7899159663865546,0.48739495798319327,0.7541116349784592
0.7983193277310924,0.48739495798319327,0.7569727847180316
0.8067226890756303,0.48739495798319327,0.759811245972047
0.8151260504201681,0.48739495798319327,0.7626269510290021
0.8235294117647058,0.48739495798319327,0.7654198386754394
0.8319327731092436,0.48739495798319327,0.7681898541167844
0.8403361344537815,0.48739495798319327,0.7709369488956462
0.8487394957983193,0.48739495798319327,0.7736610808076971
0.8571428571428571,0.48739495798319327,0.7763622138152705
0.8655462184873949,0.48739495798319327,0.7790403179588024
0.8739495798319328,0.48739495798319327,0.7816953692662384
0.8823529411764706,0.48739495798319327,0.7843273496605441
0.8907563025210083,0.48739495798319327,0.7869362468654334
0.8991596638655461,0.48739495798319327,0.7895220543094421
0.907563025210084,0.48739495798319327,0.7920847710284747
0.9159663865546218,0.48739495798319327,0.7946244015669331
0.9243697478991596,0.48739495798319327,0.7971409558775651
0.9327731092436974,0.48739495798319327,0.799634449220128
0.9411764705882353,0.48739495798319327,0.802104902058999
0.9495798319327731,0.48739495798319327,0.8045523399598405
0.9579831932773109,0.48739495798319327,0.8069767934854309
0.9663865546218487,0.48739495798319327,0.8093782980907707
0.9747899159663865,0.48739495798319327,0.8117568940175659
0.9831932773109243,0.48739495798319327,0.814112626188205
0.9915966386554621,0.48739495798319327,0.816445544099317
1.0,0.48739495798319327,0.8187557017150174
0.0,0.49579831932773105,0.4172518146349705
0.008403361344537815,0.49579831932773105,0.4209888550157954
0.01680672268907563,0.49579831932773105,0.4247349708812477
0.025210084033613446,0.49579831932773105,0.4284897524360659
0.03361344537815126,0.49579831932773105,0.4322527859406601
0.04201680672268907,0.49579831932773105,0.43602365388658126
0.05042016806722689,0.49579831932773105,0.439801935175599
0.058823529411764705,0.49579831932773105,0.4435872053022453
0.06722689075630252,0.49579831932773105,0.4473790365396506
0.07563025210084033,0.49579831932773105,0.4511769981285149
0.08403361344537814,0.49579831932773105,0.45498065646903074
0.09243697478991596,0.49579831932773105,0.4587895753155889
0.10084033613445378,0.49579831932773105,0.4626033159740833
0.1092436974789916,0.49579831932773105,0.4664214375016217
0.11764705882352941,0.49579831932773105,0.47024349690846035
0.12605042016806722,0.49579831932773105,0.4740690493619635
0.13445378151260504,0.49579831932773105,0.47789764839239207
0.14285714285714285,0.49579831932773105,0.48172884610031647
0.15126050420168066,0.49579831932773105,0.4855621933654571
0.15966386554621848,0.49579831932773105,0.48939724005673724
0.1680672268907563,0.49579831932773105,0.49323353524334995
0.1764705882352941,0.49579831932773105,0.49707062740662256
0.18487394957983191,0.49579831932773105,0.5009080646524666
0.19327731092436973,0.49579831932773105,0.5047453949242069
0.20168067226890757,0.49579831932773105,0.5085821662155722
0.21008403361344538,0.49579831932773105,0.5124179267836341
0.2184873949579832,0.49579831932773105,0.5162522253614857
0.226890756302521,0.49579831932773105,0.520084611370439
0.23529411764705882,0.49579831932773105,0.5239146351315395
0.24369747899159663,0.49579831932773105,0.5277418480761771
0.25210084033613445,0.49579831932773105,0.5315658029555926
0.26050420168067223,0.49579831932773105,0.5353860540490699
0.2689075630252101,0.49579831932773105,0.5392021573706015
0.2773109243697479,0.49579831932773105,0.54301367087384
0.2857142857142857,0.49579831932773105,0.5468201546551194
0.29411764705882354,0.49579831932773105,0.5506211711543664
0.3025210084033613,0.49579831932773105,0.5544162853536936
0.31092436974789917,0.49579831932773105,0.5582050649734948
0.31932773109243695,0.49579831932773105,0.5619870806658618
0.3277310924369748,0.49579831932773105,0.565761906205127
0.3361344537815126,0.49579831932773105,0.5695291186753749
0.3445378151260504,0.49579831932773105,0.5732882986547387
0.3529411764705882,0.49579831932773105,0.5770390303963262
0.36134453781512604,0.49579831932773105,0.5807809020056063
0.36974789915966383,0.49579831932773105,0.5845135056141134
0.37815126050420167,0.49579831932773105,0.588236437549312
0.38655462184873945,0.49579831932773105,0.5919492985004869
0.3949579831932773,0.49579831932773105,0.5956516936805182
0.40336134453781514,0.49579831932773105,0.5993432329834201
0.4117647058823529,0.49579831932773105,0.6030235311375117
0.42016806722689076,0.49579831932773105,0.6066922078541166
0.42857142857142855,0.49579831932773105,0.6103488879716704
0.4369747899159664,0.49579831932773105,0.6139932015951441
0.4453781512605042,0.49579831932773105,0.6176247842306883
0.453781512605042,0.49579831932773105,0.6212432769154089
0.4621848739495798,0.49579831932773105,0.6248483263421921
0.47058823529411764,0.49579831932773105,0.6284395849795161
0.4789915966386554,0.49579831932773105,0.632016711186179
0.48739495798319327,0.49579831932773105,0.6355793693208797
0.49579831932773105,0.49579831932773105,0.6391272298466156
0.5042016806722689,0.49579831932773105,0.6426599694298398
0.5126050420168067,0.49579831932773105,0.6461772710343534
0.5210084033613445,0.49579831932773105,0.6496788240099015
0.5294117647058824,0.49579831932773105,0.6531643241754463
0.5378151260504201,0.49579831932773105,0.6566334738971127
0.5462184873949579,0.49579831932773105,0.6600859821607928
0.5546218487394958,0.49579831932773105,0.6635215646394136
0.5630252100840336,0.49579831932773105,0.6669399437548751
0.5714285714285714,0.49579831932773105,0.6703408487346585
0.5798319327731092,0.49579831932773105,0.673724015663156
0.5882352941176471,0.49579831932773105,0.677089187527712
0.5966386554621849,0.49579831932773105,0.6804361142594328
0.6050420168067226,0.49579831932773105,0.6837645527687982
0.6134453781512604,0.49579831932773105,0.6870742669761128
0.6218487394957983,0.49579831932773105,0.6903650278368585
0.6302521008403361,0.49579831932773105,0.6936366133619893
0.6386554621848739,0.49579831932773105,0.6968888086332491
0.6470588235294117,0.49579831932773105,0.7001214058135602
0.6554621848739496,0.49579831932773105,0.7033342041525624
0.6638655462184874,0.49579831932773105,0.7065270099873832
0.6722689075630252,0.49579831932773105,0.7096996367387027
0.680672268907563,0.49579831932773105,0.7128519049022237
0.6890756302521008,0.49579831932773105,0.7159836420356089
0.6974789915966386,0.49579831932773105,0.7190946827409902
0.7058823529411764,0.49579831932773105,0.7221848686431527
0.7142857142857143,0.49579831932773105,0.7252540483634758
0.7226890756302521,0.49579831932773105,0.728302077489748
0.7310924369747899,0.49579831932773105,0.7313288185419521
0.7394957983193277,0.49579831932773105,0.7343341409341338
0.7478991596638656,0.49579831932773105,0.7373179209324597
0.7563025210084033,0.49579831932773105,0.7402800416095774
0.7647058823529411,0.49579831932773105,0.7432203927953933
0.7731092436974789,0.49579831932773105,0.7461388710243874
0.7815126050420168,0.49579831932773105,0.7490353794795719
0.7899159663865546,0.49579831932773105,0.751909827933222
0.7983193277310924,0.49579831932773105,0.7547621326844981
0.8067226890756303,0.49579831932773105,0.7575922164940682
0.8151260504201681,0.49579831932773105,0.7604000085158719
0.8235294117647058,0.49579831932773105,0.763185444226123
0.8319327731092436,0.49579831932773105,0.7659484653496978
0.8403361344537815,0.49579831932773105,0.7686890197840102
0.8487394957983193,0.49579831932773105,0.7714070615205026
0.8571428571428571,0.49579831932773105,0.7741025505638831
0.8655462184873949,0.49579831932773105,0.7767754528492112
0.8739495798319328,0.49579831932773105,0.779425740156971
0.8823529411764706,0.49579831932773105,0.7820533900262372
0.8907563025210083,0.49579831932773105,0.78465838566606
0.8991596638655461,0.49579831932773105,0.7872407158651857
0.907563025210084,0.49579831932773105,0.7898003749002243
0.9159663865546218,0.49579831932773105,0.792337362442383
0.9243697478991596,0.49579831932773105,0.7948516834628828
0.9327731092436974,0.49579831932773105,0.7973433481371575
0.9411764705882353,0.49579831932773105,0.7998123717479562
0.9495798319327731,0.49579831932773105,0.8022587745874546
0.9579831932773109,0.49579831932773105,0.8046825818584789
0.9663865546218487,0.49579831932773105,0.8070838235749483
0.9747899159663865,0.49579831932773105,0.809462534461633
0.9831932773109243,0.49579831932773105,0.8118187538533432
0.9915966386554621,0.49579831932773105,0.8141525255936227
1.0,0.49579831932773105,0.8164638979330651
0.0,0.5042016806722689,0.4176005339958626
0.008403361344537815,0.5042016806722689,0.4213040139464363
0.01680672268907563,0.5042016806722689,0.4250163694632212
0.025210084033613446,0.5042016806722689,0.4287372016439246
0.03361344537815126,0.5042016806722689,0.43246610779761585
0.04201680672268907,0.5042016806722689,0.4362026816125205
0.05042016806722689,0.5042016806722689,0.43994651332722035
0.058823529411764705,0.5042016806722689,0.4436971899051216
0.06722689075630252,0.5042016806722689,0.4474542952120323
0.07563025210084033,0.5042016806722689,0.4512174101966974
0.08403361344537814,0.5042016806722689,0.45498611307412407
0.09243697478991596,0.5042016806722689,0.4587599795115372
0.10084033613445378,0.5042016806722689,0.4625385828167852
0.1092436974789916,0.5042016806722689,0.46632149412903023
0.11764705882352941,0.5042016806722689,0.4701082826115396
0.12605042016806722,0.5042016806722689,0.4738985156463968
0.13445378151260504,0.5042016806722689,0.4776917590309452
0.14285714285714285,0.5042016806722689,0.48148757717578067
0.15126050420168066,0.5042016806722689,0.4852855333040983
0.15966386554621848,0.5042016806722689,0.48908518965220055
0.1680672268907563,0.5042016806722689,0.4928861076709745
0.1764705882352941,0.5042016806722689,0.49668784822813733
0.18487394957983191,0.5042016806722689,0.5004899718110566
0.19327731092436973,0.5042016806722689,0.5042920387299423
0.20168067226890757,0.5042016806722689,0.5080936093212152
0.21008403361344538,0.5042016806722689,0.5118942441508464
0.2184873949579832,0.5042016806722689,0.5156935042174737
0.226890756302521,0.5042016806722689,0.5194909511550946
0.23529411764705882,0.5042016806722689,0.5232861474351281
0.24369747899159663,0.5042016806722689,0.5270786565676656
0.25210084033613445,0.5042016806722689,0.5308680433016967
0.26050420168067223,0.5042016806722689,0.5346538738241229
0.2689075630252101,0.5042016806722689,0.5384357159573739
0.2773109243697479,0.5042016806722689,0.5422131393554172
0.2857142857142857,0.5042016806722689,0.5459857156979979
0.29411764705882354,0.5042016806722689,0.5497530188829003
0.3025210084033613,0.5042016806722689,0.553514625216069
0.31092436974789917,0.5042016806722689,0.5572701135994012
0.31932773109243695,0.5042016806722689,0.5610190657160362
0.3277310924369748,0.5042016806722689,0.5647610662129833
0.3361344537815126,0.5042016806722689,0.5684957028809022
0.3445378151260504,0.5042016806722689,0.5722225668309018
0.3529411764705882,0.5042016806722689,0.5759412526681758
0.36134453781512604,0.5042016806722689,0.5796513586623384
0.36974789915966383,0.5042016806722689,0.5833524869143184
0.37815126050420167,0.5042016806722689,0.5870442435196539
0.38655462184873945,0.5042016806722689,0.5907262387280725
0.3949579831932773,0.5042016806722689,0.5943980870992193
0.40336134453781514,0.5042016806722689,0.598059407654405
0.4117647058823529,0.5042016806722689,0.6017098240242751
0.42016806722689076,0.5042016806722689,0.6053489645922664
0.42857142857142855,0.5042016806722689,0.6089764626337705
0.4369747899159664,0.5042016806722689,0.6125919564508888
0.4453781512605042,0.5042016806722689,0.6161950895027049
0.453781512605042,0.5042016806722689,0.6197855105309701
0.4621848739495798,0.5042016806722689,0.6233628736811493
0.47058823529411764,0.5042016806722689,0.6269268386187373
0.4789915966386554,0.5042016806722689,0.6304770706407914
0.48739495798319327,0.5042016806722689,0.6340132407826236
0.49579831932773105,0.5042016806722689,0.637535025919596
0.5042016806722689,0.5042016806722689,0.6410421088639873
0.5126050420168067,0.5042016806722689,0.6445341784568842
0.5210084033613445,0.5042016806722689,0.6480109296550745
0.5294117647058824,0.5042016806722689,0.6514720636129181
0.5378151260504201,0.5042016806722689,0.6549172877591711
0.5462184873949579,0.5042016806722689,0.6583463158687768
0.5546218487394958,0.5042016806722689,0.6617588681295881
0.5630252100840336,0.5042016806722689,0.665154671204054
0.5714285714285714,0.5042016806722689,0.6685334582858624
0.5798319327731092,0.5042016806722689,0.6718949691515591
0.5882352941176471,0.5042016806722689,0.6752389502071706
0.5966386554621849,0.5042016806722689,0.6785651545298497
0.6050420168067226,0.5042016806722689,0.6818733419045783
0.6134453781512604,0.5042016806722689,0.6851632788559792
0.6218487394957983,0.5042016806722689,0.6884347386752606
0.6302521008403361,0.5042016806722689,0.6916875014423568
0.6386554621848739,0.5042016806722689,0.6949213540433203
0.6470588235294117,0.5042016806722689,0.6981360901830117
0.6554621848739496,0.5042016806722689,0.7013315103931707
0.6638655462184874,0.5042016806722689,0.7045074220359148
0.6722689075630252,0.5042016806722689,0.7076636393027598
0.680672268907563,0.5042016806722689,0.7107999832092239
0.6890756302521008,0.5042016806722689,0.7139162815851003
0.6974789915966386,0.5042016806722689,0.717012369060486
0.7058823529411764,0.5042016806722689,0.7200880870476507
0.7142857142857143,0.5042016806722689,0.7231432837188337
0.7226890756302521,0.5042016806722689,0.7261778139800789
0.7310924369747899,0.5042016806722689,0.729191539441173
0.7394957983193277,0.5042016806722689,0.7321843283818269
0.7478991596638656,0.5042016806722689,0.7351560557141646
0.7563025210084033,0.5042016806722689,0.7381066029416459
0.7647058823529411,0.5042016806722689,0.741035858114523
0.7731092436974789,0.5042016806722689,0.743943715781935
0.7815126050420168,0.5042016806722689,0.7468300769407531
0.7899159663865546,0.5042016806722689,0.7496948489812832
0.7983193277310924,0.5042016806722689,0.7525379456299427
0.8067226890756303,0.5042016806722689,0.7553592868890201
0.8151260504201681,0.5042016806722689,0.7581587989736273
0.8235294117647058,0.5042016806722689,0.760936414245966
0.8319327731092436,0.5042016806722689,0.7636920711470175
0.8403361344537815,0.5042016806722689,0.7664257141257667
0.8487394957983193,0.5042016806722689,0.7691372935660842
0.8571428571428571,0.5042016806722689,0.7718267657113679
0.8655462184873949,0.5042016806722689,0.7744940925870721
0.8739495798319328,0.5042016806722689,0.7771392419212214
0.8823529411764706,0.5042016806722689,0.7797621870630368
0.8907563025210083,0.5042016806722689,0.7823629068997753
0.8991596638655461,0.5042016806722689,0.7849413857719002
0.907563025210084,0.5042016806722689,0.7874976133866887
0.9159663865546218,0.5042016806722689,0.7900315847303824
0.9243697478991596,0.5042016806722689,0.7925432999790015
0.9327731092436974,0.5042016806722689,0.7950327644079097
0.9411764705882353,0.5042016806722689,0.7974999883002453
0.9495798319327731,0.5042016806722689,0.7999449868543281
0.9579831932773109,0.5042016806722689,0.8023677800901243
0.9663865546218487,0.5042016806722689,0.8047683927548829
0.9747899159663865,0.5042016806722689,0.8071468542280432
0.9831932773109243,0.5042016806722689,0.8095031984254937
0.9915966386554621,0.5042016806722689,0.8118374637032943
1.0,0.5042016806722689,0.8141496927609403
0.0,0.5126050420168067,0.4179493357757151
0.008403361344537815,0.5126050420168067,0.421619237010455
0.01680672268907563,0.5126050420168067,0.425297816647194
0.025210084033613446,0.5126050420168067,0.42898468648872556
0.03361344537815126,0.5126050420168067,0.43267945470006486
0.04201680672268907,0.5126050420168067,0.43638172596883357
0.05042016806722689,0.5126050420168067,0.4400911016688557
0.058823529411764705,0.5126050420168067,0.4438071800268367
0.06722689075630252,0.5126050420168067,0.4475295562919751
0.07563025210084033,0.5126050420168067,0.45125782290836347
0.08403361344537814,0.5126050420168067,0.4549915696900277
0.09243697478991596,0.5126050420168067,0.458730383998443
0.10084033613445378,0.5126050420168067,0.4624738509223726
0.1092436974789916,0.5126050420168067,0.4662215534598608
0.11764705882352941,0.5126050420168067,0.4699730727022185
0.12605042016806722,0.5126050420168067,0.4737279880198208
0.13445378151260504,0.5126050420168067,0.47748587724955605
0.14285714285714285,0.5126050420168067,0.48124631688373787
0.15126050420168066,0.5126050420168067,0.48500888226031047
0.15966386554621848,0.5126050420168067,0.4887731477541629
0.1680672268907563,0.5126050420168067,0.49253868696936526
0.1764705882352941,0.5126050420168067,0.49630507293215226
0.18487394957983191,0.5126050420168067,0.5000718782844618
0.19327731092436973,0.5126050420168067,0.5038386754778427
0.20168067226890757,0.5126050420168067,0.5076050369675492
0.21008403361344538,0.5126050420168067,0.5113705354066275
0.2184873949579832,0.5126050420168067,0.5151347438398153
0.226890756302521,0.5126050420168067,0.5188972358970629
0.23529411764705882,0.5126050420168067,0.5226575859864877
0.24369747899159663,0.5126050420168067,0.5264153694865857
0.25210084033613445,0.5126050420168067,0.5301701629375002
0.26050420168067223,0.5126050420168067,0.5339215442311838
0.2689075630252101,0.5126050420168067,0.5376690928002588
0.2773109243697479,0.5126050420168067,0.5414123898054035
0.2857142857142857,0.5126050420168067,0.5451510183210871
0.29411764705882354,0.5126050420168067,0.5488845635194793
0.3025210084033613,0.5126050420168067,0.5526126128523677
0.31092436974789917,0.5126050420168067,0.5563347562309063
0.31932773109243695,0.5126050420168067,0.5600505862030446
0.3277310924369748,0.5126050420168067,0.5637596981284658
0.3361344537815126,0.5126050420168067,0.5674616903508851
0.3445378151260504,0.5126050420168067,0.5711561643675522
0.3529411764705882,0.5126050420168067,0.5748427249958151
0.36134453781512604,0.5126050420168067,0.5785209805365964
0.36974789915966383,0.5126050420168067,0.5821905429346516
0.37815126050420167,0.5126050420168067,0.5858510279354692
0.38655462184873945,0.5126050420168067,0.5895020552386929
0.3949579831932773,0.5126050420168067,0.5931432486479356
0.40336134453781514,0.5126050420168067,0.596774236216876
0.4117647058823529,0.5126050420168067,0.6003946503915232
0.42016806722689076,0.5126050420168067,0.6040041281485414
0.42857142857142855,0.5126050420168067,0.6076023111295447
0.4369747899159664,0.5126050420168067,0.6111888457712594
0.4453781512605042,0.5126050420168067,0.6147633834314685
0.453781512605042,0.5126050420168067,0.6183255805106649
0.4621848739495798,0.5126050420168067,0.6218750985693295
0.47058823529411764,0.5126050420168067,0.6254116044407709
0.4789915966386554,0.5126050420168067,0.6289347703394643
0.48739495798319327,0.5126050420168067,0.6324442739648309
0.49579831932773105,0.5126050420168067,0.6359397986004135
0.5042016806722689,0.5126050420168067,0.6394210332084029
0.5126050420168067,0.5126050420168067,0.6428876725194718
0.5210084033613445,0.5126050420168067,0.6463394171179049
0.5294117647058824,0.5126050420168067,0.6497759735219745
0.5378151260504201,0.5126050420168067,0.6531970542595661
0.5462184873949579,0.5126050420168067,0.6566023779390355
0.5546218487394958,0.5126050420168067,0.659991669315278
0.5630252100840336,0.5126050420168067,0.6633646593510398
0.5714285714285714,0.5126050420168067,0.6667210852734411
0.5798319327731092,0.5126050420168067,0.6700606906257567
0.5882352941176471,0.5126050420168067,0.6733832253144467
0.5966386554621849,0.5126050420168067,0.6766884456514718
0.6050420168067226,0.5126050420168067,0.6799761143919236
0.6134453781512604,0.5126050420168067,0.6832460007669936
0.6218487394957983,0.5126050420168067,0.6864978805123307
0.6302521008403361,0.5126050420168067,0.6897315358918206
0.6386554621848739,0.5126050420168067,0.6929467557168442
0.6470588235294117,0.5126050420168067,0.6961433353610628
0.6554621848739496,0.5126050420168067,0.6993210767707873
0.6638655462184874,0.5126050420168067,0.7024797884709991
0.6722689075630252,0.5126050420168067,0.7056192855670778
0.680672268907563,0.5126050420168067,0.7087393897423153
0.6890756302521008,0.5126050420168067,0.7118399292512867
0.6974789915966386,0.5126050420168067,0.7149207389091498
0.7058823529411764,0.5126050420168067,0.7179816600769584
0.7142857142857143,0.5126050420168067,0.7210225406430747
0.7226890756302521,0.5126050420168067,0.7240432350007607
0.7310924369747899,0.5126050420168067,0.7270436040220382
0.7394957983193277,0.5126050420168067,0.7300235150279167
0.7478991596638656,0.5126050420168067,0.732982841755072
0.7563025210084033,0.5126050420168067,0.7359214643190769
0.7647058823529411,0.5126050420168067,0.7388392691742849
0.7731092436974789,0.5126050420168067,0.741736149070458
0.7815126050420168,0.5126050420168067,0.7446120030062494
0.7899159663865546,0.5126050420168067,0.7474667361796281
0.7983193277310924,0.5126050420168067,0.7503002599353759
0.8067226890756303,0.5126050420168067,0.7531124917097276
0.8151260504201681,0.5126050420168067,0.7559033549722894
0.8235294117647058,0.5126050420168067,0.7586727791653207
0.8319327731092436,0.5126050420168067,0.7614206996404987
0.8403361344537815,0.5126050420168067,0.7641470575932678
0.8487394957983193,0.5126050420168067,0.7668517999948771
0.8571428571428571,0.5126050420168067,0.7695348795222231
0.8655462184873949,0.5126050420168067,0.7721962544855927
0.8739495798319328,0.5126050420168067,0.7748358887544176
0.8823529411764706,0.5126050420168067,0.7774537516811537
0.8907563025210083,0.5126050420168067,0.7800498180233747
0.8991596638655461,0.5126050420168067,0.7826240678642018
0.907563025210084,0.5126050420168067,0.7851764865311597
0.9159663865546218,0.5126050420168067,0.7877070645135669
0.9243697478991596,0.5126050420168067,0.7902157973785693
0.9327731092436974,0.5126050420168067,0.7927026856858993
0.9411764705882353,0.5126050420168067,0.7951677349014817
0.9495798319327731,0.5126050420168067,0.7976109553099674
0.9579831932773109,0.5126050420168067,0.8000323619262942
0.9663865546218487,0.5126050420168067,0.8024319744063815
0.9747899159663865,0.5126050420168067,0.8048098169570318
0.9831932773109243,0.5126050420168067,0.8071659182451498
0.9915966386554621,0.5126050420168067,0.8095003113063544
1.0,0.5126050420168067,0.8118130334530771
0.0,0.5210084033613445,0.4182982196449997
0.008403361344537815,0.5210084033613445,0.4219345239639325
0.01680672268907563,0.5210084033613445,0.4255793122590879
0.025210084033613446,0.5210084033613445,0.4292322068518125
0.03361344537815126,0.5210084033613445,0.43289282657181266
0.04201680672268907,0.5210084033613445,0.4365607869103866
0.05042016806722689,0.5210084033613445,0.44023570017668656
0.058823529411764705,0.5210084033613445,0.4439171756568856
0.06722689075630252,0.5210084033613445,0.4476048197761071
0.07563025210084033,0.5210084033613445,0.4512982362629908
0.08403361344537814,0.5210084033613445,0.4549970263167395
0.09243697478991596,0.5210084033613445,0.4587007887765121
0.10084033613445378,0.5210084033613445,0.462409120293003
0.1092436974789916,0.5210084033613445,0.46612161550206327
0.11764705882352941,0.5210084033613445,0.46983786720019993
0.12605042016806722,0.5210084033613445,0.4735574665217975
0.13445378151260504,0.5210084033613445,0.47728000311789776
0.14285714285714285,0.5210084033613445,0.48100506533637455
0.15126050420168066,0.5210084033613445,0.484732240403334
0.15966386554621848,0.5210084033613445,0.4884611146055733
0.1680672268907563,0.5210084033613445,0.49219127347392355
0.1764705882352941,0.5210084033613445,0.4959223019673096
0.18487394957983191,0.5210084033613445,0.49965378465735094
0.19327731092436973,0.5210084033613445,0.5033853059133268
0.20168067226890757,0.5210084033613445,0.5071164500873334
0.21008403361344538,0.5210084033613445,0.5108468016994587
0.2184873949579832,0.5210084033613445,0.5145759456227972
0.226890756302521,0.5210084033613445,0.5183034672681305
0.23529411764705882,0.5210084033613445,0.5220289527681005
0.24369747899159663,0.5210084033613445,0.525751989160699
0.25210084033613445,0.5210084033613445,0.529472164571904
0.26050420168067223,0.5210084033613445,0.533189068397287
0.2689075630252101,0.5210084033613445,0.5369022914824315
0.2773109243697479,0.5210084033613445,0.5406114263019798
0.2857142857142857,0.5210084033613445,0.5443160671371593
0.29411764705882354,0.5210084033613445,0.5480158102516127
0.3025210084033613,0.5210084033613445,0.5517102540653785
0.31092436974789917,0.5210084033613445,0.5553989993268637
0.31932773109243695,0.5210084033613445,0.5590816492826486
0.3277310924369748,0.5210084033613445,0.5627578098449885
0.3361344537815126,0.5210084033613445,0.5664270897568413
0.3445378151260504,0.5210084033613445,0.5700891007543039
0.3529411764705882,0.5210084033613445,0.5737434577263003
0.36134453781512604,0.5210084033613445,0.5773897788713896
0.36974789915966383,0.5210084033613445,0.5810276858515735
0.37815126050420167,0.5210084033613445,0.584656803942965
0.38655462184873945,0.5210084033613445,0.5882767621832036
0.3949579831932773,0.5210084033613445,0.5918871935155043
0.40336134453781514,0.5210084033613445,0.5954877349292192
0.4117647058823529,0.5210084033613445,0.5990780275968192
0.42016806722689076,0.5210084033613445,0.6026577170071846
0.42857142857142855,0.5210084033613445,0.6062264530951169
0.4369747899159664,0.5210084033613445,0.6097838903669769
0.4453781512605042,0.5210084033613445,0.6133296880223703
0.453781512605042,0.5210084033613445,0.6168635100718052
0.4621848739495798,0.5210084033613445,0.620385025450234
0.47058823529411764,0.5210084033613445,0.6238939081264404
0.4789915966386554,0.5210084033613445,0.6273898372081808
0.48739495798319327,0.5210084033613445,0.6308724970430493
0.49579831932773105,0.5210084033613445,0.6343415773150064
0.5042016806722689,0.5210084033613445,0.6377967731365278
0.5126050420168067,0.5210084033613445,0.6412377851363436
0.5210084033613445,0.5210084033613445,0.6446643195427277
0.5294117647058824,0.5210084033613445,0.6480760882623244
0.5378151260504201,0.5210084033613445,0.6514728089544753
0.5462184873949579,0.5210084033613445,0.6548542051010513
0.5546218487394958,0.5210084033613445,0.6582200060717672
0.5630252100840336,0.5210084033613445,0.6615699471849854
0.5714285714285714,0.5210084033613445,0.6649037697640076
0.5798319327731092,0.5210084033613445,0.6682212211888621
0.5882352941176471,0.5210084033613445,0.6715220549436018
0.5966386554621849,0.5210084033613445,0.6748060306591332
0.6050420168067226,0.5210084033613445,0.6780729141515968
0.6134453781512604,0.5210084033613445,0.6813224774563296
0.6218487394957983,0.5210084033613445,0.6845544988574451
0.6302521008403361,0.5210084033613445,0.6877687629130603
0.6386554621848739,0.5210084033613445,0.6909650604762309
0.6470588235294117,0.5210084033613445,0.6941431887116136
0.6554621848739496,0.5210084033613445,0.69730295110794
0.6638655462184874,0.5210084033613445,0.7004441574863286
0.6722689075630252,0.5210084033613445,0.7035666240045065
0.680672268907563,0.5210084033613445,0.7066701731570115
0.6890756302521008,0.5210084033613445,0.7097546337714236
0.6974789915966386,0.5210084033613445,0.7128198410007073
0.7058823529411764,0.5210084033613445,0.7158656363117375
0.7142857142857143,0.5210084033613445,0.7188918674700773
0.7226890756302521,0.5210084033613445,0.7218983885210998
0.7310924369747899,0.5210084033613445,0.724885059767515
0.7394957983193277,0.5210084033613445,0.7278517477434099
0.7478991596638656,0.5210084033613445,0.7307983251848691
0.7563025210084033,0.5210084033613445,0.7337246709972693
0.7647058823529411,0.5210084033613445,0.7366306702193484
0.7731092436974789,0.5210084033613445,0.7395162139841219
0.7815126050420168,0.5210084033613445,0.742381199476757
0.7899159663865546,0.5210084033613445,0.7452255298894893
0.7983193277310924,0.5210084033613445,0.748049114373687
0.8067226890756303,0.5210084033613445,0.7508518679891465
0.8151260504201681,0.5210084033613445,0.7536337116507348
0.8235294117647058,0.5210084033613445,0.7563945720724587
0.8319327731092436,0.5210084033613445,0.759134381709078
0.8403361344537815,0.5210084033613445,0.7618530786953488
0.8487394957983193,0.5210084033613445,0.7645506067830051
0.8571428571428571,0.5210084033613445,0.7672269152755763
0.8655462184873949,0.5210084033613445,0.7698819589611348
0.8739495798319328,0.5210084033613445,0.7725156980430903
0.8823529411764706,0.5210084033613445,0.7751280980691048
0.8907563025210083,0.5210084033613445,0.7777191298582578
0.8991596638655461,0.5210084033613445,0.7802887694265306
0.907563025210084,0.5210084033613445,0.7828369979107287
0.9159663865546218,0.5210084033613445,0.7853638014909318
0.9243697478991596,0.5210084033613445,0.7878691713115639
0.9327731092436974,0.5210084033613445,0.7903531034011874
0.9411764705882353,0.5210084033613445,0.792815598591106
0.9495798319327731,0.5210084033613445,0.7952566624328758
0.9579831932773109,0.5210084033613445,0.7976763051148139
0.9663865546218487,0.5210084033613445,0.8000745413775907
0.9747899159663865,0.5210084033613445,0.8024513904290035
0.9831932773109243,0.5210084033613445,0.8048068758580097
0.9915966386554621,0.5210084033613445,0.8071410255481054
1.0,0.5210084033613445,0.809453871590145
0.0,0.5294117647058824,0.4186471852738641
0.008403361344537815,0.5294117647058824,0.42224987456274443
0.01680672268907563,0.5294117647058824,0.4258608561247006
0.025210084033613446,0.5294117647058824,0.4294797626144595
0.03361344537815126,0.5294117647058824,0.4331062233366276
0.04201680672268907,0.5294117647058824,0.4367398643920282
0.05042016806722689,0.5294117647058824,0.4403803088268878
0.058823529411764705,0.5294117647058824,0.4440271767847601
0.06722689075630252,0.5294117647058824,0.447680085661057
0.07563025210084033,0.5294117647058824,0.4513386502600565
0.08403361344537814,0.5294117647058824,0.45500248295425866
0.09243697478991596,0.5294117647058824,0.45867119384595034
0.10084033613445378,0.5294117647058824,0.4623443909308343
0.1092436974789916,0.5294117647058824,0.4660216802635852
0.11764705882352941,0.5294117647058824,0.4697026661251844
0.12605042016806722,0.5294117647058824,0.4733869511918819
0.13445378151260504,0.5294117647058824,0.47707413670563276
0.14285714285714285,0.5294117647058824,0.4807638226458611
0.15126050420168066,0.5294117647058824,0.48445560790238584
0.15966386554621848,0.5294117647058824,0.48814909044935334
0.1680672268907563,0.5294117647058824,0.49184386752002224
0.1764705882352941,0.5294117647058824,0.49553953578223114
0.18487394957983191,0.5294117647058824,0.49923569151439406
0.19327731092436973,0.5294117647058824,0.5029319307818536
0.20168067226890757,0.5294117647058824,0.5066278496134363
0.21008403361344538,0.5294117647058824,0.5103230441780393
0.2184873949579832,0.5294117647058824,0.5140171109610845
0.226890756302521,0.5294117647058824,0.517709646940687
0.23529411764705882,0.5294117647058824,0.5214002497633559
0.24369747899159663,0.5294117647058824,0.5250885179190837
0.25210084033613445,0.5294117647058824,0.5287740509156502
0.26050420168067223,0.5294117647058824,0.5324564494519839
0.2689075630252101,0.5294117647058824,0.5361353155904259
0.2773109243697479,0.5294117647058824,0.5398102529277333
0.2857142857142857,0.5294117647058824,0.5434808667646708
0.29411764705882354,0.5294117647058824,0.5471467642740349
0.3025210084033613,0.5294117647058824,0.5508075546669651
0.31092436974789917,0.5294117647058824,0.5544628493573862
0.31932773109243695,0.5294117647058824,0.5581122621244453
0.3277310924369748,0.5294117647058824,0.5617554092727983
0.3361344537815126,0.5294117647058824,0.5653919097906019
0.3445378151260504,0.5294117647058824,0.56902138550509
0.3529411764705882,0.5294117647058824,0.5726434612355862
0.36134453781512604,0.5294117647058824,0.5762577649438404
0.36974789915966383,0.5294117647058824,0.5798639278815589
0.37815126050420167,0.5294117647058824,0.5834615847350053
0.38655462184873945,0.5294117647058824,0.5870503737665719
0.3949579831932773,0.5294117647058824,0.5906299369531892
0.40336134453781514,0.5294117647058824,0.594199920121496
0.4117647058823529,0.5294117647058824,0.5977599730796416
0.42016806722689076,0.5294117647058824,0.6013097497456514
0.42857142857142855,0.5294117647058824,0.6048489082722387
0.4369747899159664,0.5294117647058824,0.6083771111679991
0.4453781512605042,0.5294117647058824,0.6118940254148987
0.453781512605042,0.5294117647058824,0.6153993225819785
0.4621848739495798,0.5294117647058824,0.6188926789352074
0.47058823529411764,0.5294117647058824,0.6223737755434261
0.4789915966386554,0.5294117647058824,0.6258422983803108
0.48739495798319327,0.5294117647058824,0.6292979384223168
0.49579831932773105,0.5294117647058824,0.6327403917425398
0.5042016806722689,0.5294117647058824,0.6361693596004693
0.5126050420168067,0.5294117647058824,0.639584548527575
0.5210084033613445,0.5294117647058824,0.6429856704087245
0.5294117647058824,0.5294117647058824,0.6463724425593741
0.5378151260504201,0.5294117647058824,0.6497445877985316
0.5462184873949579,0.5294117647058824,0.6531018345174767
0.5546218487394958,0.5294117647058824,0.6564439167442108
0.5630252100840336,0.5294117647058824,0.6597705742036588
0.5714285714285714,0.5294117647058824,0.6630815523735939
0.5798319327731092,0.5294117647058824,0.6663766025363086
0.5882352941176471,0.5294117647058824,0.6696554818260445
0.5966386554621849,0.5294117647058824,0.6729179532721746
0.6050420168067226,0.5294117647058824,0.6761637858381884
0.6134453781512604,0.5294117647058824,0.6793927544564734
0.6218487394957983,0.5294117647058824,0.6826046400589463
0.6302521008403361,0.5294117647058824,0.6857992296035508
0.6386554621848739,0.5294117647058824,0.6889763160966692
0.6470588235294117,0.5294117647058824,0.6921356986114848
0.6554621848739496,0.5294117647058824,0.6952771823023425
0.6638655462184874,0.5294117647058824,0.698400578415154
0.6722689075630252,0.5294117647058824,0.7015057042939042
0.680672268907563,0.5294117647058824,0.7045923833833176
0.6890756302521008,0.5294117647058824,0.7076604452277352
0.6974789915966386,0.5294117647058824,0.7107097254662779
0.7058823529411764,0.5294117647058824,0.7137400658243462
0.7142857142857143,0.5294117647058824,0.7167513141015505
0.7226890756302521,0.5294117647058824,0.7197433241561141
0.7310924369747899,0.5294117647058824,0.7227159558858443
0.7394957983193277,0.5294117647058824,0.7256690752057454
0.7478991596638656,0.5294117647058824,0.7286025540223403
0.7563025210084033,0.5294117647058824,0.7315162702048013
0.7647058823529411,0.5294117647058824,0.7344101075529577
0.7731092436974789,0.5294117647058824,0.7372839557622667
0.7815126050420168,0.5294117647058824,0.7401377103858495
0.7899159663865546,0.5294117647058824,0.7429712727936529
0.7983193277310924,0.5294117647058824,0.7457845501288556
0.8067226890756303,0.5294117647058824,0.7485774552615865
0.8151260504201681,0.5294117647058824,0.7513499067400545
0.8235294117647058,0.5294117647058824,0.7541018287391902
0.8319327731092436,0.5294117647058824,0.7568331510068675
0.8403361344537815,0.5294117647058824,0.759543808807836
0.8487394957983193,0.5294117647058824,0.7622337428654153
0.8571428571428571,0.5294117647058824,0.7649028993010795
0.8655462184873949,0.5294117647058824,0.7675512295720034
0.8739495798319328,0.5294117647058824,0.7701786904066771
0.8823529411764706,0.5294117647058824,0.7727852437386731
0.8907563025210083,0.5294117647058824,0.7753708566386693
0.8991596638655461,0.5294117647058824,0.7779355012448077
0.907563025210084,0.5294117647058824,0.7804791546914933
0.9159663865546218,0.5294117647058824,0.783001799036716
0.9243697478991596,0.5294117647058824,0.7855034211879928
0.9327731092436974,0.5294117647058824,0.787984012827014
0.9411764705882353,0.5294117647058824,0.7904435703330849
0.9495798319327731,0.5294117647058824,0.7928820947054576
0.9579831932773109,0.5294117647058824,0.7952995914846218
0.9663865546218487,0.5294117647058824,0.7976960706726642
0.9747899159663865,0.5294117647058824,0.8000715466527575
0.9831932773109243,0.5294117647058824,0.8024260381078793
0.9915966386554621,0.5294117647058824,0.8047595679388325
1.0,0.5294117647058824,0.8070721631816515
0.0,0.5378151260504201,0.41899623233213296
0.008403361344537815,0.5378151260504201,0.4225652885625613
0.01680672268907563,0.5378151260504201,0.42614244806970714
0.025210084033613446,0.5378151260504201,0.42972735365786985
0.03361344537815126,0.5378151260504201,0.43331964491824165
0.04201680672268907,0.5378151260504201,0.4369189583685904
0.05042016806722689,0.5378151260504201,0.44052492759562684
0.058823529411764705,0.5378151260504201,0.4441371833999521
0.06722689075630252,0.5378151260504201,0.44775535394345234
0.07563025210084033,0.5378151260504201,0.45137906489903745
0.08403361344537814,0.5378151260504201,0.4550079396025835
0.09243697478991596,0.5378151260504201,0.458641599206964
0.10084033613445378,0.5378151260504201,0.4622796628380232
0.1092436974789916,0.5378151260504201,0.46592174775237394
0.11764705882352941,0.5378151260504201,0.46956746949687034
0.12605042016806722,0.5378151260504201,0.47321644206962393
0.13445378151260504,0.5378151260504201,0.4768682780824138
0.14285714285714285,0.5378151260504201,0.4805225889243525
0.15126050420168066,0.5378151260504201,0.4841789849266602
0.15966386554621848,0.5378151260504201,0.4878370755283971
0.1680672268907563,0.5378151260504201,0.4914964694430058
0.1764705882352941,0.5378151260504201,0.4951567748255167
0.18487394957983191,0.5378151260504201,0.49881759944025694
0.19327731092436973,0.5378151260504201,0.5024785508289199
0.20168067226890757,0.5378151260504201,0.5061392364788324
0.21008403361344538,0.5378151260504201,0.5097992639912778
0.2184873949579832,0.5378151260504201,0.5134582412497083
0.226890756302521,0.5378151260504201,0.5171157765877049
0.23529411764705882,0.5378151260504201,0.5207714789565279
0.24369747899159663,0.5378151260504201,0.5244249580920994
0.25210084033613445,0.5378151260504201,0.5280758246812833
0.26050420168067223,0.5378151260504201,0.5317236905272889
0.2689075630252101,0.5378151260504201,0.5353681687140724
0.2773109243697479,0.5378151260504201,0.539008873769577
0.2857142857142857,0.5378151260504201,0.5426454218276601
0.29411764705882354,0.5378151260504201,0.5462774307885859
0.3025210084033613,0.5378151260504201,0.5499045204779144
0.31092436974789917,0.5378151260504201,0.5535263128036735
0.31932773109243695,0.5378151260504201,0.5571424319116586
0.3277310924369748,0.5378151260504201,0.5607525043387384
0.3361344537815126,0.5378151260504201,0.5643561591640329
0.3445378151260504,0.5378151260504201,0.5679530281578344
0.3529411764705882,0.5378151260504201,0.571542745928151
0.36134453781512604,0.5378151260504201,0.575124950064754
0.36974789915966383,0.5378151260504201,0.5786992812806053
0.37815126050420167,0.5378151260504201,0.5822653835505646
0.38655462184873945,0.5378151260504201,0.5858229042472548
0.3949579831932773,0.5378151260504201,0.589371494273992
0.40336134453781514,0.5378151260504201,0.592910808194673
0.4117647058823529,0.5378151260504201,0.5964405043605336
0.42016806722689076,0.5378151260504201,0.599960245033672
0.42857142857142855,0.5378151260504201,0.6034696965072673
0.4369747899159664,0.5378151260504201,0.6069685292224059
0.4453781512605042,0.5378151260504201,0.610456417881429
0.453781512605042,0.5378151260504201,0.6139330415577468
0.4621848739495798,0.5378151260504201,0.6173980838020346
0.47058823529411764,0.5378151260504201,0.6208512327447673
0.4789915966386554,0.5378151260504201,0.6242921811950158
0.48739495798319327,0.5378151260504201,0.6277206267354701
0.49579831932773105,0.5378151260504201,0.6311362718136303
0.5042016806722689,0.5378151260504201,0.6345388238291297
0.5126050420168067,0.5378151260504201,0.6379279952171514
0.5210084033613445,0.5378151260504201,0.641303503527908
0.5294117647058824,0.5378151260504201,0.6446650715021524
0.5378151260504201,0.5378151260504201,0.6480124271427049
0.5462184873949579,0.5378151260504201,0.651345303781976
0.5546218487394958,0.5378151260504201,0.6546634401454697
0.5630252100840336,0.5378151260504201,0.6579665804112722
0.5714285714285714,0.5378151260504201,0.6612544742655019
0.5798319327731092,0.5378151260504201,0.6645268769537498
0.5882352941176471,0.5378151260504201,0.6677835493284953
0.5966386554621849,0.5378151260504201,0.6710242578925173
0.6050420168067226,0.5378151260504201,0.6742487748383245
0.6134453781512604,0.5378151260504201,0.6774568780836037
0.6218487394957983,0.5378151260504201,0.6806483513027403
0.6302521008403361,0.5378151260504201,0.6838229839544052
0.6386554621848739,0.5378151260504201,0.6869805713052791
0.6470588235294117,0.5378151260504201,0.6901209144499135
0.6554621848739496,0.5378151260504201,0.6932438203267952
0.6638655462184874,0.5378151260504201,0.6963491017306489
0.6722689075630252,0.5378151260504201,0.6994365773210199
0.680672268907563,0.5378151260504201,0.7025060716271998
0.6890756302521008,0.5378151260504201,0.7055574150495417
0.6974789915966386,0.5378151260504201,0.7085904438572176
0.7058823529411764,0.5378151260504201,0.7116050001824918
0.7142857142857143,0.5378151260504201,0.7146009320115613
0.7226890756302521,0.5378151260504201,0.7175780931720288
0.7310924369747899,0.5378151260504201,0.7205363433170902
0.7394957983193277,0.5378151260504201,0.7234755479064843
0.7478991596638656,0.5378151260504201,0.7263955781842996
0.7563025210084033,0.5378151260504201,0.7292963111536975
0.7647058823529411,0.5378151260504201,0.732177629548634
0.7731092436974789,0.5378151260504201,0.7350394218026606
0.7815126050420168,0.5378151260504201,0.7378815820148773
0.7899159663865546,0.5378151260504201,0.7407040099131253
0.7983193277310924,0.5378151260504201,0.7435066108144981
0.8067226890756303,0.5378151260504201,0.7462892955832529
0.8151260504201681,0.5378151260504201,0.7490519805862181
0.8235294117647058,0.5378151260504201,0.7517945876457602
0.8319327731092436,0.5378151260504201,0.7545170439904215
0.8403361344537815,0.5378151260504201,0.7572192822032997
0.8487394957983193,0.5378151260504201,0.759901240168254
0.8571428571428571,0.5378151260504201,0.7625628610140428
0.8655462184873949,0.5378151260504201,0.7652040930564578
0.8739495798319328,0.5378151260504201,0.767824889738559
0.8823529411764706,0.5378151260504201,0.770425209569092
0.8907563025210083,0.5378151260504201,0.7730050160591736
0.8991596638655461,0.5378151260504201,0.7755642776573368
0.907563025210084,0.5378151260504201,0.7781029676830133
0.9159663865546218,0.5378151260504201,0.7806210642585576
0.9243697478991596,0.5378151260504201,0.7831185502398731
0.9327731092436974,0.5378151260504201,0.7855954131457454
0.9411764705882353,0.5378151260504201,0.7880516450859605
0.9495798319327731,0.5378151260504201,0.7904872426882857
0.9579831932773109,0.5378151260504201,0.7929022070244051
0.9663865546218487,0.5378151260504201,0.7952965435348799
0.9747899159663865,0.5378151260504201,0.7976702619532194
0.9831932773109243,0.5378151260504201,0.8000233762291488
0.9915966386554621,0.5378151260504201,0.8023559044511329
1.0,0.5378151260504201,0.8046678687682495
0.0,0.5462184873949579,0.4193453604893098
0.008403361344537815,0.5462184873949579,0.4228807657188495
0.01680672268907563,0.5462184873949579,0.4264240879196577
0.025210084033613446,0.5462184873949579,0.4299749798631772
0.03361344537815126,0.5462184873949579,0.43353309124035017
0.04201680672268907,0.5462184873949579,0.4370980687948871
0.05042016806722689,0.5462184873949579,0.4406695564590654
0.058823529411764705,0.5462184873949579,0.444247195491949
0.06722689075630252,0.5462184873949579,0.4478306246199203
0.07563025210084033,0.5462184873949579,0.4514194801794106
0.08403361344537814,0.5462184873949579,0.4550133962617135
0.09243697478991596,0.5462184873949579,0.4586120048597589
0.10084033613445378,0.5462184873949579,0.46221493601672703
0.1092436974789916,0.5462184873949579,0.46582181797637534
0.11764705882352941,0.5462184873949579,0.46943227733495246
0.12605042016806722,0.5462184873949579,0.4730459391945682
0.13445378151260504,0.5462184873949579,0.4766624273178823
0.14285714285714285,0.5462184873949579,0.4802813642839848
0.15126050420168066,0.5462184873949579,0.4839023716453283
0.15966386554621848,0.5462184873949579,0.4875250700855692
0.1680672268907563,0.5462184873949579,0.4911490795781884
0.1764705882352941,0.5462184873949579,0.4947740195457413
0.18487394957983191,0.5462184873949579,0.4983995090196012
0.19327731092436973,0.5462184873949579,0.5020251668000533
0.20168067226890757,0.5462184873949579,0.5056506116165909
0.21008403361344538,0.5462184873949579,0.5092754622882826
0.2184873949579832,0.5462184873949579,0.5128993378840478
0.226890756302521,0.5462184873949579,0.5165218578827228
0.23529411764705882,0.5462184873949579,0.5201426423327477
0.24369747899159663,0.5462184873949579,0.5237613120113555
0.25210084033613445,0.5462184873949579,0.5273774885831054
0.26050420168067223,0.5462184873949579,0.5309907947576247
0.2689075630252101,0.5462184873949579,0.5346008544464285
0.2773109243697479,0.5462184873949579,0.5382072929186623
0.2857142857142857,0.5462184873949579,0.5418097369556478
0.29411764705882354,0.5462184873949579,0.545407815004086
0.3025210084033613,0.5462184873949579,0.5490011573277942
0.31092436974789917,0.5462184873949579,0.5525893961578363
0.31932773109243695,0.5462184873949579,0.5561721658409304
0.3277310924369748,0.5462184873949579,0.5597491029859992
0.3361344537815126,0.5462184873949579,0.5633198466087432
0.3445378151260504,0.5462184873949579,0.5668840382741213
0.3529411764705882,0.5462184873949579,0.5704413222366179
0.36134453781512604,0.5462184873949579,0.5739913455781835
0.36974789915966383,0.5462184873949579,0.5775337583437447
0.37815126050420167,0.5462184873949579,0.5810682136741658
0.38655462184873945,0.5462184873949579,0.5845943679365766
0.3949579831932773,0.5462184873949579,0.5881118808519504
0.40336134453781514,0.5462184873949579,0.5916204156198502
0.4117647058823529,0.5462184873949579,0.5951196390402421
0.42016806722689076,0.5462184873949579,0.5986092216323041
0.42857142857142855,0.5462184873949579,0.6020888377501306
0.4369747899159664,0.5462184873949579,0.6055581656952665
0.4453781512605042,0.5462184873949579,0.609016887825998
0.453781512605042,0.5462184873949579,0.6124646906633162
0.4621848739495798,0.5462184873949579,0.615901264993514
0.47058823529411764,0.5462184873949579,0.6193263059673336
0.4789915966386554,0.5462184873949579,0.6227395131956169
0.48739495798319327,0.5462184873949579,0.6261405908414198
0.49579831932773105,0.5462184873949579,0.6295292477085188
0.5042016806722689,0.5462184873949579,0.6329051973263008
0.5126050420168067,0.5462184873949579,0.6362681580309667
0.5210084033613445,0.5462184873949579,0.6396178530430444
0.5294117647058824,0.5462184873949579,0.6429540105411669
0.5378151260504201,0.5462184873949579,0.6462763637320955
0.5462184873949579,0.5462184873949579,0.6495846509169815
0.5546218487394958,0.5462184873949579,0.6528786155538323
0.5630252100840336,0.5462184873949579,0.6561580063161939
0.5714285714285714,0.5462184873949579,0.6594225771480334
0.5798319327731092,0.5462184873949579,0.6626720873148189
0.5882352941176471,0.5462184873949579,0.6659063014508136
0.5966386554621849,0.5462184873949579,0.6691249896025782
0.6050420168067226,0.5462184873949579,0.6723279272687029
0.6134453781512604,0.5462184873949579,0.6755148954357881
0.6218487394957983,0.5462184873949579,0.6786856806106807
0.6302521008403361,0.5462184873949579,0.6818400748490054
0.6386554621848739,0.5462184873949579,0.6849778757800162
0.6470588235294117,0.5462184873949579,0.6880988866277894
0.6554621848739496,0.5462184873949579,0.6912029162288076
0.6638655462184874,0.5462184873949579,0.6942897790459683
0.6722689075630252,0.5462184873949579,0.6973592951790505
0.680672268907563,0.5462184873949579,0.7004112903717074
0.6890756302521008,0.5462184873949579,0.7034455960150037
0.6974789915966386,0.5462184873949579,0.7064620491475774
0.7058823529411764,0.5462184873949579,0.7094604924524603
0.7142857142857143,0.5462184873949579,0.7124407742506239
0.7226890756302521,0.5462184873949579,0.7154027484913082
0.7310924369747899,0.5462184873949579,0.718346274739195
0.7394957983193277,0.5462184873949579,0.7212712181584906
0.7478991596638656,0.5462184873949579,0.7241774494939807
0.7563025210084033,0.5462184873949579,0.7270648450491288
0.7647058823529411,0.5462184873949579,0.7299332866612959
0.7731092436974789,0.5462184873949579,0.7327826616741305
0.7815126050420168,0.5462184873949579,0.7356128629072322
0.7899159663865546,0.5462184873949579,0.738423788623138
0.7983193277310924,0.5462184873949579,0.7412153424917226
0.8067226890756303,0.5462184873949579,0.7439874335520846
0.8151260504201681,0.5462184873949579,0.7467399761719972
0.8235294117647058,0.5462184873949579,0.7494728900050042
0.8319327731092436,0.5462184873949579,0.7521860999452353
0.8403361344537815,0.5462184873949579,0.7548795360800321
0.8487394957983193,0.5462184873949579,0.7575531336404553
0.8571428571428571,0.5462184873949579,0.7602068329497594
0.8655462184873949,0.5462184873949579,0.762840579369918
0.8739495798319328,0.5462184873949579,0.7654543232462753
0.8823529411764706,0.5462184873949579,0.7680480198504128
0.8907563025210083,0.5462184873949579,0.7706216293213111
0.8991596638655461,0.5462184873949579,0.7731751166048817
0.907563025210084,0.5462184873949579,0.7757084513919624
0.9159663865546218,0.5462184873949579,0.7782216080548479
0.9243697478991596,0.5462184873949579,0.7807145655824322
0.9327731092436974,0.5462184873949579,0.7831873075140622
0.9411764705882353,0.5462184873949579,0.7856398218721539
0.9495798319327731,0.5462184873949579,0.7880721010936775
0.9579831932773109,0.5462184873949579,0.7904841419605666
0.9663865546218487,0.5462184873949579,0.7928759455291393
0.9747899159663865,0.5462184873949579,0.7952475170586072
0.9831932773109243,0.5462184873949579,0.7975988659387451
0.9915966386554621,0.5462184873949579,0.7999300056167914
1.0,0.5462184873949579,0.8022409535236579
0.0,0.5546218487394958,0.41969456941457806
0.008403361344537815,0.5546218487394958,0.42319630578687206
0.01680672268907563,0.5546218487394958,0.4267057754999805
0.025210084033613446,0.5546218487394958,0.4302226411114457
0.03361344537815126,0.5546218487394958,0.4337465622266117
0.04201680672268907,0.5546218487394958,0.43727719562571665
0.05042016806722689,0.5546218487394958,0.4408141953933571
0.058823529411764705,0.5546218487394958,0.44435721305023756
0.06722689075630252,0.5546218487394958,0.4479058976870875
0.07563025210084033,0.5546218487394958,0.4514598961006536
0.08403361344537814,0.5546218487394958,0.45501885293164673
0.09243697478991596,0.5546218487394958,0.458582410804541
0.10084033613445378,0.5546218487394958,0.46215021046910254
0.1092436974789916,0.5546218487394958,0.4657218909435347
0.11764705882352941,0.5546218487394958,0.46929708965912414
0.12605042016806722,0.5546218487394958,0.47287544260625314
0.13445378151260504,0.5546218487394958,0.47645658448166944
0.14285714285714285,0.5546218487394958,0.4800401488368797
0.15126050420168066,0.5546218487394958,0.4836257682275373
0.15966386554621848,0.5546218487394958,0.4872130743637061
0.1680672268907563,0.5546218487394958,0.4908016982608519
0.1764705882352941,0.5546218487394958,0.4943912703914528
0.18487394957983191,0.5546218487394958,0.4979814208370777
0.19327731092436973,0.5546218487394958,0.5015717794408082
0.20168067226890757,0.5546218487394958,0.5051619759598723
0.21008403361344538,0.5546218487394958,0.5087516402183498
0.2184873949579832,0.5546218487394958,0.5123404022598207
0.226890756302521,0.5546218487394958,0.5159278924998231
0.23529411764705882,0.5546218487394958,0.519513741877981
0.24369747899159663,0.5546218487394958,0.523097582009678
0.25210084033613445,0.5546218487394958,0.5266790453371352
0.26050420168067223,0.5546218487394958,0.5302577652797724
0.2689075630252101,0.5546218487394958,0.5338333763837116
0.2773109243697479,0.5546218487394958,0.537405514470302
0.2857142857142857,0.5546218487394958,0.5409738167835335
0.29411764705882354,0.5546218487394958,0.5445379221362159
0.3025210084033613,0.5546218487394958,0.5480974710548001
0.31092436974789917,0.5546218487394958,0.5516521059227173
0.31932773109243695,0.5546218487394958,0.5552014711221144
0.3277310924369748,0.5546218487394958,0.5587452131738753
0.3361344537815126,0.5546218487394958,0.5622829808758036
0.3445378151260504,0.5546218487394958,0.5658144254388656
0.3529411764705882,0.5546218487394958,0.5693392006213717
0.36134453781512604,0.5546218487394958,0.5728569628609981
0.36974789915966383,0.5546218487394958,0.5763673714045443
0.37815126050420167,0.5546218487394958,0.5798700884353251
0.38655462184873945,0.5546218487394958,0.5833647791980975
0.3949579831932773,0.5546218487394958,0.5868511121214377
0.40336134453781514,0.5546218487394958,0.5903287589374667
0.4117647058823529,0.5546218487394958,0.5937973947988492
0.42016806722689076,0.5546218487394958,0.5972566983929793
0.42857142857142855,0.5546218487394958,0.6007063520532717
0.4369747899159664,0.5546218487394958,0.6041460418674933
0.4453781512605042,0.5546218487394958,0.6075754577830523
0.453781512605042,0.5546218487394958,0.610994293709189
0.4621848739495798,0.5546218487394958,0.6144022476160054
0.47058823529411764,0.5546218487394958,0.6177990216302669
0.4789915966386554,0.5546218487394958,0.6211843221279378
0.48739495798319327,0.5546218487394958,0.6245578598233822
0.49579831932773105,0.5546218487394958,0.6279193498552087
0.5042016806722689,0.5546218487394958,0.6312685118686951
0.5126050420168067,0.5546218487394958,0.6346050700947681
0.5210084033613445,0.5546218487394958,0.6379287534255175
0.5294117647058824,0.5546218487394958,0.6412392954861881
0.5378151260504201,0.5546218487394958,0.6445364347036584
0.5462184873949579,0.5546218487394958,0.6478199143713612
0.5546218487394958,0.5546218487394958,0.6510894827106445
0.5630252100840336,0.5546218487394958,0.6543448929285658
0.5714285714285714,0.5546218487394958,0.6575859032720988
0.5798319327731092,0.5546218487394958,0.6608122770787641
0.5882352941176471,0.5546218487394958,0.6640237828236777
0.5966386554621849,0.5546218487394958,0.6672201941630207
0.6050420168067226,0.5546218487394958,0.6704012899739559
0.6134453781512604,0.5546218487394958,0.6735668543909794
0.6218487394957983,0.5546218487394958,0.67671667683875
0.6302521008403361,0.5546218487394958,0.6798505520613952
0.6386554621848739,0.5546218487394958,0.6829682801483326
0.6470588235294117,0.5546218487394958,0.6860696665566292
0.6554621848739496,0.5546218487394958,0.6891545221299322
0.6638655462184874,0.5546218487394958,0.6922226631139998
0.6722689075630252,0.5546218487394958,0.6952739111688748
0.680672268907563,0.5546218487394958,0.6983080933777419
0.6890756302521008,0.5546218487394958,0.7013250422525082
0.6974789915966386,0.5546218487394958,0.7043245957361589
0.7058823529411764,0.5546218487394958,0.7073065972019279
0.7142857142857143,0.5546218487394958,0.7102708954493457
0.7226890756302521,0.5546218487394958,0.7132173446972101
0.7310924369747899,0.5546218487394958,0.7161458045735416
0.7394957983193277,0.5546218487394958,0.7190561401025789
0.7478991596638656,0.5546218487394958,0.7219482216888696
0.7563025210084033,0.5546218487394958,0.724821925098538
0.7647058823529411,0.5546218487394958,0.7276771314377639
0.7731092436974789,0.5546218487394958,0.7305137271285679
0.7815126050420168,0.5546218487394958,0.7333316038819513
0.7899159663865546,0.5546218487394958,0.7361306586684656
0.7983193277310924,0.5546218487394958,0.7389107936862875
0.8067226890756303,0.5546218487394958,0.7416719163268543
0.8151260504201681,0.5546218487394958,0.7444139391381538
0.8235294117647058,0.5546218487394958,0.7471367797857267
0.8319327731092436,0.5546218487394958,0.7498403610114532
0.8403361344537815,0.5546218487394958,0.7525246105902175
0.8487394957983193,0.5546218487394958,0.7551894612844997
0.8571428571428571,0.5546218487394958,0.7578348507969951
0.8655462184873949,0.5546218487394958,0.7604607217213197
0.8739495798319328,0.5546218487394958,0.7630670214908821
0.8823529411764706,0.5546218487394958,0.7656537023260093
0.8907563025210083,0.5546218487394958,0.7682207211793843
0.8991596638655461,0.5546218487394958,0.77076803967989
0.907563025210084,0.5546218487394958,0.773295624074918
0.9159663865546218,0.5546218487394958,0.7758034451712363
0.9243697478991596,0.5546218487394958,0.7782914782744776
0.9327731092436974,0.5546218487394958,0.7807597031273265
0.9411764705882353,0.5546218487394958,0.7832081038464868
0.9495798319327731,0.5546218487394958,0.7856366688584953
0.9579831932773109,0.5546218487394958,0.7880453908344546
0.9663865546218487,0.5546218487394958,0.7904342666237688
0.9747899159663865,0.5546218487394958,0.7928032971869347
0.9831932773109243,0.5546218487394958,0.7951524875274801
0.9915966386554621,0.5546218487394958,0.7974818466231038
1.0,0.5546218487394958,0.7997913873560885
0.0,0.5630252100840336,0.4200438587768009
0.008403361344537815,0.5630252100840336,0.42351190852168846
0.01680672268907563,0.5630252100840336,0.42698751063598067
0.025210084033613446,0.5630252100840336,0.43047033728366924
0.03361344537815126,0.5630252100840336,0.4339600578006496
0.04201680672268907,0.5630252100840336,0.43745633881585916
0.05042016806722689,0.5630252100840336,0.44095884437464977
0.058823529411764705,0.5630252100840336,0.44446723606430133
0.06722689075630252,0.5630252100840336,0.4479811731415803
0.07563025210084033,0.5630252100840336,0.4515003126622427
0.08403361344537814,0.5630252100840336,0.4550243096123816
0.09243697478991596,0.5630252100840336,0.45855281704151596
0.10084033613445378,0.5630252100840336,0.4620854861973059
0.1092436974789916,0.5630252100840336,0.46562196666179756
0.11764705882352941,0.5630252100840336,0.4691619064890756
0.12605042016806722,0.5630252100840336,0.47270495234421067
0.13445378151260504,0.5630252100840336,0.47625074964339503
0.14285714285714285,0.5630252100840336,0.4797989426951381
0.15126050420168066,0.5630252100840336,0.4833491748424104
0.15966386554621848,0.5630252100840336,0.48690108860561176
0.1680672268907563,0.5630252100840336,0.4904543258262453
0.1764705882352941,0.5630252100840336,0.4940085278111718
0.18487394957983191,0.5630252100840336,0.49756333547732534
0.19327731092436973,0.5630252100840336,0.5011183894967622
0.20168067226890757,0.5630252100840336,0.5046733304419175
0.21008403361344538,0.5630252100840336,0.5082277989309545
0.2184873949579832,0.5630252100840336,0.5117814357730656
0.226890756302521,0.5630252100840336,0.515333882113618
0.23529411764705882,0.5630252100840336,0.5188847795790025
0.24369747899159663,0.5630252100840336,0.5224337704210769
0.25210084033613445,0.5630252100840336,0.5259804976610679
0.26050420168067223,0.5630252100840336,0.5295246052328143
0.2689075630252101,0.5630252100840336,0.5330657381252343
0.2773109243697479,0.5630252100840336,0.5366035425238828
0.2857142857142857,0.5630252100840336,0.5401376659514948
0.29411764705882354,0.5630252100840336,0.5436677574073888
0.3025210084033613,0.5630252100840336,0.5471934675056112
0.31092436974789917,0.5630252100840336,0.5507144486117168
0.31932773109243695,0.5630252100840336,0.554230354978063
0.3277310924369748,0.5630252100840336,0.5577408428775168
0.3361344537815126,0.5630252100840336,0.5612455707354582
0.3445378151260504,0.5630252100840336,0.5647441992599789
0.3529411764705882,0.5630252100840336,0.5682363915701782
0.36134453781512604,0.5630252100840336,0.5717218133224384
0.36974789915966383,0.5630252100840336,0.5752001328346102
0.37815126050420167,0.5630252100840336,0.5786710212079829
0.38655462184873945,0.5630252100840336,0.5821341524469765
0.3949579831932773,0.5630252100840336,0.585589203576445
0.40336134453781514,0.5630252100840336,0.5890358547565162
0.4117647058823529,0.5630252100840336,0.5924737893948948
0.42016806722689076,0.5630252100840336,0.5959026942565294
0.42857142857142855,0.5630252100840336,0.5993222595705903
0.4369747899159664,0.5630252100840336,0.6027321791346772
0.4453781512605042,0.5630252100840336,0.6061321504161882
0.453781512605042,0.5630252100840336,0.6095218746507931
0.4621848739495798,0.5630252100840336,0.6129010569379476
0.47058823529411764,0.5630252100840336,0.6162694063333962
0.4789915966386554,0.5630252100840336,0.6196266359386031
0.48739495798319327,0.5630252100840336,0.6229724629870812
0.49579831932773105,0.5630252100840336,0.6263066089275567
0.5042016806722689,0.5630252100840336,0.6296287995039359
0.5126050420168067,0.5630252100840336,0.6329387648320489
0.5210084033613445,0.5630252100840336,0.6362362394731229
0.5294117647058824,0.5630252100840336,0.6395209625039672
0.5378151260504201,0.5630252100840336,0.6427926775838435
0.5462184873949579,0.5630252100840336,0.6460511330179972
0.5546218487394958,0.5630252100840336,0.6492960818178451
0.5630252100840336,0.5630252100840336,0.6525272817577968
0.5714285714285714,0.5630252100840336,0.6557444954287052
0.5798319327731092,0.5630252100840336,0.6589474902879446
0.5882352941176471,0.5630252100840336,0.662136038706111
0.5966386554621849,0.5630252100840336,0.6653099180103519
0.6050420168067226,0.5630252100840336,0.6684689105243277
0.6134453781512604,0.5630252100840336,0.6716128036048267
0.6218487394957983,0.5630252100840336,0.6747413896750297
0.6302521008403361,0.5630252100840336,0.677854466254452
0.6386554621848739,0.5630252100840336,0.6809518359855907
0.6470588235294117,0.5630252100840336,0.6840333066572818
0.6554621848739496,0.5630252100840336,0.687098691224813
0.6638655462184874,0.5630252100840336,0.6901478078268142
0.6722689075630252,0.5630252100840336,0.6931804797989507
0.680672268907563,0.5630252100840336,0.6961965356844773
0.6890756302521008,0.5630252100840336,0.6991958092416657
0.6974789915966386,0.5630252100840336,0.7021781394481663
0.7058823529411764,0.5630252100840336,0.7051433705023418
0.7142857142857143,0.5630252100840336,0.7080913518216089
0.7226890756302521,0.5630252100840336,0.7110219380378615
0.7310924369747899,0.5630252100840336,0.7139349889899979
0.7394957983193277,0.5630252100840336,0.7168303697136243
0.7478991596638656,0.5630252100840336,0.719707950427984
0.7563025210084033,0.5630252100840336,0.7225676065201649
0.7647058823529411,0.5630252100840336,0.7254092185266531
0.7731092436974789,0.5630252100840336,0.7282326721122819
0.7815126050420168,0.5630252100840336,0.7310378580466476
0.7899159663865546,0.5630252100840336,0.7338246721780509
0.7983193277310924,0.5630252100840336,0.7365930154050252
0.8067226890756303,0.5630252100840336,0.7393427936455254
0.8151260504201681,0.5630252100840336,0.7420739178038382
0.8235294117647058,0.5630252100840336,0.7447863037352795
0.8319327731092436,0.5630252100840336,0.7474798722087571
0.8403361344537815,0.5630252100840336,0.7501545488672542
0.8487394957983193,0.5630252100840336,0.752810264186315
0.8571428571428571,0.5630252100840336,0.7554469534306001
0.8655462184873949,0.5630252100840336,0.7580645566085733
0.8739495798319328,0.5630252100840336,0.7606630184254082
0.8823529411764706,0.5630252100840336,0.7632422882341674
0.8907563025210083,0.5630252100840336,0.7658023199853379
0.8991596638655461,0.5630252100840336,0.7683430721747917
0.907563025210084,0.5630252100840336,0.7708645077902342
0.9159663865546218,0.5630252100840336,0.773366594256231
0.9243697478991596,0.5630252100840336,0.775849303377857
0.9327731092436974,0.5630252100840336,0.7783126112830641
0.9411764705882353,0.5630252100840336,0.7807564983638211
0.9495798319327731,0.5630252100840336,0.7831809492160988
0.9579831932773109,0.5630252100840336,0.7855859525787775
0.9663865546218487,0.5630252100840336,0.7879715012715333
0.9747899159663865,0.5630252100840336,0.7903375921317735
0.9831932773109243,0.5630252100840336,0.7926842259507019
0.9915966386554621,0.5630252100840336,0.7950114074085548
1.0,0.5630252100840336,0.7973191450090976
0.0,0.5714285714285714,0.42039322824452424
0.008403361344537815,0.5714285714285714,0.42382757367815693
0.01680672268907563,0.5714285714285714,0.4272692931528416
0.025210084033613446,0.5714285714285714,0.43071806826077397
0.03361344537815126,0.5714285714285714,0.43417357788604993
0.04201680672268907,0.5714285714285714,0.4376354983200784
0.05042016806722689,0.5714285714285714,0.4411035033790833
0.058823529411764705,0.5714285714285714,0.4445772645236228
0.06722689075630252,0.5714285714285714,0.44805645098002483
0.07563025210084033,0.5714285714285714,0.4515407298636556
0.08403361344537814,0.5714285714285714,0.4550297663039177
0.09243697478991596,0.5714285714285714,0.4585232235708893
0.10084033613445378,0.5714285714285714,0.46202076320349417
0.1092436974789916,0.5714285714285714,0.4655220451391072
0.11764705882352941,0.5714285714285714,0.4690267278444938
0.12605042016806722,0.5714285714285714,0.4725344684479676
0.13445378151260504,0.5714285714285714,0.47604492287266836
0.14285714285714285,0.5714285714285714,0.4795577459708473
0.15126050420168066,0.5714285714285714,0.4830725916590456
0.15966386554621848,0.5714285714285714,0.48658911305406133
0.1680672268907563,0.5714285714285714,0.49010696260958336
0.1764705882352941,0.5714285714285714,0.4936257922533861
0.18487394957983191,0.5714285714285714,0.4971452535249679
0.19327731092436973,0.5714285714285714,0.5006649977135081
0.20168067226890757,0.5714285714285714,0.5041846759960452
0.21008403361344538,0.5714285714285714,0.5077039395757413
0.2184873949579832,0.5714285714285714,0.5112224398201312
0.226890756302521,0.5714285714285714,0.5147398283992264
0.23529411764705882,0.5714285714285714,0.5182557574233684
0.24369747899159663,0.5714285714285714,0.5217698795807149
0.25210084033613445,0.5714285714285714,0.5252818482742297
0.26050420168067223,0.5714285714285714,0.528791317758084
0.2689075630252101,0.5714285714285714,0.5322979432733352
0.2773109243697479,0.5714285714285714,0.5358013811827835
0.2857142857142857,0.5714285714285714,0.5393012891048875
0.29411764705882354,0.5714285714285714,0.5427973260466313
0.3025210084033613,0.5714285714285714,0.546289152535238
0.31092436974789917,0.5714285714285714,0.5497764307486128
0.31932773109243695,0.5714285714285714,0.5532588246444187
0.3277310924369748,0.5714285714285714,0.5567360000876861
0.3361344537815126,0.5714285714285714,0.5602076249768344
0.3445378151260504,0.5714285714285714,0.5636733693680357
0.3529411764705882,0.5714285714285714,0.5671329055977959
0.36134453781512604,0.5714285714285714,0.570585908403681
0.36974789915966383,0.5714285714285714,0.5740320550430813
0.37815126050420167,0.5714285714285714,0.5774710254099392
0.38655462184873945,0.5714285714285714,0.580902502149335
0.3949579831932773,0.5714285714285714,0.5843261707698684
0.40336134453781514,0.5714285714285714,0.5877417197537447
0.4117647058823529,0.5714285714285714,0.5911488406644883
0.42016806722689076,0.5714285714285714,0.5945472282522095
0.42857142857142855,0.5714285714285714,0.5979365805563617
0.4369747899159664,0.5714285714285714,0.6013165990059115
0.4453781512605042,0.5714285714285714,0.6046869885168663
0.453781512605042,0.5714285714285714,0.608047457587091
0.4621848739495798,0.5714285714285714,0.6113977183883657
0.47058823529411764,0.5714285714285714,0.6147374868556217
0.4789915966386554,0.5714285714285714,0.6180664827733193
0.48739495798319327,0.5714285714285714,0.6213844298589051
0.49579831932773105,0.5714285714285714,0.6246910558433165
0.5042016806722689,0.5714285714285714,0.6279860925484984
0.5126050420168067,0.5714285714285714,0.6312692759618803
0.5210084033613445,0.5714285714285714,0.6345403463078083
0.5294117647058824,0.5714285714285714,0.6377990481158771
0.5378151260504201,0.5714285714285714,0.6410451302861542
0.5462184873949579,0.5714285714285714,0.6442783461512783
0.5546218487394958,0.5714285714285714,0.647498453535398
0.5630252100840336,0.5714285714285714,0.6507052148099616
0.5714285714285714,0.5714285714285714,0.6538983969463266
0.5798319327731092,0.5714285714285714,0.6570777715651953
0.5882352941176471,0.5714285714285714,0.6602431149828751
0.5966386554621849,0.5714285714285714,0.6633942082543494
0.6050420168067226,0.5714285714285714,0.6665308372131896
0.6134453781512604,0.5714285714285714,0.6696527925082914
0.6218487394957983,0.5714285714285714,0.6727598696374548
0.6302521008403361,0.5714285714285714,0.6758518689778297
0.6386554621848739,0.5714285714285714,0.6789285958132335
0.6470588235294117,0.5714285714285714,0.6819898603583661
0.6554621848739496,0.5714285714285714,0.685035477779946
0.6638655462184874,0.5714285714285714,0.688065268214792
0.6722689075630252,0.5714285714285714,0.6910790567848817
0.680672268907563,0.5714285714285714,0.6940766736094167
0.6890756302521008,0.5714285714285714,0.6970579538139253
0.6974789915966386,0.5714285714285714,0.7000227375364542
0.7058823529411764,0.5714285714285714,0.7029708699308638
0.7142857142857143,0.5714285714285714,0.7059022011672968
0.7226890756302521,0.5714285714285714,0.7088165864298427
0.7310924369747899,0.5714285714285714,0.7117138859114475
0.7394957983193277,0.5714285714285714,0.7145939648061352
0.7478991596638656,0.5714285714285714,0.7174566932985613
0.7563025210084033,0.5714285714285714,0.7203019465509738
0.7647058823529411,0.5714285714285714,0.7231296046876257
0.7731092436974789,0.5714285714285714,0.7259395527766909
0.7815126050420168,0.5714285714285714,0.7287316808097515
0.7899159663865546,0.5714285714285714,0.731505883678898
0.7983193277310924,0.5714285714285714,0.7342620611515197
0.8067226890756303,0.5714285714285714,0.7370001178428283
0.8151260504201681,0.5714285714285714,0.7397199631861894
0.8235294117647058,0.5714285714285714,0.7424215114013178
0.8319327731092436,0.5714285714285714,0.7451046814603997
0.8403361344537815,0.5714285714285714,0.7477693970522103
0.8487394957983193,0.5714285714285714,0.7504155865442826
0.8571428571428571,0.5714285714285714,0.7530431829432054
0.8655462184873949,0.5714285714285714,0.7556521238531027
0.8739495798319328,0.5714285714285714,0.758242351432368
0.8823529411764706,0.5714285714285714,0.7608138123487245
0.8907563025210083,0.5714285714285714,0.7633664577326603
0.8991596638655461,0.5714285714285714,0.7659002431293253
0.907563025210084,0.5714285714285714,0.768415128448944
0.9159663865546218,0.5714285714285714,0.7709110779158137
0.9243697478991596,0.5714285714285714,0.7733880600159567
0.9327731092436974,0.5714285714285714,0.7758460474434874
0.9411764705882353,0.5714285714285714,0.7782850170457619
0.9495798319327731,0.5714285714285714,0.7807049497673849
0.9579831932773109,0.5714285714285714,0.7831058305931204
0.9663865546218487,0.5714285714285714,0.7854876484897864
0.9747899159663865,0.5714285714285714,0.7878503963471873
0.9831932773109243,0.5714285714285714,0.7901940709181562
0.9915966386554621,0.5714285714285714,0.7925186727577617
1.0,0.5714285714285714,0.7948242061617435
0.0,0.5798319327731092,0.4207426774859774
0.008403361344537815,0.5798319327731092,0.42414330101093345
0.01680672268907563,0.5798319327731092,0.4275511228756257
0.025210084033613446,0.5798319327731092,0.43096583392361554
0.03361344537815126,0.5798319327731092,0.43438712240636335
0.04201680672268907,0.5798319327731092,0.43781467409312114
0.05042016806722689,0.5798319327731092,0.44124817238279246
0.058823529411764705,0.5798319327731092,0.4446872984176817
0.06722689075630252,0.5798319327731092,0.4481317311990464
0.07563025210084033,0.5798319327731092,0.4515811477043684
0.08403361344537814,0.5798319327731092,0.45503522300625276
0.09243697478991596,0.5798319327731092,0.4584936303928678
0.10084033613445378,0.5798319327731092,0.46195604148982344
0.1092436974789916,0.5798319327731092,0.4654221263834062
0.11764705882352941,0.5798319327731092,0.468891553745064
0.12605042016806722,0.5798319327731092,0.4723639909570443
0.13445378151260504,0.5798319327731092,0.47583910423908843
0.14285714285714285,0.5798319327731092,0.47931655877607554
0.15126050420168066,0.5798319327731092,0.4827960188465173
0.15966386554621848,0.5798319327731092,0.4862771479517967
0.1680672268907563,0.5798319327731092,0.48975960894604464
0.1764705882352941,0.5798319327731092,0.49324306416655284
0.18487394957983191,0.5798319327731092,0.4967271755646087
0.19327731092436973,0.5798319327731092,0.5002116048366526
0.20168067226890757,0.5798319327731092,0.5036960135556401
0.21008403361344538,0.5798319327731092,0.5071800633025138
0.2184873949579832,0.5798319327731092,0.51066341579766
0.226890756302521,0.5798319327731092,0.5141457330322565
0.23529411764705882,0.5798319327731092,0.5176266773993953
0.24369747899159663,0.5798319327731092,0.521105911824872
0.25210084033613445,0.5798319327731092,0.5245830998975392
0.26050420168067223,0.5798319327731092,0.5280579059991094
0.2689075630252101,0.5798319327731092,0.5315299954333143
0.2773109243697479,0.5798319327731092,0.5349990345542944
0.2857142857142857,0.5798319327731092,0.5384646908941393
0.29411764705882354,0.5798319327731092,0.5419266332894567
0.3025210084033613,0.5798319327731092,0.5453845320068748
0.31092436974789917,0.5798319327731092,0.548838058867383
0.31932773109243695,0.5798319327731092,0.5522868873694035
0.3277310924369748,0.5798319327731092,0.5557306928105046
0.3361344537815126,0.5798319327731092,0.5591691524076556
0.3445378151260504,0.5798319327731092,0.5626019454159329
0.3529411764705882,0.5798319327731092,0.5660287532455889
0.36134453781512604,0.5798319327731092,0.5694492595773862
0.36974789915966383,0.5798319327731092,0.572863150476128
0.37815126050420167,0.5798319327731092,0.5762701145022762
0.38655462184873945,0.5798319327731092,0.5796698428216039
0.3949579831932773,0.5798319327731092,0.5830620293127837
0.40336134453781514,0.5798319327731092,0.5864463706728416
0.4117647058823529,0.5798319327731092,0.5898225665204123
0.42016806722689076,0.5798319327731092,0.5931903194967059
0.42857142857142855,0.5798319327731092,0.5965493353641478
0.4369747899159664,0.5798319327731092,0.599899323102598
0.4453781512605042,0.5798319327731092,0.6032399950031107
0.453781512605042,0.5798319327731092,0.6065710667591696
0.4621848739495798,0.5798319327731092,0.6098922575553354
0.47058823529411764,0.5798319327731092,0.6132032901532763
0.4789915966386554,0.5798319327731092,0.6165038909751102
0.48739495798319327,0.5798319327731092,0.6197937901840272
0.49579831932773105,0.5798319327731092,0.6230727217621512
0.5042016806722689,0.5798319327731092,0.6263404235855973
0.5126050420168067,0.5798319327731092,0.6295966374966944
0.5210084033613445,0.5798319327731092,0.6328411093733453
0.5294117647058824,0.5798319327731092,0.6360735891954867
0.5378151260504201,0.5798319327731092,0.6392938311086367
0.5462184873949579,0.5798319327731092,0.6425015934845016
0.5546218487394958,0.5798319327731092,0.6456966389786265
0.5630252100840336,0.5798319327731092,0.6488787345850792
0.5714285714285714,0.5798319327731092,0.6520476516881483
0.5798319327731092,0.5798319327731092,0.6552031661110606
0.5882352941176471,0.5798319327731092,0.6583450581616996
0.5966386554621849,0.5798319327731092,0.6614731126753355
0.6050420168067226,0.5798319327731092,0.6645871190543656
0.6134453781512604,0.5798319327731092,0.6676868713050651
0.6218487394957983,0.5798319327731092,0.6707721680713665
0.6302521008403361,0.5798319327731092,0.6738428126656684
0.6386554621848739,0.5798319327731092,0.6768986130966982
0.6470588235294117,0.5798319327731092,0.6799393820944395
0.6554621848739496,0.5798319327731092,0.6829649371321415
0.6638655462184874,0.5798319327731092,0.6859751004454464
0.6722689075630252,0.5798319327731092,0.6889696990486429
0.680672268907563,0.5798319327731092,0.6919485647480854
0.6890756302521008,0.5798319327731092,0.6949115341528056
0.6974789915966386,0.5798319327731092,0.6978584486823498
0.7058823529411764,0.5798319327731092,0.7007891545718757
0.7142857142857143,0.5798319327731092,0.7037035028745484
0.7226890756302521,0.5798319327731092,0.7066013494612703
0.7310924369747899,0.5798319327731092,0.7094825550177951
0.7394957983193277,0.5798319327731092,0.7123469850392573
0.7478991596638656,0.5798319327731092,0.7151945098221749
0.7563025210084033,0.5798319327731092,0.7180250044539611
0.7647058823529411,0.5798319327731092,0.7208383487999998
0.7731092436974789,0.5798319327731092,0.7236344274883377
0.7815126050420168,0.5798319327731092,0.7264131298920353
0.7899159663865546,0.5798319327731092,0.7291743501092371
0.7983193277310924,0.5798319327731092,0.7319179869410153
0.8067226890756303,0.5798319327731092,0.7346439438670361
0.8151260504201681,0.5798319327731092,0.7373521290191117
0.8235294117647058,0.5798319327731092,0.7400424551526936
0.8319327731092436,0.5798319327731092,0.7427148396163596
0.8403361344537815,0.5798319327731092,0.745369204319367
0.8487394957983193,0.5798319327731092,0.7480054756973108
0.8571428571428571,0.5798319327731092,0.7506235846759741
0.8655462184873949,0.5798319327731092,0.7532234666334006
0.8739495798319328,0.5798319327731092,0.7558050613602826
0.8823529411764706,0.5798319327731092,0.7583683130186996
0.8907563025210083,0.5798319327731092,0.7609131700992785
0.8991596638655461,0.5798319327731092,0.7634395853768481
0.907563025210084,0.5798319327731092,0.7659475158646278
0.9159663865546218,0.5798319327731092,0.7684369227670388
0.9243697478991596,0.5798319327731092,0.7709077714311717
0.9327731092436974,0.5798319327731092,0.7733600312969935
0.9411764705882353,0.5798319327731092,0.7757936758463506
0.9495798319327731,0.5798319327731092,0.7782086825508201
0.9579831932773109,0.5798319327731092,0.7806050328184827
0.9663865546218487,0.5798319327731092,0.7829827119396698
0.9747899159663865,0.5798319327731092,0.7853417090317405
0.9831932773109243,0.5798319327731092,0.787682016982969
0.9915966386554621,0.5798319327731092,0.790003632395573
1.0,0.5798319327731092,0.7923065555279574
0.0,0.5882352941176471,0.42109220616907245
0.008403361344537815,0.5882352941176471,0.4244590902744747
0.01680672268907563,0.5882352941176471,0.42783299962927246
0.025210084033613446,0.5882352941176471,0.4312136341529816
0.03361344537815126,0.5882352941176471,0.4346006912851041
0.04201680672268907,0.5882352941176471,0.4379938660897176
0.05042016806722689,0.5882352941176471,0.44139285136190404
0.058823529411764705,0.5882352941176471,0.4447973377359557
0.06722689075630252,0.5882352941176471,0.4482070137952699
0.07563025210084033,0.5882352941176471,0.45162156618385824
0.08403361344537814,0.5882352941176471,0.4550406797193862
0.09243697478991596,0.5882352941176471,0.4584640375076568
0.10084033613445378,0.5882352941176471,0.46189132105844993
0.1092436974789916,0.5882352941176471,0.46532221040263666
0.11764705882352941,0.5882352941176471,0.4687563842104681
0.12605042016806722,0.5882352941176471,0.4721935199109561
0.13445378151260504,0.5882352941176471,0.47563329381224206
0.14285714285714285,0.5882352941176471,0.4790753812228724
0.15126050420168066,0.5882352941176471,0.4825194565738727
0.15966386554621848,0.5882352941176471,0.4859651935415272
0.1680672268907563,0.5882352941176471,0.48941226517077224
0.1764705882352941,0.5882352941176471,0.49286034399909195
0.18487394957983191,0.5882352941176471,0.49630910218083
0.19327731092436973,0.5882352941176471,0.49975821161180756
0.20168067226890757,0.5882352941176471,0.5032073440541494
0.21008403361344538,0.5882352941176471,0.5066561712612225
0.2184873949579832,0.5882352941176471,0.5101043651025745
0.226890756302521,0.5882352941176471,0.5135515976887887
0.23529411764705882,0.5882352941176471,0.5169975414961313
0.24369747899159663,0.5882352941176471,0.5204418694909153
0.25210084033613445,0.5882352941176471,0.5238842552534614
0.26050420168067223,0.5882352941176471,0.5273243731015625
0.2689075630252101,0.5882352941176471,0.5307618982133622
0.2773109243697479,0.5882352941176471,0.5341965067495292
0.2857142857142857,0.5882352941176471,0.5376278759746518
0.29411764705882354,0.5882352941176471,0.54105568437774
0.3025210084033613,0.5882352941176471,0.5444796117917479
0.31092436974789917,0.5882352941176471,0.5478993395120271
0.31932773109243695,0.5882352941176471,0.5513145504136031
0.3277310924369748,0.5882352941176471,0.5547249290672059
0.3361344537815126,0.5882352941176471,0.558130161853945
0.3445378151260504,0.5882352941176471,0.5615299370785578
0.3529411764705882,0.5882352941176471,0.5649239450811376
0.36134453781512604,0.5882352941176471,0.5683118783472625
0.36974789915966383,0.5882352941176471,0.571693431616437
0.37815126050420167,0.5882352941176471,0.5750683019887816
0.38655462184873945,0.5882352941176471,0.5784361890298796
0.3949579831932773,0.5882352941176471,0.5817967948737139
0.40336134453781514,0.5882352941176471,0.5851498243236246
0.4117647058823529,0.5882352941176471,0.5884949849512146
0.42016806722689076,0.5882352941176471,0.5918319871931343
0.42857142857142855,0.5882352941176471,0.5951605444456963
0.4369747899159664,0.5882352941176471,0.5984803731572369
0.4453781512605042,0.5882352941176471,0.6017911929181907
0.453781512605042,0.5882352941176471,0.6050927265488013
0.4621848739495798,0.5882352941176471,0.6083847001844388
0.47058823529411764,0.5882352941176471,0.6116668433584515
0.4789915966386554,0.5882352941176471,0.6149388890825236
0.48739495798319327,0.5882352941176471,0.6182005739244963
0.49579831932773105,0.5882352941176471,0.6214516380835912
0.5042016806722689,0.5882352941176471,0.6246918254630326
0.5126050420168067,0.5882352941176471,0.6279208837400073
0.5210084033613445,0.5882352941176471,0.6311385644329397
0.5294117647058824,0.5882352941176471,0.6343446229660695
0.5378151260504201,0.5882352941176471,0.6375388187312806
0.5462184873949579,0.5882352941176471,0.6407209151471902
0.5546218487394958,0.5882352941176471,0.6438906797154533
0.5630252100840336,0.5882352941176471,0.6470478840742865
0.5714285714285714,0.5882352941176471,0.6501923040491955
0.5798319327731092,0.5882352941176471,0.6533237197008871
0.5882352941176471,0.5882352941176471,0.6564419153703777
0.5966386554621849,0.5882352941176471,0.6595466797212823
0.6050420168067226,0.5882352941176471,0.6626378057792829
0.6134453781512604,0.5882352941176471,0.6657150909687998
0.6218487394957983,0.5882352941176471,0.6687783371468431
0.6302521008403361,0.5882352941176471,0.6718273506340742
0.6386554621848739,0.5882352941176471,0.674861942243083
0.6470588235294117,0.5882352941176471,0.6778819273038904
0.6554621848739496,0.5882352941176471,0.6808871256867018
0.6638655462184874,0.5882352941176471,0.6838773618219229
0.6722689075630252,0.5882352941176471,0.6868524647174646
0.680672268907563,0.5882352941176471,0.6898122679733619
0.6890756302521008,0.5882352941176471,0.6927566097937252
0.6974789915966386,0.5882352941176471,0.6956853329960692
0.7058823529411764,0.5882352941176471,0.6985982850180323
0.7142857142857143,0.5882352941176471,0.701495317921529
0.7226890756302521,0.5882352941176471,0.7043762883943803
0.7310924369747899,0.5882352941176471,0.7072410577494279
0.7394957983193277,0.5882352941176471,0.7100894919212166
0.7478991596638656,0.5882352941176471,0.7129214614602405
0.7563025210084033,0.5882352941176471,0.7157368415248279
0.7647058823529411,0.5882352941176471,0.718535511870694
0.7731092436974789,0.5882352941176471,0.7213173568382062
0.7815126050420168,0.5882352941176471,0.7240822653374216
0.7899159663865546,0.5882352941176471,0.7268301308309241
0.7983193277310924,0.5882352941176471,0.7295608513145342
0.8067226890756303,0.5882352941176471,0.732274329295924
0.8151260504201681,0.5882352941176471,0.7349704717711941
0.8235294117647058,0.5882352941176471,0.7376491901994742
0.8319327731092436,0.5882352941176471,0.7403104004755844
0.8403361344537815,0.5882352941176471,0.7429540229008258
0.8487394957983193,0.5882352941176471,0.745579982151948
0.8571428571428571,0.5882352941176471,0.7481882072483526
0.8655462184873949,0.5882352941176471,0.7507786315175843
0.8739495798319328,0.5882352941176471,0.7533511925591728
0.8823529411764706,0.5882352941176471,0.755905832206876
0.8907563025210083,0.5882352941176471,0.7584424964893872
0.8991596638655461,0.5882352941176471,0.7609611355895576
0.907563025210084,0.5882352941176471,0.7634617038022008
0.9159663865546218,0.5882352941176471,0.7659441594905277
0.9243697478991596,0.5882352941176471,0.7684084650412736
0.9327731092436974,0.5882352941176471,0.7708545868185769
0.9411764705882353,0.5882352941176471,0.773282495116665
0.9495798319327731,0.5882352941176471,0.775692164111401
0.9579831932773109,0.5882352941176471,0.7780835718107586
0.9663865546218487,0.5882352941176471,0.7804567000042678
0.9747899159663865,0.5882352941176471,0.7828115342115006
0.9831932773109243,0.5882352941176471,0.7851480636296461
0.9915966386554621,0.5882352941176471,0.7874662810802271
1.0,0.5882352941176471,0.7897661829550254
0.0,0.5966386554621849,0.42144181396141
0.008403361344537815,0.5966386554621849,0.42477494122303666
0.01680672268907563,0.5966386554621849,0.4281149232386026
0.025210084033613446,0.5966386554621849,0.43146146882959113
0.03361344537815126,0.5966386554621849,0.4348142844457512
0.04201680672268907,0.5966386554621849,0.43817307426458074
0.05042016806722689,0.5966386554621849,0.44153754029253856
0.058823529411764705,0.5966386554621849,0.4449073824679207
0.06722689075630252,0.5966386554621849,0.4482822987653197
0.07563025210084033,0.5966386554621849,0.45166198530160234
0.08403361344537814,0.5966386554621849,0.4550461364433169
0.09243697478991596,0.5966386554621849,0.4584344449154621
0.10084033613445378,0.5966386554621849,0.46182660191152974
0.1092436974789916,0.5966386554621849,0.4652222972047391
0.11764705882352941,0.5966386554621849,0.4686212192603863
0.12605042016806722,0.5966386554621849,0.4720230553492109
0.13445378151260504,0.5966386554621849,0.475427491661706
0.14285714285714285,0.5966386554621849,0.47883421342327165
0.15126050420168066,0.5966386554621849,0.4822429050101345
0.15966386554621848,0.5966386554621849,0.4856532500659306
0.1680672268907563,0.5966386554621849,0.48906493161886966
0.1764705882352941,0.5966386554621849,0.49247763219938784
0.18487394957983191,0.5966386554621849,0.49589103395818784
0.19327731092436973,0.5966386554621849,0.49930481878458954
0.20168067226890757,0.5966386554621849,0.5027186684250745
0.21008403361344538,0.5966386554621849,0.5061322646019577
0.2184873949579832,0.5966386554621849,0.5095452891320668
0.226890756302521,0.5966386554621849,0.5129574240453534
0.23529411764705882,0.5966386554621849,0.5163683517033338
0.24369747899159663,0.5966386554621849,0.5197777549172646
0.25210084033613445,0.5966386554621849,0.5231853170659685
0.26050420168067223,0.5966386554621849,0.5265907222132032
0.2689075630252101,0.5966386554621849,0.5299936552244965
0.2773109243697479,0.5966386554621849,0.5333938018833463
0.2857142857142857,0.5966386554621849,0.5367908490066949
0.29411764705882354,0.5966386554621849,0.5401844845595939
0.3025210084033613,0.5966386554621849,0.5435743977689678
0.31092436974789917,0.5966386554621849,0.546960279236385
0.31932773109243695,0.5966386554621849,0.5503418210497592
0.3277310924369748,0.5966386554621849,0.5537187168938854
0.3361344537815126,0.5966386554621849,0.557090662159738
0.3445378151260504,0.5966386554621849,0.5604573540524427
0.3529411764705882,0.5966386554621849,0.5638184916978464
0.36134453781512604,0.5966386554621849,0.5671737762476022
0.36974789915966383,0.5966386554621849,0.5705229109827008
0.37815126050420167,0.5966386554621849,0.573865601415368
0.38655462184873945,0.5966386554621849,0.5772015553892622
0.3949579831932773,0.5966386554621849,0.580530483177895
0.40336134453781514,0.5966386554621849,0.5838520975812178
0.4117647058823529,0.5966386554621849,0.5871661140202957
0.42016806722689076,0.5966386554621849,0.5904722506300274
0.42857142857142855,0.5966386554621849,0.5937702283498213
0.4369747899159664,0.5966386554621849,0.5970597710122055
0.4453781512605042,0.5966386554621849,0.6003406054292809
0.453781512605042,0.5966386554621849,0.6036124614769987
0.4621848739495798,0.5966386554621849,0.6068750721771893
0.47058823529411764,0.5966386554621849,0.6101281737772992
0.4789915966386554,0.5966386554621849,0.6133715058278115
0.48739495798319327,0.5966386554621849,0.6166048112572797
0.49579831932773105,0.5966386554621849,0.6198278364449578
0.5042016806722689,0.5966386554621849,0.6230403312909856
0.5126050420168067,0.5966386554621849,0.6262420492840898
0.5210084033613445,0.5966386554621849,0.6294327475667855
0.5294117647058824,0.5966386554621849,0.632612186998034
0.5378151260504201,0.5966386554621849,0.6357801322133483
0.5462184873949579,0.5966386554621849,0.6389363516823191
0.5546218487394958,0.5966386554621849,0.6420806177635355
0.5630252100840336,0.5966386554621849,0.6452127067569043
0.5714285714285714,0.5966386554621849,0.6483323989533339
0.5798319327731092,0.5966386554621849,0.6514394786817905
0.5882352941176471,0.5966386554621849,0.6545337343537085
0.5966386554621849,0.5966386554621849,0.6576149585047542
0.6050420168067226,0.5966386554621849,0.6606829478339479
0.6134453781512604,0.5966386554621849,0.6637375032401363
0.6218487394957983,0.5966386554621849,0.666778429855823
0.6302521008403361,0.5966386554621849,0.6698055370783687
0.6386554621848739,0.5966386554621849,0.6728186385985575
0.6470588235294117,0.5966386554621849,0.6758175524265613
0.6554621848739496,0.5966386554621849,0.6788021009152911
0.6638655462184874,0.5966386554621849,0.6817721107811763
0.6722689075630252,0.5966386554621849,0.6847274131223724
0.680672268907563,0.5966386554621849,0.6876678434344304
0.6890756302521008,0.5966386554621849,0.6905932416234423
0.6974789915966386,0.5966386554621849,0.6935034520166969
0.7058823529411764,0.5966386554621849,0.6963983233708608
0.7142857142857143,0.5966386554621849,0.699277708877734
0.7226890756302521,0.5966386554621849,0.702141466167589
0.7310924369747899,0.5966386554621849,0.7049894573101415
0.7394957983193277,0.5966386554621849,0.7078215488131844
0.7478991596638656,0.5966386554621849,0.7106376116189178
0.7563025210084033,0.5966386554621849,0.7134375210980219
0.7647058823529411,0.5966386554621849,0.7162211570414965
0.7731092436974789,0.5966386554621849,0.718988403650334
0.7815126050420168,0.5966386554621849,0.7217391495230403
0.7899159663865546,0.5966386554621849,0.7244732876410642
0.7983193277310924,0.5966386554621849,0.7271907153521845
0.8067226890756303,0.5966386554621849,0.72989133435188
0.8151260504201681,0.5966386554621849,0.7325750506627543
0.8235294117647058,0.5966386554621849,0.7352417746120491
0.8319327731092436,0.5966386554621849,0.7378914208072918
0.8403361344537815,0.5966386554621849,0.7405239081101465
0.8487394957983193,0.5966386554621849,0.7431391596084932
0.8571428571428571,0.5966386554621849,0.7457371025868103
0.8655462184873949,0.5966386554621849,0.7483176684948935
0.8739495798319328,0.5966386554621849,0.7508807929149737
0.8823529411764706,0.5966386554621849,0.7534264155272922
0.8907563025210083,0.5966386554621849,0.7559544800741598
0.8991596638655461,0.5966386554621849,0.7584649343225942
0.907563025210084,0.5966386554621849,0.7609577300255493
0.9159663865546218,0.5966386554621849,0.7634328228818132
0.9243697478991596,0.5966386554621849,0.7658901724946283
0.9327731092436974,0.5966386554621849,0.7683297423290708
0.9411764705882353,0.5966386554621849,0.7707514996682641
0.9495798319327731,0.5966386554621849,0.7731554155684633
0.9579831932773109,0.5966386554621849,0.7755414648130731
0.9663865546218487,0.5966386554621849,0.7779096258656496
0.9747899159663865,0.5966386554621849,0.7802598808219388
0.9831932773109243,0.5966386554621849,0.782592215361
0.9915966386554621,0.5966386554621849,0.7849066186954792
1.0,0.5966386554621849,0.7872030835210643
0.0,0.6050420168067226,0.42179150053027487
0.008403361344537815,0.6050420168067226,0.4250908536106762
0.01680672268907563,0.6050420168067226,0.42839689352831456
0.025210084033613446,0.6050420168067226,0.43170933783409493
0.03361344537815126,0.6050420168067226,0.43502790181174755
0.04201680672268907,0.6050420168067226,0.43835229857240715
0.05042016806722689,0.6050420168067226,0.4416822391508099
0.058823529411764705,0.6050420168067226,0.4450174326030497
0.06722689075630252,0.6050420168067226,0.4483575861058206
0.07563025210084033,0.6050420168067226,0.45170240505707726
0.08403361344537814,0.6050420168067226,0.45505159317804267
0.09243697478991596,0.6050420168067226,0.4584048526164899
0.10084033613445378,0.6050420168067226,0.4617618840512181
0.1092436974789916,0.6050420168067226,0.4651223867976544
0.11764705882352941,0.6050420168067226,0.46848605891449463
0.12605042016806722,0.6050420168067226,0.4718525973113122
0.13445378151260504,0.6050420168067226,0.475221697857045
0.14285714285714285,0.6050420168067226,0.47859305548928666
0.15126050420168066,0.6050420168067226,0.4819663643242991
0.15966386554621848,0.6050420168067226,0.4853413177676482
0.1680672268907563,0.6050420168067226,0.48871760862540226
0.1764705882352941,0.6050420168067226,0.49209492921578446
0.18487394957983191,0.6050420168067226,0.49547297148121
0.19327731092436973,0.6050420168067226,0.4988514271006104
0.20168067226890757,0.6050420168067226,0.5022299876019621
0.21008403361344538,0.6050420168067226,0.5056083444749384
0.2184873949579832,0.6050420168067226,0.5089861892835786
0.226890756302521,0.6050420168067226,0.5123632137789156
0.23529411764705882,0.6050420168067226,0.5157391100114423
0.24369747899159663,0.6050420168067226,0.5191135704433597
0.25210084033613445,0.6050420168067226,0.522486288060497
0.26050420168067223,0.6050420168067226,0.5258569564838257
0.2689075630252101,0.6050420168067226,0.5292252700804921
0.2773109243697479,0.6050420168067226,0.5325909240742607
0.2857142857142857,0.6050420168067226,0.5359536146553036
0.29411764705882354,0.6050420168067226,0.5393130390892451
0.3025210084033613,0.6050420168067226,0.5426688958253749
0.31092436974789917,0.6050420168067226,0.5460208846039585
0.31932773109243695,0.6050420168067226,0.5493687065625502
0.3277310924369748,0.6050420168067226,0.5527120643412455
0.3361344537815126,0.6050420168067226,0.5560506621867822
0.3445378151260504,0.6050420168067226,0.5593842060554256
0.3529411764705882,0.6050420168067226,0.5627124037145471
0.36134453781512604,0.6050420168067226,0.5660349648428411
0.36974789915966383,0.6050420168067226,0.5693516011291031
0.37815126050420167,0.6050420168067226,0.5726620263694864
0.38655462184873945,0.6050420168067226,0.5759659565631969
0.3949579831932773,0.6050420168067226,0.5792631100065315
0.40336134453781514,0.6050420168067226,0.5825532073852172
0.4117647058823529,0.6050420168067226,0.5858359718649842
0.42016806722689076,0.6050420168067226,0.5891111291803093
0.42857142857142855,0.6050420168067226,0.5923784077212793
0.4369747899159664,0.6050420168067226,0.5956375386185153
0.4453781512605042,0.6050420168067226,0.5988882558261117
0.453781512605042,0.6050420168067226,0.6021302962025331
0.4621848739495798,0.6050420168067226,0.605363399589427
0.47058823529411764,0.6050420168067226,0.608587308888308
0.4789915966386554,0.6050420168067226,0.6118017701350682
0.48739495798319327,0.6050420168067226,0.6150065325722794
0.49579831932773105,0.6050420168067226,0.6182013487192423
0.5042016806722689,0.6050420168067226,0.6213859744397578
0.5126050420168067,0.6050420168067226,0.6245601690075843
0.5210084033613445,0.6050420168067226,0.6277236951695481
0.5294117647058824,0.6050420168067226,0.630876319206292
0.5378151260504201,0.6050420168067226,0.6340178109906232
0.5462184873949579,0.6050420168067226,0.6371479440434547
0.5546218487394958,0.6050420168067226,0.6402664955873124
0.5630252100840336,0.6050420168067226,0.6433732465973907
0.5714285714285714,0.6050420168067226,0.6464679818501586
0.5798319327731092,0.6050420168067226,0.6495504899694842
0.5882352941176471,0.6050420168067226,0.6526205634702841
0.5966386554621849,0.6050420168067226,0.6556779987996918
0.6050420168067226,0.6050420168067226,0.6587225963757365
0.6134453781512604,0.6050420168067226,0.6617541606235365
0.6218487394957983,0.6050420168067226,0.6647725000090091
0.6302521008403361,0.6050420168067226,0.6677774270700955
0.6386554621848739,0.6050420168067226,0.6707687584455222
0.6470588235294117,0.6050420168067226,0.6737463149010896
0.6554621848739496,0.6050420168067226,0.6767099213535135
0.6638655462184874,0.6050420168067226,0.6796594068918311
0.6722689075630252,0.6050420168067226,0.6825946047963772
0.680672268907563,0.6050420168067226,0.6855153525553678
0.6890756302521008,0.6050420168067226,0.6884214918790902
0.6974789915966386,0.6050420168067226,0.6913128687117374
0.7058823529411764,0.6050420168067226,0.6941893332409064
0.7142857142857143,0.6050420168067226,0.6970507399047818
0.7226890756302521,0.6050420168067226,0.6998969473970418
0.7310924369747899,0.6050420168067226,0.7027278186695041
0.7394957983193277,0.6050420168067226,0.7055432209325565
0.7478991596638656,0.6050420168067226,0.7083430256533961
0.7563025210084033,0.6050420168067226,0.7111271085521106
0.7647058823529411,0.6050420168067226,0.7138953495956472
0.7731092436974789,0.6050420168067226,0.7166476329896959
0.7815126050420168,0.6050420168067226,0.7193838471685301
0.7899159663865546,0.6050420168067226,0.7221038847828454
0.7983193277310924,0.6050420168067226,0.7248076426856367
0.8067226890756303,0.6050420168067226,0.7274950219161548
0.8151260504201681,0.6050420168067226,0.7301659276819864
0.8235294117647058,0.6050420168067226,0.7328202693393001
0.8319327731092436,0.6050420168067226,0.735457960371309
0.8403361344537815,0.6050420168067226,0.738078918364983
0.8487394957983193,0.6050420168067226,0.7406830649860774
0.8571428571428571,0.6050420168067226,0.7432703259525015
0.8655462184873949,0.6050420168067226,0.7458406310060913
0.8739495798319328,0.6050420168067226,0.7483939138828327
0.8823529411764706,0.6050420168067226,0.7509301122815756
0.8907563025210083,0.6050420168067226,0.753449167831294
0.8991596638655461,0.6050420168067226,0.755951026056946
0.907563025210084,0.6050420168067226,0.7584356363439676
0.9159663865546218,0.6050420168067226,0.760902951901471
0.9243697478991596,0.6050420168067226,0.7633529297241801
0.9327731092436974,0.6050420168067226,0.7657855305531613
0.9411764705882353,0.6050420168067226,0.7682007188353975
0.9495798319327731,0.6050420168067226,0.7705984626822547
0.9579831932773109,0.6050420168067226,0.7729787338268964
0.9663865546218487,0.6050420168067226,0.7753415075806845
0.9747899159663865,0.6050420168067226,0.777686762788624
0.9831932773109243,0.6050420168067226,0.7800144817839039
0.9915966386554621,0.6050420168067226,0.7823246503415687
1.0,0.6050420168067226,0.7846172576313893
0.0,0.6134453781512604,0.4221412655426408
0.008403361344537815,0.6134453781512604,0.4254068271912518
0.01680672268907563,0.6134453781512604,0.42867891032298827
0.025210084033613446,0.6134453781512604,0.4319572410470754
0.03361344537815126,0.6134453781512604,0.4352415433065003
0.04201680672268907,0.6134453781512604,0.43853153896787633
0.05042016806722689,0.6134453781512604,0.44182694791282445
0.058823529411764705,0.6134453781512604,0.44512748813081465
0.06722689075630252,0.6134453781512604,0.4484328758133959
0.07563025210084033,0.6134453781512604,0.45174282544975997
0.08403361344537814,0.6134453781512604,0.4550570499235631
0.09243697478991596,0.6134453781512604,0.4583752606109456
0.10084033613445378,0.6134453781512604,0.4616971674796715
0.1092436974789916,0.6134453781512604,0.46502247918932166
0.11764705882352941,0.6134453781512604,0.46835090319246797
0.12605042016806722,0.6134453781512604,0.47168214583675594
0.13445378151260504,0.6134453781512604,0.47501591246781194
0.14285714285714285,0.6134453781512604,0.4783519075329141
0.15126050420168066,0.6134453781512604,0.4816898346853353
0.15966386554621848,0.6134453781512604,0.4850293968892885
0.1680672268907563,0.6134453781512604,0.48837029652539293
0.1764705882352941,0.6134453781512604,0.49171223549658577
0.18487394957983191,0.6134453781512604,0.49505491533439105
0.19327731092436973,0.6134453781512604,0.4983980373054752
0.20168067226890757,0.6134453781512604,0.5017413025184004
0.21008403361344538,0.6134453781512604,0.5050844120305005
0.2184873949579832,0.6134453781512604,0.508427066954793
0.226890756302521,0.6134453781512604,0.5117689685668521
0.23529411764705882,0.6134453781512604,0.5151098184115556
0.24369747899159663,0.6134453781512604,0.5184493184096287
0.25210084033613445,0.6134453781512604,0.5217871709639033
0.26050420168067223,0.6134453781512604,0.5251230790652069
0.2689075630252101,0.6134453781512604,0.5284567463978135
0.2773109243697479,0.6134453781512604,0.5317878774443621
0.2857142857142857,0.6134453781512604,0.5351161775901776
0.29411764705882354,0.6134453781512604,0.5384413532269061
0.3025210084033613,0.6134453781512604,0.5417631118553929
0.31092436974789917,0.6134453781512604,0.5450811621877284
0.31932773109243695,0.6134453781512604,0.5483952142483797
0.3277310924369748,0.6134453781512604,0.5517049794743452
0.3361344537815126,0.6134453781512604,0.5550101708142485
0.3445378151260504,0.6134453781512604,0.5583105028263071
0.3529411764705882,0.6134453781512604,0.5616056917751037
0.36134453781512604,0.6134453781512604,0.5648954557270977
0.36974789915966383,0.6134453781512604,0.5681795146447953
0.37815126050420167,0.6134453781512604,0.5714575904795359
0.38655462184873945,0.6134453781512604,0.5747294072628074
0.3949579831932773,0.6134453781512604,0.577994691196046
0.40336134453781514,0.6134453781512604,0.5812531707388591
0.4117647058823529,0.6134453781512604,0.5845045766956013
0.42016806722689076,0.6134453781512604,0.5877486423002666
0.42857142857142855,0.6134453781512604,0.590985103299623
0.4369747899159664,0.6134453781512604,0.5942136980345634
0.4453781512605042,0.6134453781512604,0.5974341675195952
0.453781512605042,0.6134453781512604,0.6006462555204407
0.4621848739495798,0.6134453781512604,0.603849708629704
0.47058823529411764,0.6134453781512604,0.607044276340546
0.4789915966386554,0.6134453781512604,0.6102297111183465
0.48739495798319327,0.6134453781512604,0.6134057684703045
0.49579831932773105,0.6134453781512604,0.6165722070129405
0.5042016806722689,0.6134453781512604,0.6197287885374789
0.5126050420168067,0.6134453781512604,0.6228752780730638
0.5210084033613445,0.6134453781512604,0.6260114439477953
0.5294117647058824,0.6134453781512604,0.6291370578475531
0.5378151260504201,0.6134453781512604,0.6322518948725774
0.5462184873949579,0.6134453781512604,0.6353557335918103
0.5546218487394958,0.6134453781512604,0.6384483560949424
0.5630252100840336,0.6134453781512604,0.6415295480421895
0.5714285714285714,0.6134453781512604,0.6445990987117537
0.5798319327731092,0.6134453781512604,0.647656801044971
0.5882352941176471,0.6134453781512604,0.6507024516891422
0.5966386554621849,0.6134453781512604,0.6537358510380269
0.6050420168067226,0.6134453781512604,0.6567568032700084
0.6134453781512604,0.6134453781512604,0.6597651163839237
0.6218487394957983,0.6134453781512604,0.6627606022325574
0.6302521008403361,0.6134453781512604,0.665743076553804
0.6386554621848739,0.6134453781512604,0.6687123589995075
0.6470588235294117,0.6134453781512604,0.6716682731619742
0.6554621848739496,0.6134453781512604,0.6746106465981877
0.6638655462184874,0.6134453781512604,0.6775393108517107
0.6722689075630252,0.6134453781512604,0.680454101472317
0.680672268907563,0.6134453781512604,0.6833548580333462
0.6890756302521008,0.6134453781512604,0.6862414241468033
0.6974789915966386,0.6134453781512604,0.6891136474762392
0.7058823529411764,0.6134453781512604,0.6919713797474054
0.7142857142857143,0.6134453781512604,0.6948144767567292
0.7226890756302521,0.6134453781512604,0.6976427983776256
0.7310924369747899,0.6134453781512604,0.7004562085646637
0.7394957983193277,0.6134453781512604,0.7032545753556365
0.7478991596638656,0.6134453781512604,0.706037770871538
0.7563025210084033,0.6134453781512604,0.7088056713145016
0.7647058823529411,0.6134453781512604,0.711558156963714
0.7731092436974789,0.6134453781512604,0.7142951121693515
0.7815126050420168,0.6134453781512604,0.7170164253445651
0.7899159663865546,0.6134453781512604,0.7197219889555506
0.7983193277310924,0.6134453781512604,0.7224116995097523
0.8067226890756303,0.6134453781512604,0.7250854575422205
0.8151260504201681,0.6134453781512604,0.7277431676001757
0.8235294117647058,0.6134453781512604,0.7303847382258157
0.8319327731092436,0.6134453781512604,0.7330100819374039
0.8403361344537815,0.6134453781512604,0.7356191152086862
0.8487394957983193,0.6134453781512604,0.7382117584466737
0.8571428571428571,0.6134453781512604,0.7407879359678348
0.8655462184873949,0.6134453781512604,0.7433475759727471
0.8739495798319328,0.6134453781512604,0.7458906105192419
0.8823529411764706,0.6134453781512604,0.7484169754941031
0.8907563025210083,0.6134453781512604,0.7509266105833425
0.8991596638655461,0.6134453781512604,0.753419459241119
0.907563025210084,0.6134453781512604,0.7558954686573363
0.9159663865546218,0.6134453781512604,0.7583545897239662
0.9243697478991596,0.6134453781512604,0.7607967770001468
0.9327731092436974,0.6134453781512604,0.7632219886760978
0.9411764705882353,0.6134453781512604,0.765630186535901
0.9495798319327731,0.6134453781512604,0.7680213359191987
0.9579831932773109,0.6134453781512604,0.7703954056818445
0.9663865546218487,0.6134453781512604,0.7727523681555585
0.9747899159663865,0.6134453781512604,0.7750921991066396
0.9831932773109243,0.6134453781512604,0.7774148776937674
0.9915966386554621,0.6134453781512604,0.7797203864249505
1.0,0.6134453781512604,0.7820087111136639
0.0,0.6218487394957983,0.42249110866517103
0.008403361344537815,0.6218487394957983,0.4257228617184251
0.01680672268907563,0.6218487394957983,0.4289609734470834
0.025210084033613446,0.6218487394957983,0.43220517834904737
0.03361344537815126,0.6218487394957983,0.43545520885338124
0.04201680672268907,0.6218487394957983,0.43871079540565133
0.05042016806722689,0.6218487394957983,0.4419716665546831
0.058823529411764705,0.6218487394957983,0.4452375490406848
0.06722689075630252,0.6218487394957983,0.4485081678846692
0.07563025210084033,0.6218487394957983,0.4517832464791268
0.08403361344537814,0.6218487394957983,0.4550625066798762
0.09243697478991596,0.6218487394957983,0.4583456688990359
0.10084033613445378,0.6218487394957983,0.4616324521990451
0.1092436974789916,0.6218487394957983,0.4649225743876784
0.11764705882352941,0.6218487394957983,0.4682157521139774
0.12605042016806722,0.6218487394957983,0.47151170096503214
0.13445378151260504,0.6218487394957983,0.47481013556355034
0.14285714285714285,0.6218487394957983,0.4781107696661311
0.15126050420168066,0.6218487394957983,0.48141331626218625
0.15966386554621848,0.6218487394957983,0.48471748767342265
0.1680672268907563,0.6218487394957983,0.48802299565382407
0.1764705882352941,0.6218487394957983,0.49132955149005086
0.18487394957983191,0.6218487394957983,0.4946368661021907
0.19327731092436973,0.6218487394957983,0.4979446501447774
0.20168067226890757,0.6218487394957983,0.5012526141080087
0.21008403361344538,0.6218487394957983,0.5045604684190897
0.2184873949579832,0.6218487394957983,0.5078679235436163
0.226890756302521,0.6218487394957983,0.5111746900869364
0.23529411764705882,0.6218487394957983,0.5144804788954033
0.24369747899159663,0.6218487394957983,0.5177850011574529
0.25210084033613445,0.6218487394957983,0.5210879685044243
0.26050420168067223,0.6218487394957983,0.5243890931110496
0.2689075630252101,0.6218487394957983,0.5276880877955475
0.2773109243697479,0.6218487394957983,0.5309846661192321
0.2857142857142857,0.6218487394957983,0.5342785424855767
0.29411764705882354,0.6218487394957983,0.5375694322386521
0.3025210084033613,0.6218487394957983,0.5408570517608723
0.31092436974789917,0.6218487394957983,0.5441411185699746
0.31932773109243695,0.6218487394957983,0.5474213514151611
0.3277310924369748,0.6218487394957983,0.5506974703723485
0.3361344537815126,0.6218487394957983,0.5539691969384277
0.3445378151260504,0.6218487394957983,0.5572362541245021
0.3529411764705882,0.6218487394957983,0.5604983665480151
0.36134453781512604,0.6218487394957983,0.5637552605237128
0.36974789915966383,0.6218487394957983,0.5670066641533774
0.37815126050420167,0.6218487394957983,0.5702523074142689
0.38655462184873945,0.6218487394957983,0.5734919222462204
0.3949579831932773,0.6218487394957983,0.5767252426373282
0.40336134453781514,0.6218487394957983,0.5799520047081707
0.4117647058823529,0.6218487394957983,0.5831719467945253
0.42016806722689076,0.6218487394957983,0.5863848095284977
0.42857142857142855,0.6218487394957983,0.5895903359180529
0.4369747899159664,0.6218487394957983,0.5927882714248609
0.4453781512605042,0.6218487394957983,0.5959783640404336
0.453781512605042,0.6218487394957983,0.5991603643605116
0.4621848739495798,0.6218487394957983,0.6023340256576339
0.47058823529411764,0.6218487394957983,0.6054991039518823
0.4789915966386554,0.6218487394957983,0.6086553580797355
0.48739495798319327,0.6218487394957983,0.6118025497610092
0.49579831932773105,0.6218487394957983,0.6149404436638514
0.5042016806722689,0.6218487394957983,0.6180688074677521
0.5126050420168067,0.6218487394957983,0.6211874119245426
0.5210084033613445,0.6218487394957983,0.6242960309173616
0.5294117647058824,0.6218487394957983,0.6273944415175506
0.5378151260504201,0.6218487394957983,0.6304824240394699
0.5462184873949579,0.6218487394957983,0.6335597620932056
0.5546218487394958,0.6218487394957983,0.636626242635154
0.5630252100840336,0.6218487394957983,0.6396816560164663
0.5714285714285714,0.6218487394957983,0.6427257960293318
0.5798319327731092,0.6218487394957983,0.6457584599511068
0.5882352941176471,0.6218487394957983,0.6487794485862604
0.5966386554621849,0.6218487394957983,0.6517885663061374
0.6050420168067226,0.6218487394957983,0.6547856210865421
0.6134453781512604,0.6218487394957983,0.6577704245431181
0.6218487394957983,0.6218487394957983,0.6607427919645549
0.6302521008403361,0.6218487394957983,0.6637025423435863
0.6386554621848739,0.6218487394957983,0.666649498405818
0.6470588235294117,0.6218487394957983,0.6695834866363639
0.6554621848739496,0.6218487394957983,0.6725043373043151
0.6638655462184874,0.6218487394957983,0.6754118844850413
0.6722689075630252,0.6218487394957983,0.6783059660803421
0.680672268907563,0.6218487394957983,0.681186423836454
0.6890756302521008,0.6218487394957983,0.6840531033599423
0.6974789915966386,0.6218487394957983,0.6869058541314705
0.7058823529411764,0.6218487394957983,0.6897445295174933
0.7142857142857143,0.6218487394957983,0.6925689867798734
0.7226890756302521,0.6218487394957983,0.6953790870834498
0.7310924369747899,0.6218487394957983,0.6981746955015862
0.7394957983193277,0.6218487394957983,0.7009556810197115
0.7478991596638656,0.6218487394957983,0.7037219165368973
0.7563025210084033,0.6218487394957983,0.7064732788654771
0.7647058823529411,0.6218487394957983,0.7092096487287584
0.7731092436974789,0.6218487394957983,0.7119309107568416
0.7815126050420168,0.6218487394957983,0.714636953480586
0.7899159663865546,0.6218487394957983,0.7173276693237485
0.7983193277310924,0.6218487394957983,0.7200029545933406
0.8067226890756303,0.6218487394957983,0.7226627094682211
0.8151260504201681,0.6218487394957983,0.7253068379859752
0.8235294117647058,0.6218487394957983,0.7279352480281095
0.8319327731092436,0.6218487394957983,0.7305478513036016
0.8403361344537815,0.6218487394957983,0.7331445633308424
0.8487394957983193,0.6218487394957983,0.7357253034180073
0.8571428571428571,0.6218487394957983,0.7382899946419057
0.8655462184873949,0.6218487394957983,0.7408385638253296
0.8739495798319328,0.6218487394957983,0.7433709415129702
0.8823529411764706,0.6218487394957983,0.7458870619459133
0.8907563025210083,0.6218487394957983,0.7483868630347746
0.8991596638655461,0.6218487394957983,0.7508702863315173
0.907563025210084,0.6218487394957983,0.7533372769999789
0.9159663865546218,0.6218487394957983,0.7557877837851662
0.9243697478991596,0.6218487394957983,0.7582217589813537
0.9327731092436974,0.6218487394957983,0.7606391583990252
0.9411764705882353,0.6218487394957983,0.7630399413307122
0.9495798319327731,0.6218487394957983,0.7654240705157624
0.9579831932773109,0.6218487394957983,0.767791512104081
0.9663865546218487,0.6218487394957983,0.7701422356189
0.9747899159663865,0.6218487394957983,0.7724762139185994
0.9831932773109243,0.6218487394957983,0.7747934231576441
0.9915966386554621,0.6218487394957983,0.7770938427466616
1.0,0.6218487394957983,0.7793774553117123
0.0,0.6302521008403361,0.4228410295642188
0.008403361344537815,0.6302521008403361,0.42603895694565935
0.01680672268907563,0.6302521008403361,0.42924308272494033
0.025210084033613446,0.6302521008403361,0.4324531496204575
0.03361344537815126,0.6302521008403361,0.4356688983757262
0.04201680672268907,0.6302521008403361,0.4388900678403785
0.05042016806722689,0.6302521008403361,0.4421163950524797
0.058823529411764705,0.6302521008403361,0.4453476153221271
0.06722689075630252,0.6302521008403361,0.44858346231626284
0.07563025210084033,0.6302521008403361,0.4518236681446547
0.08403361344537814,0.6302521008403361,0.45506796344698147
0.09243697478991596,0.6302521008403361,0.4583160774809654
0.10084033613445378,0.6302521008403361,0.46156773821149394
0.1092436974789916,0.6302521008403361,0.4648226724006633
0.11764705882352941,0.6302521008403361,0.4680806056986913
0.12605042016806722,0.6302521008403361,0.47134126273562627
0.13445378151260504,0.6302521008403361,0.4746043672137899
0.14285714285714285,0.6302521008403361,0.47786964200089616
0.15126050420168066,0.6302521008403361,0.48113680922376595
0.15966386554621848,0.6302521008403361,0.48440559036258724
0.1680672268907563,0.6302521008403361,0.48767570634563384
0.1764705882352941,0.6302521008403361,0.49094687764439465
0.18487394957983191,0.6302521008403361,0.49421882436903036
0.19327731092436973,0.6302521008403361,0.4974912663640913
0.20168067226890757,0.6302521008403361,0.5007639233044323
0.21008403361344538,0.6302521008403361,0.5040365147912487
0.2184873949579832,0.6302521008403361,0.5073087604481661
0.226890756302521,0.6302521008403361,0.5105803800173173
0.23529411764705882,0.6302521008403361,0.5138510934553241
0.24369747899159663,0.6302521008403361,0.5171206210291367
0.25210084033613445,0.6302521008403361,0.5203886834116328
0.26050420168067223,0.6302521008403361,0.5236550017769298
0.2689075630252101,0.6302521008403361,0.5269192978953361
0.2773109243697479,0.6302521008403361,0.5301812942278568
0.2857142857142857,0.6302521008403361,0.5334407140202154
0.29411764705882354,0.6302521008403361,0.5366972813962934
0.3025210084033613,0.6302521008403361,0.5399507214509418
0.31092436974789917,0.6302521008403361,0.5432007603420923
0.31932773109243695,0.6302521008403361,0.5464471253821014
0.3277310924369748,0.6302521008403361,0.5496895451282641
0.3361344537815126,0.6302521008403361,0.5529277494724345
0.3445378151260504,0.6302521008403361,0.5561614697296966
0.3529411764705882,0.6302521008403361,0.5593904387260116
0.36134453781512604,0.6302521008403361,0.5626143908847969
0.36974789915966383,0.6302521008403361,0.5658330623123694
0.37815126050420167,0.6302521008403361,0.5690461908821942
0.38655462184873945,0.6302521008403361,0.5722535163178974
0.3949579831932773,0.6302521008403361,0.5754547802749682
0.40336134453781514,0.6302521008403361,0.5786497264211188
0.4117647058823529,0.6302521008403361,0.5818381005152322
0.42016806722689076,0.6302521008403361,0.585019650484865
0.42857142857142855,0.6302521008403361,0.5881941265022512
0.4369747899159664,0.6302521008403361,0.5913612810587497
0.4453781512605042,0.6302521008403361,0.5945208690377197
0.453781512605042,0.6302521008403361,0.597672647785749
0.4621848739495798,0.6302521008403361,0.6008163771822234
0.47058823529411764,0.6302521008403361,0.6039518197071793
0.4789915966386554,0.6302521008403361,0.6070787405074097
0.48739495798319327,0.6302521008403361,0.6101969074607984
0.49579831932773105,0.6302521008403361,0.6133060912388278
0.5042016806722689,0.6302521008403361,0.6164060653672594
0.5126050420168067,0.6302521008403361,0.6194966062849282
0.5210084033613445,0.6302521008403361,0.6225774934006496
0.5294117647058824,0.6302521008403361,0.6256485091482012
0.5378151260504201,0.6302521008403361,0.6287094390393532
0.5462184873949579,0.6302521008403361,0.6317600717149502
0.5546218487394958,0.6302521008403361,0.6348001989939938
0.5630252100840336,0.6302521008403361,0.6378296159207356
0.5714285714285714,0.6302521008403361,0.6408481208097578
0.5798319327731092,0.6302521008403361,0.643855515289025
0.5882352941176471,0.6302521008403361,0.6468516043409025
0.5966386554621849,0.6302521008403361,0.6498361963411382
0.6050420168067226,0.6302521008403361,0.6528091030957844
0.6134453781512604,0.6302521008403361,0.65577013987608
0.6218487394957983,0.6302521008403361,0.6587191254512724
0.6302521008403361,0.6302521008403361,0.6616558821193808
0.6386554621848739,0.6302521008403361,0.6645802357359188
0.6470588235294117,0.6302521008403361,0.6674920157405573
0.6554621848739496,0.6302521008403361,0.6703910551817508
0.6638655462184874,0.6302521008403361,0.6732771907393256
0.6722689075630252,0.6302521008403361,0.6761502627450413
0.680672268907563,0.6302521008403361,0.6790101152011422
0.6890756302521008,0.6302521008403361,0.6818565957968962
0.6974789915966386,0.6302521008403361,0.6846895559231553
0.7058823529411764,0.6302521008403361,0.6875088506849365
0.7142857142857143,0.6302521008403361,0.6903143389120484
0.7226890756302521,0.6302521008403361,0.6931058831677889
0.7310924369747899,0.6302521008403361,0.6958833497557131
0.7394957983193277,0.6302521008403361,0.6986466087245229
0.7478991596638656,0.6302521008403361,0.7013955338710752
0.7563025210084033,0.6302521008403361,0.7041300027415432
0.7647058823529411,0.6302521008403361,0.70684989663077
0.7731092436974789,0.6302521008403361,0.709555100579811
0.7815126050420168,0.6302521008403361,0.7122455033717268
0.7899159663865546,0.6302521008403361,0.7149209975256285
0.7983193277310924,0.6302521008403361,0.7175814792890245
0.8067226890756303,0.6302521008403361,0.7202268486284915
0.8151260504201681,0.6302521008403361,0.7228570092187
0.8235294117647058,0.6302521008403361,0.7254718684298344
0.8319327731092436,0.6302521008403361,0.7280713373134386
0.8403361344537815,0.6302521008403361,0.7306553305867163
0.8487394957983193,0.6302521008403361,0.7332237666153347
0.8571428571428571,0.6302521008403361,0.7357765673947493
0.8655462184873949,0.6302521008403361,0.7383136585301054
0.8739495798319328,0.6302521008403361,0.7408349692147417
0.8823529411764706,0.6302521008403361,0.7433404322073335
0.8907563025210083,0.6302521008403361,0.745829983807723
0.8991596638655461,0.6302521008403361,0.7483035638314675
0.907563025210084,0.6302521008403361,0.7507611155831415
0.9159663865546218,0.6302521008403361,0.7532025858284446
0.9243697478991596,0.6302521008403361,0.7556279247651401
0.9327731092436974,0.6302521008403361,0.7580370859928763
0.9411764705882353,0.6302521008403361,0.7604300264819205
0.9495798319327731,0.6302521008403361,0.7628067065408503
0.9579831932773109,0.6302521008403361,0.7651670897832467
0.9663865546218487,0.6302521008403361,0.7675111430934144
0.9747899159663865,0.6302521008403361,0.7698388365911895
0.9831932773109243,0.6302521008403361,0.7721501435958559
0.9915966386554621,0.6302521008403361,0.7744450405892207
1.0,0.6302521008403361,0.7767235071778879
0.0,0.6386554621848739,0.42319102790582935
0.008403361344537815,0.6386554621848739,0.4263551126262229
0.01680672268907563,0.6386554621848739,0.4295252379807814
0.025210084033613446,0.6386554621848739,0.432701154741685
0.03361344537815126,0.6386554621848739,0.43588261179683674
0.04201680672268907,0.6386554621848739,0.4390693562266878
0.05042016806722689,0.6386554621848739,0.44226113338230066
0.058823529411764705,0.6386554621848739,0.44545768696460664
0.06722689075630252,0.6386554621848739,0.44865875910479935
0.07563025210084033,0.6386554621848739,0.45186409044582043
0.08403361344537814,0.6386554621848739,0.4550734202248767
0.09243697478991596,0.6386554621848739,0.4582864863569411
0.10084033613445378,0.6386554621848739,0.4615030255191733
0.1092436974789916,0.6386554621848739,0.46472277323621175
0.11764705882352941,0.6386554621848739,0.46794546396627645
0.12605042016806722,0.6386554621848739,0.4711708311880153
0.13445378151260504,0.6386554621848739,0.47439860748805074
0.14285714285714285,0.6386554621848739,0.4776285246491485
0.15126050420168066,0.6386554621848739,0.48086031373896276
0.15966386554621848,0.6386554621848739,0.4840937051992805
0.1680672268907563,0.6386554621848739,0.4873284289357158
0.1764705882352941,0.6386554621848739,0.4905642144077839
0.18487394957983191,0.6386554621848739,0.49380079071928895
0.19327731092436973,0.6386554621848739,0.49703788670897114
0.20168067226890757,0.6386554621848739,0.5002752310413344
0.21008403361344538,0.6386554621848739,0.5035125522976078
0.2184873949579832,0.6386554621848739,0.5067495790667581
0.226890756302521,0.6386554621848739,0.5099860400365005
0.23529411764705882,0.6386554621848739,0.5132216640842389
0.24369747899159663,0.6386554621848739,0.5164561803678717
0.25210084033613445,0.6386554621848739,0.5196893184163949
0.26050420168067223,0.6386554621848739,0.5229208082202438
0.2689075630252101,0.6386554621848739,0.526150380321307
0.2773109243697479,0.6386554621848739,0.5293777659025457
0.2857142857142857,0.6386554621848739,0.5326026968771632
0.29411764705882354,0.6386554621848739,0.5358249059772491
0.3025210084033613,0.6386554621848739,0.539044126841853
0.31092436974789917,0.6386554621848739,0.5422600941044142
0.31932773109243695,0.6386554621848739,0.545472543479483
0.3277310924369748,0.6386554621848739,0.5486812118486943
0.3361344537815126,0.6386554621848739,0.5518858373459119
0.3445378151260504,0.6386554621848739,0.5550861594414989
0.3529411764705882,0.6386554621848739,0.5582819190256547
0.36134453781512604,0.6386554621848739,0.5614728584907605
0.36974789915966383,0.6386554621848739,0.5646587218126815
0.37815126050420167,0.6386554621848739,0.5678392546309755
0.38655462184873945,0.6386554621848739,0.5710142043279446
0.3949579831932773,0.6386554621848739,0.5741833201064966
0.40336134453781514,0.6386554621848739,0.5773463530667491
0.4117647058823529,0.6386554621848739,0.5805030562813464
0.42016806722689076,0.6386554621848739,0.5836531848694253
0.42857142857142855,0.6386554621848739,0.5867964960691981
0.4369747899159664,0.6386554621848739,0.589932749309108
0.4453781512605042,0.6386554621848739,0.593061706277505
0.453781512605042,0.6386554621848739,0.5961831309908192
0.4621848739495798,0.6386554621848739,0.599296789860181
0.47058823529411764,0.6386554621848739,0.6024024517564526
0.4789915966386554,0.6386554621848739,0.605499888073648
0.48739495798319327,0.6386554621848739,0.6085888727906906
0.49579831932773105,0.6386554621848739,0.6116691825314922
0.5042016806722689,0.6386554621848739,0.6147405966233209
0.5126050420168067,0.6386554621848739,0.617802897153421
0.5210084033613445,0.6386554621848739,0.6208558690238797
0.5294117647058824,0.6386554621848739,0.6238993000046912
0.5378151260504201,0.6386554621848739,0.6269329807850202
0.5462184873949579,0.6386554621848739,0.6299567050226328
0.5546218487394958,0.6386554621848739,0.6329702693914726
0.5630252100840336,0.6386554621848739,0.6359734736273835
0.5714285714285714,0.6386554621848739,0.6389661205719467
0.5798319327731092,0.6386554621848739,0.6419480162144268
0.5882352941176471,0.6386554621848739,0.6449189697318224
0.5966386554621849,0.6386554621848739,0.6478787935270011
0.6050420168067226,0.6386554621848739,0.6508273032649257
0.6134453781512604,0.6386554621848739,0.6537643179069513
0.6218487394957983,0.6386554621848739,0.6566896597432061
0.6302521008403361,0.6386554621848739,0.6596031544230413
0.6386554621848739,0.6386554621848739,0.6625046309835615
0.6470588235294117,0.6386554621848739,0.6653939218762311
0.6554621848739496,0.6386554621848739,0.6682708629915608
0.6638655462184874,0.6386554621848739,0.6711352936818811
0.6722689075630252,0.6386554621848739,0.673987056782219
0.680672268907563,0.6386554621848739,0.676825998629267
0.6890756302521008,0.6386554621848739,0.6796519690784744
0.6974789915966386,0.6386554621848739,0.6824648215192626
0.7058823529411764,0.6386554621848739,0.6852644128883797
0.7142857142857143,0.6386554621848739,0.6880506036814118
0.7226890756302521,0.6386554621848739,0.690823257962465
0.7310924369747899,0.6386554621848739,0.6935822433720388
0.7394957983193277,0.6386554621848739,0.6963274311331061
0.7478991596638656,0.6386554621848739,0.6990586960554205
0.7563025210084033,0.6386554621848739,0.7017759165380814
0.7647058823529411,0.6386554621848739,0.7044789745703646
0.7731092436974789,0.6386554621848739,0.707167755730859
0.7815126050420168,0.6386554621848739,0.7098421491849203
0.7899159663865546,0.6386554621848739,0.7125020476804742
0.7983193277310924,0.6386554621848739,0.7151473475422031
0.8067226890756303,0.6386554621848739,0.7177779486641277
0.8151260504201681,0.6386554621848739,0.7203937545006334
0.8235294117647058,0.6386554621848739,0.7229946720559502
0.8319327731092436,0.6386554621848739,0.725580611872133
0.8403361344537815,0.6386554621848739,0.7281514880155702
0.8487394957983193,0.6386554621848739,0.7307072180620439
0.8571428571428571,0.6386554621848739,0.7332477230803887
0.8655462184873949,0.6386554621848739,0.7357729276147703
0.8739495798319328,0.6386554621848739,0.7382827596656231
0.8823529411764706,0.6386554621848739,0.7407771506692867
0.8907563025210083,0.6386554621848739,0.7432560354763637
0.8991596638655461,0.6386554621848739,0.7457193523288462
0.907563025210084,0.6386554621848739,0.7481670428360402
0.9159663865546218,0.6386554621848739,0.7505990519493229
0.9243697478991596,0.6386554621848739,0.75301532793578
0.9327731092436974,0.6386554621848739,0.7554158223507434
0.9411764705882353,0.6386554621848739,0.7578004900092755
0.9495798319327731,0.6386554621848739,0.7601692889566446
0.9579831932773109,0.6386554621848739,0.7625221804378038
0.9663865546218487,0.6386554621848739,0.7648591288659428
0.9747899159663865,0.6386554621848739,0.7671801017901205
0.9831932773109243,0.6386554621848739,0.7694850698620352
0.9915966386554621,0.6386554621848739,0.7717740068019591
1.0,0.6386554621848739,0.7740468893638759
0.0,0.6470588235294117,0.4235411033557408
0.008403361344537815,0.6470588235294117,0.4266713285131878
0.01680672268907563,0.6470588235294117,0.42980743903870966
0.025210084033613446,0.6470588235294117,0.43294919359304274
0.03361344537815126,0.6470588235294117,0.43609634903997835
0.04201680672268907,0.6470588235294117,0.4392486605191926
0.05042016806722689,0.6470588235294117,0.4424058815202267
0.058823529411764705,0.6470588235294117,0.44556776395758657
0.06722689075630252,0.6470588235294117,0.44873405824690116
0.07563025210084033,0.6470588235294117,0.45190451338210097
0.08403361344537814,0.6470588235294117,0.45507887701356153
0.09243697478991596,0.6470588235294117,0.45825689552716814
0.10084033613445378,0.6470588235294117,0.46143831412423775
0.1092436974789916,0.6470588235294117,0.46462287690226034
0.11764705882352941,0.6470588235294117,0.4678103269363952
0.12605042016806722,0.6470588235294117,0.471000406361672
0.13445378151260504,0.6470588235294117,0.47419285645583925
0.14285714285714285,0.6470588235294117,0.47738741772280935
0.15126050420168066,0.6470588235294117,0.4805838299766343
0.15966386554621848,0.6470588235294117,0.48378183242596284
0.1680672268907563,0.6470588235294117,0.4869811637589189
0.1764705882352941,0.6470588235294117,0.4901815622283349
0.18487394957983191,0.6470588235294117,0.49338276573730105
0.19327731092436973,0.6470588235294117,0.496584511924942
0.20168067226890757,0.6470588235294117,0.49978653825239044
0.21008403361344538,0.6470588235294117,0.5029885820888772
0.2184873949579832,0.6470588235294117,0.5061903807978891
0.226890756302521,0.6470588235294117,0.5093916718233308
0.23529411764705882,0.6470588235294117,0.5125921927756246
0.24369747899159663,0.6470588235294117,0.5157916815177054
0.25210084033613445,0.6470588235294117,0.5189898762508298
0.26050420168067223,0.6470588235294117,0.5221865156001511
0.2689075630252101,0.6470588235294117,0.5253813387000079
0.2773109243697479,0.6470588235294117,0.5285740852788449
0.2857142857142857,0.6470588235294117,0.5317644957437349
0.29411764705882354,0.6470588235294117,0.5349523112644198
0.3025210084033613,0.6470588235294117,0.5381372738568317
0.31092436974789917,0.6470588235294117,0.541319126466021
0.31932773109243695,0.6470588235294117,0.5444976130484471
0.3277310924369748,0.6470588235294117,0.5476724786535782
0.3361344537815126,0.6470588235294117,0.5508434695047254
0.3445378151260504,0.6470588235294117,0.5540103330790882
0.3529411764705882,0.6470588235294117,0.5571728181869307
0.36134453781512604,0.6470588235294117,0.5603306750498485
0.36974789915966383,0.6470588235294117,0.5634836553780845
0.37815126050420167,0.6470588235294117,0.5666315124468231
0.38655462184873945,0.6470588235294117,0.5697740011714345
0.3949579831932773,0.6470588235294117,0.5729108781816041
0.40336134453781514,0.6470588235294117,0.5760419018943226
0.4117647058823529,0.6470588235294117,0.5791668325856686
0.42016806722689076,0.6470588235294117,0.5822854324613531
0.42857142857142855,0.6470588235294117,0.5853974657259904
0.4369747899159664,0.6470588235294117,0.5885026986510349
0.4453781512605042,0.6470588235294117,0.5916008996413673
0.453781512605042,0.6470588235294117,0.5946918393004742
0.4621848739495798,0.6470588235294117,0.5977752904941979
0.47058823529411764,0.6470588235294117,0.6008510284130157
0.4789915966386554,0.6470588235294117,0.6039188306328179
0.48739495798319327,0.6470588235294117,0.6069784771741527
0.49579831932773105,0.6470588235294117,0.610029750559907
0.5042016806722689,0.6470588235294117,0.6130724358714011
0.5126050420168067,0.6470588235294117,0.6161063208028639
0.5210084033613445,0.6470588235294117,0.619131195714267
0.5294117647058824,0.6470588235294117,0.6221468536825012
0.5378151260504201,0.6470588235294117,0.6251530905508595
0.5462184873949579,0.6470588235294117,0.6281497049768235
0.5546218487394958,0.6470588235294117,0.631136498478126
0.5630252100840336,0.6470588235294117,0.6341132754770777
0.5714285714285714,0.6470588235294117,0.6370798433431407
0.5798319327731092,0.6470588235294117,0.640036012433742
0.5882352941176471,0.6470588235294117,0.6429815961333087
0.5966386554621849,0.6470588235294117,0.6459164108905231
0.6050420168067226,0.6470588235294117,0.6488402762537897
0.6134453781512604,0.6470588235294117,0.651753014904898
0.6218487394957983,0.6470588235294117,0.6546544526908984
0.6302521008403361,0.6470588235294117,0.6575444186541611
0.6386554621848739,0.6470588235294117,0.6604227450606491
0.6470588235294117,0.6470588235294117,0.663289267426377
0.6554621848739496,0.6470588235294117,0.6661438245420727
0.6638655462184874,0.6470588235294117,0.6689862584960522
0.6722689075630252,0.6470588235294117,0.6718164146952981
0.680672268907563,0.6470588235294117,0.674634141884759
0.6890756302521008,0.6470588235294117,0.677439292164875
0.6974789915966386,0.6470588235294117,0.6802317210073404
0.7058823529411764,0.6470588235294117,0.6830112872691174
0.7142857142857143,0.6470588235294117,0.6857778532047046
0.7226890756302521,0.6470588235294117,0.6885312844766907
0.7310924369747899,0.6470588235294117,0.6912714501645928
0.7394957983193277,0.6470588235294117,0.6939982227720026
0.7478991596638656,0.6470588235294117,0.6967114782320627
0.7563025210084033,0.6470588235294117,0.6994110959112829
0.7647058823529411,0.6470588235294117,0.7020969586117284
0.7731092436974789,0.6470588235294117,0.704768952571589
0.7815126050420168,0.6470588235294117,0.70742696746416
0.7899159663865546,0.6470588235294117,0.7100708963952557
0.7983193277310924,0.6470588235294117,0.7127006358990796
0.8067226890756303,0.6470588235294117,0.7153160859325806
0.8151260504201681,0.6470588235294117,0.7179171498683123
0.8235294117647058,0.6470588235294117,0.7205037344858297
0.8319327731092436,0.6470588235294117,0.7230757499616541
0.8403361344537815,0.6470588235294117,0.725633109857822
0.8487394957983193,0.6470588235294117,0.7281757311090652
0.8571428571428571,0.6470588235294117,0.730703534008633
0.8655462184873949,0.6470588235294117,0.7332164421927976
0.8739495798319328,0.6470588235294117,0.7357143826240802
0.8823529411764706,0.6470588235294117,0.7381972855732121
0.8907563025210083,0.6470588235294117,0.7406650845998742
0.8991596638655461,0.6470588235294117,0.7431177165322501
0.907563025210084,0.6470588235294117,0.7455551214454108
0.9159663865546218,0.6470588235294117,0.7479772426385856
0.9243697478991596,0.6470588235294117,0.7503840266113342
0.9327731092436974,0.6470588235294117,0.7527754230386565
0.9411764705882353,0.6470588235294117,0.7551513847450896
0.9495798319327731,0.6470588235294117,0.7575118676778021
0.9579831932773109,0.6470588235294117,0.7598568308787398
0.9663865546218487,0.6470588235294117,0.7621862364558486
0.9747899159663865,0.6470588235294117,0.7645000495534016
0.9831932773109243,0.6470588235294117,0.766798238321486
0.9915966386554621,0.6470588235294117,0.7690807738846571
1.0,0.6470588235294117,0.77134763030982
0.0,0.6554621848739496,0.42389125557938473
0.008403361344537815,0.6554621848739496,0.4269876043594316
0.01680672268907563,0.6554621848739496,0.4300896857227113
0.025210084033613446,0.6554621848739496,0.43319726605477565
0.03361344537815126,0.6554621848739496,0.4363101100283818
0.04201680672268907,0.6554621848739496,0.43942798067248934
0.05042016806722689,0.6554621848739496,0.4425506394423313
0.058823529411764705,0.6554621848739496,0.44567784629052826
0.06722689075630252,0.6554621848739496,0.4488093597391896
0.07563025210084033,0.6554621848739496,0.45194493695297216
0.08403361344537814,0.6554621848739496,0.455084333813034
0.09243697478991596,0.6554621848739496,0.4582273049918519
0.10084033613445378,0.6554621848739496,0.4613736040288425
0.1092436974789916,0.6554621848739496,0.46452298340674325
0.11764705882352941,0.6554621848739496,0.4676751946287087
0.12605042016806722,0.6554621848739496,0.4708299882960607
0.13445378151260504,0.6554621848739496,0.4739871141866518
0.14285714285714285,0.6554621848739496,0.47714632133377866
0.15126050420168066,0.6554621848739496,0.4803073581056105
0.15966386554621848,0.6554621848739496,0.48346997228505717
0.1680672268907563,0.6554621848739496,0.48663391115004134
0.1764705882352941,0.6554621848739496,0.4897989215541139
0.18487394957983191,0.6554621848739496,0.49296475000735135
0.19327731092436973,0.6554621848739496,0.4961311427574985
0.20168067226890757,0.6554621848739496,0.4992978458712781
0.21008403361344538,0.6554621848739496,0.5024646053158323
0.2184873949579832,0.6554621848739496,0.5056311670402268
0.226890756302521,0.6554621848739496,0.5087972770569711
0.23529411764705882,0.6554621848739496,0.5119626815234908
0.24369747899159663,0.6554621848739496,0.5151271268235086
0.25210084033613445,0.6554621848739496,0.5182903596482636
0.26050420168067223,0.6554621848739496,0.5214521270775236
0.2689075630252101,0.6554621848739496,0.5246121766603352
0.2773109243697479,0.6554621848739496,0.5277702564954524
0.2857142857142857,0.6554621848739496,0.5309261153113917
0.29411764705882354,0.6554621848739496,0.534079502546065
0.3025210084033613,0.6554621848739496,0.5372301684259198
0.31092436974789917,0.6554621848739496,0.5403778640445613
0.31932773109243695,0.6554621848739496,0.5435223414407769
0.3277310924369748,0.6554621848739496,0.5466633536759307
0.3361344537815126,0.6554621848739496,0.5498006549106641
0.3445378151260504,0.6554621848739496,0.5529340004808652
0.3529411764705882,0.6554621848739496,0.5560631469728438
0.36134453781512604,0.6554621848739496,0.5591878522976775
0.36974789915966383,0.6554621848739496,0.5623078757646709
0.37815126050420167,0.6554621848739496,0.5654229781538885
0.38655462184873945,0.6554621848739496,0.5685329217877095
0.3949579831932773,0.6554621848739496,0.5716374706013694
0.40336134453781514,0.6554621848739496,0.5747363902124408
0.4117647058823529,0.6554621848739496,0.5778294479891991
0.42016806722689076,0.6554621848739496,0.5809164131178617
0.42857142857142855,0.6554621848739496,0.5839970566686324
0.4369747899159664,0.6554621848739496,0.5870711516605275
0.4453781512605042,0.6554621848739496,0.5901384731249503
0.453781512605042,0.6554621848739496,0.5931987981679565
0.4621848739495798,0.6554621848739496,0.5962519060312147
0.47058823529411764,0.6554621848739496,0.5992975781515871
0.4789915966386554,0.6554621848739496,0.6023355982193345
0.48739495798319327,0.6554621848739496,0.6053657522348939
0.49579831932773105,0.6554621848739496,0.6083878285642056
0.5042016806722689,0.6554621848739496,0.6114016179925775
0.5126050420168067,0.6554621848739496,0.6144069137770322
0.5210084033613445,0.6554621848739496,0.6174035116971508
0.5294117647058824,0.6554621848739496,0.6203912101043568
0.5378151260504201,0.6554621848739496,0.6233698099696389
0.5462184873949579,0.6554621848739496,0.6263391149296952
0.5546218487394958,0.6554621848739496,0.6292989313314673
0.5630252100840336,0.6554621848739496,0.6322490682750684
0.5714285714285714,0.6554621848739496,0.6351893376550695
0.5798319327731092,0.6554621848739496,0.6381195542001497
0.5882352941176471,0.6554621848739496,0.6410395355110939
0.5966386554621849,0.6554621848739496,0.6439491020971203
0.6050420168067226,0.6554621848739496,0.6468480774105425
0.6134453781512604,0.6554621848739496,0.6497362878797565
0.6218487394957983,0.6554621848739496,0.6526135629405385
0.6302521008403361,0.6554621848739496,0.6554797350656639
0.6386554621848739,0.6554621848739496,0.6583346397928413
0.6470588235294117,0.6554621848739496,0.6611781157509536
0.6554621848739496,0.6554621848739496,0.6640100046846208
0.6638655462184874,0.6554621848739496,0.6668301514770766
0.6722689075630252,0.6554621848739496,0.6696384041713689
0.680672268907563,0.6554621848739496,0.672434613989889
0.6890756302521008,0.6554621848739496,0.67521863535223
0.6974789915966386,0.6554621848739496,0.6779903258913987
0.7058823529411764,0.6554621848739496,0.6807495464683663
0.7142857142857143,0.6554621848739496,0.6834961611849963
0.7226890756302521,0.6554621848739496,0.6862300373953403
0.7310924369747899,0.6554621848739496,0.6889510457153242
0.7394957983193277,0.6554621848739496,0.6916590600308412
0.7478991596638656,0.6554621848739496,0.694353957504261
0.7563025210084033,0.6554621848739496,0.6970356185793751
0.7647058823529411,0.6554621848739496,0.6997039269848007
0.7731092436974789,0.6554621848739496,0.7023587697358536
0.7815126050420168,0.6554621848739496,0.7050000371349167
0.7899159663865546,0.6554621848739496,0.7076276227703185
0.7983193277310924,0.6554621848739496,0.7102414235137541
0.8067226890756303,0.6554621848739496,0.7128413395162599
0.8151260504201681,0.6554621848739496,0.7154272742027689
0.8235294117647058,0.6554621848739496,0.7179991342652788
0.8319327731092436,0.6554621848739496,0.7205568296546421
0.8403361344537815,0.6554621848739496,0.7231002735710255
0.8487394957983193,0.6554621848739496,0.7256293824530401
0.8571428571428571,0.6554621848739496,0.7281440759655897
0.8655462184873949,0.6554621848739496,0.7306442769864566
0.8739495798319328,0.6554621848739496,0.733129911591653
0.8823529411764706,0.6554621848739496,0.7356009090395664
0.8907563025210083,0.6554621848739496,0.7380572017539309
0.8991596638655461,0.6554621848739496,0.740498725305651
0.907563025210084,0.6554621848739496,0.7429254183935112
0.9159663865546218,0.6554621848739496,0.745337222823801
0.9243697478991596,0.6554621848739496,0.7477340834888763
0.9327731092436974,0.6554621848739496,0.7501159483447096
0.9411764705882353,0.6554621848739496,0.7524827683874338
0.9495798319327731,0.6554621848739496,0.7548344976289375
0.9579831932773109,0.6554621848739496,0.7571710930715173
0.9663865546218487,0.6554621848739496,0.759492514681641
0.9747899159663865,0.6554621848739496,0.7617987253628352
0.9831932773109243,0.6554621848739496,0.7640896909277464
0.9915966386554621,0.6554621848739496,0.7663653800693929
1.0,0.6554621848739496,0.7686257643316472
0.0,0.6638655462184874,0.42424148424188896
0.008403361344537815,0.6638655462184874,0.4273039399176388
0.01680672268907563,0.6638655462184874,0.43037197785665526
0.025210084033613446,0.6638655462184874,0.43344537200706257
0.03361344537815126,0.6638655462184874,0.4365238946852428
0.04201680672268907,0.6638655462184874,0.43960731664115893
0.05042016806722689,0.6638655462184874,0.4426954071246826
0.058823529411764705,0.6638655462184874,0.44578793395289007
0.06722689075630252,0.6638655462184874,0.4488846635782862
0.07563025210084033,0.6638655462184874,0.45198536115791155
0.08403361344537814,0.6638655462184874,0.4550897906232931
0.09243697478991596,0.6638655462184874,0.4581977147511997
0.10084033613445378,0.6638655462184874,0.46130889523514185
0.1092436974789916,0.6638655462184874,0.4644230927575951
0.11764705882352941,0.6638655462184874,0.4675400670628746
0.12605042016806722,0.6638655462184874,0.4706595770306429
0.13445378151260504,0.6638655462184874,0.4737813807499724
0.14285714285714285,0.6638655462184874,0.4769052355939388
0.15126050420168066,0.6638655462184874,0.48003089829469375
0.15966386554621848,0.6638655462184874,0.4831581250189461
0.1680672268907563,0.6638655462184874,0.4862866714438385
0.1764705882352941,0.6638655462184874,0.4894162928331309
0.18487394957983191,0.6638655462184874,0.492546744113674
0.19327731092436973,0.6638655462184874,0.495677779952098
0.20168067226890757,0.6638655462184874,0.49880915483167415
0.21008403361344538,0.6638655462184874,0.501940623129309
0.2184873949579832,0.6638655462184874,0.5050719391925932
0.226890756302521,0.6638655462184874,0.5082028574168852
0.23529411764705882,0.6638655462184874,0.5113331323223542
0.24369747899159663,0.6638655462184874,0.5144625186309413
0.25210084033613445,0.6638655462184874,0.5175907713431916
0.26050420168067223,0.6638655462184874,0.5207176458148894
0.2689075630252101,0.6638655462184874,0.5238428978334702
0.2773109243697479,0.6638655462184874,0.5269662836941352
0.2857142857142857,0.6638655462184874,0.5300875602756373
0.29411764705882354,0.6638655462184874,0.5332064851156688
0.3025210084033613,0.6638655462184874,0.5363228164858235
0.31092436974789917,0.6638655462184874,0.5394363134660679
0.31932773109243695,0.6638655462184874,0.5425467360186762
0.3277310924369748,0.6638655462184874,0.5456538450615895
0.3361344537815126,0.6638655462184874,0.5487574025411385
0.3445378151260504,0.6638655462184874,0.5518571715040966
0.3529411764705882,0.6638655462184874,0.5549529161690108
0.36134453781512604,0.6638655462184874,0.558044401996761
0.36974789915966383,0.6638655462184874,0.5611313957603198
0.37815126050420167,0.6638655462184874,0.5642136656136448
0.38655462184873945,0.6638655462184874,0.5672909811596915
0.3949579831932773,0.6638655462184874,0.5703631135174747
0.40336134453781514,0.6638655462184874,0.5734298353881643
0.4117647058823529,0.6638655462184874,0.5764909211201584
0.42016806722689076,0.6638655462184874,0.5795461467731029
0.42857142857142855,0.6638655462184874,0.5825952901808272
0.4369747899159664,0.6638655462184874,0.5856381310131427
0.4453781512605042,0.6638655462184874,0.588674450836491
0.453781512605042,0.6638655462184874,0.5917040331733895
0.4621848739495798,0.6638655462184874,0.5947266635606565
0.47058823529411764,0.6638655462184874,0.5977421296063771
0.4789915966386554,0.6638655462184874,0.6007502210455844
0.48739495798319327,0.6638655462184874,0.603750729794625
0.49579831932773105,0.6638655462184874,0.6067434500041857
0.5042016806722689,0.6638655462184874,0.609728178110952
0.5126050420168067,0.6638655462184874,0.61270471288788
0.5210084033613445,0.6638655462184874,0.6156728554930548
0.5294117647058824,0.6638655462184874,0.6186324095171131
0.5378151260504201,0.6638655462184874,0.6215831810292168
0.5462184873949579,0.6638655462184874,0.6245249786215553
0.5546218487394958,0.6638655462184874,0.6274576134523532
0.5630252100840336,0.6638655462184874,0.6303808992873909
0.5714285714285714,0.6638655462184874,0.633294652539987
0.5798319327731092,0.6638655462184874,0.6361986923094708
0.5882352941176471,0.6638655462184874,0.6390928404181053
0.5966386554621849,0.6638655462184874,0.641976921446458
0.6050420168067226,0.6638655462184874,0.6448507627672243
0.6134453781512604,0.6638655462184874,0.6477141945774759
0.6218487394957983,0.6638655462184874,0.6505670499293491
0.6302521008403361,0.6638655462184874,0.6534091647591503
0.6386554621848739,0.6638655462184874,0.6562403779148934
0.6470588235294117,0.6638655462184874,0.6590605311822602
0.6554621848739496,0.6638655462184874,0.6618694693089759
0.6638655462184874,0.6638655462184874,0.6646670400276221
0.6722689075630252,0.6638655462184874,0.667453094076869
0.680672268907563,0.6638655462184874,0.6702274852211415
0.6890756302521008,0.6638655462184874,0.6729900702687289
0.6974789915966386,0.6638655462184874,0.6757407090883276
0.7058823529411764,0.6638655462184874,0.6784792646240522
0.7142857142857143,0.6638655462184874,0.6812056029088931
0.7226890756302521,0.6638655462184874,0.6839195930766562
0.7310924369747899,0.6638655462184874,0.6866211073723824
0.7394957983193277,0.6638655462184874,0.6893100211612639
0.7478991596638656,0.6638655462184874,0.6919862129360721
0.7563025210084033,0.6638655462184874,0.6946495643231041
0.7647058823529411,0.6638655462184874,0.6972999600866785
0.7731092436974789,0.6638655462184874,0.6999372881321803
0.7815126050420168,0.6638655462184874,0.702561439507683
0.7899159663865546,0.6638655462184874,0.7051723084041673
0.7983193277310924,0.6638655462184874,0.7077697921543468
0.8067226890756303,0.6638655462184874,0.7103537912301257
0.8151260504201681,0.6638655462184874,0.71292420923872
0.8235294117647058,0.6638655462184874,0.7154809529174383
0.8319327731092436,0.6638655462184874,0.7180239321271775
0.8403361344537815,0.6638655462184874,0.7205530598446274
0.8487394957983193,0.6638655462184874,0.7230682521532218
0.8571428571428571,0.6638655462184874,0.7255694282328682
0.8655462184873949,0.6638655462184874,0.728056510348459
0.8739495798319328,0.6638655462184874,0.7305294238372132
0.8823529411764706,0.6638655462184874,0.7329880970948577
0.8907563025210083,0.6638655462184874,0.7354324615606813
0.8991596638655461,0.6638655462184874,0.7378624517014962
0.907563025210084,0.6638655462184874,0.7402780049945152
0.9159663865546218,0.6638655462184874,0.7426790619091902
0.9243697478991596,0.6638655462184874,0.7450655658880334
0.9327731092436974,0.6638655462184874,0.7474374633264436
0.9411764705882353,0.6638655462184874,0.7497947035515801
0.9495798319327731,0.6638655462184874,0.7521372388003
0.9579831932773109,0.6638655462184874,0.7544650241961914
0.9663865546218487,0.6638655462184874,0.7567780177257372
0.9747899159663865,0.6638655462184874,0.7590761802136259
0.9831932773109243,0.6638655462184874,0.7613594752972608
0.9915966386554621,0.6638655462184874,0.7636278694004717
1.0,0.6638655462184874,0.7658813317064708
0.0,0.6722689075630252,0.42459178900807737
0.008403361344537815,0.6722689075630252,0.4276203349402995
0.01680672268907563,0.6722689075630252,0.43065431526429176
0.025210084033613446,0.6722689075630252,0.43369351133001505
0.03361344537815126,0.6722689075630252,0.4367377029337217
0.04201680672268907,0.6722689075630252,0.43978666837976504
0.05042016806722689,0.6722689075630252,0.4428401845433397
0.058823529411764705,0.6722689075630252,0.44589802693412905
0.06722689075630252,0.6722689075630252,0.4489599697608112
0.07563025210084033,0.6722689075630252,0.4520257859963945
0.08403361344537814,0.6722689075630252,0.45509524744433755
0.09243697478991596,0.6722689075630252,0.4581681248054158
0.10084033613445378,0.6722689075630252,0.46124418774529075
0.1092436974789916,0.6722689075630252,0.4643232049627471
0.11764705882352941,0.6722689075630252,0.4674049442585478
0.12605042016806722,0.6722689075630252,0.47048917260487005
0.13445378151260504,0.6722689075630252,0.4735756562152715
0.14285714285714285,0.6722689075630252,0.4766641606151511
0.15126050420168066,0.6722689075630252,0.4797544507126537
0.15966386554621848,0.6722689075630252,0.4828462908699727
0.1680672268907563,0.6722689075630252,0.4859394449750098
0.1764705882352941,0.6722689075630252,0.48903367651334184
0.18487394957983191,0.6722689075630252,0.4921287486404477
0.19327731092436973,0.6722689075630252,0.4952244242541544
0.20168067226890757,0.6722689075630252,0.4983204660672436
0.21008403361344538,0.6722689075630252,0.5014166366801881
0.2184873949579832,0.6722689075630252,0.50451269865395
0.226890756302521,0.6722689075630252,0.5076084145828185
0.23529411764705882,0.6722689075630252,0.5107035471672112
0.24369747899159663,0.6722689075630252,0.5137978592864196
0.25210084033613445,0.6722689075630252,0.5168911140712297
0.26050420168067223,0.6722689075630252,0.5199830749763776
0.2689075630252101,0.6722689075630252,0.5230735058528047
0.2773109243697479,0.6722689075630252,0.5261621710196436
0.2857142857142857,0.6722689075630252,0.5292488353359054
0.29411764705882354,0.6722689075630252,0.5323332642718173
0.3025210084033613,0.6722689075630252,0.5354152239797607
0.31092436974789917,0.6722689075630252,0.5384944813647713
0.31932773109243695,0.6722689075630252,0.5415708041545519
0.3277310924369748,0.6722689075630252,0.5446439609689512
0.3361344537815126,0.6722689075630252,0.5477137213888722
0.3445378151260504,0.6722689075630252,0.5507798560245639
0.3529411764705882,0.6722689075630252,0.553842136583245
0.36134453781512604,0.6722689075630252,0.5569003359360385
0.36974789915966383,0.6722689075630252,0.5599542281841503
0.37815126050420167,0.6722689075630252,0.5630035887242759
0.38655462184873945,0.6722689075630252,0.5660481943131788
0.3949579831932773,0.6722689075630252,0.5690878231314092
0.40336134453781514,0.6722689075630252,0.572122254846128
0.4117647058823529,0.6722689075630252,0.5751512706729897
0.42016806722689076,0.6722689075630252,0.5781746534370645
0.42857142857142855,0.6722689075630252,0.5811921876327486
0.4369747899159664,0.6722689075630252,0.5842036594826362
0.4453781512605042,0.6722689075630252,0.5872088569953298
0.453781512605042,0.6722689075630252,0.5902075700221385
0.4621848739495798,0.6722689075630252,0.5931995903126508
0.47058823529411764,0.6722689075630252,0.596184711569147
0.4789915966386554,0.6722689075630252,0.5991627294998199
0.48739495798319327,0.6722689075630252,0.6021334418707878
0.49579831932773105,0.6722689075630252,0.6050966485568557
0.5042016806722689,0.6722689075630252,0.6080521515910293
0.5126050420168067,0.6722689075630252,0.6109997552127263
0.5210084033613445,0.6722689075630252,0.6139392659146904
0.5294117647058824,0.6722689075630252,0.6168704924885736
0.5378151260504201,0.6722689075630252,0.6197932460691704
0.5462184873949579,0.6722689075630252,0.6227073401772895
0.5546218487394958,0.6722689075630252,0.6256125907612432
0.5630252100840336,0.6722689075630252,0.6285088162369444
0.5714285714285714,0.6722689075630252,0.631395837526589
0.5798319327731092,0.6722689075630252,0.6342734780959228
0.5882352941176471,0.6722689075630252,0.6371415639900704
0.5966386554621849,0.6722689075630252,0.6399999238679259
0.6050420168067226,0.6722689075630252,0.6428483890350933
0.6134453781512604,0.6722689075630252,0.645686793475366
0.6218487394957983,0.6722689075630252,0.6485149738807494
0.6302521008403361,0.6722689075630252,0.6513327696800052
0.6386554621848739,0.6722689075630252,0.6541400230657421
0.6470588235294117,0.6722689075630252,0.6569365790200142
0.6554621848739496,0.6722689075630252,0.659722285338464
0.6638655462184874,0.6722689075630252,0.6624969926529808
0.6722689075630252,0.6722689075630252,0.6652605544528926
0.680672268907563,0.6722689075630252,0.6680128271046936
0.6890756302521008,0.6722689075630252,0.6707536698703004
0.6974789915966386,0.6722689075630252,0.673482944923859
0.7058823529411764,0.6722689075630252,0.6762005173670945
0.7142857142857143,0.6722689075630252,0.6789062552432149
0.7226890756302521,0.6722689075630252,0.6816000295493884
0.7310924369747899,0.6722689075630252,0.6842817142477832
0.7394957983193277,0.6722689075630252,0.6869511862752044
0.7478991596638656,0.6722689075630252,0.6896083255513183
0.7563025210084033,0.6722689075630252,0.6922530149854884
0.7647058823529411,0.6722689075630252,0.6948851404822417
0.7731092436974789,0.6722689075630252,0.6975045909453602
0.7815126050420168,0.6722689075630252,0.7001112582806401
0.7899159663865546,0.6722689075630252,0.7027050373973096
0.7983193277310924,0.6722689075630252,0.7052858262081366
0.8067226890756303,0.6722689075630252,0.7078535256282467
0.8151260504201681,0.6722689075630252,0.7104080395726559
0.8235294117647058,0.6722689075630252,0.7129492749525532
0.8319327731092436,0.6722689075630252,0.7154771416703454
0.8403361344537815,0.6722689075630252,0.7179915526134807
0.8487394957983193,0.6722689075630252,0.7204924236470847
0.8571428571428571,0.6722689075630252,0.722979673605421
0.8655462184873949,0.6722689075630252,0.7254532242821997
0.8739495798319328,0.6722689075630252,0.7279130004197628
0.8823529411764706,0.6722689075630252,0.7303589296971613
0.8907563025210083,0.6722689075630252,0.7327909427171604
0.8991596638655461,0.6722689075630252,0.7352089729921844
0.907563025210084,0.6722689075630252,0.7376129569292295
0.9159663865546218,0.6722689075630252,0.7400028338137833
0.9243697478991596,0.6722689075630252,0.7423785457927489
0.9327731092436974,0.6722689075630252,0.7447400378564295
0.9411764705882353,0.6722689075630252,0.7470872578195817
0.9495798319327731,0.6722689075630252,0.7494201563015621
0.9579831932773109,0.6722689075630252,0.7517386867056098
0.9663865546218487,0.6722689075630252,0.7540428051972721
0.9747899159663865,0.6722689075630252,0.7563324706820149
0.9831932773109243,0.6722689075630252,0.758607644782041
0.9915966386554621,0.6722689075630252,0.7608682918123324
1.0,0.6722689075630252,0.7631143787559664
0.0,0.680672268907563,0.42494216954247155
0.008403361344537815,0.680672268907563,0.4279367891797116
0.01680672268907563,0.680672268907563,0.43093669776925614
0.025210084033613446,0.680672268907563,0.43394168390367854
0.03361344537815126,0.680672268907563,0.43695153469694503
0.04201680672268907,0.680672268907563,0.4399660358428555
0.05042016806722689,0.680672268907563,0.4429849716743576
0.058823529411764705,0.680672268907563,0.4460081252236996
0.06722689075630252,0.680672268907563,0.4490352782833841
0.07563025210084033,0.680672268907563,0.4520662114678983
0.08403361344537814,0.680672268907563,0.4551007042761659
0.09243697478991596,0.680672268907563,0.4581385351547066
0.10084033613445378,0.680672268907563,0.46117948156144234
0.1092436974789916,0.680672268907563,0.4642233200301323
0.11764705882352941,0.680672268907563,0.46726982623538027
0.12605042016806722,0.680672268907563,0.4703187750581884
0.13445378151260504,0.680672268907563,0.4733699406520101
0.14285714285714285,0.680672268907563,0.47642309650925657
0.15126050420168066,0.680672268907563,0.47947801552823305
0.15966386554621848,0.680672268907563,0.4825344700804384
0.1680672268907563,0.680672268907563,0.48559223207820795
0.1764705882352941,0.680672268907563,0.48865107304264294
0.18487394957983191,0.680672268907563,0.4917107641717924
0.19327731092436973,0.680672268907563,0.49477107640903706
0.20168067226890757,0.680672268907563,0.49783178051163474
0.21008403361344538,0.680672268907563,0.500892647119389
0.2184873949579832,0.680672268907563,0.5039534468233877
0.226890756302521,0.680672268907563,0.5070139502347769
0.23529411764705882,0.680672268907563,0.5100739280535158
0.24369747899159663,0.680672268907563,0.5131331511370831
0.25210084033613445,0.680672268907563,0.5161913905690758
0.26050420168067223,0.680672268907563,0.5192484177276663
0.2689075630252101,0.680672268907563,0.5223040043538798
0.2773109243697479,0.680672268907563,0.5253579226196242
0.2857142857142857,0.680672268907563,0.5284099451954651
0.29411764705882354,0.680672268907563,0.5314598453180709
0.3025210084033613,0.680672268907563,0.5345073968573045
0.31092436974789917,0.680672268907563,0.537552374382917
0.31932773109243695,0.680672268907563,0.5405945532307918
0.3277310924369748,0.680672268907563,0.5436337095687123
0.3361344537815126,0.680672268907563,0.5466696204616024
0.3445378151260504,0.680672268907563,0.5497020639362036
0.3529411764705882,0.680672268907563,0.55273081904515
0.36134453781512604,0.680672268907563,0.5557556659303973
0.36974789915966383,0.680672268907563,0.5587763858859829
0.37815126050420167,0.680672268907563,0.5617927614200527
0.38655462184873945,0.680672268907563,0.5648045763161446
0.3949579831932773,0.680672268907563,0.5678116156936833
0.40336134453781514,0.680672268907563,0.5708136660676433
0.4117647058823529,0.680672268907563,0.5738105154073626
0.42016806722689076,0.680672268907563,0.5768019531944555
0.42857142857142855,0.680672268907563,0.5797877704798049
0.4369747899159664,0.680672268907563,0.5827677599396045
0.4453781512605042,0.680672268907563,0.5857417159304069
0.453781512605042,0.680672268907563,0.5887094345431652
0.4621848739495798,0.680672268907563,0.5916707136562228
0.47058823529411764,0.680672268907563,0.594625352987242
0.4789915966386554,0.680672268907563,0.597573154144029
0.48739495798319327,0.680672268907563,0.6005139206742413
0.49579831932773105,0.680672268907563,0.6034474581139517
0.5042016806722689,0.680672268907563,0.6063735740350401
0.5126050420168067,0.680672268907563,0.6092920780913926
0.5210084033613445,0.680672268907563,0.612202782063905
0.5294117647058824,0.680672268907563,0.6151054999042411
0.5378151260504201,0.680672268907563,0.6180000477773514
0.5462184873949579,0.680672268907563,0.6208862441027279
0.5546218487394958,0.680672268907563,0.6237639095943719
0.5630252100840336,0.680672268907563,0.6266328672994811
0.5714285714285714,0.680672268907563,0.6294929426358139
0.5798319327731092,0.680672268907563,0.6323439634277433
0.5882352941176471,0.680672268907563,0.6351857599409787
0.5966386554621849,0.680672268907563,0.6380181649159404
0.6050420168067226,0.680672268907563,0.6408410135997991
0.6134453781512604,0.680672268907563,0.6436541437771441
0.6218487394957983,0.680672268907563,0.6464573957992994
0.6302521008403361,0.680672268907563,0.6492506126122706
0.6386554621848739,0.680672268907563,0.6520336397833152
0.6470588235294117,0.680672268907563,0.6548063255261503
0.6554621848739496,0.680672268907563,0.6575685207247751
0.6638655462184874,0.680672268907563,0.6603200789559222
0.6722689075630252,0.680672268907563,0.663060856510139
0.680672268907563,0.680672268907563,0.665790712411487
0.6890756302521008,0.680672268907563,0.6685095084358811
0.6974789915966386,0.680672268907563,0.6712171091280597
0.7058823529411764,0.680672268907563,0.6739133818171913
0.7142857142857143,0.680672268907563,0.6765981966311369
0.7226890756302521,0.680672268907563,0.6792714265093515
0.7310924369747899,0.680672268907563,0.6819329472144624
0.7394957983193277,0.680672268907563,0.6845826373425071
0.7478991596638656,0.680672268907563,0.6872203783318537
0.7563025210084033,0.680672268907563,0.6898460544708169
0.7647058823529411,0.680672268907563,0.6924595529039754
0.7731092436974789,0.680672268907563,0.695060763637202
0.7815126050420168,0.680672268907563,0.6976495795414307
0.7899159663865546,0.680672268907563,0.7002258963551582
0.7983193277310924,0.680672268907563,0.7027896126857163
0.8067226890756303,0.680672268907563,0.7053406300093077
0.8151260504201681,0.680672268907563,0.7078788526698424
0.8235294117647058,0.680672268907563,0.7104041878765793
0.8319327731092436,0.680672268907563,0.7129165457005929
0.8403361344537815,0.680672268907563,0.7154158390700925
0.8487394957983193,0.680672268907563,0.7179019837645976
0.8571428571428571,0.680672268907563,0.7203748984080046
0.8655462184873949,0.680672268907563,0.7228345044605547
0.8739495798319328,0.680672268907563,0.7252807262097271
0.8823529411764706,0.680672268907563,0.7277134907600857
0.8907563025210083,0.680672268907563,0.7301327280220847
0.8991596638655461,0.680672268907563,0.7325383706998712
0.907563025210084,0.680672268907563,0.734930354278102
0.9159663865546218,0.680672268907563,0.7373086170077935
0.9243697478991596,0.680672268907563,0.7396730998912338
0.9327731092436974,0.680672268907563,0.742023746665976
0.9411764705882353,0.680672268907563,0.7443605037879399
0.9495798319327731,0.680672268907563,0.7466833204136458
0.9579831932773109,0.680672268907563,0.7489921483815993
0.9663865546218487,0.680672268907563,0.7512869421928646
0.9747899159663865,0.680672268907563,0.7535676589908303
0.9831932773109243,0.680672268907563,0.7558342585402148
0.9915966386554621,0.680672268907563,0.7580867032053223
1.0,0.680672268907563,0.7603249579275766
0.0,0.6890756302521008,0.42529262550929264
0.008403361344537815,0.6890756302521008,0.42825330238798176
0.01680672268907563,0.6890756302521008,0.4312191251950667
0.025210084033613446,0.6890756302521008,0.4341898896080334
0.03361344537815126,0.6890756302521008,0.4371653898980035
0.04201680672268907,0.6890756302521008,0.4401454189849617
0.05042016806722689,0.6890756302521008,0.44312976849378394
0.058823529411764705,0.6890756302521008,0.4461182288110543
0.06722689075630252,0.6890756302521008,0.4491105891426264
0.07563025210084033,0.6890756302521008,0.45210663757189906
0.08403361344537814,0.6890756302521008,0.45510616111877683
0.09243697478991596,0.6890756302521008,0.4581089457992775
0.10084033613445378,0.6890756302521008,0.461114776685752
0.1092436974789916,0.6890756302521008,0.46412343796768235
0.11764705882352941,0.6890756302521008,0.46713471301302134
0.12605042016806722,0.6890756302521008,0.4701483844300396
0.13445378151260504,0.6890756302521008,0.4731642341296349
0.14285714285714285,0.6890756302521008,0.47618204338807707
0.15126050420168066,0.6890756302521008,0.47920159291014286
0.15966386554621848,0.6890756302521008,0.4822226628926037
0.1680672268907563,0.6890756302521008,0.48524503308803096
0.1764705882352941,0.6890756302521008,0.48826848286887203
0.18487394957983191,0.6890756302521008,0.491292791291768
0.19327731092436973,0.6890756302521008,0.4943177371620629
0.20168067226890757,0.6890756302521008,0.4973430990984699
0.21008403361344538,0.6890756302521008,0.5003686555978584
0.2184873949579832,0.6890756302521008,0.503394185100109
0.226890756302521,0.6890756302521008,0.5064194660530127
0.23529411764705882,0.6890756302521008,0.5094442769771538
0.24369747899159663,0.6890756302521008,0.512468396530762
0.25210084033613445,0.6890756302521008,0.5154916035744657
0.26050420168067223,0.6890756302521008,0.5185136772359276
0.2689075630252101,0.6890756302521008,0.5215343969743107
0.2773109243697479,0.6890756302521008,0.5245535426445376
0.2857142857142857,0.6890756302521008,0.5275708945613092
0.29411764705882354,0.6890756302521008,0.5305862335628339
0.3025210084033613,0.6890756302521008,0.5335993410742307
0.31092436974789917,0.6890756302521008,0.5366099991705773
0.31932773109243695,0.6890756302521008,0.5396179906395454
0.3277310924369748,0.6890756302521008,0.5426230990436103
0.3361344537815126,0.6890756302521008,0.5456251087817681
0.3445378151260504,0.6890756302521008,0.548623805150755
0.3529411764705882,0.6890756302521008,0.551618974405699
0.36134453781512604,0.6890756302521008,0.5546104038202017
0.36974789915966383,0.6890756302521008,0.557597881745791
0.37815126050420167,0.6890756302521008,0.5605811976707086
0.38655462184873945,0.6890756302521008,0.5635601422780258
0.3949579831932773,0.6890756302521008,0.5665345075030206
0.40336134453781514,0.6890756302521008,0.5695040865898051
0.4117647058823529,0.6890756302521008,0.5724686741471666
0.42016806722689076,0.6890756302521008,0.5754280662035813
0.42857142857142855,0.6890756302521008,0.5783820602613927
0.4369747899159664,0.6890756302521008,0.5813304553500975
0.4453781512605042,0.6890756302521008,0.5842730520787381
0.453781512605042,0.6890756302521008,0.5872096526873531
0.4621848739495798,0.6890756302521008,0.5901400610974662
0.47058823529411764,0.6890756302521008,0.5930640829616006
0.4789915966386554,0.6890756302521008,0.5959815257117653
0.48739495798319327,0.6890756302521008,0.5988921986069262
0.49579831932773105,0.6890756302521008,0.601795912779409
0.5042016806722689,0.6890756302521008,0.6046924812802223
0.5126050420168067,0.6890756302521008,0.6075817191232911
0.5210084033613445,0.6890756302521008,0.6104634433285677
0.5294117647058824,0.6890756302521008,0.6133374729640032
0.5378151260504201,0.6890756302521008,0.6162036291863725
0.5462184873949579,0.6890756302521008,0.6190617352809187
0.5546218487394958,0.6890756302521008,0.6219116166998242
0.5630252100840336,0.6890756302521008,0.6247531010994762
0.5714285714285714,0.6890756302521008,0.6275860183765176
0.5798319327731092,0.6890756302521008,0.6304102007026827
0.5882352941176471,0.6890756302521008,0.6332254825583882
0.5966386554621849,0.6890756302521008,0.6360317007650859
0.6050420168067226,0.6890756302521008,0.6388286945163641
0.6134453781512604,0.6890756302521008,0.6416163054077786
0.6218487394957983,0.6890756302521008,0.6443943774654327
0.6302521008403361,0.6890756302521008,0.647162757173268
0.6386554621848739,0.6890756302521008,0.6499212934990937
0.6470588235294117,0.6890756302521008,0.6526698379193271
0.6554621848739496,0.6890756302521008,0.6554082444424533
0.6638655462184874,0.6890756302521008,0.6581363696312115
0.6722689075630252,0.6890756302521008,0.6608540726234816
0.680672268907563,0.6890756302521008,0.6635612151519091
0.6890756302521008,0.6890756302521008,0.666257661562234
0.6974789915966386,0.6890756302521008,0.6689432788303523
0.7058823529411764,0.6890756302521008,0.6716179365781022
0.7142857142857143,0.6890756302521008,0.674281507087781
0.7226890756302521,0.6890756302521008,0.6769338653154026
0.7310924369747899,0.6890756302521008,0.6795748889026992
0.7394957983193277,0.6890756302521008,0.6822044581878746
0.7478991596638656,0.6890756302521008,0.6848224562151185
0.7563025210084033,0.6890756302521008,0.6874287687428922
0.7647058823529411,0.6890756302521008,0.6900232842509954
0.7731092436974789,0.6890756302521008,0.6926058939464226
0.7815126050420168,0.6890756302521008,0.6951764917680229
0.7899159663865546,0.6890756302521008,0.6977349743899814
0.7983193277310924,0.6890756302521008,0.70028124122412
0.8067226890756303,0.6890756302521008,0.7028151944210517
0.8151260504201681,0.6890756302521008,0.7053367388701847
0.8235294117647058,0.6890756302521008,0.7078457821986038
0.8319327731092436,0.6890756302521008,0.7103422347688435
0.8403361344537815,0.6890756302521008,0.7128260096755616
0.8487394957983193,0.6890756302521008,0.7152970227411372
0.8571428571428571,0.6890756302521008,0.7177551925102136
0.8655462184873949,0.6890756302521008,0.7202004402431922
0.8739495798319328,0.6890756302521008,0.7226326899087131
0.8823529411764706,0.6890756302521008,0.7250518681751292
0.8907563025210083,0.6890756302521008,0.7274579044009868
0.8991596638655461,0.6890756302521008,0.7298507306245633
0.907563025210084,0.6890756302521008,0.732230281552438
0.9159663865546218,0.6890756302521008,0.7345964945471637
0.9243697478991596,0.6890756302521008,0.7369493096140171
0.9327731092436974,0.6890756302521008,0.7392886693868812
0.9411764705882353,0.6890756302521008,0.7416145191132664
0.9495798319327731,0.6890756302521008,0.7439268066384919
0.9579831932773109,0.6890756302521008,0.7462254823890606
0.9663865546218487,0.6890756302521008,0.7485104993552367
0.9747899159663865,0.6890756302521008,0.7507818130728485
0.9831932773109243,0.6890756302521008,0.7530393816043615
0.9915966386554621,0.6890756302521008,0.7552831655192103
1.0,0.6890756302521008,0.757513127873439
0.0,0.6974789915966386,0.42564315657246166
0.008403361344537815,0.6974789915966386,0.42856987431702537
0.01680672268907563,0.6974789915966386,0.4315015973651273
0.025210084033613446,0.6974789915966386,0.4344381283229924
0.03361344537815126,0.6974789915966386,0.43737926845995506
0.04201680672268907,0.6974789915966386,0.44032481776059884
0.05042016806722689,0.6974789915966386,0.4432745749776588
0.058823529411764705,0.6974789915966386,0.44622833768564457
0.06722689075630252,0.6974789915966386,0.4491859023351566
0.07563025210084033,0.6974789915966386,0.4521470643078743
0.08403361344537814,0.6974789915966386,0.4551116179721692
0.09243697478991596,0.6974789915966386,0.4580793567393355
0.10084033613445378,0.6974789915966386,0.4610500731203733
0.1092436974789916,0.6974789915966386,0.4640235587833265
0.11764705882352941,0.6974789915966386,0.4669996046111183
0.12605042016806722,0.6974789915966386,0.4699780007598565
0.13445378151260504,0.6974789915966386,0.4729585367175822
0.14285714285714285,0.6974789915966386,0.4759410013634129
0.15126050420168066,0.6974789915966386,0.4789251830270632
0.15966386554621848,0.6974789915966386,0.48191086954868734
0.1680672268907563,0.6974789915966386,0.4848978483390248
0.1764705882352941,0.6974789915966386,0.48788590643980395
0.18487394957983191,0.6974789915966386,0.49087483058436826
0.19327731092436973,0.6974789915966386,0.4938644072584916
0.20168067226890757,0.6974789915966386,0.49685442276134206
0.21008403361344538,0.6974789915966386,0.4998446632665607
0.2184873949579832,0.6974789915966386,0.5028349148834168
0.226890756302521,0.6974789915966386,0.5058249637179999
0.23529411764705882,0.6974789915966386,0.5088145959344144
0.24369747899159663,0.6974789915966386,0.5118035978159425
0.25210084033613445,0.6974789915966386,0.5147917558261327
0.26050420168067223,0.6974789915966386,0.5177788566697714
0.2689075630252101,0.6974789915966386,0.5207646873537223
0.2773109243697479,0.6974789915966386,0.5237490352475703
0.2857142857142857,0.6974789915966386,0.5267316881440522
0.29411764705882354,0.6974789915966386,0.5297124343192285
0.3025210084033613,0.6974789915966386,0.5326910625923609
0.31092436974789917,0.6974789915966386,0.5356673623854663
0.31932773109243695,0.6974789915966386,0.5386411237825026
0.3277310924369748,0.6974789915966386,0.5416121375881586
0.3361344537815126,0.6974789915966386,0.544580195386208
0.3445378151260504,0.6974789915966386,0.5475450895973958
0.3529411764705882,0.6974789915966386,0.5505066135368251
0.36134453781512604,0.6974789915966386,0.5534645614708072
0.36974789915966383,0.6974789915966386,0.5564187286731448
0.37815126050420167,0.6974789915966386,0.5593689114808129
0.38655462184873945,0.6974789915966386,0.5623149073490118
0.3949579831932773,0.6974789915966386,0.5652565149055583
0.40336134453781514,0.6974789915966386,0.5681935340045792
0.4117647058823529,0.6974789915966386,0.5711257657794886
0.42016806722689076,0.6974789915966386,0.5740530126952132
0.42857142857142855,0.6974789915966386,0.5769750785996337
0.4369747899159664,0.6974789915966386,0.5798917687742291
0.4453781512605042,0.6974789915966386,0.582802889983881
0.453781512605042,0.6974789915966386,0.58570825052582
0.4621848739495798,0.6974789915966386,0.5886076602776968
0.47058823529411764,0.6974789915966386,0.5915009307447344
0.4789915966386554,0.6974789915966386,0.5943878751059601
0.48739495798319327,0.6974789915966386,0.5972683082594823
0.49579831932773105,0.6974789915966386,0.6001420468667887
0.5042016806722689,0.6974789915966386,0.6030089093960591
0.5126050420168067,0.6974789915966386,0.6058687161644574
0.5210084033613445,0.6974789915966386,0.6087212893793955
0.5294117647058824,0.6974789915966386,0.61156645317875
0.5378151260504201,0.6974789915966386,0.6144040336700045
0.5462184873949579,0.6974789915966386,0.617233858968323
0.5546218487394958,0.6974789915966386,0.6200557592335149
0.5630252100840336,0.6974789915966386,0.6228695667058977
0.5714285714285714,0.6974789915966386,0.6256751157410396
0.5798319327731092,0.6974789915966386,0.6284722428433598
0.5882352941176471,0.6974789915966386,0.6312607866985938
0.5966386554621849,0.6974789915966386,0.6340405882050967
0.6050420168067226,0.6974789915966386,0.6368114905039914
0.6134453781512604,0.6974789915966386,0.6395733390081424
0.6218487394957983,0.6974789915966386,0.6423259814299548
0.6302521008403361,0.6974789915966386,0.6450692678079897
0.6386554621848739,0.6974789915966386,0.6478030505323954
0.6470588235294117,0.6974789915966386,0.6505271843691438
0.6554621848739496,0.6974789915966386,0.6532415264830809
0.6638655462184874,0.6974789915966386,0.6559459364597748
0.6722689075630252,0.6974789915966386,0.6586402763261723
0.680672268907563,0.6974789915966386,0.6613244105700626
0.6890756302521008,0.6974789915966386,0.6639982061583382
0.6974789915966386,0.6974789915966386,0.6666615325540767
0.7058823529411764,0.6974789915966386,0.6693142617324188
0.7142857142857143,0.6974789915966386,0.6719562681952731
0.7226890756302521,0.6974789915966386,0.6745874289848317
0.7310924369747899,0.6974789915966386,0.677207623695916
0.7394957983193277,0.6974789915966386,0.679816734487152
0.7478991596638656,0.6974789915966386,0.6824146460909766
0.7563025210084033,0.6974789915966386,0.6850012458225072
0.7647058823529411,0.6974789915966386,0.6875764235872484
0.7731092436974789,0.6974789915966386,0.6901400718876679
0.7815126050420168,0.6974789915966386,0.6926920858286579
0.7899159663865546,0.6974789915966386,0.6952323631218646
0.7983193277310924,0.6974789915966386,0.6977608040889292
0.8067226890756303,0.6974789915966386,0.7002773116636304
0.8151260504201681,0.6974789915966386,0.7027817913929476
0.8235294117647058,0.6974789915966386,0.7052741514370698
0.8319327731092436,0.6974789915966386,0.7077543025683442
0.8403361344537815,0.6974789915966386,0.7102221581691935
0.8487394957983193,0.6974789915966386,0.7126776342290135
0.8571428571428571,0.6974789915966386,0.7151206493400638
0.8655462184873949,0.6974789915966386,0.7175511246923743
0.8739495798319328,0.6974789915966386,0.7199689840676775
0.8823529411764706,0.6974789915966386,0.7223741538323872
0.8907563025210083,0.6974789915966386,0.7247665629296405
0.8991596638655461,0.6974789915966386,0.7271461428704209
0.907563025210084,0.6974789915966386,0.7295128277237841
0.9159663865546218,0.6974789915966386,0.7318665541062002
0.9243697478991596,0.6974789915966386,0.7342072611700321
0.9327731092436974,0.6974789915966386,0.7365348905911747
0.9411764705882353,0.6974789915966386,0.7388493865558666
0.9495798319327731,0.6974789915966386,0.7411506957467049
0.9579831932773109,0.6974789915966386,0.7434387673278712
0.9663865546218487,0.6974789915966386,0.7457135529295961
0.9747899159663865,0.6974789915966386,0.7479750066318829
0.9831932773109243,0.6974789915966386,0.7502230849475114
0.9915966386554621,0.6974789915966386,0.7524577468043365
1.0,0.6974789915966386,0.7546789535269111
0.0,0.7058823529411764,0.42599376239560083
0.008403361344537815,0.7058823529411764,0.4288865047185675
0.01680672268907563,0.7058823529411764,0.4317841141027242
0.025210084033613446,0.7058823529411764,0.43468639992840463
0.03361344537815126,0.7058823529411764,0.43759317030582084
0.04201680672268907,0.7058823529411764,0.4405042321242651
0.05042016806722689,0.7058823529411764,0.4434193911020173
0.058823529411764705,0.7058823529411764,0.446338451836918
0.06722689075630252,0.7058823529411764,0.4492612178575942
0.07563025210084033,0.7058823529411764,0.452187491675299
0.08403361344537814,0.7058823529411764,0.4551170748363422
0.09243697478991596,0.7058823529411764,0.45804976797508534
0.10084033613445378,0.7058823529411764,0.46098537086745917
0.1092436974789916,0.7058823529411764,0.4639236824849949
0.11764705882352941,0.7058823529411764,0.46686450104931404
0.12605042016806722,0.7058823529411764,0.46980762408706717
0.13445378151260504,0.7058823529411764,0.4727528484852739
0.14285714285714285,0.7058823529411764,0.47569997054704477
0.15126050420168066,0.7058823529411764,0.47864878604764377
0.15966386554621848,0.7058823529411764,0.4815990902908634
0.1680672268907563,0.7058823529411764,0.4845506781656799
0.1764705882352941,0.7058823529411764,0.48750334420314845
0.18487394957983191,0.7058823529411764,0.49045688263351894
0.19327731092436973,0.7058823529411764,0.4934110874435226
0.20168067226890757,0.7058823529411764,0.49636575243380343
0.21008403361344538,0.7058823529411764,0.4993206712764671
0.2184873949579832,0.7058823529411764,0.502275637572697
0.226890756302521,0.7058823529411764,0.5052304449104184
0.23529411764705882,0.7058823529411764,0.5081848869219671
0.24369747899159663,0.7058823529411764,0.5111387573417373
0.25210084033613445,0.7058823529411764,0.5140918500637598
0.26050420168067223,0.7058823529411764,0.5170439591991915
0.2689075630252101,0.7058823529411764,0.5199948791336797
0.2773109243697479,0.7058823529411764,0.5229444045845519
0.2857142857142857,0.7058823529411764,0.5258923306578245
0.29411764705882354,0.7058823529411764,0.5288384529049651
0.3025210084033613,0.7058823529411764,0.5317825673794062
0.31092436974789917,0.7058823529411764,0.5347244706927549
0.31932773109243695,0.7058823529411764,0.5376639600706691
0.3277310924369748,0.7058823529411764,0.5406008334083878
0.3361344537815126,0.7058823529411764,0.5435348893258463
0.3445378151260504,0.7058823529411764,0.5464659272223874
0.3529411764705882,0.7058823529411764,0.5493937473310003
0.36134453781512604,0.7058823529411764,0.552318150772079
0.36974789915966383,0.7058823529411764,0.555238939606666
0.37815126050420167,0.7058823529411764,0.5581559168891377
0.38655462184873945,0.7058823529411764,0.5610688867193266
0.3949579831932773,0.7058823529411764,0.5639776542940312
0.40336134453781514,0.7058823529411764,0.5668820259578882
0.4117647058823529,0.7058823529411764,0.5697818092535963
0.42016806722689076,0.7058823529411764,0.5726768129714402
0.42857142857142855,0.7058823529411764,0.5755668471981075
0.4369747899159664,0.7058823529411764,0.5784517233647667
0.4453781512605042,0.7058823529411764,0.5813312542943759
0.453781512605042,0.7058823529411764,0.5842052542482115
0.4621848739495798,0.7058823529411764,0.5870735389715768
0.47058823529411764,0.7058823529411764,0.589935925738689
0.4789915966386554,0.7058823529411764,0.5927922333966978
0.48739495798319327,0.7058823529411764,0.5956422824088374
0.49579831932773105,0.7058823529411764,0.5984858948966794
0.5042016806722689,0.7058823529411764,0.6013228946814705
0.5126050420168067,0.7058823529411764,0.6041531073245338
0.5210084033613445,0.7058823529411764,0.6069763601667271
0.5294117647058824,0.7058823529411764,0.6097924823669237
0.5378151260504201,0.7058823529411764,0.6126013049395163
0.5462184873949579,0.7058823529411764,0.6154026607909224
0.5546218487394958,0.7058823529411764,0.6181963847550699
0.5630252100840336,0.7058823529411764,0.6209823136278696
0.5714285714285714,0.7058823529411764,0.6237602862006407
0.5798319327731092,0.7058823529411764,0.6265301432924917
0.5882352941176471,0.7058823529411764,0.6292917277816422
0.5966386554621849,0.7058823529411764,0.6320448846356691
0.6050420168067226,0.7058823529411764,0.6347894609406929
0.6134453781512604,0.7058823529411764,0.637525305929458
0.6218487394957983,0.7058823529411764,0.6402522710083399
0.6302521008403361,0.7058823529411764,0.6429702097832426
0.6386554621848739,0.7058823529411764,0.645678978084401
0.6470588235294117,0.7058823529411764,0.648378433990075
0.6554621848739496,0.7058823529411764,0.6510684378491338
0.6638655462184874,0.7058823529411764,0.6537488523025324
0.6722689075630252,0.7058823529411764,0.6564195423036683
0.680672268907563,0.7058823529411764,0.6590803751376322
0.6890756302521008,0.7058823529411764,0.6617312204393415
0.6974789915966386,0.7058823529411764,0.6643719502105635
0.7058823529411764,0.7058823529411764,0.6670024388358295
0.7142857142857143,0.7058823529411764,0.6696225630972384
0.7226890756302521,0.7058823529411764,0.6722322021881609
0.7310924369747899,0.7058823529411764,0.6748312377258443
0.7394957983193277,0.7058823529411764,0.6774195537629191
0.7478991596638656,0.7058823529411764,0.679997036797824
0.7563025210084033,0.7058823529411764,0.6825635757841476
0.7647058823529411,0.7058823529411764,0.68511906213889
0.7731092436974789,0.7058823529411764,0.687663389749669
0.7815126050420168,0.7058823529411764,0.6901964549808605
0.7899159663865546,0.7058823529411764,0.692718156678698
0.7983193277310924,0.7058823529411764,0.69522839617533
0.8067226890756303,0.7058823529411764,0.6977270772918506
0.8151260504201681,0.7058823529411764,0.7002141063403169
0.8235294117647058,0.7058823529411764,0.7026893921247628
0.8319327731092436,0.7058823529411764,0.705152845941219
0.8403361344537815,0.7058823529411764,0.7076043815767584
0.8487394957983193,0.7058823529411764,0.710043915307569
0.8571428571428571,0.7058823529411764,0.71247136589609
0.8655462184873949,0.7058823529411764,0.7148866545871974
0.8739495798319328,0.7058823529411764,0.7172897051034742
0.8823529411764706,0.7058823529411764,0.7196804436395816
0.8907563025210083,0.7058823529411764,0.722058798855723
0.8991596638655461,0.7058823529411764,0.7244247018702532
0.907563025210084,0.7058823529411764,0.7267780862514187
0.9159663865546218,0.7058823529411764,0.7291188880082582
0.9243697478991596,0.7058823529411764,0.7314470455806861
0.9327731092436974,0.7058823529411764,0.7337624998287607
0.9411764705882353,0.7058823529411764,0.7360651940211765
0.9495798319327731,0.7058823529411764,0.7383550738229759
0.9579831932773109,0.7058823529411764,0.7406320872825144
0.9663865546218487,0.7058823529411764,0.7428961848176946
0.9747899159663865,0.7058823529411764,0.7451473192014783
0.9831932773109243,0.7058823529411764,0.7473854455467137
0.9915966386554621,0.7058823529411764,0.7496105212902786
1.0,0.7058823529411764,0.7518225061765655
0.0,0.7142857142857143,0.42634444264203575
0.008403361344537815,0.7142857142857143,0.429203193344144
0.01680672268907563,0.7142857142857143,0.4320666752310306
0.025210084033613446,0.7142857142857143,0.4349347043040515
0.03361344537815126,0.7142857142857143,0.43780709535858814
0.04201680672268907,0.7142857142857143,0.4406836620304435
0.05042016806722689,0.7142857142857143,0.4435642168428865
0.058823529411764705,0.7142857142857143,0.4464485712543212
0.06722689075630252,0.7142857142857143,0.44933653570655674
0.07563025210084033,0.7142857142857143,0.45222791967365017
0.08403361344537814,0.7142857142857143,0.45512253171129363
0.09243697478991596,0.7142857142857143,0.4580201795067319
0.10084033613445378,0.7142857142857143,0.4609206699291635
0.1092436974789916,0.7142857142857143,0.4638238090806149
0.11764705882352941,0.7142857142857143,0.46672940234724963
0.12605042016806722,0.7142857142857143,0.4696372544510913
0.13445378151260504,0.7142857142857143,0.4725471695021208
0.14285714285714285,0.7142857142857143,0.4754589510507307
0.15126050420168066,0.7142857142857143,0.4783724021405012
0.15966386554621848,0.7142857142857143,0.481287325361263
0.1680672268907563,0.7142857142857143,0.48420352290242885
0.1764705882352941,0.7142857142857143,0.4871207966065488
0.18487394957983191,0.7142857142857143,0.4900389480230746
0.19327731092436973,0.7142857142857143,0.49295777846228694
0.20168067226890757,0.7142857142857143,0.4958770890493609
0.21008403361344538,0.7142857142857143,0.49879668077854494
0.2184873949579832,0.7142857142857143,0.5017163545674073
0.226890756302521,0.7142857142857143,0.5046359113111343
0.23529411764705882,0.7142857142857143,0.5075551519368389
0.24369747899159663,0.7142857142857143,0.5104738774578467
0.25210084033613445,0.7142857142857143,0.5133918890279406
0.26050420168067223,0.7142857142857143,0.5163089879955128
0.2689075630252101,0.7142857142857143,0.5192249759576177
0.2773109243697479,0.7142857142857143,0.5221396548138678
0.2857142857142857,0.7142857142857143,0.5250528268201639
0.29411764705882354,0.7142857142857143,0.5279642946422126
0.3025210084033613,0.7142857142857143,0.5308738614088149
0.31092436974789917,0.7142857142857143,0.5337813307648802
0.31932773109243695,0.7142857142857143,0.5366865069241472
0.3277310924369748,0.7142857142857143,0.5395891947215758
0.3361344537815126,0.7142857142857143,0.5424891996653871
0.3445378151260504,0.7142857142857143,0.5453863279887102
0.3529411764705882,0.7142857142857143,0.548280386700815
0.36134453781512604,0.7142857142857143,0.5511711836379123
0.36974789915966383,0.7142857142857143,0.5540585275134667
0.37815126050420167,0.7142857142857143,0.5569422279680238
0.38655462184873945,0.7142857142857143,0.5598220956185075
0.3949579831932773,0.7142857142857143,0.5626979421069567
0.40336134453781514,0.7142857142857143,0.5655695801486975
0.4117647058823529,0.7142857142857143,0.5684368235799026
0.42016806722689076,0.7142857142857143,0.5712994874045231
0.42857142857142855,0.7142857142857143,0.5741573878405689
0.4369747899159664,0.7142857142857143,0.5770103423657111
0.4453781512605042,0.7142857142857143,0.579858169762186
0.453781512605042,0.7142857142857143,0.5827006901609703
0.4621848739495798,0.7142857142857143,0.5855377250852282
0.47058823529411764,0.7142857142857143,0.5883690974929751
0.4789915966386554,0.7142857142857143,0.5911946318189624
0.48739495798319327,0.7142857142857143,0.5940141540157687
0.49579831932773105,0.7142857142857143,0.5968274915940501
0.5042016806722689,0.7142857142857143,0.5996344736619594
0.5126050420168067,0.7142857142857143,0.6024349309637059
0.5210084033613445,0.7142857142857143,0.6052286959172326
0.5294117647058824,0.7142857142857143,0.6080156026510127
0.5378151260504201,0.7142857142857143,0.6107954870399296
0.5462184873949579,0.7142857142857143,0.6135681867402443
0.5546218487394958,0.7142857142857143,0.616333541223624
0.5630252100840336,0.7142857142857143,0.6190913918102277
0.5714285714285714,0.7142857142857143,0.6218415817008313
0.5798319327731092,0.7142857142857143,0.624583956007988
0.5882352941176471,0.7142857142857143,0.6273183617862008
0.5966386554621849,0.7142857142857143,0.6300446480611207
0.6050420168067226,0.7142857142857143,0.632762665857733
0.6134453781512604,0.7142857142857143,0.6354722682275517
0.6218487394957983,0.7142857142857143,0.6381733102747973
0.6302521008403361,0.7142857142857143,0.6408656491815546
0.6386554621848739,0.7142857142857143,0.6435491442319213
0.6470588235294117,0.7142857142857143,0.6462236568351092
0.6554621848739496,0.7142857142857143,0.6488890505475381
0.6638655462184874,0.7142857142857143,0.6515451910938824
0.6722689075630252,0.7142857142857143,0.6541919463870863
0.680672268907563,0.7142857142857143,0.6568291865473501
0.6890756302521008,0.7142857142857143,0.6594567839200677
0.6974789915966386,0.7142857142857143,0.6620746130927442
0.7058823529411764,0.7142857142857143,0.6646825509108681
0.7142857142857143,0.7142857142857143,0.6672804764927517
0.7226890756302521,0.7142857142857143,0.6698682712433498
0.7310924369747899,0.7142857142857143,0.6724458188670447
0.7394957983193277,0.7142857142857143,0.675013005379412
0.7478991596638656,0.7142857142857143,0.6775697191179684
0.7563025210084033,0.7142857142857143,0.6801158507519081
0.7647058823529411,0.7142857142857143,0.6826512932908365
0.7731092436974789,0.7142857142857143,0.685175942092496
0.7815126050420168,0.7142857142857143,0.6876896948695145
0.7899159663865546,0.7142857142857143,0.6901924516951568
0.7983193277310924,0.7142857142857143,0.6926841150081103
0.8067226890756303,0.7142857142857143,0.6951645896163046
0.8151260504201681,0.7142857142857143,0.6976337826997692
0.8235294117647058,0.7142857142857143,0.7000916038125546
0.8319327731092436,0.7142857142857143,0.7025379648837151
0.8403361344537815,0.7142857142857143,0.7049727802173651
0.8487394957983193,0.7142857142857143,0.7073959664918359
0.8571428571428571,0.7142857142857143,0.7098074427579213
0.8655462184873949,0.7142857142857143,0.7122071304362434
0.8739495798319328,0.7142857142857143,0.7145949533137496
0.8823529411764706,0.7142857142857143,0.7169708375393452
0.8907563025210083,0.7142857142857143,0.7193347116186833
0.8991596638655461,0.7142857142857143,0.7216865064081279
0.907563025210084,0.7142857142857143,0.7240261551078957
0.9159663865546218,0.7142857142857143,0.7263535932544049
0.9243697478991596,0.7142857142857143,0.7286687587118323
0.9327731092436974,0.7142857142857143,0.7309715916629105
0.9411764705882353,0.7142857142857143,0.7332620345989642
0.9495798319327731,0.7142857142857143,0.7355400323092119
0.9579831932773109,0.7142857142857143,0.7378055318693546
0.9663865546218487,0.7142857142857143,0.740058482629454
0.9747899159663865,0.7142857142857143,0.7422988362011234
0.9831932773109243,0.7142857142857143,0.7445265464440602
0.9915966386554621,0.7142857142857143,0.7467415694519159
1.0,0.7142857142857143,0.7489438635375381
0.0,0.7226890756302521,0.4266951969747949
0.008403361344537815,0.7226890756302521,0.42951993994510174
0.01680672268907563,0.7226890756302521,0.4323492805731048
0.025210084033613446,0.7226890756302521,0.43518304132965036
0.03361344537815126,0.7226890756302521,0.4380210435412119
0.04201680672268907,0.7226890756302521,0.44086310743360035
0.05042016806722689,0.7226890756302521,0.4437090521762878
0.058823529411764705,0.7226890756302521,0.44655869592729835
0.06722689075630252,0.7226890756302521,0.44941185587866345
0.07563025210084033,0.7226890756302521,0.45226834830240414
0.08403361344537814,0.7226890756302521,0.45512798859702225
0.09243697478991596,0.7226890756302521,0.45799059133448256
0.10084033613445378,0.7226890756302521,0.4608559703076395
0.1092436974789916,0.7226890756302521,0.46372393857811417
0.11764705882352941,0.7226890756302521,0.46659430852456335
0.12605042016806722,0.7226890756302521,0.4694668918913434
0.13445378151260504,0.7226890756302521,0.47234149983752083
0.14285714285714285,0.7226890756302521,0.4752179429862099
0.15126050420168066,0.7226890756302521,0.47809603147422214
0.15966386554621848,0.7226890756302521,0.4809755750019731
0.1680672268907563,0.7226890756302521,0.48385638288364824
0.1764705882352941,0.7226890756302521,0.48673826409758036
0.18487394957983191,0.7226890756302521,0.48962102733681556
0.19327731092436973,0.7226890756302521,0.4925044810598475
0.20168067226890757,0.7226890756302521,0.4953884335414695
0.21008403361344538,0.7226890756302521,0.49827269292374954
0.2184873949579832,0.7226890756302521,0.501157067267062
0.226890756302521,0.7226890756302521,0.5040413646011825
0.23529411764705882,0.7226890756302521,0.5069253929763834
0.24369747899159663,0.7226890756302521,0.5098089605145305
0.25210084033613445,0.7226890756302521,0.5126918754601355
0.26050420168067223,0.7226890756302521,0.5155739462313342
0.2689075630252101,0.7226890756302521,0.5184549814707754
0.2773109243697479,0.7226890756302521,0.5213347900963738
0.2857142857142857,0.7226890756302521,0.524213181351915
0.29411764705882354,0.7226890756302521,0.5270899648574721
0.3025210084033613,0.7226890756302521,0.5299649506596115
0.31092436974789917,0.7226890756302521,0.5328379492813627
0.31932773109243695,0.7226890756302521,0.5357087717719076
0.3277310924369748,0.7226890756302521,0.5385772297559929
0.3361344537815126,0.7226890756302521,0.5414431354830059
0.3445378151260504,0.7226890756302521,0.5443063018757014
0.3529411764705882,0.7226890756302521,0.5471665425785605
0.36134453781512604,0.7226890756302521,0.5500236720057398
0.36974789915966383,0.7226890756302521,0.5528775053885939
0.37815126050420167,0.7226890756302521,0.5557278588227468
0.38655462184873945,0.7226890756302521,0.5585745493146786
0.3949579831932773,0.7226890756302521,0.5614173948278162
0.40336134453781514,0.7226890756302521,0.5642562143280859
0.4117647058823529,0.7226890756302521,0.5670908278289293
0.42016806722689076,0.7226890756302521,0.5699210564357304
0.42857142857142855,0.7226890756302521,0.5727467223896543
0.4369747899159664,0.7226890756302521,0.5755676491108664
0.4453781512605042,0.7226890756302521,0.5783836612411054
0.453781512605042,0.7226890756302521,0.581194584685603
0.4621848739495798,0.7226890756302521,0.5840002466543208
0.47058823529411764,0.7226890756302521,0.5868004757024764
0.4789915966386554,0.7226890756302521,0.5895951017703626
0.48739495798319327,0.7226890756302521,0.5923839562224233
0.49579831932773105,0.7226890756302521,0.5951668718855678
0.5042016806722689,0.7226890756302521,0.5979436830867229
0.5126050420168067,0.7226890756302521,0.6007142256895847
0.5210084033613445,0.7226890756302521,0.6034783371305747
0.5294117647058824,0.7226890756302521,0.6062358564539709
0.5378151260504201,0.7226890756302521,0.6089866243462025
0.5462184873949579,0.7226890756302521,0.6117304831693074
0.5546218487394958,0.7226890756302521,0.6144672769935157
0.5630252100840336,0.7226890756302521,0.6171968516289744
0.5714285714285714,0.7226890756302521,0.6199190546565787
0.5798319327731092,0.7226890756302521,0.622633735457913
0.5882352941176471,0.7226890756302521,0.6253407452442922
0.5966386554621849,0.7226890756302521,0.6280399370848803
0.6050420168067226,0.7226890756302521,0.6307311659339006
0.6134453781512604,0.7226890756302521,0.6334142886569065
0.6218487394957983,0.7226890756302521,0.6360891640561226
0.6302521008403361,0.7226890756302521,0.6387556528948461
0.6386554621848739,0.7226890756302521,0.6414136179208934
0.6470588235294117,0.7226890756302521,0.6440629238891067
0.6554621848739496,0.7226890756302521,0.646703437582899
0.6638655462184874,0.7226890756302521,0.6493350278348394
0.6722689075630252,0.7226890756302521,0.6519575655462853
0.680672268907563,0.7226890756302521,0.6545709237060466
0.6890756302521008,0.7226890756302521,0.6571749774080886
0.6974789915966386,0.7226890756302521,0.6597696038682759
0.7058823529411764,0.7226890756302521,0.6623546824401451
0.7142857142857143,0.7226890756302521,0.664930094629727
0.7226890756302521,0.7226890756302521,0.6674957241094019
0.7310924369747899,0.7226890756302521,0.6700514567307995
0.7394957983193277,0.7226890756302521,0.6725971805367482
0.7478991596638656,0.7226890756302521,0.6751327857722684
0.7563025210084033,0.7226890756302521,0.6776581648946316
0.7647058823529411,0.7226890756302521,0.6801732125824642
0.7731092436974789,0.7226890756302521,0.6826778257439294
0.7815126050420168,0.7226890756302521,0.6851719035239778
0.7899159663865546,0.7226890756302521,0.6876553473106675
0.7983193277310924,0.7226890756302521,0.6901280607405869
0.8067226890756303,0.7226890756302521,0.6925899497033576
0.8151260504201681,0.7226890756302521,0.6950409223452446
0.8235294117647058,0.7226890756302521,0.6974808890718805
0.8319327731092436,0.7226890756302521,0.6999097625501043
0.8403361344537815,0.7226890756302521,0.7023274577089405
0.8487394957983193,0.7226890756302521,0.7047338917397126
0.8571428571428571,0.7226890756302521,0.707128984095309
0.8655462184873949,0.7226890756302521,0.7095126564886183
0.8739495798319328,0.7226890756302521,0.7118848328901318
0.8823529411764706,0.7226890756302521,0.714245439524748
0.8907563025210083,0.7226890756302521,0.7165944048677569
0.8991596638655461,0.7226890756302521,0.7189316596400576
0.907563025210084,0.7226890756302521,0.7212571368025881
0.9159663865546218,0.7226890756302521,0.7235707715500015
0.9243697478991596,0.7226890756302521,0.7258725013035981
0.9327731092436974,0.7226890756302521,0.7281622657035204
0.9411764705882353,0.7226890756302521,0.7304400066002308
0.9495798319327731,0.7226890756302521,0.7327056680452924
0.9579831932773109,0.7226890756302521,0.7349591962814562
0.9663865546218487,0.7226890756302521,0.7372005397320792
0.9747899159663865,0.7226890756302521,0.7394296489898792
0.9831932773109243,0.7226890756302521,0.7416464768050581
0.9915966386554621,0.7226890756302521,0.7438509780727903
1.0,0.7226890756302521,0.7460431098201019
0.0,0.7310924369747899,0.4270460250566144
0.008403361344537815,0.7310924369747899,0.4298367442726003
0.01680672268907563,0.7310924369747899,0.43263192995189076
0.025210084033613446,0.7310924369747899,0.4354314108848551
0.03361344537815126,0.7310924369747899,0.43823501477661125
0.04201680672268907,0.7310924369747899,0.44104256828818733
0.05042016806722689,0.7310924369747899,0.44385389707823697
0.058823529411764705,0.7310924369747899,0.44666882584529305
0.06722689075630252,0.7310924369747899,0.44948717837053215
0.07563025210084033,0.7310924369747899,0.4523087775610373
0.08403361344537814,0.7310924369747899,0.4551334454935278
0.09243697478991596,0.7310924369747899,0.4579610034585423
0.10084033613445378,0.7310924369747899,0.46079127200504133
0.1092436974789916,0.7310924369747899,0.4636240709854193
0.11764705882352941,0.7310924369747899,0.4664592196008902
0.12605042016806722,0.7310924369747899,0.4692965364472323
0.13445378151260504,0.7310924369747899,0.47213583956085925
0.14285714285714285,0.7310924369747899,0.47497694646519995
0.15126050420168066,0.7310924369747899,0.4778196742173604
0.15966386554621848,0.7310924369747899,0.4806638394550345
0.1680672268907563,0.7310924369747899,0.4835092584436567
0.1764705882352941,0.7310924369747899,0.48635574712374774
0.18487394957983191,0.7310924369747899,0.48920312115844533
0.19327731092436973,0.7310924369747899,0.49205119598118885
0.20168067226890757,0.7310924369747899,0.4948997868435229
0.21008403361344538,0.7310924369747899,0.49774870886301203
0.2184873949579832,0.7310924369747899,0.5005977770712212
0.226890756302521,0.7310924369747899,0.5034468064617451
0.23529411764705882,0.7310924369747899,0.5062956120382602
0.24369747899159663,0.7310924369747899,0.5091440088625727
0.25210084033613445,0.7310924369747899,0.5119918121026305
0.26050420168067223,0.7310924369747899,0.5148388370804773
0.2689075630252101,0.7310924369747899,0.5176848993201251
0.2773109243697479,0.7310924369747899,0.5205298145953111
0.2857142857142857,0.7310924369747899,0.5233733989771212
0.29411764705882354,0.7310924369747899,0.5262154688814453
0.3025210084033613,0.7310924369747899,0.529055841116247
0.31092436974789917,0.7310924369747899,0.5318943329286141
0.31932773109243695,0.7310924369747899,0.534730762051572
0.3277310924369748,0.7310924369747899,0.5375649467506299
0.3361344537815126,0.7310924369747899,0.5403967058700307
0.3445378151260504,0.7310924369747899,0.5432258588786927
0.3529411764705882,0.7310924369747899,0.5460522259158029
0.36134453781512604,0.7310924369747899,0.5488756278360504
0.36974789915966383,0.7310924369747899,0.5516958862544691
0.37815126050420167,0.7310924369747899,0.5545128235908671
0.38655462184873945,0.7310924369747899,0.5573262631138246
0.3949579831932773,0.7310924369747899,0.560136028984225
0.40336134453781514,0.7310924369747899,0.5629419462983158
0.4117647058823529,0.7310924369747899,0.5657438411302618
0.42016806722689076,0.7310924369747899,0.5685415405741702
0.42857142857142855,0.7310924369747899,0.5713348727855835
0.4369747899159664,0.7310924369747899,0.5741236670223903
0.4453781512605042,0.7310924369747899,0.5769077536851686
0.453781512605042,0.7310924369747899,0.5796869643569106
0.4621848739495798,0.7310924369747899,0.5824611318421318
0.47058823529411764,0.7310924369747899,0.5852300902053365
0.4789915966386554,0.7310924369747899,0.5879936748088219
0.48739495798319327,0.7310924369747899,0.5907517223498097
0.49579831932773105,0.7310924369747899,0.5935040708968815
0.5042016806722689,0.7310924369747899,0.5962505599257056
0.5126050420168067,0.7310924369747899,0.5989910303540423
0.5210084033613445,0.7310924369747899,0.6017253245760062
0.5294117647058824,0.7310924369747899,0.6044532864955776
0.5378151260504201,0.7310924369747899,0.607174761559347
0.5462184873949579,0.7310924369747899,0.6098895967884811
0.5546218487394958,0.7310924369747899,0.6125976408098956
0.5630252100840336,0.7310924369747899,0.6152987438866295
0.5714285714285714,0.7310924369747899,0.6179927579473968
0.5798319327731092,0.7310924369747899,0.6206795366153278
0.5882352941176471,0.7310924369747899,0.6233589352358643
0.5966386554621849,0.7310924369747899,0.626030810903821
0.6050420168067226,0.7310924369747899,0.6286950224895961
0.6134453781512604,0.7310924369747899,0.6313514306645175
0.6218487394957983,0.7310924369747899,0.6339998979253385
0.6302521008403361,0.7310924369747899,0.6366402886178476
0.6386554621848739,0.7310924369747899,0.6392724689596178
0.6470588235294117,0.7310924369747899,0.6418963070618632
0.6554621848739496,0.7310924369747899,0.6445116729504196
0.6638655462184874,0.7310924369747899,0.647118438585835
0.6722689075630252,0.7310924369747899,0.6497164778825688
0.680672268907563,0.7310924369747899,0.652305666727303
0.6890756302521008,0.7310924369747899,0.654885882996353
0.6974789915966386,0.7310924369747899,0.65745700657219
0.7058823529411764,0.7310924369747899,0.6600189193590686
0.7142857142857143,0.7310924369747899,0.6625715052977539
0.7226890756302521,0.7310924369747899,0.66511465037937
0.7310924369747899,0.7310924369747899,0.667648242658341
0.7394957983193277,0.7310924369747899,0.6701721722644532
0.7478991596638656,0.7310924369747899,0.6726863314140326
0.7563025210084033,0.7310924369747899,0.6751906144202352
0.7647058823529411,0.7310924369747899,0.677684917702465
0.7731092436974789,0.7310924369747899,0.6801691397949133
0.7815126050420168,0.7310924369747899,0.6826431813542341
0.7899159663865546,0.7310924369747899,0.6851069451663556
0.7983193277310924,0.7310924369747899,0.6875603361524395
0.8067226890756303,0.7310924369747899,0.690003261373986
0.8151260504201681,0.7310924369747899,0.6924356300371
0.8235294117647058,0.7310924369747899,0.6948573534959215
0.8319327731092436,0.7310924369747899,0.6972683452552361
0.8403361344537815,0.7310924369747899,0.6996685209722622
0.8487394957983193,0.7310924369747899,0.7020577984576312
0.8571428571428571,0.7310924369747899,0.7044360976755754
0.8655462184873949,0.7310924369747899,0.7068033407433165
0.8739495798319328,0.7310924369747899,0.7091594519296903
0.8823529411764706,0.7310924369747899,0.7115043576529956
0.8907563025210083,0.7310924369747899,0.7138379864780837
0.8991596638655461,0.7310924369747899,0.7161602691127158
0.907563025210084,0.7310924369747899,0.7184711384031732
0.9159663865546218,0.7310924369747899,0.7207705293291597
0.9243697478991596,0.7310924369747899,0.7230583789979891
0.9327731092436974,0.7310924369747899,0.725334626638073
0.9411764705882353,0.7310924369747899,0.727599213591739
0.9495798319327731,0.7310924369747899,0.7298520833073664
0.9579831932773109,0.7310924369747899,0.7320931813308731
0.9663865546218487,0.7310924369747899,0.73432245529656
0.9747899159663865,0.7310924369747899,0.7365398549173202
0.9831932773109243,0.7310924369747899,0.7387453319742465
0.9915966386554621,0.7310924369747899,0.7409388403056238
1.0,0.7310924369747899,0.7431203357953495
0.0,0.7394957983193277,0.4273969265499338
0.008403361344537815,0.7394957983193277,0.43015360607761005
0.01680672268907563,0.7394957983193277,0.4329146231902194
0.025210084033613446,0.7394957983193277,0.43567981284925156
0.03361344537815126,0.7394957983193277,0.43844900898767164
0.04201680672268907,0.7394957983193277,0.44122204454863717
0.05042016806722689,0.7394957983193277,0.4439987515247419
0.058823529411764705,0.7394957983193277,0.4467789609977442
0.06722689075630252,0.7394957983193277,0.4495625031787789
0.07563025210084033,0.7394957983193277,0.45234920744902585
0.08403361344537814,0.7394957983193277,0.4551389024008076
0.09243697478991596,0.7394957983193277,0.45793141587911684
0.10084033613445378,0.7394957983193277,0.46072657502352055
0.1092436974789916,0.7394957983193277,0.4635242063104559
0.11764705882352941,0.7394957983193277,0.4663241355958625
0.12605042016806722,0.7394957983193277,0.46912618815815743
0.13445378151260504,0.7394957983193277,0.4719301887415088
0.14285714285714285,0.7394957983193277,0.47473596159939524
0.15126050420168066,0.7394957983193277,0.4775433305384346
0.15966386554621848,0.7394957983193277,0.48035211896244234
0.1680672268907563,0.7394957983193277,0.48316214991671086
0.1764705882352941,0.7394957983193277,0.4859732461324827
0.18487394957983191,0.7394957983193277,0.48878523007158375
0.19327731092436973,0.7394957983193277,0.4915979239712141
0.20168067226890757,0.7394957983193277,0.4944111498888461
0.21008403361344538,0.7394957983193277,0.4972247297472321
0.2184873949579832,0.7394957983193277,0.50003848537947
0.226890756302521,0.7394957983193277,0.5028522385741322
0.23529411764705882,0.7394957983193277,0.5056658111204078
0.24369747899159663,0.7394957983193277,0.5084790248532477
0.25210084033613445,0.7394957983193277,0.5112917016984906
0.26050420168067223,0.7394957983193277,0.5141036637179263
0.2689075630252101,0.7394957983193277,0.5169147331543013
0.2773109243697479,0.7394957983193277,0.5197247324762191
0.2857142857142857,0.7394957983193277,0.5225334844229172
0.29411764705882354,0.7394957983193277,0.5253408120489077
0.3025210084033613,0.7394957983193277,0.5281465387684333
0.31092436974789917,0.7394957983193277,0.5309504883997517
0.31932773109243695,0.7394957983193277,0.5337524852091834
0.3277310924369748,0.7394957983193277,0.5365523539549313
0.3361344537815126,0.7394957983193277,0.5393499199306361
0.3445378151260504,0.7394957983193277,0.5421450090086418
0.3529411764705882,0.7394957983193277,0.5449374476829593
0.36134453781512604,0.7394957983193277,0.5477270631118926
0.36974789915966383,0.7394957983193277,0.5505136831603193
0.37815126050420167,0.7394957983193277,0.5532971364415926
0.38655462184873945,0.7394957983193277,0.5560772523590498
0.3949579831932773,0.7394957983193277,0.5588538611471026
0.40336134453781514,0.7394957983193277,0.5616267939118941
0.4117647058823529,0.7394957983193277,0.564395882671491
0.42016806722689076,0.7394957983193277,0.5671609603956107
0.42857142857142855,0.7394957983193277,0.5699218610448382
0.4369747899159664,0.7394957983193277,0.5726784196093385
0.4453781512605042,0.7394957983193277,0.5754304721470312
0.453781512605042,0.7394957983193277,0.5781778558212096
0.4621848739495798,0.7394957983193277,0.5809204089375977
0.47058823529411764,0.7394957983193277,0.5836579709808157
0.4789915966386554,0.7394957983193277,0.5863903826502401
0.48739495798319327,0.7394957983193277,0.5891174858952564
0.49579831932773105,0.7394957983193277,0.5918391239498597
0.5042016806722689,0.7394957983193277,0.5945551413666245
0.5126050420168067,0.7394957983193277,0.5972653840499962
0.5210084033613445,0.7394957983193277,0.5999696992889123
0.5294117647058824,0.7394957983193277,0.6026679357887332
0.5378151260504201,0.7394957983193277,0.6053599437024628
0.5462184873949579,0.7394957983193277,0.6080455746612645
0.5546218487394958,0.7394957983193277,0.610724681804239
0.5630252100840336,0.7394957983193277,0.6133971198074704
0.5714285714285714,0.7394957983193277,0.6160627449123249
0.5798319327731092,0.7394957983193277,0.6187214149529875
0.5882352941176471,0.7394957983193277,0.6213729893832349
0.5966386554621849,0.7394957983193277,0.6240173293024315
0.6050420168067226,0.7394957983193277,0.6266542974807406
0.6134453781512604,0.7394957983193277,0.6292837583835514
0.6218487394957983,0.7394957983193277,0.6319055781951003
0.6302521008403361,0.7394957983193277,0.6345196248412956
0.6386554621848739,0.7394957983193277,0.6371257680117306
0.6470588235294117,0.7394957983193277,0.6397238791808837
0.6554621848739496,0.7394957983193277,0.6423138316285024
0.6638655462184874,0.7394957983193277,0.6448955004591647
0.6722689075630252,0.7394957983193277,0.6474687626210164
0.680672268907563,0.7394957983193277,0.6500334969236864
0.6890756302521008,0.7394957983193277,0.6525895840553644
0.6974789915966386,0.7394957983193277,0.6551369065990628
0.7058823529411764,0.7394957983193277,0.657675349048032
0.7142857142857143,0.7394957983193277,0.6602047978203639
0.7226890756302521,0.7394957983193277,0.6627251412727545
0.7310924369747899,0.7394957983193277,0.6652362697134366
0.7394957983193277,0.7394957983193277,0.6677380754142979
0.7478991596638656,0.7394957983193277,0.6702304526221592
0.7563025210084033,0.7394957983193277,0.6727132975692487
0.7647058823529411,0.7394957983193277,0.6751865084828428
0.7731092436974789,0.7394957983193277,0.6776499855940958
0.7815126050420168,0.7394957983193277,0.6801036311460706
0.7899159663865546,0.7394957983193277,0.6825473494009473
0.7983193277310924,0.7394957983193277,0.6849810466464458
0.8067226890756303,0.7394957983193277,0.6874046312014458
0.8151260504201681,0.7394957983193277,0.6898180134208186
0.8235294117647058,0.7394957983193277,0.6922211056994875
0.8319327731092436,0.7394957983193277,0.6946138224757007
0.8403361344537815,0.7394957983193277,0.6969960802335445
0.8487394957983193,0.7394957983193277,0.6993677975047017
0.8571428571428571,0.7394957983193277,0.7017288948694466
0.8655462184873949,0.7394957983193277,0.7040792949569123
0.8739495798319328,0.7394957983193277,0.7064189224446206
0.8823529411764706,0.7394957983193277,0.7087477040572827
0.8907563025210083,0.7394957983193277,0.7110655685648949
0.8991596638655461,0.7394957983193277,0.7133724467801265
0.907563025210084,0.7394957983193277,0.7156682715550182
0.9159663865546218,0.7394957983193277,0.7179529777769966
0.9243697478991596,0.7394957983193277,0.7202265023642141
0.9327731092436974,0.7394957983193277,0.7224887842602379
0.9411764705882353,0.7394957983193277,0.7247397644280834
0.9495798319327731,0.7394957983193277,0.7269793858436137
0.9579831932773109,0.7394957983193277,0.729207593488317
0.9663865546218487,0.7394957983193277,0.731424334341467
0.9747899159663865,0.7394957983193277,0.733629557371691
0.9831932773109243,0.7394957983193277,0.7358232135279426
0.9915966386554621,0.7394957983193277,0.7380052557299094
1.0,0.7394957983193277,0.7401756388578529
0.0,0.7478991596638656,0.42774790111690214
0.008403361344537815,0.7478991596638656,0.4304705251109184
0.01680672268907563,0.7478991596638656,0.4331973601108084
0.025210084033613446,0.7478991596638656,0.4359282471023646
0.03361344537815126,0.7478991596638656,0.4386630260972447
0.04201680672268907,0.7478991596638656,0.4414015361693703
0.05042016806722689,0.7478991596638656,0.4441436154918051
0.058823529411764705,0.7478991596638656,0.4468891013740905
0.06722689075630252,0.7478991596638656,0.4496378303000221
0.07563025210084033,0.7478991596638656,0.452389637965846
0.08403361344537814,0.7478991596638656,0.45514435931886194
0.09243697478991596,0.7478991596638656,0.45790182859641254
0.10084033613445378,0.7478991596638656,0.4606618793652314
0.1092436974789916,0.7478991596638656,0.46342434456114845
0.11764705882352941,0.7478991596638656,0.4661890565291099
0.12605042016806722,0.7478991596638656,0.468955847063515
0.13445378151260504,0.7478991596638656,0.4717245474488296
0.14285714285714285,0.7478991596638656,0.47449498850047034
0.15126050420168066,0.7478991596638656,0.47726700060593424
0.15966386554621848,0.7478991596638656,0.48004041376614487
0.1680672268907563,0.7478991596638656,0.4828150576370081
0.1764705882352941,0.7478991596638656,0.4855907615711418
0.18487394957983191,0.7478991596638656,0.4883673546597684
0.19327731092436973,0.7478991596638656,0.4911446657747422
0.20168067226890757,0.7478991596638656,0.49392252361069405
0.21008403361344538,0.7478991596638656,0.4967007567272641
0.2184873949579832,0.7478991596638656,0.49947919359141135
0.226890756302521,0.7478991596638656,0.5022576626197671
0.23529411764705882,0.7478991596638656,0.5050359922210175
0.24369747899159663,0.7478991596638656,0.5078140108382897
0.25210084033613445,0.7478991596638656,0.5105915469915201
0.26050420168067223,0.7478991596638656,0.5133684293197781
0.2689075630252101,0.7478991596638656,0.5161444866235378
0.2773109243697479,0.7478991596638656,0.5189195479068511
0.2857142857142857,0.7478991596638656,0.5216934424194277
0.29411764705882354,0.7478991596638656,0.5244659996985743
0.3025210084033613,0.7478991596638656,0.5272370496109952
0.31092436974789917,0.7478991596638656,0.5300064223944106
0.31932773109243695,0.7478991596638656,0.5327739486989825
0.3277310924369748,0.7478991596638656,0.5355394596285359
0.3361344537815126,0.7478991596638656,0.5383027867815273
0.3445378151260504,0.7478991596638656,0.5410637622917693
0.3529411764705882,0.7478991596638656,0.5438222188688743
0.36134453781512604,0.7478991596638656,0.5465779898383869
0.36974789915966383,0.7478991596638656,0.5493309091816188
0.37815126050420167,0.7478991596638656,0.5520808115751284
0.38655462184873945,0.7478991596638656,0.5548275324298497
0.3949579831932773,0.7478991596638656,0.5575709079298391
0.40336134453781514,0.7478991596638656,0.560310775070628
0.4117647058823529,0.7478991596638656,0.5630469716971604
0.42016806722689076,0.7478991596638656,0.5657793365412916
0.42857142857142855,0.7478991596638656,0.5685077092588472
0.4369747899159664,0.7478991596638656,0.5712319304661957
0.4453781512605042,0.7478991596638656,0.5739518417763463
0.453781512605042,0.7478991596638656,0.5766672858345443
0.4621848739495798,0.7478991596638656,0.5793781063533413
0.47058823529411764,0.7478991596638656,0.5820841481471295
0.4789915966386554,0.7478991596638656,0.5847852571661372
0.48739495798319327,0.7478991596638656,0.587481280529839
0.49579831932773105,0.7478991596638656,0.5901720665598044
0.5042016806722689,0.7478991596638656,0.5928574648119448
0.5126050420168067,0.7478991596638656,0.5955373261081479
0.5210084033613445,0.7478991596638656,0.5982115025673053
0.5294117647058824,0.7478991596638656,0.6008798476356924
0.5378151260504201,0.7478991596638656,0.6035422161167132
0.5462184873949579,0.7478991596638656,0.6061984641999892
0.5546218487394958,0.7478991596638656,0.6088484494897689
0.5630252100840336,0.7478991596638656,0.611492031032684
0.5714285714285714,0.7478991596638656,0.6141290693447878
0.5798319327731092,0.7478991596638656,0.6167594264379263
0.5882352941176471,0.7478991596638656,0.6193829658453847
0.5966386554621849,0.7478991596638656,0.6219995526468265
0.6050420168067226,0.7478991596638656,0.6246090534925177
0.6134453781512604,0.7478991596638656,0.6272113366268112
0.6218487394957983,0.7478991596638656,0.6298062719109101
0.6302521008403361,0.7478991596638656,0.6323937308448787
0.6386554621848739,0.7478991596638656,0.6349735865889164
0.6470588235294117,0.7478991596638656,0.6375457139838789
0.6554621848739496,0.7478991596638656,0.6401099895710393
0.6638655462184874,0.7478991596638656,0.6426662916111008
0.6722689075630252,0.7478991596638656,0.6452145001024381
0.680672268907563,0.7478991596638656,0.6477544967985812
0.6890756302521008,0.7478991596638656,0.6502861652249289
0.6974789915966386,0.7478991596638656,0.6528093906946978
0.7058823529411764,0.7478991596638656,0.6553240603240981
0.7142857142857143,0.7478991596638656,0.6578300630467445
0.7226890756302521,0.7478991596638656,0.6603272896272963
0.7310924369747899,0.7478991596638656,0.6628156326743263
0.7394957983193277,0.7478991596638656,0.6652949866524247
0.7478991596638656,0.7478991596638656,0.6677652478935376
0.7563025210084033,0.7478991596638656,0.6702263146075398
0.7647058823529411,0.7478991596638656,0.6726780868920439
0.7731092436974789,0.7478991596638656,0.6751204667414562
0.7815126050420168,0.7478991596638656,0.6775533580552747
0.7899159663865546,0.7478991596638656,0.6799766666456332
0.7983193277310924,0.7478991596638656,0.6823903002441054
0.8067226890756303,0.7478991596638656,0.6847941685077588
0.8151260504201681,0.7478991596638656,0.6871881830244817
0.8235294117647058,0.7478991596638656,0.6895722573175709
0.8319327731092436,0.7478991596638656,0.691946306849596
0.8403361344537815,0.7478991596638656,0.6943102490255523
0.8487394957983193,0.7478991596638656,0.6966640031952919
0.8571428571428571,0.7478991596638656,0.6990074906552597
0.8655462184873949,0.7478991596638656,0.7013406346495247
0.8739495798319328,0.7478991596638656,0.7036633603701298
0.8823529411764706,0.7478991596638656,0.7059755949567569
0.8907563025210083,0.7478991596638656,0.7082772674957184
0.8991596638655461,0.7478991596638656,0.7105683090182939
0.907563025210084,0.7478991596638656,0.7128486524984041
0.9159663865546218,0.7478991596638656,0.715118232849643
0.9243697478991596,0.7478991596638656,0.7173769869216821
0.9327731092436974,0.7478991596638656,0.7196248534960403
0.9411764705882353,0.7478991596638656,0.7218617732812471
0.9495798319327731,0.7478991596638656,0.7240876889073982
0.9579831932773109,0.7478991596638656,0.7263025449201217
0.9663865546218487,0.7478991596638656,0.7285062877739603
0.9747899159663865,0.7478991596638656,0.7306988658251803
0.9831932773109243,0.7478991596638656,0.732880229324029
0.9915966386554621,0.7478991596638656,0.7350503304064379
1.0,0.7478991596638656,0.7372091230851889
0.0,0.7563025210084033,0.42809894841937746
0.008403361344537815,0.7563025210084033,0.430787501123123
0.01680672268907563,0.7563025210084033,0.4334801405362612
0.025210084033613446,0.7563025210084033,0.4361767135236514
0.03361344537815126,0.7563025210084033,0.43887706602814824
0.04201680672268907,0.7563025210084033,0.44158104310478746
0.05042016806722689,0.7563025210084033,0.4442884889554208
0.058823529411764705,0.7563025210084033,0.44699924696376836
0.06722689075630252,0.7563025210084033,0.4497131597308768
0.07563025210084033,0.7563025210084033,0.4524300691109741
0.08403361344537814,0.7563025210084033,0.4551498162476882
0.09243697478991596,0.7563025210084033,0.4578722416106337
0.10084033613445378,0.7563025210084033,0.4605971850323256
0.1092436974789916,0.7563025210084033,0.4633244857454202
0.11764705882352941,0.7563025210084033,0.4660539824202589
0.12605042016806722,0.7563025210084033,0.468785513202691
0.13445378151260504,0.7563025210084033,0.4715189157521671
0.14285714285714285,0.7563025210084033,0.47425402728007626
0.15126050420168066,0.7563025210084033,0.47699068458831095
0.15966386554621848,0.7563025210084033,0.4797287241080425
0.1680672268907563,0.7563025210084033,0.4824679819386809
0.1764705882352941,0.7563025210084033,0.48520829388700504
0.18487394957983191,0.7563025210084033,0.487949495506447
0.19327731092436973,0.7563025210084033,0.4906914221365003
0.20168067226890757,0.7563025210084033,0.4934339089422347
0.21008403361344538,0.7563025210084033,0.4961767909539091
0.2184873949579832,0.7563025210084033,0.49891990310664663
0.226890756302521,0.7563025210084033,0.5016630802801612
0.23529411764705882,0.7563025210084033,0.5044061573385092
0.24369747899159663,0.7563025210084033,0.5071489691698549
0.25210084033613445,0.7563025210084033,0.5098913507262167
0.26050420168067223,0.7563025210084033,0.5126331370631857
0.2689075630252101,0.7563025210084033,0.5153741633795902
0.2773109243697479,0.7563025210084033,0.518114265057086
0.2857142857142857,0.7563025210084033,0.5208532776996515
0.29411764705882354,0.7563025210084033,0.5235910371729761
0.3025210084033613,0.7563025210084033,0.5263273796437082
0.31092436974789917,0.7563025210084033,0.5290621416185499
0.31932773109243695,0.7563025210084033,0.5317951599831834
0.3277310924369748,0.7563025210084033,0.5345262720410012
0.3361344537815126,0.7563025210084033,0.5372553155516242
0.3445378151260504,0.7563025210084033,0.5399821287691897
0.3529411764705882,0.7563025210084033,0.5427065504803875
0.36134453781512604,0.7563025210084033,0.5454284200422258
0.36974789915966383,0.7563025210084033,0.5481475774195119
0.37815126050420167,0.7563025210084033,0.5508638632220243
0.38655462184873945,0.7563025210084033,0.5535771187413615
0.3949579831932773,0.7563025210084033,0.5562871859874473
0.40336134453781514,0.7563025210084033,0.5589939077246782
0.4117647058823529,0.7563025210084033,0.561697127507689
0.42016806722689076,0.7563025210084033,0.5643966897167332
0.42857142857142855,0.7563025210084033,0.5670924395926488
0.4369747899159664,0.7563025210084033,0.5697842232713867
0.4453781512605042,0.7563025210084033,0.572471887818118
0.453781512605042,0.7563025210084033,0.5751552812608656
0.4621848739495798,0.7563025210084033,0.5778342526236692
0.47058823529411764,0.7563025210084033,0.5805086519592643
0.4789915966386554,0.7563025210084033,0.5831783303812553
0.48739495798319327,0.7563025210084033,0.5858431400957759
0.49579831932773105,0.7563025210084033,0.5885029344326158
0.5042016806722689,0.7563025210084033,0.5911575678758104
0.5126050420168067,0.7563025210084033,0.5938068960936713
0.5210084033613445,0.7563025210084033,0.5964507759682512
0.5294117647058824,0.7563025210084033,0.599089065624232
0.5378151260504201,0.7563025210084033,0.6017216244572174
0.5462184873949579,0.7563025210084033,0.6043483131614297
0.5546218487394958,0.7563025210084033,0.6069689937567934
0.5630252100840336,0.7563025210084033,0.6095835296154011
0.5714285714285714,0.7563025210084033,0.6121917854873422
0.5798319327731092,0.7563025210084033,0.6147936275259016
0.5882352941176471,0.7563025210084033,0.6173889233121032
0.5966386554621849,0.7563025210084033,0.6199775418786052
0.6050420168067226,0.7563025210084033,0.6225593537329244
0.6134453781512604,0.7563025210084033,0.625134230880003
0.6218487394957983,0.7563025210084033,0.6277020468440913
0.6302521008403361,0.7563025210084033,0.6302626766899455
0.6386554621848739,0.7563025210084033,0.6328159970433551
0.6470588235294117,0.7563025210084033,0.6353618861109583
0.6554621848739496,0.7563025210084033,0.6379002236993784
0.6638655462184874,0.7563025210084033,0.6404308912336508
0.6722689075630252,0.7563025210084033,0.6429537717749491
0.680672268907563,0.7563025210084033,0.64546875003761
0.6890756302521008,0.7563025210084033,0.6479757124054425
0.6974789915966386,0.7563025210084033,0.6504745469473351
0.7058823529411764,0.7563025210084033,0.6529651434321455
0.7142857142857143,0.7563025210084033,0.6554473933428786
0.7226890756302521,0.7563025210084033,0.6579211898901621
0.7310924369747899,0.7563025210084033,0.6603864280249898
0.7394957983193277,0.7563025210084033,0.6628430044507745
0.7478991596638656,0.7563025210084033,0.6652908176346755
0.7563025210084033,0.7563025210084033,0.6677297678182195
0.7647058823529411,0.7563025210084033,0.6701597570272211
0.7731092436974789,0.7563025210084033,0.6725806890809879
0.7815126050420168,0.7563025210084033,0.6749924696008295
0.7899159663865546,0.7563025210084033,0.6773950060178641
0.7983193277310924,0.7563025210084033,0.67978820758013
0.8067226890756303,0.7563025210084033,0.6821719853590096
0.8151260504201681,0.7563025210084033,0.6845462522549589
0.8235294117647058,0.7563025210084033,0.6869109230025562
0.8319327731092436,0.7563025210084033,0.6892659141748794
0.8403361344537815,0.7563025210084033,0.6916111441872028
0.8487394957983193,0.7563025210084033,0.6939465333000352
0.8571428571428571,0.7563025210084033,0.6962720036214933
0.8655462184873949,0.7563025210084033,0.6985874791090224
0.8739495798319328,0.7563025210084033,0.700892885570475
0.8823529411764706,0.7563025210084033,0.7031881506645425
0.8907563025210083,0.7563025210084033,0.705473203900565
0.8991596638655461,0.7563025210084033,0.7077479766377102
0.907563025210084,0.7563025210084033,0.7100124020835368
0.9159663865546218,0.7563025210084033,0.7122664152919549
0.9243697478991596,0.7563025210084033,0.7145099531605864
0.9327731092436974,0.7563025210084033,0.7167429544275312
0.9411764705882353,0.7563025210084033,0.7189653596675586
0.9495798319327731,0.7563025210084033,0.7211771112877235
0.9579831932773109,0.7563025210084033,0.7233781535224252
0.9663865546218487,0.7563025210084033,0.7255684324279064
0.9747899159663865,0.7563025210084033,0.7277478958762202
0.9831932773109243,0.7563025210084033,0.7299164935486586
0.9915966386554621,0.7563025210084033,0.7320741769286588
1.0,0.7563025210084033,0.7342208992942064
0.0,0.7647058823529411,0.4284500681189272
0.008403361344537815,0.7647058823529411,0.43110453386464054
0.01680672268907563,0.7647058823529411,0.4337629642890715
0.025210084033613446,0.7647058823529411,0.43642521199250844
0.03361344537815126,0.7647058823529411,0.4390911287031666
0.04201680672268907,0.7647058823529411,0.44176056530927615
0.05042016806722689,0.7647058823529411,0.44443337189157983
0.058823529411764705,0.7647058823529411,0.4471093977562118
0.06722689075630252,0.7647058823529411,0.4497884914679606
0.07563025210084033,0.7647058823529411,0.45247050088388624
0.08403361344537814,0.7647058823529411,0.45515527318728566
0.09243697478991596,0.7647058823529411,0.4578426549219878
0.10084033613445378,0.7647058823529411,0.4605324920269557
0.1092436974789916,0.7647058823529411,0.4632246298711952
0.11764705882352941,0.7647058823529411,0.46591891328893364
0.12605042016806722,0.7647058823529411,0.46861518661506746
0.13445378151260504,0.7647058823529411,0.47131329372085695
0.14285714285714285,0.7647058823529411,0.47401307804984305
0.15126050420168066,0.7647058823529411,0.4767143826539861
0.15966386554621848,0.7647058823529411,0.4794170502299882
0.1680672268907563,0.7647058823529411,0.48212092315579835
0.1764705882352941,0.7647058823529411,0.4848258435272729
0.18487394957983191,0.7647058823529411,0.4875316531949806
0.19327731092436973,0.7647058823529411,0.49023819380112027
0.20168067226890757,0.7647058823529411,0.4929453068165505
0.21008403361344538,0.7647058823529411,0.49565283357790485
0.2184873949579832,0.7647058823529411,0.49836061532476666
0.226890756302521,0.7647058823529411,0.5010684932369011
0.23529411764705882,0.7647058823529411,0.5037763084715071
0.24369747899159663,0.7647058823529411,0.5064839022004928
0.25210084033613445,0.7647058823529411,0.5091911156477331
0.26050420168067223,0.7647058823529411,0.5118977901263032
0.2689075630252101,0.7647058823529411,0.5146037670756766
0.2773109243697479,0.7647058823529411,0.5173088880988438
0.2857142857142857,0.7647058823529411,0.5200129949993676
0.29411764705882354,0.7647058823529411,0.5227159298183263
0.3025210084033613,0.7647058823529411,0.5254175348711403
0.31092436974789917,0.7647058823529411,0.5281176527842697
0.31932773109243695,0.7647058823529411,0.5308161265317458
0.3277310924369748,0.7647058823529411,0.5335127994715433
0.3361344537815126,0.7647058823529411,0.5362075153817508
0.3445378151260504,0.7647058823529411,0.5389001184965401
0.3529411764705882,0.7647058823529411,0.5415904535419108
0.36134453781512604,0.7647058823529411,0.5442783657711843
0.36974789915966383,0.7647058823529411,0.54696370100025
0.37815126050420167,0.7647058823529411,0.549646305642525
0.38655462184873945,0.7647058823529411,0.5523260267436249
0.3949579831932773,0.7647058823529411,0.5550027120157274
0.40336134453781514,0.7647058823529411,0.5576762098716013
0.4117647058823529,0.7647058823529411,0.560346369458307
0.42016806722689076,0.7647058823529411,0.5630130406905295
0.42857142857142855,0.7647058823529411,0.5656760742835438
0.4369747899159664,0.7647058823529411,0.5683353217857897
0.4453781512605042,0.7647058823529411,0.5709906356110501
0.453781512605042,0.7647058823529411,0.5736418690702068
0.4621848739495798,0.7647058823529411,0.5762888764025696
0.47058823529411764,0.7647058823529411,0.5789315128067627
0.4789915966386554,0.7647058823529411,0.5815696344711496
0.48739495798319327,0.7647058823529411,0.5842030986037942
0.49579831932773105,0.7647058823529411,0.5868317634619293
0.5042016806722689,0.7647058823529411,0.5894554883809453
0.5126050420168067,0.7647058823529411,0.5920741338028553
0.5210084033613445,0.7647058823529411,0.5946875613042587
0.5294117647058824,0.7647058823529411,0.5972956336237659
0.5378151260504201,0.7647058823529411,0.5998982146888816
0.5462184873949579,0.7647058823529411,0.6024951696423536
0.5546218487394958,0.7647058823529411,0.6050863648679428
0.5630252100840336,0.7647058823529411,0.6076716680156435
0.5714285714285714,0.7647058823529411,0.6102509480263123
0.5798319327731092,0.7647058823529411,0.6128240751557196
0.5882352941176471,0.7647058823529411,0.6153909209980075
0.5966386554621849,0.7647058823529411,0.6179513585085414
0.6050420168067226,0.7647058823529411,0.6205052620261612
0.6134453781512604,0.7647058823529411,0.6230525072948139
0.6218487394957983,0.7647058823529411,0.6255929714845653
0.6302521008403361,0.7647058823529411,0.6281265332119866
0.6386554621848739,0.7647058823529411,0.6306530725599118
0.6470588235294117,0.7647058823529411,0.6331724710965543
0.6554621848739496,0.7647058823529411,0.6356846118939892
0.6638655462184874,0.7647058823529411,0.6381893795459815
0.6722689075630252,0.7647058823529411,0.6406866601851804
0.680672268907563,0.7647058823529411,0.6431763414996476
0.6890756302521008,0.7647058823529411,0.6456583127487476
0.6974789915966386,0.7647058823529411,0.6481324647783698
0.7058823529411764,0.7647058823529411,0.6505986900354974
0.7142857142857143,0.7647058823529411,0.6530568825821259
0.7226890756302521,0.7647058823529411,0.655506938108512
0.7310924369747899,0.7647058823529411,0.6579487539457678
0.7394957983193277,0.7647058823529411,0.660382229077798
0.7478991596638656,0.7647058823529411,0.6628072641525713
0.7563025210084033,0.7647058823529411,0.665223761492744
0.7647058823529411,0.7647058823529411,0.6676316251056201
0.7731092436974789,0.7647058823529411,0.670030760692456
0.7815126050420168,0.7647058823529411,0.6724210756571202
0.7899159663865546,0.7647058823529411,0.6748024791140889
0.7983193277310924,0.7647058823529411,0.6771748818958138
0.8067226890756303,0.7647058823529411,0.6795381965594283
0.8151260504201681,0.7647058823529411,0.6818923373928214
0.8235294117647058,0.7647058823529411,0.6842372204200765
0.8319327731092436,0.7647058823529411,0.6865727634062709
0.8403361344537815,0.7647058823529411,0.6888988858616589
0.8487394957983193,0.7647058823529411,0.6912155090452228
0.8571428571428571,0.7647058823529411,0.6935225559676114
0.8655462184873949,0.7647058823529411,0.6958199513934649
0.8739495798319328,0.7647058823529411,0.6981076218431364
0.8823529411764706,0.7647058823529411,0.700385495593815
0.8907563025210083,0.7647058823529411,0.7026535026800539
0.8991596638655461,0.7647058823529411,0.7049115748937107
0.907563025210084,0.7647058823529411,0.7071596457833164
0.9159663865546218,0.7647058823529411,0.7093976506528645
0.9243697478991596,0.7647058823529411,0.7116255265600431
0.9327731092436974,0.7647058823529411,0.713843212313906
0.9411764705882353,0.7647058823529411,0.7160506484719954
0.9495798319327731,0.7647058823529411,0.7182477773369349
0.9579831932773109,0.7647058823529411,0.7204345429524758
0.9663865546218487,0.7647058823529411,0.722610891099034
0.9747899159663865,0.7647058823529411,0.7247767692887059
0.9831932773109243,0.7647058823529411,0.7269321267597821
0.9915966386554621,0.7647058823529411,0.7290769144707678
1.0,0.7647058823529411,0.7312110850939116
0.0,0.7731092436974789,0.42880125987683115
0.008403361344537815,0.7731092436974789,0.4314216230856998
0.01680672268907563,0.7731092436974789,0.4340458311916196
0.025210084033613446,0.7731092436974789,0.4366737423882655
0.03361344537815126,0.7731092436974789,0.439305214045049
0.04201680672268907,0.7731092436974789,0.4419401027372069
0.05042016806722689,0.7731092436974789,0.4445782642762631
0.058823529411764705,0.7731092436974789,0.4472195537408529
0.06722689075630252,0.7731092436974789,0.44986382550788734
0.07563025210084033,0.7731092436974789,0.45251093328405867
0.08403361344537814,0.7731092436974789,0.45516073013765274
0.09243697478991596,0.7731092436974789,0.4578130685306787
0.10084033613445378,0.7731092436974789,0.46046780035127416
0.1092436974789916,0.7731092436974789,0.463124776946394
0.11764705882352941,0.7731092436974789,0.4657838491547533
0.12605042016806722,0.7731092436974789,0.46844486734001806
0.13445378151260504,0.7731092436974789,0.47110768142421816
0.14285714285714285,0.7731092436974789,0.47377214092137854
0.15126050420168066,0.7731092436974789,0.47643809497134376
0.15966386554621848,0.7731092436974789,0.47910539237378347
0.1680672268907563,0.7731092436974789,0.4817738816223647
0.1764705882352941,0.7731092436974789,0.48444341093906607
0.18487394957983191,0.7731092436974789,0.48711382830863154
0.19327731092436973,0.7731092436974789,0.4897849815131317
0.20168067226890757,0.7731092436974789,0.49245671816662784
0.21008403361344538,0.7731092436974789,0.49512888574991515
0.2184873949579832,0.7731092436974789,0.497801331645334
0.226890756302521,0.7731092436974789,0.500473903171624
0.23529411764705882,0.7731092436974789,0.50314644761881
0.24369747899159663,0.7731092436974789,0.5058188122831104
0.25210084033613445,0.7731092436974789,0.5084908445018277
0.26050420168067223,0.7731092436974789,0.5111623916882313
0.2689075630252101,0.7731092436974789,0.5138333013663977
0.2773109243697479,0.7731092436974789,0.5165034212059988
0.2857142857142857,0.7731092436974789,0.5191725990570203
0.29411764705882354,0.7731092436974789,0.5218406829843875
0.3025210084033613,0.7731092436974789,0.5245075213024967
0.31092436974789917,0.7731092436974789,0.527172962609615
0.31932773109243695,0.7731092436974789,0.5298368558221495
0.3277310924369748,0.7731092436974789,0.5324990502087628
0.3361344537815126,0.7731092436974789,0.5351593954243125
0.3445378151260504,0.7731092436974789,0.5378177415436138
0.3529411764705882,0.7731092436974789,0.5404739390949905
0.36134453781512604,0.7731092436974789,0.5431278390936153
0.36974789915966383,0.7731092436974789,0.5457792930746119
0.37815126050420167,0.7731092436974789,0.5484281531259081
0.38655462184873945,0.7731092436974789,0.5510742719208295
0.3949579831932773,0.7731092436974789,0.553717502750406
0.40336134453781514,0.7731092436974789,0.556357699555391
0.4117647058823529,0.7731092436974789,0.5589947169579678
0.42016806722689076,0.7731092436974789,0.5616284102931328
0.42857142857142855,0.7731092436974789,0.5642586356397468
0.4369747899159664,0.7731092436974789,0.5668852498512249
0.4453781512605042,0.7731092436974789,0.5695081105858717
0.453781512605042,0.7731092436974789,0.5721270763368366
0.4621848739495798,0.7731092436974789,0.5747420064616711
0.47058823529411764,0.7731092436974789,0.5773527612114957
0.4789915966386554,0.7731092436974789,0.5799592017597398
0.48739495798319327,0.7731092436974789,0.5825611902304595
0.49579831932773105,0.7731092436974789,0.5851585897262148
0.5042016806722689,0.7731092436974789,0.5877512643554984
0.5126050420168067,0.7731092436974789,0.5903390792596989
0.5210084033613445,0.7731092436974789,0.5929219006395993
0.5294117647058824,0.7731092436974789,0.5954995957813829
0.5378151260504201,0.7731092436974789,0.5980720330821576
0.5462184873949579,0.7731092436974789,0.6006390820749735
0.5546218487394958,0.7731092436974789,0.6032006134533283
0.5630252100840336,0.7731092436974789,0.6057564990951617
0.5714285714285714,0.7731092436974789,0.6083066120863082
0.5798319327731092,0.7731092436974789,0.6108508267434315
0.5882352941176471,0.7731092436974789,0.613389018636401
0.5966386554621849,0.7731092436974789,0.6159210646101273
0.6050420168067226,0.7731092436974789,0.6184468428058375
0.6134453781512604,0.7731092436974789,0.6209662326817871
0.6218487394957983,0.7731092436974789,0.6234791150334069
0.6302521008403361,0.7731092436974789,0.6259853720128652
0.6386554621848739,0.7731092436974789,0.6284848871480657
0.6470588235294117,0.7731092436974789,0.6309775453610466
0.6554621848739496,0.7731092436974789,0.6334632329857994
0.6638655462184874,0.7731092436974789,0.6359418377854926
0.6722689075630252,0.7731092436974789,0.6384132489690979
0.680672268907563,0.7731092436974789,0.6408773572074223
0.6890756302521008,0.7731092436974789,0.6433340546485349
0.6974789915966386,0.7731092436974789,0.6457832349325857
0.7058823529411764,0.7731092436974789,0.6482247932060289
0.7142857142857143,0.7731092436974789,0.6506586261352268
0.7226890756302521,0.7731092436974789,0.6530846319194598
0.7310924369747899,0.7731092436974789,0.6555027103033111
0.7394957983193277,0.7731092436974789,0.6579127625884528
0.7478991596638656,0.7731092436974789,0.6603146916448209
0.7563025210084033,0.7731092436974789,0.6627084019211795
0.7647058823529411,0.7731092436974789,0.6650937994550784
0.7731092436974789,0.7731092436974789,0.6674707918822029
0.7815126050420168,0.7731092436974789,0.6698392884451184
0.7899159663865546,0.7731092436974789,0.6721992000014126
0.7983193277310924,0.7731092436974789,0.6745504390312387
0.8067226890756303,0.7731092436974789,0.6768929196442516
0.8151260504201681,0.7731092436974789,0.6792265575859628
0.8235294117647058,0.7731092436974789,0.6815512702434856
0.8319327731092436,0.7731092436974789,0.683866976650708
0.8403361344537815,0.7731092436974789,0.6861735974928733
0.8487394957983193,0.7731092436974789,0.6884710551105748
0.8571428571428571,0.7731092436974789,0.6907592735031878
0.8655462184873949,0.7731092436974789,0.6930381783317153
0.8739495798319328,0.7731092436974789,0.6953076969210826
0.8823529411764706,0.7731092436974789,0.6975677582618601
0.8907563025210083,0.7731092436974789,0.6998182930114327
0.8991596638655461,0.7731092436974789,0.7020592334946275
0.907563025210084,0.7731092436974789,0.7042905137037888
0.9159663865546218,0.7731092436974789,0.7065120692983221
0.9243697478991596,0.7731092436974789,0.7087238376037087
0.9327731092436974,0.7731092436974789,0.7109257576099905
0.9411764705882353,0.7731092436974789,0.7131177699697492
0.9495798319327731,0.7731092436974789,0.7152998169955677
0.9579831932773109,0.7731092436974789,0.7174718426569957
0.9663865546218487,0.7731092436974789,0.7196337925770195
0.9747899159663865,0.7731092436974789,0.7217856140280439
0.9831932773109243,0.7731092436974789,0.7239272559274034
0.9915966386554621,0.7731092436974789,0.726058668832395
1.0,0.7731092436974789,0.7281798049348596
0.0,0.7815126050420168,0.42915252335408083
0.008403361344537815,0.7815126050420168,0.43173876853634935
0.01680672268907563,0.7815126050420168,0.43432874106617436
0.025210084033613446,0.7815126050420168,0.4369223045901897
0.03361344537815126,0.7815126050420168,0.4395193219765137
0.04201680672268907,0.7815126050420168,0.44211965534293435
0.05042016806722689,0.7815126050420168,0.44472316608544843
0.058823529411764705,0.7815126050420168,0.44732971490712187
0.06722689075630252,0.7815126050420168,0.4499391618472736
0.07563025210084033,0.7815126050420168,0.4525513663109673
0.08403361344537814,0.7815126050420168,0.4551661870987881
0.09243697478991596,0.7815126050420168,0.4577834824369134
0.10084033613445378,0.7815126050420168,0.4604031100074331
0.1092436974789916,0.7815126050420168,0.46302492697893766
0.11764705882352941,0.7815126050420168,0.4656487900373374
0.12605042016806722,0.7815126050420168,0.4682745554169101
0.13445378151260504,0.7815126050420168,0.4709020789315595
0.14285714285714285,0.7815126050420168,0.4735312160062669
0.15126050420168066,0.7815126050420168,0.47616182170873445
0.15966386554621848,0.7815126050420168,0.4787937507811827
0.1680672268907563,0.7815126050420168,0.48142685767231835
0.1764705882352941,0.7815126050420168,0.48406099656942075
0.18487394957983191,0.7815126050420168,0.48669602143056734
0.19327731092436973,0.7815126050420168,0.4893317860169613
0.20168067226890757,0.7815126050420168,0.4919681439253488
0.21008403361344538,0.7815126050420168,0.4946049486205208
0.2184873949579832,0.7815126050420168,0.49724205346787037
0.226890756302521,0.7815126050420168,0.4998793117660024
0.23529411764705882,0.7815126050420168,0.5025165767793722
0.24369747899159663,0.7815126050420168,0.5051537017709397
0.25210084033613445,0.7815126050420168,0.5077905400348288
0.26050420168067223,0.7815126050420168,0.5104269449289613
0.2689075630252101,0.7815126050420168,0.5130627699076769
0.2773109243697479,0.7815126050420168,0.5156978685542946
0.2857142857142857,0.7815126050420168,0.5183320946136134
0.29411764705882354,0.7815126050420168,0.5209653020243487
0.3025210084033613,0.7815126050420168,0.5235973449514605
0.31092436974789917,0.7815126050420168,0.5262280778183903
0.31932773109243695,0.7815126050420168,0.5288573553391677
0.3277310924369748,0.7815126050420168,0.5314850325503775
0.3361344537815126,0.7815126050420168,0.534110964842985
0.3445378151260504,0.7815126050420168,0.5367350079939869
0.3529411764705882,0.7815126050420168,0.5393570181978828
0.36134453781512604,0.7815126050420168,0.5419768520979552
0.36974789915966383,0.7815126050420168,0.5445943668173306
0.37815126050420167,0.7815126050420168,0.5472094199898294
0.38655462184873945,0.7815126050420168,0.5498218697905621
0.3949579831932773,0.7815126050420168,0.5524315749662908
0.40336134453781514,0.7815126050420168,0.5550383948655121
0.4117647058823529,0.7815126050420168,0.5576421894682625
0.42016806722689076,0.7815126050420168,0.5602428194156419
0.42857142857142855,0.7815126050420168,0.5628401460390221
0.4369747899159664,0.7815126050420168,0.5654340313889371
0.4453781512605042,0.7815126050420168,0.5680243382636567
0.453781512605042,0.7815126050420168,0.5706109302373965
0.4621848739495798,0.7815126050420168,0.5731936716881944
0.47058823529411764,0.7815126050420168,0.5757724278254087
0.4789915966386554,0.7815126050420168,0.5783470647168433
0.48739495798319327,0.7815126050420168,0.5809174493154856
0.49579831932773105,0.7815126050420168,0.5834834494858403
0.5042016806722689,0.7815126050420168,0.5860449340298627
0.5126050420168067,0.7815126050420168,0.5886017727124621
0.5210084033613445,0.7815126050420168,0.5911538362865822
0.5294117647058824,0.7815126050420168,0.5937009965178441
0.5378151260504201,0.7815126050420168,0.5962431262087323
0.5462184873949579,0.7815126050420168,0.5987800992223353
0.5546218487394958,0.7815126050420168,0.601311790505609
0.5630252100840336,0.7815126050420168,0.6038380761121765
0.5714285714285714,0.7815126050420168,0.6063588332246406
0.5798319327731092,0.7815126050420168,0.6088739401764058
0.5882352941176471,0.7815126050420168,0.6113832764730123
0.5966386554621849,0.7815126050420168,0.613886722812956
0.6050420168067226,0.7815126050420168,0.616384161108009
0.6134453781512604,0.7815126050420168,0.6188754745030184
0.6218487394957983,0.7815126050420168,0.6213605473951876
0.6302521008403361,0.7815126050420168,0.6238392654528268
0.6386554621848739,0.7815126050420168,0.6263115156335807
0.6470588235294117,0.7815126050420168,0.6287771862021092
0.6554621848739496,0.7815126050420168,0.6312361667472364
0.6638655462184874,0.7815126050420168,0.6336883481985514
0.6722689075630252,0.7815126050420168,0.6361336228424652
0.680672268907563,0.7815126050420168,0.6385718843377131
0.6890756302521008,0.7815126050420168,0.6410030277303035
0.6974789915966386,0.7815126050420168,0.6434269494679185
0.7058823529411764,0.7815126050420168,0.6458435474137433
0.7142857142857143,0.7815126050420168,0.6482527208597514
0.7226890756302521,0.7815126050420168,0.6506543705394178
0.7310924369747899,0.7815126050420168,0.6530483986398722
0.7394957983193277,0.7815126050420168,0.6554347088134967
0.7478991596638656,0.7815126050420168,0.657813206188953
0.7563025210084033,0.7815126050420168,0.6601837973816491
0.7647058823529411,0.7815126050420168,0.6625463905036485
0.7731092436974789,0.7815126050420168,0.6649008951730071
0.7815126050420168,0.7815126050420168,0.667247222522566
0.7899159663865546,0.7815126050420168,0.6695852852081701
0.7983193277310924,0.7815126050420168,0.671914997416335
0.8067226890756303,0.7815126050420168,0.6742362748713644
0.8151260504201681,0.7815126050420168,0.6765490348419039
0.8235294117647058,0.7815126050420168,0.6788531961469534
0.8319327731092436,0.7815126050420168,0.6811486791613284
0.8403361344537815,0.7815126050420168,0.6834354058205782
0.8487394957983193,0.7815126050420168,0.6857132996253624
0.8571428571428571,0.7815126050420168,0.6879822856452912
0.8655462184873949,0.7815126050420168,0.6902422905222351
0.8739495798319328,0.7815126050420168,0.6924932424731053
0.8823529411764706,0.7815126050420168,0.6947350712921053
0.8907563025210083,0.7815126050420168,0.6969677083524728
0.8991596638655461,0.7815126050420168,0.699191086607702
0.907563025210084,0.7815126050420168,0.7014051405922567
0.9159663865546218,0.7815126050420168,0.7036098064217838
0.9243697478991596,0.7815126050420168,0.7058050217928291
0.9327731092436974,0.7815126050420168,0.7079907259820591
0.9411764705882353,0.7815126050420168,0.7101668598449993
0.9495798319327731,0.7815126050420168,0.712333365814299
0.9579831932773109,0.7815126050420168,0.7144901878975151
0.9663865546218487,0.7815126050420168,0.7166372716744364
0.9747899159663865,0.7815126050420168,0.7187745642939481
0.9831932773109243,0.7815126050420168,0.7209020144704474
0.9915966386554621,0.7815126050420168,0.7230195724798112
1.0,0.7815126050420168,0.7251271901549314
0.0,0.7899159663865546,0.42950385821138387
0.008403361344537815,0.7899159663865546,0.43205596996645357
0.01680672268907563,0.7899159663865546,0.434611693734894
0.025210084033613446,0.7899159663865546,0.4371708984774867
0.03361344537815126,0.7899159663865546,0.4397334524202441
0.04201680672268907,0.7899159663865546,0.44229922308079894
0.05042016806722689,0.7899159663865546,0.44486807729510575
0.058823529411764705,0.7899159663865546,0.44743988124444684
0.06722689075630252,0.7899159663865546,0.4500145004827342
0.07563025210084033,0.7899159663865546,0.4525917999640885
0.08403361344537814,0.7899159663865546,0.45517164407069144
0.09243697478991596,0.7899159663865546,0.45775389664089766
0.10084033613445378,0.7899159663865546,0.4603384209975844
0.1092436974789916,0.7899159663865546,0.46292507997674687
0.11764705882352941,0.7899159663865546,0.46551373595630013
0.12605042016806722,0.7899159663865546,0.46810425088510527
0.13445378151260504,0.7899159663865546,0.4706964863121753
0.14285714285714285,0.7899159663865546,0.473290303416072
0.15126050420168066,0.7899159663865546,0.4758855630344729
0.15966386554621848,0.7899159663865546,0.4784821256938896
0.1680672268907563,0.7899159663865546,0.4810798516395291
0.1764705882352941,0.7899159663865546,0.48367860086528736
0.18487394957983191,0.7899159663865546,0.4862782331438542
0.19327731092436973,0.7899159663865546,0.48887860805692374
0.20168067226890757,0.7899159663865546,0.49147958502548755
0.21008403361344538,0.7899159663865546,0.4940810233402078
0.2184873949579832,0.7899159663865546,0.49668278219184214
0.226890756302521,0.7899159663865546,0.4992847207017256
0.23529411764705882,0.7899159663865546,0.5018866979522719
0.24369747899159663,0.7899159663865546,0.504488573017505
0.25210084033613445,0.7899159663865546,0.5070902049935835
0.26050420168067223,0.7899159663865546,0.509691453029322
0.2689075630252101,0.7899159663865546,0.512292176356688
0.2773109243697479,0.7899159663865546,0.5148922343212549
0.2857142857142857,0.7899159663865546,0.5174914864126096
0.29411764705882354,0.7899159663865546,0.5200897922946875
0.3025210084033613,0.7899159663865546,0.5226870118360344
0.31092436974789917,0.7899159663865546,0.5252830051399692
0.31932773109243695,0.7899159663865546,0.527877632574638
0.3277310924369748,0.7899159663865546,0.5304707548029545
0.3361344537815126,0.7899159663865546,0.5330622328123928
0.3445378151260504,0.7899159663865546,0.5356519279446469
0.3529411764705882,0.7899159663865546,0.5382397019251148
0.36134453781512604,0.7899159663865546,0.5408254168922155
0.36974789915966383,0.7899159663865546,0.5434089354265159
0.37815126050420167,0.7899159663865546,0.5459901205796538
0.38655462184873945,0.7899159663865546,0.5485688359030537
0.3949579831932773,0.7899159663865546,0.5511449454764088
0.40336134453781514,0.7899159663865546,0.5537183139359271
0.4117647058823529,0.7899159663865546,0.5562888065023263
0.42016806722689076,0.7899159663865546,0.5588562890085678
0.42857142857142855,0.7899159663865546,0.5614206279273078
0.4369747899159664,0.7899159663865546,0.5639816903980721
0.4453781512605042,0.7899159663865546,0.5665393442541234
0.453781512605042,0.7899159663865546,0.5690934580490251
0.4621848739495798,0.7899159663865546,0.5716439010828798
0.47058823529411764,0.7899159663865546,0.5741905434282409
0.4789915966386554,0.7899159663865546,0.5767332559556796
0.48739495798319327,0.7899159663865546,0.5792719103590023
0.49579831932773105,0.7899159663865546,0.5818063791801017
0.5042016806722689,0.7899159663865546,0.5843365358334441
0.5126050420168067,0.7899159663865546,0.5868622546301627
0.5210084033613445,0.7899159663865546,0.5893834108017781
0.5294117647058824,0.7899159663865546,0.5918998805235034
0.5378151260504201,0.7899159663865546,0.5944115409371509
0.5462184873949579,0.7899159663865546,0.5969182701736228
0.5546218487394958,0.7899159663865546,0.5994199473749684
0.5630252100840336,0.7899159663865546,0.6019164527160279
0.5714285714285714,0.7899159663865546,0.6044076674256161
0.5798319327731092,0.7899159663865546,0.6068934738072775
0.5882352941176471,0.7899159663865546,0.6093737552595807
0.5966386554621849,0.7899159663865546,0.6118483962959493
0.6050420168067226,0.7899159663865546,0.6143172825640429
0.6134453781512604,0.7899159663865546,0.6167803008646475
0.6218487394957983,0.7899159663865546,0.6192373391701086
0.6302521008403361,0.7899159663865546,0.6216882866422659
0.6386554621848739,0.7899159663865546,0.6241330336499148
0.6470588235294117,0.7899159663865546,0.626571471785772
0.6554621848739496,0.7899159663865546,0.6290034938829403
0.6638655462184874,0.7899159663865546,0.6314289940308899
0.6722689075630252,0.7899159663865546,0.6338478675909224
0.680672268907563,0.7899159663865546,0.636260011211135
0.6890756302521008,0.7899159663865546,0.6386653228408832
0.6974789915966386,0.7899159663865546,0.6410637017447199
0.7058823529411764,0.7899159663865546,0.6434550485158338
0.7142857142857143,0.7899159663865546,0.6458392650889685
0.7226890756302521,0.7899159663865546,0.6482162547528204
0.7310924369747899,0.7899159663865546,0.6505859221619311
0.7394957983193277,0.7899159663865546,0.6529481733480517
0.7478991596638656,0.7899159663865546,0.6553029157309906
0.7563025210084033,0.7899159663865546,0.6576500581289464
0.7647058823529411,0.7899159663865546,0.6599895107683165
0.7731092436974789,0.7899159663865546,0.6623211852929906
0.7815126050420168,0.7899159663865546,0.6646449947731269
0.7899159663865546,0.7899159663865546,0.6669608537134063
0.7983193277310924,0.7899159663865546,0.6692686780607792
0.8067226890756303,0.7899159663865546,0.6715683852116876
0.8151260504201681,0.7899159663865546,0.6738598940187872
0.8235294117647058,0.7899159663865546,0.6761431247971478
0.8319327731092436,0.7899159663865546,0.678417999329953
0.8403361344537815,0.7899159663865546,0.6806844408736938
0.8487394957983193,0.7899159663865546,0.6829423741628531
0.8571428571428571,0.7899159663865546,0.6851917254141041
0.8655462184873949,0.7899159663865546,0.6874324223300012
0.8739495798319328,0.7899159663865546,0.6896643941021817
0.8823529411764706,0.7899159663865546,0.6918875714140843
0.8907563025210083,0.7899159663865546,0.6941018864431772
0.8991596638655461,0.7899159663865546,0.6963072728627105
0.907563025210084,0.7899159663865546,0.6985036658429907
0.9159663865546218,0.7899159663865546,0.7006910020521869
0.9243697478991596,0.7899159663865546,0.7028692196566723
0.9327731092436974,0.7899159663865546,0.7050382583208988
0.9411764705882353,0.7899159663865546,0.7071980592068289
0.9495798319327731,0.7899159663865546,0.7093485649729092
0.9579831932773109,0.7899159663865546,0.711489719772599
0.9663865546218487,0.7899159663865546,0.7136214692524726
0.9747899159663865,0.7899159663865546,0.7157437605498721
0.9831932773109243,0.7899159663865546,0.7178565422901569
0.9915966386554621,0.7899159663865546,0.7199597645835171
1.0,0.7899159663865546,0.7220533790213811
0.0,0.7983193277310924,0.42985526410916025
0.008403361344537815,0.7983193277310924,0.43237322712569387
0.01680672268907563,0.7983193277310924,0.43489468901982614
0.025210084033613446,0.7983193277310924,0.43741952392929523
0.03361344537815126,0.7983193277310924,0.43994760529889015
0.04201680672268907,0.7983193277310924,0.44247880590512245
0.05042016806722689,0.7983193277310924,0.44501299788119725
0.058823529411764705,0.7983193277310924,0.44755005274225385
0.06722689075630252,0.7983193277310924,0.4500898414108822
0.07563025210084033,0.7983193277310924,0.45263223424289817
0.08403361344537814,0.7983193277310924,0.4551771010533604
0.09243697478991596,0.7983193277310924,0.45772431114283585
0.10084033613445378,0.7983193277310924,0.4602737333238799
0.1092436974789916,0.7983193277310924,0.4628252359477389
0.11764705882352941,0.7983193277310924,0.46537868693125334
0.12605042016806722,0.7983193277310924,0.467933953783956
0.13445378151260504,0.7983193277310924,0.4704909036353451
0.14285714285714285,0.7983193277310924,0.4730494032623307
0.15126050420168066,0.7983193277310924,0.47560931911683935
0.15966386554621848,0.7983193277310924,0.478170517353554
0.1680672268907563,0.7983193277310924,0.4807328638577972
0.1764705882352941,0.7983193277310924,0.4832962242735303
0.18487394957983191,0.7983193277310924,0.48586046403145383
0.19327731092436973,0.7983193277310924,0.4884254483772187
0.20168067226890757,0.7983193277310924,0.49099104239969926
0.21008403361344538,0.7983193277310924,0.493557111059357
0.2184873949579832,0.7983193277310924,0.49612351921664677
0.226890756302521,0.7983193277310924,0.49869013166047554
0.23529411764705882,0.7983193277310924,0.5012568131366906
0.24369747899159663,0.7983193277310924,0.503823428376586
0.25210084033613445,0.7983193277310924,0.5063898421254209
0.26050420168067223,0.7983193277310924,0.5089559191709231
0.2689075630252101,0.7983193277310924,0.5115215243717803
0.2773109243697479,0.7983193277310924,0.5140865226860988
0.2857142857142857,0.7983193277310924,0.5166507791998128
0.29411764705882354,0.7983193277310924,0.5192141591550431
0.3025210084033613,0.7983193277310924,0.5217765279783821
0.31092436974789917,0.7983193277310924,0.5243377513090963
0.31932773109243695,0.7983193277310924,0.5268976950272358
0.3277310924369748,0.7983193277310924,0.5294562252816345
0.3361344537815126,0.7983193277310924,0.5320132085177908
0.3445378151260504,0.7983193277310924,0.5345685115056189
0.3529411764705882,0.7983193277310924,0.5371220013670505
0.36134453781512604,0.7983193277310924,0.5396735456034858
0.36974789915966383,0.7983193277310924,0.5422230121230692
0.37815126050420167,0.7983193277310924,0.5447702692677963
0.38655462184873945,0.7983193277310924,0.5473151858404167
0.3949579831932773,0.7983193277310924,0.5498576311311377
0.40336134453781514,0.7983193277310924,0.5523974749441202
0.4117647058823529,0.7983193277310924,0.5549345876237357
0.42016806722689076,0.7983193277310924,0.5574688400805972
0.42857142857142855,0.7983193277310924,0.5600001038173369
0.4369747899159664,0.7983193277310924,0.5625282509541255
0.4453781512605042,0.7983193277310924,0.5650531542539255
0.453781512605042,0.7983193277310924,0.5675746871474614
0.4621848739495798,0.7983193277310924,0.5700927237578981
0.47058823529411764,0.7983193277310924,0.5726071389252309
0.4789915966386554,0.7983193277310924,0.5751178082303499
0.48739495798319327,0.7983193277310924,0.5776246080188034
0.49579831932773105,0.7983193277310924,0.5801274154242188
0.5042016806722689,0.7983193277310924,0.5826261083913935
0.5126050420168067,0.7983193277310924,0.585120565699042
0.5210084033613445,0.7983193277310924,0.5876106669821847
0.5294117647058824,0.7983193277310924,0.5900962927541775
0.5378151260504201,0.7983193277310924,0.5925773244283696
0.5462184873949579,0.7983193277310924,0.5950536443393833
0.5546218487394958,0.7983193277310924,0.59752513576401
0.5630252100840336,0.7983193277310924,0.5999916829417121
0.5714285714285714,0.7983193277310924,0.6024531710947292
0.5798319327731092,0.7983193277310924,0.6049094864477724
0.5882352941176471,0.7983193277310924,0.6073605162473102
0.5966386554621849,0.7983193277310924,0.6098061487804358
0.6050420168067226,0.7983193277310924,0.612246273393309
0.6134453781512604,0.7983193277310924,0.6146807805091715
0.6218487394957983,0.7983193277310924,0.6171095616459245
0.6302521008403361,0.7983193277310924,0.6195325094332629
0.6386554621848739,0.7983193277310924,0.6219495176293786
0.6470588235294117,0.7983193277310924,0.6243604811371977
0.6554621848739496,0.7983193277310924,0.6267652960201789
0.6638655462184874,0.7983193277310924,0.629163859517652
0.6722689075630252,0.7983193277310924,0.631556070059688
0.680672268907563,0.7983193277310924,0.6339418272815228
0.6890756302521008,0.7983193277310924,0.6363210320374979
0.6974789915966386,0.7983193277310924,0.6386935864145483
0.7058823529411764,0.7983193277310924,0.6410593937452083
0.7142857142857143,0.7983193277310924,0.6434183586201477
0.7226890756302521,0.7983193277310924,0.6457703869002421
0.7310924369747899,0.7983193277310924,0.6481153857281551
0.7394957983193277,0.7983193277310924,0.6504532635394543
0.7478991596638656,0.7983193277310924,0.652783930073243
0.7563025210084033,0.7983193277310924,0.6551072963823155
0.7647058823529411,0.7983193277310924,0.6574232748428419
0.7731092436974789,0.7983193277310924,0.6597317791635621
0.7815126050420168,0.7983193277310924,0.6620327243945099
0.7899159663865546,0.7983193277310924,0.6643260269352628
0.7983193277310924,0.7983193277310924,0.6666116045427037
0.8067226890756303,0.7983193277310924,0.6688893763383211
0.8151260504201681,0.7983193277310924,0.6711592628150269
0.8235294117647058,0.7983193277310924,0.6734211858435023
0.8319327731092436,0.7983193277310924,0.6756750686780784
0.8403361344537815,0.7983193277310924,0.6779208359621408
0.8487394957983193,0.7983193277310924,0.6801584137330774
0.8571428571428571,0.7983193277310924,0.6823877294267559
0.8655462184873949,0.7983193277310924,0.6846087118815403
0.8739495798319328,0.7983193277310924,0.6868212913418571
0.8823529411764706,0.7983193277310924,0.6890253994613008
0.8907563025210083,0.7983193277310924,0.6912209693052889
0.8991596638655461,0.7983193277310924,0.6934079353532752
0.907563025210084,0.7983193277310924,0.6955862335005095
0.9159663865546218,0.7983193277310924,0.6977558010593748
0.9243697478991596,0.7983193277310924,0.6999165767602705
0.9327731092436974,0.7983193277310924,0.7020685007520805
0.9411764705882353,0.7983193277310924,0.7042115146022075
0.9495798319327731,0.7983193277310924,0.7063455612961889
0.9579831932773109,0.7983193277310924,0.7084705852368991
0.9663865546218487,0.7983193277310924,0.7105865322433362
0.9747899159663865,0.7983193277310924,0.712693349549006
0.9831932773109243,0.7983193277310924,0.71479098579991
0.9915966386554621,0.7983193277310924,0.7168793910521325
1.0,0.7983193277310924,0.7189585167690444
0.0,0.8067226890756303,0.4302067407075485
0.008403361344537815,0.8067226890756303,0.4326905397635735
0.01680672268907563,0.8067226890756303,0.43517772674290817
0.025210084033613446,0.8067226890756303,0.437668180824695
0.03361344537815126,0.8067226890756303,0.4401617805350697
0.04201680672268907,0.8067226890756303,0.4426584037702144
0.05042016806722689,0.8067226890756303,0.44515792781968205
0.058823529411764705,0.8067226890756303,0.44766022938996697
0.06722689075630252,0.8067226890756303,0.4501651846283331
0.07563025210084033,0.8067226890756303,0.4526726691468727
0.08403361344537814,0.8067226890756303,0.4551825580467944
0.09243697478991596,0.8067226890756303,0.45769472594293525
0.10084033613445378,0.8067226890756303,0.4602090469884711
0.1092436974789916,0.8067226890756303,0.4627253948998331
0.11764705882352941,0.8067226890756303,0.46524364298180676
0.12605042016806722,0.8067226890756303,0.46776366415281007
0.13445378151260504,0.8067226890756303,0.4702853309703377
0.14285714285714285,0.8067226890756303,0.4728085156565624
0.15126050420168066,0.8067226890756303,0.4753330901240772
0.15966386554621848,0.8067226890756303,0.4778589260017761
0.1680672268907563,0.8067226890756303,0.48038589466085424
0.1764705882352941,0.8067226890756303,0.4829138672409236
0.18487394957983191,0.8067226890756303,0.48544271467622313
0.19327731092436973,0.8067226890756303,0.4879723077219262
0.20168067226890757,0.8067226890756303,0.49050251698051583
0.21008403361344538,0.8067226890756303,0.49303321292823843
0.2184873949579832,0.8067226890756303,0.4955642659415994
0.226890756302521,0.8067226890756303,0.4980955463239148
0.23529411764705882,0.8067226890756303,0.500626924331884
0.24369747899159663,0.8067226890756303,0.5031582702021905
0.25210084033613445,0.8067226890756303,0.5056894541781086
0.26050420168067223,0.8067226890756303,0.5082203465361013
0.2689075630252101,0.8067226890756303,0.5107508176124193
0.2773109243697479,0.8067226890756303,0.5132807378296538
0.2857142857142857,0.8067226890756303,0.5158099777232721
0.29411764705882354,0.8067226890756303,0.5183384079680863
0.3025210084033613,0.8067226890756303,0.5208658994046698
0.31092436974789917,0.8067226890756303,0.523392323065707
0.31932773109243695,0.8067226890756303,0.5259175502022453
0.3277310924369748,0.8067226890756303,0.5284414523098677
0.3361344537815126,0.8067226890756303,0.5309639011547478
0.3445378151260504,0.8067226890756303,0.5334847687995925
0.3529411764705882,0.8067226890756303,0.5360039276294594
0.36134453781512604,0.8067226890756303,0.5385212503774226
0.36974789915966383,0.8067226890756303,0.5410366101501086
0.37815126050420167,0.8067226890756303,0.5435498804530511
0.38655462184873945,0.8067226890756303,0.5460609352158822
0.3949579831932773,0.8067226890756303,0.5485696488173477
0.40336134453781514,0.8067226890756303,0.551075896110117
0.4117647058823529,0.8067226890756303,0.5535795524454026
0.42016806722689076,0.8067226890756303,0.5560804936973561
0.42857142857142855,0.8067226890756303,0.5585785962872452
0.4369747899159664,0.8067226890756303,0.5610737372074039
0.4453781512605042,0.8067226890756303,0.5635657940449309
0.453781512605042,0.8067226890756303,0.5660546450051386
0.4621848739495798,0.8067226890756303,0.5685401689347466
0.47058823529411764,0.8067226890756303,0.5710222453447965
0.4789915966386554,0.8067226890756303,0.5735007544332946
0.48739495798319327,0.8067226890756303,0.5759755771075635
0.49579831932773105,0.8067226890756303,0.5784465950062956
0.5042016806722689,0.8067226890756303,0.580913690521308
0.5126050420168067,0.8067226890756303,0.5833767468189741
0.5210084033613445,0.8067226890756303,0.5858356478613501
0.5294117647058824,0.8067226890756303,0.5882902784269594
0.5378151260504201,0.8067226890756303,0.5907405241312451
0.5462184873949579,0.8067226890756303,0.5931862714466893
0.5546218487394958,0.8067226890756303,0.5956274077225632
0.5630252100840336,0.8067226890756303,0.5980638212043423
0.5714285714285714,0.8067226890756303,0.6004954010527467
0.5798319327731092,0.8067226890756303,0.6029220373624116
0.5882352941176471,0.8067226890756303,0.6053436211801917
0.5966386554621849,0.8067226890756303,0.6077600445230725
0.6050420168067226,0.8067226890756303,0.6101712003957092
0.6134453781512604,0.8067226890756303,0.6125769828075649
0.6218487394957983,0.8067226890756303,0.6149772867896561
0.6302521008403361,0.8067226890756303,0.6173720084108952
0.6386554621848739,0.8067226890756303,0.6197610447940325
0.6470588235294117,0.8067226890756303,0.6221442941311848
0.6554621848739496,0.8067226890756303,0.6245216556989504
0.6638655462184874,0.8067226890756303,0.62689302987311
0.6722689075630252,0.8067226890756303,0.6292583181429076
0.680672268907563,0.8067226890756303,0.6316174231249038
0.6890756302521008,0.8067226890756303,0.6339702485764074
0.6974789915966386,0.8067226890756303,0.6363166994084795
0.7058823529411764,0.8067226890756303,0.6386566816984985
0.7142857142857143,0.8067226890756303,0.640990102702303
0.7226890756302521,0.8067226890756303,0.6433168708658925
0.7310924369747899,0.8067226890756303,0.6456368958366941
0.7394957983193277,0.8067226890756303,0.6479500884743931
0.7478991596638656,0.8067226890756303,0.6502563608613183
0.7563025210084033,0.8067226890756303,0.6525556263124029
0.7647058823529411,0.8067226890756303,0.6548477993846892
0.7731092436974789,0.8067226890756303,0.6571327958863992
0.7815126050420168,0.8067226890756303,0.6594105328855732
0.7899159663865546,0.8067226890756303,0.6616809287182545
0.7983193277310924,0.8067226890756303,0.6639439029962474
0.8067226890756303,0.8067226890756303,0.66619937661443
0.8151260504201681,0.8067226890756303,0.6684472717576285
0.8235294117647058,0.8067226890756303,0.6706875119070616
0.8319327731092436,0.8067226890756303,0.6729200218463413
0.8403361344537815,0.8067226890756303,0.6751447276670514
0.8487394957983193,0.8067226890756303,0.6773615567738825
0.8571428571428571,0.8067226890756303,0.6795704378893459
0.8655462184873949,0.8067226890756303,0.6817713010580589
0.8739495798319328,0.8067226890756303,0.683964077650604
0.8823529411764706,0.8067226890756303,0.6861487003669673
0.8907563025210083,0.8067226890756303,0.6883251032395571
0.8991596638655461,0.8067226890756303,0.6904932216358101
0.907563025210084,0.8067226890756303,0.6926529922603789
0.9159663865546218,0.8067226890756303,0.6948043531569171
0.9243697478991596,0.8067226890756303,0.696947243709456
0.9327731092436974,0.8067226890756303,0.6990816046433789
0.9411764705882353,0.8067226890756303,0.7012073780259974
0.9495798319327731,0.8067226890756303,0.7033245072667411
0.9579831932773109,0.8067226890756303,0.7054329371169473
0.9663865546218487,0.8067226890756303,0.7075326136692781
0.9747899159663865,0.8067226890756303,0.7096234843567453
0.9831932773109243,0.8067226890756303,0.7117054979513721
0.9915966386554621,0.8067226890756303,0.7137786045624763
1.0,0.8067226890756303,0.7158427556345901
0.0,0.8151260504201681,0.43055828766640447
0.008403361344537815,0.8151260504201681,0.4330079076294119
0.01680672268907563,0.8151260504201681,0.43546080672596765
0.025210084033613446,0.8151260504201681,0.4379168690427
0.03361344537815126,0.8151260504201681,0.4403759780513655
0.04201680672268907,0.8151260504201681,0.4428380166303658
0.05042016806722689,0.8151260504201681,0.4453028670865093
0.058823529411764705,0.8151260504201681,0.44777041117700817
0.06722689075630252,0.8151260504201681,0.45024053013169946
0.07563025210084033,0.8151260504201681,0.45271310467548687
0.08403361344537814,0.8151260504201681,0.4551880150509908
0.09243697478991596,0.8151260504201681,0.4576651410413999
0.10084033613445378,0.8151260504201681,0.4601443619935093
0.1092436974789916,0.8151260504201681,0.46262555684094636
0.11764705882352941,0.8151260504201681,0.46510860412756544
0.12605042016806722,0.8151260504201681,0.4675933820310055
0.13445378151260504,0.8151260504201681,0.4700797683864064
0.14285714285714285,0.8151260504201681,0.47256764071025725
0.15126050420168066,0.8151260504201681,0.4750568762243924
0.15966386554621848,0.8151260504201681,0.47754735188010106
0.1680672268907563,0.8151260504201681,0.48003894438235745
0.1764705882352941,0.8151260504201681,0.48253153021414985
0.18487394957983191,0.8151260504201681,0.48502498566090535
0.19327731092436973,0.8151260504201681,0.48751918683499945
0.20168067226890757,0.8151260504201681,0.49001400970033615
0.21008403361344538,0.8151260504201681,0.4925093300969927
0.2184873949579832,0.8151260504201681,0.49500502376591654
0.226890756302521,0.8151260504201681,0.49750096637366087
0.23529411764705882,0.8151260504201681,0.4999970335371605
0.24369747899159663,0.8151260504201681,0.5024931008485177
0.25210084033613445,0.8151260504201681,0.504989043899804
0.26050420168067223,0.8151260504201681,0.5074847383078643
0.2689075630252101,0.8151260504201681,0.5099800597391063
0.2773109243697479,0.8151260504201681,0.5124748839342694
0.2857142857142857,0.8151260504201681,0.5149690867331693
0.29411764705882354,0.8151260504201681,0.5174625440993835
0.3025210084033613,0.8151260504201681,0.5199551321449066
0.31092436974789917,0.8151260504201681,0.5224467271547254
0.31932773109243695,0.8151260504201681,0.524937205611329
0.3277310924369748,0.8151260504201681,0.5274264442191355
0.3361344537815126,0.8151260504201681,0.5299143199288191
0.3445378151260504,0.8151260504201681,0.5324007099615435
0.3529411764705882,0.8151260504201681,0.5348854918330693
0.36134453781512604,0.8151260504201681,0.537368543377748
0.36974789915966383,0.8151260504201681,0.5398497427723796
0.37815126050420167,0.8151260504201681,0.5423289685599177
0.38655462184873945,0.8151260504201681,0.5448060996730362
0.3949579831932773,0.8151260504201681,0.5472810154575222
0.40336134453781514,0.8151260504201681,0.5497535956954959
0.4117647058823529,0.8151260504201681,0.5522237206284627
0.42016806722689076,0.8151260504201681,0.5546912709801506
0.42857142857142855,0.8151260504201681,0.5571561279791699
0.4369747899159664,0.8151260504201681,0.5596181733814535
0.4453781512605042,0.8151260504201681,0.5620772894924768
0.453781512605042,0.8151260504201681,0.5645333591892574
0.4621848739495798,0.8151260504201681,0.5669862659421154
0.47058823529411764,0.8151260504201681,0.5694358938361926
0.4789915966386554,0.8151260504201681,0.5718821275927197
0.48739495798319327,0.8151260504201681,0.5743248525900196
0.49579831932773105,0.8151260504201681,0.5767639548842541
0.5042016806722689,0.8151260504201681,0.5791993212298798
0.5126050420168067,0.8151260504201681,0.5816308390998361
0.5210084033613445,0.8151260504201681,0.5840583967054369
0.5294117647058824,0.8151260504201681,0.5864818830159634
0.5378151260504201,0.8151260504201681,0.5889011877779597
0.5462184873949579,0.8151260504201681,0.5913162015342105
0.5546218487394958,0.8151260504201681,0.5937268156424084
0.5630252100840336,0.8151260504201681,0.5961329222934951
0.5714285714285714,0.8151260504201681,0.5985344145296753
0.5798319327731092,0.8151260504201681,0.6009311862620949
0.5882352941176471,0.8151260504201681,0.6033231322881779
0.5966386554621849,0.8151260504201681,0.6057101483086192
0.6050420168067226,0.8151260504201681,0.6080921309440273
0.6134453781512604,0.8151260504201681,0.6104689777512087
0.6218487394957983,0.8151260504201681,0.612840587239097
0.6302521008403361,0.8151260504201681,0.6152068588843083
0.6386554621848739,0.8151260504201681,0.6175676931463393
0.6470588235294117,0.8151260504201681,0.6199229914823843
0.6554621848739496,0.8151260504201681,0.6222726563617731
0.6638655462184874,0.8151260504201681,0.6246165912800443
0.6722689075630252,0.8151260504201681,0.6269547007726124
0.680672268907563,0.8151260504201681,0.6292868904280705
0.6890756302521008,0.8151260504201681,0.6316130669010879
0.6974789915966386,0.8151260504201681,0.6339331379249235
0.7058823529411764,0.8151260504201681,0.6362470123235459
0.7142857142857143,0.8151260504201681,0.6385546000233527
0.7226890756302521,0.8151260504201681,0.6408558120644956
0.7310924369747899,0.8151260504201681,0.6431505606118045
0.7394957983193277,0.8151260504201681,0.6454387589653098
0.7478991596638656,0.8151260504201681,0.6477203215703644
0.7563025210084033,0.8151260504201681,0.649995164027365
0.7647058823529411,0.8151260504201681,0.6522632031010609
0.7731092436974789,0.8151260504201681,0.6545243567294685
0.7815126050420168,0.8151260504201681,0.656778544032375
0.7899159663865546,0.8151260504201681,0.6590256853194425
0.7983193277310924,0.8151260504201681,0.6612657020979037
0.8067226890756303,0.8151260504201681,0.6634985170798555
0.8151260504201681,0.8151260504201681,0.6657240541891489
0.8235294117647058,0.8151260504201681,0.6679422385678758
0.8319327731092436,0.8151260504201681,0.6701529965824596
0.8403361344537815,0.8151260504201681,0.6723562558293397
0.8487394957983193,0.8151260504201681,0.6745519451402551
0.8571428571428571,0.8151260504201681,0.6767399945871433
0.8655462184873949,0.8151260504201681,0.6789203354866299
0.8739495798319328,0.8151260504201681,0.6810929004041347
0.8823529411764706,0.8151260504201681,0.6832576231575824
0.8907563025210083,0.8151260504201681,0.685414438820725
0.8991596638655461,0.8151260504201681,0.6875632837260828
0.907563025210084,0.8151260504201681,0.6897040954674929
0.9159663865546218,0.8151260504201681,0.6918368129022915
0.9243697478991596,0.8151260504201681,0.6939613761531059
0.9327731092436974,0.8151260504201681,0.696077726609276
0.9411764705882353,0.8151260504201681,0.6981858069279142
0.9495798319327731,0.8151260504201681,0.700285561034584
0.9579831932773109,0.8151260504201681,0.7023769341236293
0.9663865546218487,0.8151260504201681,0.7044598726581368
0.9747899159663865,0.8151260504201681,0.7065343243695396
0.9831932773109243,0.8151260504201681,0.7086002382568826
0.9915966386554621,0.8151260504201681,0.7106575645857257
1.0,0.8151260504201681,0.7127062548867181
0.0,0.8235294117647058,0.43090990464530304
0.008403361344537815,0.8235294117647058,0.4333253304723523
0.01680672268907563,0.8235294117647058,0.43574392879072366
0.025210084033613446,0.8235294117647058,0.43816558846226344
0.03361344537815126,0.8235294117647058,0.44059019777033037
0.04201680672268907,0.8235294117647058,0.4430176444398536
0.05042016806722689,0.8235294117647058,0.4454478156576254
0.058823529411764705,0.8235294117647058,0.4478805980927982
0.06722689075630252,0.8235294117647058,0.4503158779175945
0.07563025210084033,0.8235294117647058,0.45275354082821845
0.08403361344537814,0.8235294117647058,0.45519347206594984
0.09243697478991596,0.8235294117647058,0.457635556438437
0.10084033613445378,0.8235294117647058,0.46007967834114627
0.1092436974789916,0.8235294117647058,0.4625257217789949
0.11764705882352941,0.8235294117647058,0.46497357038813225
0.12605042016806722,0.8235294117647058,0.46742310745787763
0.13445378151260504,0.8235294117647058,0.4698742159527918
0.14285714285714285,0.8235294117647058,0.47232677853488564
0.15126050420168066,0.8235294117647058,0.4747806775859551
0.15966386554621848,0.8235294117647058,0.4772357952300233
0.1680672268907563,0.8235294117647058,0.4796920133558948
0.1764705882352941,0.8235294117647058,0.48214921363979935
0.18487394957983191,0.8235294117647058,0.4846072775681323
0.19327731092436973,0.8235294117647058,0.48706608646026484
0.20168067226890757,0.8235294117647058,0.4895255214914223
0.21008403361344538,0.8235294117647058,0.49198546371563184
0.2184873949579832,0.8235294117647058,0.49444579408870437
0.226890756302521,0.8235294117647058,0.49690639349127325
0.23529411764705882,0.8235294117647058,0.4993671427518541
0.24369747899159663,0.8235294117647058,0.5018279226699229
0.25210084033613445,0.8235294117647058,0.5042886140390194
0.26050420168067223,0.8235294117647058,0.5067490976698366
0.2689075630252101,0.8235294117647058,0.5092092544133192
0.2773109243697479,0.8235294117647058,0.5116689651837318
0.2857142857142857,0.8235294117647058,0.5141281109817104
0.29411764705882354,0.8235294117647058,0.5165865729172725
0.3025210084033613,0.8235294117647058,0.5190442322327854
0.31092436974789917,0.8235294117647058,0.5215009703258814
0.31932773109243695,0.8235294117647058,0.5239566687723032
0.3277310924369748,0.8235294117647058,0.526411209348683
0.3361344537815126,0.8235294117647058,0.5288644740552358
0.3445378151260504,0.8235294117647058,0.5313163451383591
0.3529411764705882,0.8235294117647058,0.5337667051131392
0.36134453781512604,0.8235294117647058,0.5362154367857379
0.36974789915966383,0.8235294117647058,0.5386624232756667
0.37815126050420167,0.8235294117647058,0.5411075480379337
0.38655462184873945,0.8235294117647058,0.5435506948850491
0.3949579831932773,0.8235294117647058,0.5459917480088872
0.40336134453781514,0.8235294117647058,0.5484305920023981
0.4117647058823529,0.8235294117647058,0.5508671118811526
0.42016806722689076,0.8235294117647058,0.5533011931047157
0.42857142857142855,0.8235294117647058,0.555732721597844
0.4369747899159664,0.8235294117647058,0.5581615837714934
0.4453781512605042,0.8235294117647058,0.5605876665436323
0.453781512605042,0.8235294117647058,0.5630108573598502
0.4621848739495798,0.8235294117647058,0.5654310442137552
0.47058823529411764,0.8235294117647058,0.5678481156671552
0.4789915966386554,0.8235294117647058,0.5702619608700061
0.48739495798319327,0.8235294117647058,0.5726724695801375
0.49579831932773105,0.8235294117647058,0.5750795321827245
0.5042016806722689,0.8235294117647058,0.5774830397095213
0.5126050420168067,0.8235294117647058,0.5798828838578358
0.5210084033613445,0.8235294117647058,0.5822789570092425
0.5294117647058824,0.8235294117647058,0.5846711522480313
0.5378151260504201,0.8235294117647058,0.5870593633793753
0.5462184873949579,0.8235294117647058,0.589443484947227
0.5546218487394958,0.8235294117647058,0.5918234122519183
0.5630252100840336,0.8235294117647058,0.5941990413674767
0.5714285714285714,0.8235294117647058,0.5965702691586399
0.5798319327731092,0.8235294117647058,0.5989369932975661
0.5882352941176471,0.8235294117647058,0.6012991122802412
0.5966386554621849,0.8235294117647058,0.6036565254425643
0.6050420168067226,0.8235294117647058,0.606009132976124
0.6134453781512604,0.8235294117647058,0.6083568359436466
0.6218487394957983,0.8235294117647058,0.6106995362941168
0.6302521008403361,0.8235294117647058,0.6130371368775721
0.6386554621848739,0.8235294117647058,0.6153695414595578
0.6470588235294117,0.8235294117647058,0.6176966547352397
0.6554621848739496,0.8235294117647058,0.6200183823431835
0.6638655462184874,0.8235294117647058,0.6223346308787804
0.6722689075630252,0.8235294117647058,0.6246453079073269
0.680672268907563,0.8235294117647058,0.6269503219767524
0.6890756302521008,0.8235294117647058,0.6292495826299869
0.6974789915966386,0.8235294117647058,0.631543000416983
0.7058823529411764,0.8235294117647058,0.6338304869063657
0.7142857142857143,0.8235294117647058,0.6361119546967279
0.7226890756302521,0.8235294117647058,0.6383873174275608
0.7310924369747899,0.8235294117647058,0.6406564897898147
0.7394957983193277,0.8235294117647058,0.6429193875361033
0.7478991596638656,0.8235294117647058,0.6451759274905282
0.7563025210084033,0.8235294117647058,0.6474260275581408
0.7647058823529411,0.8235294117647058,0.6496696067340367
0.7731092436974789,0.8235294117647058,0.6519065851120677
0.7815126050420168,0.8235294117647058,0.6541368838932008
0.7899159663865546,0.8235294117647058,0.6563604253934898
0.7983193277310924,0.8235294117647058,0.658577133051684
0.8067226890756303,0.8235294117647058,0.660786931436464
0.8151260504201681,0.8235294117647058,0.6629897462533028
0.8235294117647058,0.8235294117647058,0.6651855043509652
0.8319327731092436,0.8235294117647058,0.6673741337276308
0.8403361344537815,0.8235294117647058,0.6695555635366469
0.8487394957983193,0.8235294117647058,0.671729724091921
0.8571428571428571,0.8235294117647058,0.6738965468729415
0.8655462184873949,0.8235294117647058,0.6760559645294346
0.8739495798319328,0.8235294117647058,0.6782079108856578
0.8823529411764706,0.8235294117647058,0.6803523209443342
0.8907563025210083,0.8235294117647058,0.6824891308902234
0.8991596638655461,0.8235294117647058,0.6846182780933385
0.907563025210084,0.8235294117647058,0.6867397011118055
0.9159663865546218,0.8235294117647058,0.6888533396943748
0.9243697478991596,0.8235294117647058,0.6909591347825726
0.9327731092436974,0.8235294117647058,0.6930570285125187
0.9411764705882353,0.8235294117647058,0.6951469642163849
0.9495798319327731,0.8235294117647058,0.6972288864235271
0.9579831932773109,0.8235294117647058,0.6993027408612683
0.9663865546218487,0.8235294117647058,0.7013684744553513
0.9747899159663865,0.8235294117647058,0.7034260353300564
0.9831932773109243,0.8235294117647058,0.7054753728079965
0.9915966386554621,0.8235294117647058,0.7075164374095853
1.0,0.8235294117647058,0.7095491808521841
0.0,0.8319327731092436,0.4312615913035395
0.008403361344537815,0.8319327731092436,0.43364280804135596
0.01680672268907563,0.8319327731092436,0.4360270927587844
0.025210084033613446,0.8319327731092436,0.43841433896227594
0.03361344537815126,0.8319327731092436,0.44080443961448107
0.04201680672268907,0.8319327731092436,0.4431972871529388
0.05042016806722689,0.8319327731092436,0.4455927735089674
0.058823529411764705,0.8319327731092436,0.44799079012675336
0.06722689075630252,0.8319327731092436,0.45039122798263104
0.07563025210084033,0.8319327731092436,0.45279397760454143
0.08403361344537814,0.8319327731092436,0.45519892909166965
0.09243697478991596,0.8319327731092436,0.457605972134251
0.10084033613445378,0.8319327731092436,0.46001499603353185
0.1092436974789916,0.8319327731092436,0.46242588972189236
0.11764705882352941,0.8319327731092436,0.46483854178310824
0.12605042016806722,0.8319327731092436,0.46725284047275084
0.13445378151260504,0.8319327731092436,0.4696686737387192
0.14285714285714285,0.8319327731092436,0.47208592924189285
0.15126050420168066,0.8319327731092436,0.4745044943768978
0.15966386554621848,0.8319327731092436,0.4769242562929806
0.1680672268907563,0.8319327731092436,0.47934510191497504
0.1764705882352941,0.8319327731092436,0.4817669179643637
0.18487394957983191,0.8319327731092436,0.4841895909804184
0.19327731092436973,0.8319327731092436,0.48661300734141044
0.20168067226890757,0.8319327731092436,0.4890370532858905
0.21008403361344538,0.8319327731092436,0.4914616149340178
0.2184873949579832,0.8319327731092436,0.4938865783089437
0.226890756302521,0.8319327731092436,0.49631182935823004
0.23529411764705882,0.8319327731092436,0.49873725397529506
0.24369747899159663,0.8319327731092436,0.5011627380208881
0.25210084033613445,0.8319327731092436,0.5035881673445701
0.26050420168067223,0.8319327731092436,0.5060134278062031
0.2689075630252101,0.8319327731092436,0.508438405297436
0.2773109243697479,0.8319327731092436,0.5108629857631712
0.2857142857142857,0.8319327731092436,0.5132870552230213
0.29411764705882354,0.8319327731092436,0.5157104997927235
0.3025210084033613,0.8319327731092436,0.5181332057055235
0.31092436974789917,0.8319327731092436,0.5205550593335126
0.31932773109243695,0.8319327731092436,0.5229759472089018
0.3277310924369748,0.8319327731092436,0.5253957560452448
0.3361344537815126,0.8319327731092436,0.5278143727585719
0.3445378151260504,0.8319327731092436,0.5302316844884618
0.3529411764705882,0.8319327731092436,0.532647578619011
0.36134453781512604,0.8319327731092436,0.5350619427997076
0.36974789915966383,0.8319327731092436,0.5374746649662084
0.37815126050420167,0.8319327731092436,0.5398856333609927
0.38655462184873945,0.8319327731092436,0.5422947365538981
0.3949579831932773,0.8319327731092436,0.5447018634625296
0.40336134453781514,0.8319327731092436,0.5471069033725257
0.4117647058823529,0.8319327731092436,0.5495097459576876
0.42016806722689076,0.8319327731092436,0.5519102812999457
0.42857142857142855,0.8319327731092436,0.5543083999091734
0.4369747899159664,0.8319327731092436,0.5567039927428301
0.4453781512605042,0.8319327731092436,0.5590969512254289
0.453781512605042,0.8319327731092436,0.5614871672678254
0.4621848739495798,0.8319327731092436,0.5638745332863109
0.47058823529411764,0.8319327731092436,0.566258942221512
0.4789915966386554,0.8319327731092436,0.5686402875570922
0.48739495798319327,0.8319327731092436,0.5710184633382346
0.49579831932773105,0.8319327731092436,0.5733933641899137
0.5042016806722689,0.8319327731092436,0.5757648853349437
0.5126050420168067,0.8319327731092436,0.5781329226117918
0.5210084033613445,0.8319327731092436,0.5804973724921682
0.5294117647058824,0.8319327731092436,0.5828581320983602
0.5378151260504201,0.8319327731092436,0.5852150992203305
0.5462184873949579,0.8319327731092436,0.5875681723325575
0.5546218487394958,0.8319327731092436,0.5899172506106132
0.5630252100840336,0.8319327731092436,0.5922622339474887
0.5714285714285714,0.8319327731092436,0.5946030229696383
0.5798319327731092,0.8319327731092436,0.5969395190527584
0.5882352941176471,0.8319327731092436,0.5992716243372841
0.5966386554621849,0.8319327731092436,0.601599241743597
0.6050420168067226,0.8319327731092436,0.6039222749869606
0.6134453781512604,0.8319327731092436,0.6062406285921415
0.6218487394957983,0.8319327731092436,0.6085542079077557
0.6302521008403361,0.8319327731092436,0.6108629191203008
0.6386554621848739,0.8319327731092436,0.6131666692678844
0.6470588235294117,0.8319327731092436,0.6154653662536566
0.6554621848739496,0.8319327731092436,0.617758918858912
0.6638655462184874,0.8319327731092436,0.6200472367559002
0.6722689075630252,0.8319327731092436,0.6223302305202992
0.680672268907563,0.8319327731092436,0.6246078116433779
0.6890756302521008,0.8319327731092436,0.6268798925438355
0.6974789915966386,0.8319327731092436,0.6291463865793149
0.7058823529411764,0.8319327731092436,0.6314072080575861
0.7142857142857143,0.8319327731092436,0.6336622722474042
0.7226890756302521,0.8319327731092436,0.635911495389029
0.7310924369747899,0.8319327731092436,0.6381547947044206
0.7394957983193277,0.8319327731092436,0.6403920884070947
0.7478991596638656,0.8319327731092436,0.6426232957116351
0.7563025210084033,0.8319327731092436,0.6448483368428888
0.7647058823529411,0.8319327731092436,0.6470671330447965
0.7731092436974789,0.8319327731092436,0.6492796065889053
0.7815126050420168,0.8319327731092436,0.6514856807825355
0.7899159663865546,0.8319327731092436,0.6536852799765964
0.7983193277310924,0.8319327731092436,0.6558783295730808
0.8067226890756303,0.8319327731092436,0.658064756032202
0.8151260504201681,0.8319327731092436,0.6602444868792003
0.8235294117647058,0.8319327731092436,0.6624174507108083
0.8319327731092436,0.8319327731092436,0.6645835772013692
0.8403361344537815,0.8319327731092436,0.666742797108628
0.8487394957983193,0.8319327731092436,0.6688950422791734
0.8571428571428571,0.8319327731092436,0.6710402456535489
0.8655462184873949,0.8319327731092436,0.6731783412710252
0.8739495798319328,0.8319327731092436,0.6753092642740357
0.8823529411764706,0.8319327731092436,0.6774329509122875
0.8907563025210083,0.8319327731092436,0.6795493385465236
0.8991596638655461,0.8319327731092436,0.6816583656519745
0.907563025210084,0.8319327731092436,0.6837599718214654
0.9159663865546218,0.8319327731092436,0.6858540977682063
0.9243697478991596,0.8319327731092436,0.6879406853282544
0.9327731092436974,0.8319327731092436,0.6900196774626525
0.9411764705882353,0.8319327731092436,0.6920910182592548
0.9495798319327731,0.8319327731092436,0.6941546529342275
0.9579831932773109,0.8319327731092436,0.6962105278332414
0.9663865546218487,0.8319327731092436,0.6982585904323511
0.9747899159663865,0.8319327731092436,0.7002987893385582
0.9831932773109243,0.8319327731092436,0.7023310742900862
0.9915966386554621,0.8319327731092436,0.7043553961563371
1.0,0.8319327731092436,0.7063717069375536
0.0,0.8403361344537815,0.43161334730013123
0.008403361344537815,0.8403361344537815,0.433960340085209
0.01680672268907563,0.8403361344537815,0.436310298451653
0.025210084033613446,0.8403361344537815,0.4386631204215657
0.03361344537815126,0.8403361344537815,0.4410187035063049
0.04201680672268907,0.8403361344537815,0.44337694472386746
0.05042016806722689,0.8403361344537815,0.44573774061646826
0.058823529411764705,0.8403361344537815,0.4481009872682917
0.06722689075630252,0.8403361344537815,0.4504665803234214
0.07563025210084033,0.8403361344537815,0.4528344150039336
0.08403361344537814,0.8403361344537815,0.4552043861281494
0.09243697478991596,0.8403361344537815,0.4575763881290485
0.10084033613445378,0.8403361344537815,0.4599503150728179
0.1092436974789916,0.8403361344537815,0.4623260606775557
0.11764705882352941,0.8403361344537815,0.4647035183320905
0.12605042016806722,0.8403361344537815,0.46708258111494444
0.13445378151260504,0.8403361344537815,0.4694631418134027
0.14285714285714285,0.8403361344537815,0.4718450929427007
0.15126050420168066,0.8403361344537815,0.47422832676531657
0.15966386554621848,0.8403361344537815,0.4766127353103569
0.1680672268907563,0.8403361344537815,0.4789982103930369
0.1764705882352941,0.8403361344537815,0.48138464363424094
0.18487394957983191,0.8403361344537815,0.4837719264801582
0.19327731092436973,0.8403361344537815,0.4861599502219892
0.20168067226890757,0.8403361344537815,0.48854860601570227
0.21008403361344538,0.8403361344537815,0.4909377849018618
0.2184873949579832,0.8403361344537815,0.4933273778254782
0.226890756302521,0.8403361344537815,0.4957172756559099
0.23529411764705882,0.8403361344537815,0.4981073692067929
0.24369747899159663,0.8403361344537815,0.5004975492559866
0.25210084033613445,0.8403361344537815,0.5028877065655392
0.26050420168067223,0.8403361344537815,0.5052777319016568
0.2689075630252101,0.8403361344537815,0.5076675160546678
0.2773109243697479,0.8403361344537815,0.5100569498589843
0.2857142857142857,0.8403361344537815,0.5124459242130412
0.29411764705882354,0.8403361344537815,0.5148343300992153
0.3025210084033613,0.8403361344537815,0.5172220586037046
0.31092436974789917,0.8403361344537815,0.519609000936375
0.31932773109243695,0.8403361344537815,0.5219950484505539
0.3277310924369748,0.8403361344537815,0.5243800926627694
0.3361344537815126,0.8403361344537815,0.5267640252724309
0.3445378151260504,0.8403361344537815,0.5291467381814308
0.3529411764705882,0.8403361344537815,0.5315281235136713
0.36134453781512604,0.8403361344537815,0.5339080736345101
0.36974789915966383,0.8403361344537815,0.5362864811701064
0.37815126050420167,0.8403361344537815,0.5386632390266684
0.38655462184873945,0.8403361344537815,0.5410382404096001
0.3949579831932773,0.8403361344537815,0.5434113788425142
0.40336134453781514,0.8403361344537815,0.5457825481861484
0.4117647058823529,0.8403361344537815,0.5481516426571323
0.42016806722689076,0.8403361344537815,0.5505185568466254
0.42857142857142855,0.8403361344537815,0.5528831857388175
0.4369747899159664,0.8403361344537815,0.5552454247292659
0.4453781512605042,0.8403361344537815,0.5576051696430915
0.453781512605042,0.8403361344537815,0.5599623167530017
0.4621848739495798,0.8403361344537815,0.562316762797144
0.47058823529411764,0.8403361344537815,0.5646684049967908
0.4789915966386554,0.8403361344537815,0.5670171410738325
0.48739495798319327,0.8403361344537815,0.5693628692680931
0.49579831932773105,0.8403361344537815,0.5717054883544403
0.5042016806722689,0.8403361344537815,0.5740448976597026
0.5126050420168067,0.8403361344537815,0.5763809970793812
0.5210084033613445,0.8403361344537815,0.5787136870941411
0.5294117647058824,0.8403361344537815,0.5810428687860987
0.5378151260504201,0.8403361344537815,0.5833684438548741
0.5462184873949579,0.8403361344537815,0.5856903146334248
0.5546218487394958,0.8403361344537815,0.5880083841036412
0.5630252100840336,0.8403361344537815,0.5903225559117047
0.5714285714285714,0.8403361344537815,0.5926327343832093
0.5798319327731092,0.8403361344537815,0.5949388245380275
0.5882352941176471,0.8403361344537815,0.5972407321049292
0.5966386554621849,0.8403361344537815,0.5995383635359423
0.6050420168067226,0.8403361344537815,0.6018316260204585
0.6134453781512604,0.8403361344537815,0.604120427499066
0.6218487394957983,0.8403361344537815,0.6064046766771233
0.6302521008403361,0.8403361344537815,0.6086842830380508
0.6386554621848739,0.8403361344537815,0.6109591568563605
0.6470588235294117,0.8403361344537815,0.6132292092103915
0.6554621848739496,0.8403361344537815,0.6154943519947773
0.6638655462184874,0.8403361344537815,0.6177544979326192
0.6722689075630252,0.8403361344537815,0.6200095605873729
0.680672268907563,0.8403361344537815,0.6222594543744516
0.6890756302521008,0.8403361344537815,0.6245040945725241
0.6974789915966386,0.8403361344537815,0.6267433973345278
0.7058823529411764,0.8403361344537815,0.6289772796983775
0.7142857142857143,0.8403361344537815,0.631205659597374
0.7226890756302521,0.8403361344537815,0.6334284558703208
0.7310924369747899,0.8403361344537815,0.6356455882713209
0.7394957983193277,0.8403361344537815,0.6378569774792808
0.7478991596638656,0.8403361344537815,0.6400625451071047
0.7563025210084033,0.8403361344537815,0.6422622137105803
0.7647058823529411,0.8403361344537815,0.6444559067969567
0.7731092436974789,0.8403361344537815,0.6466435488332094
0.7815126050420168,0.8403361344537815,0.6488250652540006
0.7899159663865546,0.8403361344537815,0.6510003824693227
0.7983193277310924,0.8403361344537815,0.6531694278718333
0.8067226890756303,0.8403361344537815,0.6553321298438815
0.8151260504201681,0.8403361344537815,0.6574884177642134
0.8235294117647058,0.8403361344537815,0.6596382220143745
0.8319327731092436,0.8403361344537815,0.6617814739847977
0.8403361344537815,0.8403361344537815,0.6639181060805799
0.8487394957983193,0.8403361344537815,0.6660480517269456
0.8571428571428571,0.8403361344537815,0.6681712453744059
0.8655462184873949,0.8403361344537815,0.6702876225036011
0.8739495798319328,0.8403361344537815,0.6723971196298435
0.8823529411764706,0.8403361344537815,0.6744996743073449
0.8907563025210083,0.8403361344537815,0.6765952251331429
0.8991596638655461,0.8403361344537815,0.6786837117507232
0.907563025210084,0.8403361344537815,0.6807650748533326
0.9159663865546218,0.8403361344537815,0.682839256187
0.9243697478991596,0.8403361344537815,0.6849061985532493
0.9327731092436974,0.8403361344537815,0.6869658458115196
0.9411764705882353,0.8403361344537815,0.6890181428812869
0.9495798319327731,0.8403361344537815,0.6910630357438935
0.9579831932773109,0.8403361344537815,0.6931004714440866
0.9663865546218487,0.8403361344537815,0.6951303980912645
0.9747899159663865,0.8403361344537815,0.6971527648604409
0.9831932773109243,0.8403361344537815,0.6991675219929234
0.9915966386554621,0.8403361344537815,0.7011746207967066
1.0,0.8403361344537815,0.7031740136465957
0.0,0.8487394957983193,0.43196517229381665
0.008403361344537815,0.8487394957983193,0.43427792635251783
0.01680672268907563,0.8487394957983193,0.43659354569072084
0.025210084033613446,0.8487394957983193,0.4389119327188997
0.03361344537815126,0.8487394957983193,0.44123298936825356
0.04201680672268907,0.8487394957983193,0.44355661710686856
0.05042016806722689,0.8487394957983193,0.44588271695605247
0.058823529411764705,0.8487394957983193,0.4482111895068256
0.06722689075630252,0.8487394957983193,0.45054193493657735
0.07563025210084033,0.8487394957983193,0.4528748530258695
0.08403361344537814,0.8487394957983193,0.45520984317538693
0.09243697478991596,0.8487394957983193,0.4575468044230332
0.10084033613445378,0.8487394957983193,0.4598856354611549
0.1092436974789916,0.8487394957983193,0.4622262346538957
0.11764705882352941,0.8487394957983193,0.46456850005467204
0.12605042016806722,0.8487394957983193,0.46691232942376915
0.13445378151260504,0.8487394957983193,0.46925762024603945
0.14285714285714285,0.8487394957983193,0.47160426974870623
0.15126050420168066,0.8487394957983193,0.473952174919267
0.15966386554621848,0.8487394957983193,0.4763012325234788
0.1680672268907563,0.8487394957983193,0.4786513391234378
0.1764705882352941,0.8487394957983193,0.4810023910957239
0.18487394957983191,0.8487394957983193,0.48335428464962205
0.19327731092436973,0.8487394957983193,0.4857069158454029
0.20168067226890757,0.8487394957983193,0.48806018061266176
0.21008403361344538,0.8487394957983193,0.4904139747687101
0.2184873949579832,0.8487394957983193,0.4927681940369948
0.226890756302521,0.8487394957983193,0.49512273406557383
0.23529411764705882,0.8487394957983193,0.49747749044560136
0.24369747899159663,0.8487394957983193,0.4998323587298486
0.25210084033613445,0.8487394957983193,0.5021872344512301
0.26050420168067223,0.8487394957983193,0.5045420131413391
0.2689075630252101,0.8487394957983193,0.5068965903489887
0.2773109243697479,0.8487394957983193,0.5092508616587371
0.2857142857142857,0.8487394957983193,0.5116047227094103
0.29411764705882354,0.8487394957983193,0.5139580692125968
0.3025210084033613,0.8487394957983193,0.5163107969711134
0.31092436974789917,0.8487394957983193,0.5186628018974478
0.31932773109243695,0.8487394957983193,0.5210139800321426
0.3277310924369748,0.8487394957983193,0.5233642275621502
0.3361344537815126,0.8487394957983193,0.525713440839119
0.3445378151260504,0.8487394957983193,0.5280615163976193
0.3529411764705882,0.8487394957983193,0.5304083509733085
0.36134453781512604,0.8487394957983193,0.5327538415210121
0.36974789915966383,0.8487394957983193,0.535097885232727
0.37815126050420167,0.8487394957983193,0.5374403795555356
0.38655462184873945,0.8487394957983193,0.539781222209424
0.3949579831932773,0.8487394957983193,0.5421203112049976
0.40336134453781514,0.8487394957983193,0.544457544861091
0.4117647058823529,0.8487394957983193,0.5467928218222574
0.42016806722689076,0.8487394957983193,0.5491260410761474
0.42857142857142855,0.8487394957983193,0.5514571019707467
0.4369747899159664,0.8487394957983193,0.553785904231494
0.4453781512605042,0.8487394957983193,0.5561123479782498
0.453781512605042,0.8487394957983193,0.5584363337421215
0.4621848739495798,0.8487394957983193,0.5607577624821445
0.47058823529411764,0.8487394957983193,0.5630765356017913
0.4789915966386554,0.8487394957983193,0.5653925549653346
0.48739495798319327,0.8487394957983193,0.5677057229140308
0.49579831932773105,0.8487394957983193,0.5700159422821293
0.5042016806722689,0.8487394957983193,0.5723231164127112
0.5126050420168067,0.8487394957983193,0.5746271491733326
0.5210084033613445,0.8487394957983193,0.576927944971487
0.5294117647058824,0.8487394957983193,0.5792254087698677
0.5378151260504201,0.8487394957983193,0.5815194461014273
0.5462184873949579,0.8487394957983193,0.583809963084245
0.5546218487394958,0.8487394957983193,0.5860968664361683
0.5630252100840336,0.8487394957983193,0.5883800634892535
0.5714285714285714,0.8487394957983193,0.5906594622039837
0.5798319327731092,0.8487394957983193,0.5929349711832598
0.5882352941176471,0.8487394957983193,0.5952064996861736
0.5966386554621849,0.8487394957983193,0.5974739576415395
0.6050420168067226,0.8487394957983193,0.5997372556612036
0.6134453781512604,0.8487394957983193,0.6019963050531031
0.6218487394957983,0.8487394957983193,0.6042510178340889
0.6302521008403361,0.8487394957983193,0.6065013067425062
0.6386554621848739,0.8487394957983193,0.6087470852505161
0.6470588235294117,0.8487394957983193,0.610988267576178
0.6554621848739496,0.8487394957983193,0.6132247686952653
0.6638655462184874,0.8487394957983193,0.6154565043528273
0.6722689075630252,0.8487394957983193,0.6176833910744959
0.680672268907563,0.8487394957983193,0.6199053461775216
0.6890756302521008,0.8487394957983193,0.6221222877815437
0.6974789915966386,0.8487394957983193,0.6243341348190999
0.7058823529411764,0.8487394957983193,0.6265408070458534
0.7142857142857143,0.8487394957983193,0.6287422250505615
0.7226890756302521,0.8487394957983193,0.6309383102647635
0.7310924369747899,0.8487394957983193,0.6331289849721834
0.7394957983193277,0.8487394957983193,0.6353141723178763
0.7478991596638656,0.8487394957983193,0.6374937963170727
0.7563025210084033,0.8487394957983193,0.6396677818637644
0.7647058823529411,0.8487394957983193,0.6418360547389903
0.7731092436974789,0.8487394957983193,0.6439985416188508
0.7815126050420168,0.8487394957983193,0.6461551700822388
0.7899159663865546,0.8487394957983193,0.648305868618277
0.7983193277310924,0.8487394957983193,0.6504505666334878
0.8067226890756303,0.8487394957983193,0.6525891944586643
0.8151260504201681,0.8487394957983193,0.6547216833554563
0.8235294117647058,0.8487394957983193,0.6568479655226842
0.8319327731092436,0.8487394957983193,0.6589679741023532
0.8403361344537815,0.8487394957983193,0.6610816431853912
0.8487394957983193,0.8487394957983193,0.6631889078170969
0.8571428571428571,0.8487394957983193,0.6652897040023075
0.8655462184873949,0.8487394957983193,0.6673839687102812
0.8739495798319328,0.8487394957983193,0.6694716398792927
0.8823529411764706,0.8487394957983193,0.671552656420958
0.8907563025210083,0.8487394957983193,0.6736269582242614
0.8991596638655461,0.8487394957983193,0.6756944861593154
0.907563025210084,0.8487394957983193,0.6777551820808365
0.9159663865546218,0.8487394957983193,0.6798089888313404
0.9243697478991596,0.8487394957983193,0.6818558502440702
0.9327731092436974,0.8487394957983193,0.6838957111456381
0.9411764705882353,0.8487394957983193,0.6859285173584011
0.9495798319327731,0.8487394957983193,0.6879542157025647
0.9579831932773109,0.8487394957983193,0.6899727539980129
0.9663865546218487,0.8487394957983193,0.6919840810658786
0.9747899159663865,0.8487394957983193,0.6939881467298396
0.9831932773109243,0.8487394957983193,0.6959849018171549
0.9915966386554621,0.8487394957983193,0.697974298159444
1.0,0.8487394957983193,0.6999562885932017
0.0,0.8571428571428571,0.4323170659430617
0.008403361344537815,0.8571428571428571,0.4345955665917136
0.01680672268907563,0.8571428571428571,0.4368768342972755
0.025210084033613446,0.8571428571428571,0.4391607757329834
0.03361344537815126,0.8571428571428571,0.441447297122748
0.04201680672268907,0.8571428571428571,0.44373630425615834
0.05042016806722689,0.8571428571428571,0.4460277025036409
0.058823529411764705,0.8571428571428571,0.4483213968317686
0.06722689075630252,0.8571428571428571,0.4506172918187109
0.07563025210084033,0.8571428571428571,0.4529152916698254
0.08403361344537814,0.8571428571428571,0.4552153002333809
0.09243697478991596,0.8571428571428571,0.4575172210164134
0.10084033613445378,0.8571428571428571,0.4598209572006937
0.1092436974789916,0.8571428571428571,0.4621264116588252
0.11764705882352941,0.8571428571428571,0.4644334869704443
0.12605042016806722,0.8571428571428571,0.4667420854385306
0.13445378151260504,0.8571428571428571,0.4690521091058158
0.14285714285714285,0.8571428571428571,0.47136345977128374
0.15126050420168066,0.8571428571428571,0.4736760390067676
0.15966386554621848,0.8571428571428571,0.47598974817361883
0.1680672268907563,0.8571428571428571,0.4783044884394605
0.1764705882352941,0.8571428571428571,0.4806201607950091
0.18487394957983191,0.8571428571428571,0.4829366660709539
0.19327731092436973,0.8571428571428571,0.48525390495491
0.20168067226890757,0.8571428571428571,0.48757177800840634
0.21008403361344538,0.8571428571428571,0.4898901856839325
0.2184873949579832,0.8571428571428571,0.4922090283420174
0.226890756302521,0.8571428571428571,0.49452820626834615
0.23529411764705882,0.8571428571428571,0.49684761969090213
0.24369747899159663,0.8571428571428571,0.49916716879713224
0.25210084033613445,0.8571428571428571,0.5014867537511228
0.26050420168067223,0.8571428571428571,0.50380627471079
0.2689075630252101,0.8571428571428571,0.5061256318450665
0.2773109243697479,0.8571428571428571,0.5084447253510878
0.2857142857142857,0.8571428571428571,0.5107634554713693
0.29411764705882354,0.8571428571428571,0.5130817225109598
0.3025210084033613,0.8571428571428571,0.5153994268545842
0.31092436974789917,0.8571428571428571,0.5177164689837427
0.31932773109243695,0.8571428571428571,0.5200327494937866
0.3277310924369748,0.8571428571428571,0.5223481691109483
0.3361344537815126,0.8571428571428571,0.5246626287093187
0.3445378151260504,0.8571428571428571,0.52697602932778
0.3529411764705882,0.8571428571428571,0.529288272186871
0.36134453781512604,0.8571428571428571,0.5315992587055876
0.36974789915966383,0.8571428571428571,0.5339088905181169
0.37815126050420167,0.8571428571428571,0.5362170694904819
0.38655462184873945,0.8571428571428571,0.5385236977371168
0.3949579831932773,0.8571428571428571,0.5408286776373374
0.40336134453781514,0.8571428571428571,0.5431319118517254
0.4117647058823529,0.8571428571428571,0.5454333033384076
0.42016806722689076,0.8571428571428571,0.5477327553692288
0.42857142857142855,0.8571428571428571,0.5500301715458099
0.4369747899159664,0.8571428571428571,0.5523254558154914
0.4453781512605042,0.8571428571428571,0.554618512487144
0.453781512605042,0.8571428571428571,0.5569092462468632
0.4621848739495798,0.8571428571428571,0.5591975621735151
0.47058823529411764,0.8571428571428571,0.5614833657541513
0.4789915966386554,0.8571428571428571,0.5637665628992751
0.48739495798319327,0.8571428571428571,0.5660470599579565
0.49579831932773105,0.8571428571428571,0.5683247637327928
0.5042016806722689,0.8571428571428571,0.5705995814947092
0.5126050420168067,0.8571428571428571,0.5728714209975935
0.5210084033613445,0.8571428571428571,0.575140190492761
0.5294117647058824,0.8571428571428571,0.5774057987432434
0.5378151260504201,0.8571428571428571,0.579668155037901
0.5462184873949579,0.8571428571428571,0.5819271692053511
0.5546218487394958,0.8571428571428571,0.5841827516277055
0.5630252100840336,0.8571428571428571,0.5864348132541203
0.5714285714285714,0.8571428571428571,0.5886832656141466
0.5798319327731092,0.8571428571428571,0.5909280208308837
0.5882352941176471,0.8571428571428571,0.5931689916339228
0.5966386554621849,0.8571428571428571,0.5954060913720924
0.6050420168067226,0.8571428571428571,0.5976392340259853
0.6134453781512604,0.8571428571428571,0.5998683342202679
0.6218487394957983,0.8571428571428571,0.6020933072357855
0.6302521008403361,0.8571428571428571,0.6043140690214278
0.6386554621848739,0.8571428571428571,0.6065305362057866
0.6470588235294117,0.8571428571428571,0.6087426261085758
0.6554621848739496,0.8571428571428571,0.6109502567518197
0.6638655462184874,0.8571428571428571,0.6131533468708196
0.6722689075630252,0.8571428571428571,0.6153518159248738
0.680672268907563,0.8571428571428571,0.617545584107765
0.6890756302521008,0.8571428571428571,0.6197345723580036
0.6974789915966386,0.8571428571428571,0.6219187023688297
0.7058823529411764,0.8571428571428571,0.6240978965979755
0.7142857142857143,0.8571428571428571,0.6262720782771711
0.7226890756302521,0.8571428571428571,0.6284411714214106
0.7310924369747899,0.8571428571428571,0.6306051008379624
0.7394957983193277,0.8571428571428571,0.6327637921351292
0.7478991596638656,0.8571428571428571,0.634917171730756
0.7563025210084033,0.8571428571428571,0.6370651668604855
0.7647058823529411,0.8571428571428571,0.63920770558575
0.7731092436974789,0.8571428571428571,0.6413447168015144
0.7815126050420168,0.8571428571428571,0.6434761302437576
0.7899159663865546,0.8571428571428571,0.645601876496697
0.7983193277310924,0.8571428571428571,0.6477218869997552
0.8067226890756303,0.8571428571428571,0.6498360940542616
0.8151260504201681,0.8571428571428571,0.6519444308299001
0.8235294117647058,0.8571428571428571,0.6540468313708941
0.8319327731092436,0.8571428571428571,0.6561432306019301
0.8403361344537815,0.8571428571428571,0.658233564333823
0.8487394957983193,0.8571428571428571,0.6603177692689164
0.8571428571428571,0.8571428571428571,0.6623957830062326
0.8655462184873949,0.8571428571428571,0.664467544046347
0.8739495798319328,0.8571428571428571,0.6665329917960204
0.8823529411764706,0.8571428571428571,0.6685920665725636
0.8907563025210083,0.8571428571428571,0.6706447096079371
0.8991596638655461,0.8571428571428571,0.672690863052612
0.907563025210084,0.8571428571428571,0.6747304699791535
0.9159663865546218,0.8571428571428571,0.6767634743855665
0.9243697478991596,0.8571428571428571,0.6787898211983762
0.9327731092436974,0.8571428571428571,0.6808094562754587
0.9411764705882353,0.8571428571428571,0.6828223264086218
0.9495798319327731,0.8571428571428571,0.6848283793259299
0.9579831932773109,0.8571428571428571,0.6868275636937896
0.9663865546218487,0.8571428571428571,0.6888198291187807
0.9747899159663865,0.8571428571428571,0.6908051261492392
0.9831932773109243,0.8571428571428571,0.692783406276609
0.9915966386554621,0.8571428571428571,0.6947546219365394
1.0,0.8571428571428571,0.6967187265097472
0.0,0.8655462184873949,0.432669027906054
0.008403361344537815,0.8655462184873949,0.4349132605510517
0.01680672268907563,0.8655462184873949,0.43716016409249436
0.025210084033613446,0.8655462184873949,0.43940964934245963
0.03361344537815126,0.8655462184873949,0.44166162669217623
0.04201680672268907,0.8655462184873949,0.4439160061259346
0.05042016806722689,0.8655462184873949,0.4461726972351464
0.058823529411764705,0.8655462184873949,0.44843160923252967
0.06722689075630252,0.8655462184873949,0.4506926509664317
0.07563025210084033,0.8655462184873949,0.4529557309352765
0.08403361344537814,0.8655462184873949,0.4552207573021309
0.09243697478991596,0.8655462184873949,0.4574876379093929
0.10084033613445378,0.8655462184873949,0.4597562802935833
0.1092436974789916,0.8655462184873949,0.46202659170025584
0.11764705882352941,0.8655462184873949,0.464298479098995
0.12605042016806722,0.8655462184873949,0.46657184919852596
0.13445378151260504,0.8655462184873949,0.4688466084619009
0.14285714285714285,0.8655462184873949,0.47112266312178
0.15126050420168066,0.8655462184873949,0.47339991919579777
0.15966386554621848,0.8655462184873949,0.4756782825019894
0.1680672268907563,0.8655462184873949,0.47795765867430695
0.1764705882352941,0.8655462184873949,0.4802379531781834
0.18487394957983191,0.8655462184873949,0.4825190713261681
0.19327731092436973,0.8655462184873949,0.48480091829361177
0.20168067226890757,0.8655462184873949,0.48708339913439536
0.21008403361344538,0.8655462184873949,0.48936641879671466
0.2184873949579832,0.8655462184873949,0.49164988213888505
0.226890756302521,0.8655462184873949,0.4939336939451949
0.23529411764705882,0.8655462184873949,0.49621775894177317
0.24369747899159663,0.8655462184873949,0.49850198181248356
0.25210084033613445,0.8655462184873949,0.5007862672148334
0.26050420168067223,0.8655462184873949,0.5030705197958873
0.2689075630252101,0.8655462184873949,0.5053546442081924
0.2773109243697479,0.8655462184873949,0.5076385451256927
0.2857142857142857,0.8655462184873949,0.5099221272596427
0.29411764705882354,0.8655462184873949,0.5122052953745061
0.3025210084033613,0.8655462184873949,0.5144879543038308
0.31092436974789917,0.8655462184873949,0.51677000896611
0.31932773109243695,0.8655462184873949,0.5190513643806007
0.3277310924369748,0.8655462184873949,0.5213319256831149
0.3361344537815126,0.8655462184873949,0.5236115981417684
0.3445378151260504,0.8655462184873949,0.5258902871726802
0.3529411764705882,0.8655462184873949,0.5281678983556183
0.36134453781512604,0.8655462184873949,0.5304443374495968
0.36974789915966383,0.8655462184873949,0.5327195104083959
0.37815126050420167,0.8655462184873949,0.5349933233960263
0.38655462184873945,0.8655462184873949,0.5372656828021124
0.3949579831932773,0.8655462184873949,0.5395364952571955
0.40336134453781514,0.8655462184873949,0.541805667647956
0.4117647058823529,0.8655462184873949,0.544073107132345
0.42016806722689076,0.8655462184873949,0.5463387211546192
0.42857142857142855,0.8655462184873949,0.5486024174602774
0.4369747899159664,0.8655462184873949,0.5508641041108887
0.4453781512605042,0.8655462184873949,0.5531236894988177
0.453781512605042,0.8655462184873949,0.5553810823618227
0.4621848739495798,0.8655462184873949,0.5576361917975494
0.47058823529411764,0.8655462184873949,0.5598889272778842
0.4789915966386554,0.8655462184873949,0.5621391986631876
0.48739495798319327,0.8655462184873949,0.5643869162163943
0.49579831932773105,0.8655462184873949,0.5666319906169648
0.5042016806722689,0.8655462184873949,0.5688743329747082
0.5126050420168067,0.8655462184873949,0.5711138548434446
0.5210084033613445,0.8655462184873949,0.5733504682345221
0.5294117647058824,0.8655462184873949,0.5755840856301786
0.5378151260504201,0.8655462184873949,0.5778146199967367
0.5462184873949579,0.8655462184873949,0.5800419847976452
0.5546218487394958,0.8655462184873949,0.5822660940063412
0.5630252100840336,0.8655462184873949,0.5844868621189475
0.5714285714285714,0.8655462184873949,0.5867042041667927
0.5798319327731092,0.8655462184873949,0.5889180357287482
0.5882352941176471,0.8655462184873949,0.5911282729433895
0.5966386554621849,0.8655462184873949,0.5933348325209651
0.6050420168067226,0.8655462184873949,0.5955376317551748
0.6134453781512604,0.8655462184873949,0.5977365885347623
0.6218487394957983,0.8655462184873949,0.5999316213549027
0.6302521008403361,0.8655462184873949,0.6021226493284003
0.6386554621848739,0.8655462184873949,0.6043095921966763
0.6470588235294117,0.8655462184873949,0.6064923703405533
0.6554621848739496,0.8655462184873949,0.6086709047908376
0.6638655462184874,0.8655462184873949,0.6108451172386856
0.6722689075630252,0.8655462184873949,0.6130149300457605
0.680672268907563,0.8655462184873949,0.6151802662541744
0.6890756302521008,0.8655462184873949,0.617341049596207
0.6974789915966386,0.8655462184873949,0.6194972045038191
0.7058823529411764,0.8655462184873949,0.6216486561179306
0.7142857142857143,0.8655462184873949,0.6237953302974787
0.7226890756302521,0.8655462184873949,0.6259371536282639
0.7310924369747899,0.8655462184873949,0.628074053431545
0.7394957983193277,0.8655462184873949,0.6302059577724316
0.7478991596638656,0.8655462184873949,0.6323327954680324
0.7563025210084033,0.8655462184873949,0.6344544960953727
0.7647058823529411,0.8655462184873949,0.6365709899990893
0.7731092436974789,0.8655462184873949,0.6386822082988781
0.7815126050420168,0.8655462184873949,0.6407880828967264
0.7899159663865546,0.8655462184873949,0.642888546483891
0.7983193277310924,0.8655462184873949,0.6449835325476541
0.8067226890756303,0.8655462184873949,0.6470729753778388
0.8151260504201681,0.8655462184873949,0.6491568100730852
0.8235294117647058,0.8655462184873949,0.651234972546894
0.8319327731092436,0.8655462184873949,0.6533073995334303
0.8403361344537815,0.8655462184873949,0.6553740285930882
0.8487394957983193,0.8655462184873949,0.6574347981178252
0.8571428571428571,0.8655462184873949,0.6594896473362465
0.8655462184873949,0.8655462184873949,0.6615385163184637
0.8739495798319328,0.8655462184873949,0.6635813459807121
0.8823529411764706,0.8655462184873949,0.6656180780897288
0.8907563025210083,0.8655462184873949,0.6676486552668973
0.8991596638655461,0.8655462184873949,0.6696730209921559
0.907563025210084,0.8655462184873949,0.6716911196076712
0.9159663865546218,0.8655462184873949,0.6737028963212768
0.9243697478991596,0.8655462184873949,0.6757082972096788
0.9327731092436974,0.8655462184873949,0.6777072692214292
0.9411764705882353,0.8655462184873949,0.679699760179665
0.9495798319327731,0.8655462184873949,0.6816857187846238
0.9579831932773109,0.8655462184873949,0.6836650946159246
0.9663865546218487,0.8655462184873949,0.6856378381346203
0.9747899159663865,0.8655462184873949,0.6876039006850295
0.9831932773109243,0.8655462184873949,0.6895632344963397
0.9915966386554621,0.8655462184873949,0.6915157926839847
1.0,0.8655462184873949,0.6934615292508094
0.0,0.8739495798319328,0.4330210578407113
0.008403361344537815,0.8739495798319328,0.43523100797861214
0.01680672268907563,0.8739495798319328,0.43744353489745014
0.025210084033613446,0.8739495798319328,0.4396585534259122
0.03361344537815126,0.8739495798319328,0.44187597799889383
0.04201680672268907,0.8739495798319328,0.4440957226703827
0.05042016806722689,0.8739495798319328,0.4463177011264761
0.058823529411764705,0.8739495798319328,0.44854182669851733
0.06722689075630252,0.8739495798319328,0.45076801237635117
0.07563025210084033,0.8739495798319328,0.45299617082169963
0.08403361344537814,0.8739495798319328,0.4552262143816353
0.09243697478991596,0.8739495798319328,0.4574580551021777
0.10084033613445378,0.8739495798319328,0.45969160474197507
0.1092436974789916,0.8739495798319328,0.4619267747860973
0.11764705882352941,0.8739495798319328,0.46416347645990974
0.12605042016806722,0.8739495798319328,0.4664016207430453
0.13445378151260504,0.8739495798319328,0.468641118383451
0.14285714285714285,0.8739495798319328,0.4708818799115207
0.15126050420168066,0.8739495798319328,0.4731238156542976
0.15966386554621848,0.8739495798319328,0.47536683574974814
0.1680672268907563,0.8739495798319328,0.47761085016109667
0.1764705882352941,0.8739495798319328,0.4798557686912315
0.18487394957983191,0.8739495798319328,0.4821015009971469
0.19327731092436973,0.8739495798319328,0.48434795660445074
0.20168067226890757,0.8739495798319328,0.4865950449219122
0.21008403361344538,0.8739495798319328,0.48884267525604796
0.2184873949579832,0.8739495798319328,0.4910907568257438
0.226890756302521,0.8739495798319328,0.4933391987769138
0.23529411764705882,0.8739495798319328,0.4955879101971653
0.24369747899159663,0.8739495798319328,0.4978368001305102
0.25210084033613445,0.8739495798319328,0.5000857775920693
0.26050420168067223,0.8739495798319328,0.5023347515827974
0.2689075630252101,0.8739495798319328,0.5045836311042134
0.2773109243697479,0.8739495798319328,0.5068323251731219
0.2857142857142857,0.8739495798319328,0.5090807428363423
0.29411764705882354,0.8739495798319328,0.5113287931854124
0.3025210084033613,0.8739495798319328,0.5135763853712948
0.31092436974789917,0.8739495798319328,0.5158234286190464
0.31932773109243695,0.8739495798319328,0.5180698322424659
0.3277310924369748,0.8739495798319328,0.5203155056587233
0.3361344537815126,0.8739495798319328,0.5225603584029369
0.3445378151260504,0.8739495798319328,0.5248043001427197
0.3529411764705882,0.8739495798319328,0.5270472406926812
0.36134453781512604,0.8739495798319328,0.5292890900288686
0.36974789915966383,0.8739495798319328,0.531529758303168
0.37815126050420167,0.8739495798319328,0.5337691558576321
0.38655462184873945,0.8739495798319328,0.5360071932387493
0.3949579831932773,0.8739495798319328,0.5382437812116457
0.40336134453781514,0.8739495798319328,0.5404788307742016
0.4117647058823529,0.8739495798319328,0.5427122531711042
0.42016806722689076,0.8739495798319328,0.5449439599078028
0.42857142857142855,0.8739495798319328,0.5471738627643831
0.4369747899159664,0.8739495798319328,0.5494018738093481
0.4453781512605042,0.8739495798319328,0.5516279054132949
0.453781512605042,0.8739495798319328,0.5538518702625007
0.4621848739495798,0.8739495798319328,0.5560736813723909
0.47058823529411764,0.8739495798319328,0.5582932521009035
0.4789915966386554,0.8739495798319328,0.5605104961617392
0.48739495798319327,0.8739495798319328,0.5627253276374842
0.49579831932773105,0.8739495798319328,0.5649376609926187
0.5042016806722689,0.8739495798319328,0.5671474110863962
0.5126050420168067,0.8739495798319328,0.5693544931855832
0.5210084033613445,0.8739495798319328,0.5715588229770778
0.5294117647058824,0.8739495798319328,0.5737603165803759
0.5378151260504201,0.8739495798319328,0.5759588905599002
0.5462184873949579,0.8739495798319328,0.5781544619371864
0.5546218487394958,0.8739495798319328,0.5803469482029084
0.5630252100840336,0.8739495798319328,0.5825362673287625
0.5714285714285714,0.8739495798319328,0.584722337779184
0.5798319327731092,0.8739495798319328,0.5869050785229106
0.5882352941176471,0.8739495798319328,0.5890844090443774
0.5966386554621849,0.8739495798319328,0.591260249354944
0.6050420168067226,0.8739495798319328,0.5934325200039604
0.6134453781512604,0.8739495798319328,0.595601142089645
0.6218487394957983,0.8739495798319328,0.5977660372698042
0.6302521008403361,0.8739495798319328,0.5999271277723569
0.6386554621848739,0.8739495798319328,0.6020843364056881
0.6470588235294117,0.8739495798319328,0.604237586568817
0.6554621848739496,0.8739495798319328,0.6063868022613731
0.6638655462184874,0.8739495798319328,0.6085319080933895
0.6722689075630252,0.8739495798319328,0.6106728292949033
0.680672268907563,0.8739495798319328,0.6128094917253581
0.6890756302521008,0.8739495798319328,0.6149418218828205
0.6974789915966386,0.8739495798319328,0.6170697469129898
0.7058823529411764,0.8739495798319328,0.6191931946180085
0.7142857142857143,0.8739495798319328,0.6213120934650819
0.7226890756302521,0.8739495798319328,0.6234263725948828
0.7310924369747899,0.8739495798319328,0.6255359618297565
0.7394957983193277,0.8739495798319328,0.627640791681722
0.7478991596638656,0.8739495798319328,0.6297407933602605
0.7563025210084033,0.8739495798319328,0.6318358987798997
0.7647058823529411,0.8739495798319328,0.633926040567585
0.7731092436974789,0.8739495798319328,0.6360111520698423
0.7815126050420168,0.8739495798319328,0.6380911673597294
0.7899159663865546,0.8739495798319328,0.6401660212435646
0.7983193277310924,0.8739495798319328,0.6422356492674601
0.8067226890756303,0.8739495798319328,0.6442999877236252
0.8151260504201681,0.8739495798319328,0.646358973656458
0.8235294117647058,0.8739495798319328,0.6484125448684271
0.8319327731092436,0.8739495798319328,0.6504606399257329
0.8403361344537815,0.8739495798319328,0.6525031981637528
0.8487394957983193,0.8739495798319328,0.6545401596922714
0.8571428571428571,0.8739495798319328,0.6565714654004959
0.8655462184873949,0.8739495798319328,0.6585970569618499
0.8739495798319328,0.8739495798319328,0.660616876838556
0.8823529411764706,0.8739495798319328,0.6626308682860025
0.8907563025210083,0.8739495798319328,0.6646389753568864
0.8991596638655461,0.8739495798319328,0.6666411429051553
0.907563025210084,0.8739495798319328,0.6686373165897187
0.9159663865546218,0.8739495798319328,0.6706274428779563
0.9243697478991596,0.8739495798319328,0.672611469049008
0.9327731092436974,0.8739495798319328,0.6745893431968479
0.9411764705882353,0.8739495798319328,0.6765610142331538
0.9495798319327731,0.8739495798319328,0.6785264318899621
0.9579831932773109,0.8739495798319328,0.6804855467221043
0.9663865546218487,0.8739495798319328,0.6824383101094503
0.9747899159663865,0.8739495798319328,0.6843846742589302
0.9831932773109243,0.8739495798319328,0.686324592206352
0.9915966386554621,0.8739495798319328,0.6882580178180219
1.0,0.8739495798319328,0.6901849057921464
0.0,0.8823529411764706,0.43337315540467786
0.008403361344537815,0.8823529411764706,0.43554880862230116
0.01680672268907563,0.8823529411764706,0.43772694653310834
0.025210084033613446,0.8823529411764706,0.4399074878618629
0.03361344537815126,0.8823529411764706,0.44209035096522553
0.04201680672268907,0.8823529411764706,0.4442754538436715
0.05042016806722689,0.8823529411764706,0.4464627141535315
0.058823529411764705,0.8823529411764706,0.44865204921913704
0.06722689075630252,0.8823529411764706,0.45084337604508046
0.07563025210084033,0.8823529411764706,0.45303661132857037
0.08403361344537814,0.8823529411764706,0.4552316714718932
0.09243697478991596,0.8823529411764706,0.45742847259497355
0.10084033613445378,0.8823529411764706,0.4596269305480186
0.1092436974789916,0.8823529411764706,0.4618269609242596
0.11764705882352941,0.8823529411764706,0.46402847907277045
0.12605042016806722,0.8823529411764706,0.4662314001113716
0.13445378151260504,0.8823529411764706,0.4684356389396096
0.14285714285714285,0.8823529411764706,0.4706411102518032
0.15126050420168066,0.8823529411764706,0.4728477285501682
0.15966386554621848,0.8823529411764706,0.4750554081579897
0.1680672268907563,0.8823529411764706,0.4772640632328715
0.1764705882352941,0.8823529411764706,0.4794736077800306
0.18487394957983191,0.8823529411764706,0.48168395566563477
0.19327731092436973,0.8823529411764706,0.4838950206302065
0.20168067226890757,0.8823529411764706,0.4861067163020479
0.21008403361344538,0.8823529411764706,0.48831895621071797
0.2184873949579832,0.8823529411764706,0.4905316538005331
0.226890756302521,0.8823529411764706,0.4927447224441017
0.23529411764705882,0.8823529411764706,0.494958075455879
0.24369747899159663,0.8823529411764706,0.49717162610574267
0.25210084033613445,0.8823529411764706,0.4993852876325862
0.26050420168067223,0.8823529411764706,0.5015989732579155
0.2689075630252101,0.8823529411764706,0.5038125961994585
0.2773109243697479,0.8823529411764706,0.5060260696847729
0.2857142857142857,0.8823529411764706,0.5082393069648481
0.29411764705882354,0.8823529411764706,0.5104522213277051
0.3025210084033613,0.8823529411764706,0.5126647261119828
0.31092436974789917,0.8823529411764706,0.5148767347204988
0.31932773109243695,0.8823529411764706,0.5170881606338005
0.3277310924369748,0.8823529411764706,0.5192989174236873
0.3361344537815126,0.8823529411764706,0.5215089187666945
0.3445378151260504,0.8823529411764706,0.523718078457555
0.3529411764705882,0.8823529411764706,0.5259263104226104
0.36134453781512604,0.8823529411764706,0.5281335287331864
0.36974789915966383,0.8823529411764706,0.5303396476189169
0.37815126050420167,0.8823529411764706,0.5325445814810119
0.38655462184873945,0.8823529411764706,0.5347482449054779
0.3949579831932773,0.8823529411764706,0.5369505526762671
0.40336134453781514,0.8823529411764706,0.5391514197883693
0.4117647058823529,0.8823529411764706,0.5413507614608302
0.42016806722689076,0.8823529411764706,0.5435484931496911
0.42857142857142855,0.8823529411764706,0.5457445305608664
0.4369747899159664,0.8823529411764706,0.5479387896629171
0.4453781512605042,0.8823529411764706,0.5501311866997575
0.453781512605042,0.8823529411764706,0.5523216382032616
0.4621848739495798,0.8823529411764706,0.554510061005774
0.47058823529411764,0.8823529411764706,0.5566963722525325
0.4789915966386554,0.8823529411764706,0.5588804894139764
0.48739495798319327,0.8823529411764706,0.5610623302979605
0.49579831932773105,0.8823529411764706,0.5632418130618497
0.5042016806722689,0.8823529411764706,0.5654188562245077
0.5126050420168067,0.8823529411764706,0.5675933786781653
0.5210084033613445,0.8823529411764706,0.5697652997001693
0.5294117647058824,0.8823529411764706,0.5719345389646089
0.5378151260504201,0.8823529411764706,0.5741010165538104
0.5462184873949579,0.8823529411764706,0.5762646529697072
0.5546218487394958,0.8823529411764706,0.5784253691450706
0.5630252100840336,0.8823529411764706,0.5805830864546085
0.5714285714285714,0.8823529411764706,0.5827377267259188
0.5798319327731092,0.8823529411764706,0.5848892122503044
0.5882352941176471,0.8823529411764706,0.5870374657934345
0.5966386554621849,0.8823529411764706,0.5891824106058686
0.6050420168067226,0.8823529411764706,0.5913239704334143
0.6134453781512604,0.8823529411764706,0.5934620695273417
0.6218487394957983,0.8823529411764706,0.595596632654437
0.6302521008403361,0.8823529411764706,0.5977275851068871
0.6386554621848739,0.8823529411764706,0.5998548527120207
0.6470588235294117,0.8823529411764706,0.6019783618418658
0.6554621848739496,0.8823529411764706,0.6040980394225492
0.6638655462184874,0.8823529411764706,0.606213812943525
0.6722689075630252,0.8823529411764706,0.6083256104666288
0.680672268907563,0.8823529411764706,0.6104333606349643
0.6890756302521008,0.8823529411764706,0.6125369926816084
0.6974789915966386,0.8823529411764706,0.614636436438137
0.7058823529411764,0.8823529411764706,0.6167316223429805
0.7142857142857143,0.8823529411764706,0.618822481449585
0.7226890756302521,0.8823529411764706,0.6209089454344071
0.7310924369747899,0.8823529411764706,0.6229909466047073
0.7394957983193277,0.8823529411764706,0.6250684179061694
0.7478991596638656,0.8823529411764706,0.6271412929303274
0.7563025210084033,0.8823529411764706,0.6292095059218039
0.7647058823529411,0.8823529411764706,0.6312729917853652
0.7731092436974789,0.8823529411764706,0.6333316860927763
0.7815126050420168,0.8823529411764706,0.6353855250894704
0.7899159663865546,0.8823529411764706,0.637434445701023
0.7983193277310924,0.8823529411764706,0.6394783855394369
0.8067226890756303,0.8823529411764706,0.6415172829092274
0.8151260504201681,0.8823529411764706,0.643551076813314
0.8235294117647058,0.8823529411764706,0.645579706958721
0.8319327731092436,0.8823529411764706,0.6476031137620788
0.8403361344537815,0.8823529411764706,0.6496212383549257
0.8487394957983193,0.8823529411764706,0.6516340225888236
0.8571428571428571,0.8823529411764706,0.6536414090402668
0.8655462184873949,0.8823529411764706,0.6556433410153945
0.8739495798319328,0.8823529411764706,0.6576397625545176
0.8823529411764706,0.8823529411764706,0.6596306184364332
0.8907563025210083,0.8823529411764706,0.6616158541825562
0.8991596638655461,0.8823529411764706,0.6635954160608453
0.907563025210084,0.8823529411764706,0.6655692510895365
0.9159663865546218,0.8823529411764706,0.6675373070406818
0.9243697478991596,0.8823529411764706,0.6694995324434888
0.9327731092436974,0.8823529411764706,0.6714558765874715
0.9411764705882353,0.8823529411764706,0.6734062895254014
0.9495798319327731,0.8823529411764706,0.6753507220760678
0.9579831932773109,0.8823529411764706,0.6772891258268464
0.9663865546218487,0.8823529411764706,0.6792214531360748
0.9747899159663865,0.8823529411764706,0.6811476571352331
0.9831932773109243,0.8823529411764706,0.6830676917309457
0.9915966386554621,0.8823529411764706,0.6849815116067794
1.0,0.8823529411764706,0.686889072224871
0.0,0.8907563025210083,0.4337253202553263
0.008403361344537815,0.8907563025210083,0.4358666622298513
0.01680672268907563,0.8907563025210083,0.438010398820329
0.025210084033613446,0.8907563025210083,0.4401564525287729
0.03361344537815126,0.8907563025210083,0.4423047455134617
0.04201680672268907,0.8907563025210083,0.44445519959995317
0.05042016806722689,0.8907563025210083,0.44660773629220546
0.058823529411764705,0.8907563025210083,0.44876227678379405
0.06722689075630252,0.8907563025210083,0.45091874196922815
0.07563025210084033,0.8907563025210083,0.4530770524553632
0.08403361344537814,0.8907563025210083,0.45523712857290205
0.09243697478991596,0.8907563025210083,0.4573988903879855
0.10084033613445378,0.8907563025210083,0.4595622577138637
0.1092436974789916,0.8907563025210083,0.4617271501226509
0.11764705882352941,0.8907563025210083,0.4638934869571547
0.12605042016806722,0.8907563025210083,0.46606118734278046
0.13445378151260504,0.8907563025210083,0.4682301701995023
0.14285714285714285,0.8907563025210083,0.470400354253902
0.15126050420168066,0.8907563025210083,0.47257165805126744
0.15966386554621848,0.8907563025210083,0.4747439999677522
0.1680672268907563,0.8907563025210083,0.4769172982225872
0.1764705882352941,0.8907563025210083,0.47909147089034304
0.18487394957983191,0.8907563025210083,0.4812664359132373
0.19327731092436973,0.8907563025210083,0.48344211111348734
0.20168067226890757,0.8907563025210083,0.4856184142056996
0.21008403361344538,0.8907563025210083,0.48779526280929575
0.2184873949579832,0.8907563025210083,0.4899725744609632
0.226890756302521,0.8907563025210083,0.4921502666271446
0.23529411764705882,0.8907563025210083,0.49432825671653324
0.24369747899159663,0.8907563025210083,0.49650646209260346
0.25210084033613445,0.8907563025210083,0.49868480008614546
0.26050420168067223,0.8907563025210083,0.5008631880078106
0.2689075630252101,0.8907563025210083,0.5030415431606735
0.2773109243697479,0.8907563025210083,0.5052197828527794
0.2857142857142857,0.8907563025210083,0.5073978244097086
0.29411764705882354,0.8907563025210083,0.5095755851871212
0.3025210084033613,0.8907563025210083,0.5117529825832988
0.31092436974789917,0.8907563025210083,0.5139299340516715
0.31932773109243695,0.8907563025210083,0.5161063571133242
0.3277310924369748,0.8907563025210083,0.5182821693694862
0.3361344537815126,0.8907563025210083,0.5204572885139904
0.3445378151260504,0.8907563025210083,0.5226316323457048
0.3529411764705882,0.8907563025210083,0.524805118780931
0.36134453781512604,0.8907563025210083,0.5269776658657633
0.36974789915966383,0.8907563025210083,0.5291491917884041
0.37815126050420167,0.8907563025210083,0.531319614891441
0.38655462184873945,0.8907563025210083,0.5334888536840653
0.3949579831932773,0.8907563025210083,0.5356568268542433
0.40336134453781514,0.8907563025210083,0.5378234532808299
0.4117647058823529,0.8907563025210083,0.5399886520456151
0.42016806722689076,0.8907563025210083,0.5421523424453155
0.42857142857142855,0.8907563025210083,0.5443144440034887
0.4369747899159664,0.8907563025210083,0.5464748764823816
0.4453781512605042,0.8907563025210083,0.5486335598946976
0.453781512605042,0.8907563025210083,0.5507904145152867
0.4621848739495798,0.8907563025210083,0.5529453608927555
0.47058823529411764,0.8907563025210083,0.5550983198609825
0.4789915966386554,0.8907563025210083,0.5572492125505547
0.48739495798319327,0.8907563025210083,0.5593979604001006
0.49579831932773105,0.8907563025210083,0.5615444851675278
0.5042016806722689,0.8907563025210083,0.5636887089411684
0.5126050420168067,0.8907563025210083,0.5658305541508086
0.5210084033613445,0.8907563025210083,0.5679699435786236
0.5294117647058824,0.8907563025210083,0.5701068003699948
0.5378151260504201,0.8907563025210083,0.5722410480442118
0.5462184873949579,0.8907563025210083,0.5743726105050712
0.5546218487394958,0.8907563025210083,0.5765014120513359
0.5630252100840336,0.8907563025210083,0.5786273773870984
0.5714285714285714,0.8907563025210083,0.5807504316319926
0.5798319327731092,0.8907563025210083,0.5828705003312947
0.5882352941176471,0.8907563025210083,0.5849875094658921
0.5966386554621849,0.8907563025210083,0.58710138546211
0.6050420168067226,0.8907563025210083,0.5892120552014156
0.6134453781512604,0.8907563025210083,0.5913194460299721
0.6218487394957983,0.8907563025210083,0.5934234857680588
0.6302521008403361,0.8907563025210083,0.5955241027193456
0.6386554621848739,0.8907563025210083,0.5976212256800258
0.6470588235294117,0.8907563025210083,0.5997147839477965
0.6554621848739496,0.8907563025210083,0.601804707330691
0.6638655462184874,0.8907563025210083,0.6038909261557581
0.6722689075630252,0.8907563025210083,0.6059733712775939
0.680672268907563,0.8907563025210083,0.6080519740867105
0.6890756302521008,0.8907563025210083,0.6101266665177475
0.6974789915966386,0.8907563025210083,0.6121973810575315
0.7058823529411764,0.8907563025210083,0.6142640507529618
0.7142857142857143,0.8907563025210083,0.6163266092187472
0.7226890756302521,0.8907563025210083,0.6183849906449718
0.7310924369747899,0.8907563025210083,0.6204391298044906
0.7394957983193277,0.8907563025210083,0.6224889620601676
0.7478991596638656,0.8907563025210083,0.6245344233719353
0.7563025210084033,0.8907563025210083,0.6265754503036952
0.7647058823529411,0.8907563025210083,0.6286119800300413
0.7731092436974789,0.8907563025210083,0.6306439503428061
0.7815126050420168,0.8907563025210083,0.6326712996574491
0.7899159663865546,0.8907563025210083,0.6346939670192547
0.7983193277310924,0.8907563025210083,0.636711892109369
0.8067226890756303,0.8907563025210083,0.6387250152506516
0.8151260504201681,0.8907563025210083,0.6407332774133554
0.8235294117647058,0.8907563025210083,0.6427366202206317
0.8319327731092436,0.8907563025210083,0.6447349859538514
0.8403361344537815,0.8907563025210083,0.6467283175577587
0.8487394957983193,0.8907563025210083,0.6487165586454379
0.8571428571428571,0.8907563025210083,0.650699653503103
0.8655462184873949,0.8907563025210083,0.6526775470947153
0.8739495798319328,0.8907563025210083,0.6546501850664134
0.8823529411764706,0.8907563025210083,0.6566175137507729
0.8907563025210083,0.8907563025210083,0.6585794801708817
0.8991596638655461,0.8907563025210083,0.6605360320442386
0.907563025210084,0.8907563025210083,0.662487117786474
0.9159663865546218,0.8907563025210083,0.6644326865148878
0.9243697478991596,0.8907563025210083,0.6663726880518216
0.9327731092436974,0.8907563025210083,0.6683070729278376
0.9411764705882353,0.8907563025210083,0.6702357923847285
0.9495798319327731,0.8907563025210083,0.6721587983783566
0.9579831932773109,0.8907563025210083,0.6740760435813039
0.9663865546218487,0.8907563025210083,0.6759874813853545
0.9747899159663865,0.8907563025210083,0.6778930659038043
0.9831932773109243,0.8907563025210083,0.6797927519735895
0.9915966386554621,0.8907563025210083,0.6816864951572523
1.0,0.8907563025210083,0.6835742517447235
0.0,0.8991596638655461,0.43407755204976245
0.008403361344537815,0.8991596638655461,0.4361845685488227
0.01680672268907563,0.8991596638655461,0.43829389157986803
0.025210084033613446,0.8991596638655461,0.4404054473050436
0.03361344537815126,0.8991596638655461,0.44251916156586246
0.04201680672268907,0.8991596638655461,0.4446349598933676
0.05042016806722689,0.8991596638655461,0.44675276751838916
0.058823529411764705,0.8991596638655461,0.4488725093818903
0.06722689075630252,0.8991596638655461,0.4509941101454039
0.07563025210084033,0.8991596638655461,0.45311749420155556
0.08403361344537814,0.8991596638655461,0.4552425856846617
0.09243697478991596,0.8991596638655461,0.4573693084814204
0.10084033613445378,0.8991596638655461,0.4594975862416604
0.1092436974789916,0.8991596638655461,0.4616273423891787
0.11764705882352941,0.8991596638655461,0.46375850013263975
0.12605042016806722,0.8991596638655461,0.46589098247654054
0.13445378151260504,0.8991596638655461,0.4680247122322447
0.14285714285714285,0.8991596638655461,0.4701596120290644
0.15126050420168066,0.8991596638655461,0.4722956043254167
0.15966386554621848,0.8991596638655461,0.47443261142001386
0.1680672268907563,0.8991596638655461,0.476570555463115
0.1764705882352941,0.8991596638655461,0.47870935846782364
0.18487394957983191,0.8991596638655461,0.48084894232141695
0.19327731092436973,0.8991596638655461,0.4829892287967302
0.20168067226890757,0.8991596638655461,0.4851301395635635
0.21008403361344538,0.8991596638655461,0.48727159620012706
0.2184873949579832,0.8991596638655461,0.48941352020451334
0.226890756302521,0.8991596638655461,0.49155583300619676
0.23529411764705882,0.8991596638655461,0.4936984559775477
0.24369747899159663,0.8991596638655461,0.4958413104453746
0.25210084033613445,0.8991596638655461,0.4979843177024701
0.26050420168067223,0.8991596638655461,0.5001273990191758
0.2689075630252101,0.8991596638655461,0.5022704756549478
0.2773109243697479,0.8991596638655461,0.504413468869931
0.2857142857142857,0.8991596638655461,0.5065562999365307
0.29411764705882354,0.8991596638655461,0.5086988901509785
0.3025210084033613,0.8991596638655461,0.510841160844894
0.31092436974789917,0.8991596638655461,0.512983033396835
0.31932773109243695,0.8991596638655461,0.5151244292438283
0.3277310924369748,0.8991596638655461,0.5172652698928922
0.3361344537815126,0.8991596638655461,0.5194054769325245
0.3445378151260504,0.8991596638655461,0.5215449720441775
0.3529411764705882,0.8991596638655461,0.5236836770136952
0.36134453781512604,0.8991596638655461,0.525821513742721
0.36974789915966383,0.8991596638655461,0.52795840426007
0.37815126050420167,0.8991596638655461,0.5300942707330611
0.38655462184873945,0.8991596638655461,0.5322290354788074
0.3949579831932773,0.8991596638655461,0.5343626209754568
0.40336134453781514,0.8991596638655461,0.5364949498733846
0.4117647058823529,0.8991596638655461,0.538625945006337
0.42016806722689076,0.8991596638655461,0.5407555294025072
0.42857142857142855,0.8991596638655461,0.5428836262955644
0.4369747899159664,0.8991596638655461,0.5450101591356102
0.4453781512605042,0.8991596638655461,0.5471350516000703
0.453781512605042,0.8991596638655461,0.5492582276045185
0.4621848739495798,0.8991596638655461,0.551379611313426
0.47058823529411764,0.8991596638655461,0.5534991271508343
0.4789915966386554,0.8991596638655461,0.5556166998109505
0.48739495798319327,0.8991596638655461,0.5577322542686558
0.49579831932773105,0.8991596638655461,0.5598457157899323
0.5042016806722689,0.8991596638655461,0.5619570099422007
0.5126050420168067,0.8991596638655461,0.5640660626045637
0.5210084033613445,0.8991596638655461,0.5661727999779607
0.5294117647058824,0.8991596638655461,0.5682771485952164
0.5378151260504201,0.8991596638655461,0.5703790353309975
0.5462184873949579,0.8991596638655461,0.5724783874116613
0.5546218487394958,0.8991596638655461,0.5745751324250006
0.5630252100840336,0.8991596638655461,0.5766691983298846
0.5714285714285714,0.8991596638655461,0.5787605134657745
0.5798319327731092,0.8991596638655461,0.5808490065621464
0.5882352941176471,0.8991596638655461,0.5829346067477791
0.5966386554621849,0.8991596638655461,0.5850172435599367
0.6050420168067226,0.8991596638655461,0.5870968469534249
0.6134453781512604,0.8991596638655461,0.58917334730952
0.6218487394957983,0.8991596638655461,0.5912466754447857
0.6302521008403361,0.8991596638655461,0.593316762619746
0.6386554621848739,0.8991596638655461,0.5953835405474422
0.6470588235294117,0.8991596638655461,0.5974469414018521
0.6554621848739496,0.8991596638655461,0.5995068978261695
0.6638655462184874,0.8991596638655461,0.6015633429409631
0.6722689075630252,0.8991596638655461,0.6036162103521857
0.680672268907563,0.8991596638655461,0.6056654341590456
0.6890756302521008,0.8991596638655461,0.6077109489617444
0.6974789915966386,0.8991596638655461,0.6097526898690602
0.7058823529411764,0.8991596638655461,0.6117905925057976
0.7142857142857143,0.8991596638655461,0.6138245930200892
0.7226890756302521,0.8991596638655461,0.6158546280905417
0.7310924369747899,0.8991596638655461,0.617880634933245
0.7394957983193277,0.8991596638655461,0.6199025513086224
0.7478991596638656,0.8991596638655461,0.6219203155281358
0.7563025210084033,0.8991596638655461,0.6239338664608349
0.7647058823529411,0.8991596638655461,0.6259431435397527
0.7731092436974789,0.8991596638655461,0.6279480867681475
0.7815126050420168,0.8991596638655461,0.6299486367255922
0.7899159663865546,0.8991596638655461,0.6319447345738982
0.7983193277310924,0.8991596638655461,0.6339363220628949
0.8067226890756303,0.8991596638655461,0.6359233415360362
0.8151260504201681,0.8991596638655461,0.6379057359358656
0.8235294117647058,0.8991596638655461,0.6398834488093018
0.8319327731092436,0.8991596638655461,0.6418564243127838
0.8403361344537815,0.8991596638655461,0.6438246072172424
0.8487394957983193,0.8991596638655461,0.6457879429129144
0.8571428571428571,0.8991596638655461,0.6477463774140003
0.8655462184873949,0.8991596638655461,0.6496998573631493
0.8739495798319328,0.8991596638655461,0.6516483300357973
0.8823529411764706,0.8991596638655461,0.653591743344331
0.8907563025210083,0.8991596638655461,0.6555300458420948
0.8991596638655461,0.8991596638655461,0.6574631867272369
0.907563025210084,0.8991596638655461,0.6593911158463872
0.9159663865546218,0.8991596638655461,0.6613137836981837
0.9243697478991596,0.8991596638655461,0.6632311414366288
0.9327731092436974,0.8991596638655461,0.6651431408742837
0.9411764705882353,0.8991596638655461,0.6670497344853091
0.9495798319327731,0.8991596638655461,0.6689508754083411
0.9579831932773109,0.8991596638655461,0.6708465174491989
0.9663865546218487,0.8991596638655461,0.6727366150834495
0.9747899159663865,0.8991596638655461,0.6746211234587942
0.9831932773109243,0.8991596638655461,0.6764999983973142
0.9915966386554621,0.8991596638655461,0.6783731963975439
1.0,0.8991596638655461,0.680240674636391
0.0,0.907563025210084,0.434429850444821
0.008403361344537815,0.907563025210084,0.43650252732660355
0.01680672268907563,0.907563025210084,0.43857742463237415
0.025210084033613446,0.907563025210084,0.44065447206901487
0.03361344537815126,0.907563025210084,0.4427335990446551
0.04201680672268907,0.907563025210084,0.4448147346780375
0.05042016806722689,0.907563025210084,0.44689780780796334
0.058823529411764705,0.907563025210084,0.44898274700282526
0.06722689075630252,0.907563025210084,0.4510694805702168
0.07563025210084033,0.907563025210084,0.45315793656662123
0.08403361344537814,0.907563025210084,0.4552480428071705
0.09243697478991596,0.907563025210084,0.45733972687548236
0.10084033613445378,0.907563025210084,0.4594329161335566
0.1092436974789916,0.907563025210084,0.4615275377317493
0.11764705882352941,0.907563025210084,0.46362351861879686
0.12605042016806722,0.907563025210084,0.4657207855519136
0.13445378151260504,0.907563025210084,0.4678192651069319
0.14285714285714285,0.907563025210084,0.4699188836885127
0.15126050420168066,0.907563025210084,0.4720195675403939
0.15966386554621848,0.907563025210084,0.47412124275568895
0.1680672268907563,0.907563025210084,0.4762238352872424
0.1764705882352941,0.907563025210084,0.4783272709580094
0.18487394957983191,0.907563025210084,0.4804314754714904
0.19327731092436973,0.907563025210084,0.4825363744221923
0.20168067226890757,0.907563025210084,0.484641893306123
0.21008403361344538,0.907563025210084,0.4867479575313223
0.2184873949579832,0.907563025210084,0.4888544924284084
0.226890756302521,0.907563025210084,0.49096142326116093
0.23529411764705882,0.907563025210084,0.49306867523711184
0.24369747899159663,0.907563025210084,0.4951761735181607
0.25210084033613445,0.907563025210084,0.4972838432312035
0.26050420168067223,0.907563025210084,0.4993916094787637
0.2689075630252101,0.907563025210084,0.5014993973496455
0.2773109243697479,0.907563025210084,0.50360713192958
0.2857142857142857,0.907563025210084,0.50571473831187
0.29411764705882354,0.907563025210084,0.5078221416080445
0.3025210084033613,0.907563025210084,0.5099292669584987
0.31092436974789917,0.907563025210084,0.5120360395431256
0.31932773109243695,0.907563025210084,0.5141423845919415
0.3277310924369748,0.907563025210084,0.5162482273956871
0.3361344537815126,0.907563025210084,0.5183534933164196
0.3445378151260504,0.907563025210084,0.5204581077980796
0.3529411764705882,0.907563025210084,0.5225619963770293
0.36134453781512604,0.907563025210084,0.5246650846925702
0.36974789915966383,0.907563025210084,0.5267672984974248
0.37815126050420167,0.907563025210084,0.5288685636681848
0.38655462184873945,0.907563025210084,0.5309688062157256
0.3949579831932773,0.907563025210084,0.5330679522955711
0.40336134453781514,0.907563025210084,0.5351659282182332
0.4117647058823529,0.907563025210084,0.5372626604594805
0.42016806722689076,0.907563025210084,0.5393580756705788
0.42857142857142855,0.907563025210084,0.5414521006884676
0.4369747899159664,0.907563025210084,0.5435446625458841
0.4453781512605042,0.907563025210084,0.5456356884814333
0.453781512605042,0.907563025210084,0.547725105949583
0.4621848739495798,0.907563025210084,0.5498128426306131
0.47058823529411764,0.907563025210084,0.5518988264404859
0.4789915966386554,0.907563025210084,0.5539829855406456
0.48739495798319327,0.907563025210084,0.5560652483477557
0.49579831932773105,0.907563025210084,0.5581455435433471
0.5042016806722689,0.907563025210084,0.5602238000834017
0.5126050420168067,0.907563025210084,0.562299947207843
0.5210084033613445,0.907563025210084,0.5643739144499527
0.5294117647058824,0.907563025210084,0.5664456316456973
0.5378151260504201,0.907563025210084,0.5685150289429632
0.5462184873949579,0.907563025210084,0.5705820368107092
0.5546218487394958,0.907563025210084,0.5726465860480143
0.5630252100840336,0.907563025210084,0.5747086077930411
0.5714285714285714,0.907563025210084,0.5767680335318917
0.5798319327731092,0.907563025210084,0.5788247951073668
0.5882352941176471,0.907563025210084,0.5808788247276261
0.5966386554621849,0.907563025210084,0.582930054974733
0.6050420168067226,0.907563025210084,0.584978418813103
0.6134453781512604,0.907563025210084,0.5870238495978362
0.6218487394957983,0.907563025210084,0.5890662810829432
0.6302521008403361,0.907563025210084,0.5911056474294495
0.6386554621848739,0.907563025210084,0.5931418832133964
0.6470588235294117,0.907563025210084,0.5951749234337119
0.6554621848739496,0.907563025210084,0.5972047035199727
0.6638655462184874,0.907563025210084,0.5992311593400425
0.6722689075630252,0.907563025210084,0.6012542272075801
0.680672268907563,0.907563025210084,0.6032738438894383
0.6890756302521008,0.907563025210084,0.605289946612921
0.6974789915966386,0.907563025210084,0.6073024730729251
0.7058823529411764,0.907563025210084,0.6093113614389465
0.7142857142857143,0.907563025210084,0.6113165503619573
0.7226890756302521,0.907563025210084,0.6133179789811554
0.7310924369747899,0.907563025210084,0.6153155869305704
0.7394957983193277,0.907563025210084,0.6173093143455511
0.7478991596638656,0.907563025210084,0.6192991018691029
0.7563025210084033,0.907563025210084,0.6212848906580937
0.7647058823529411,0.907563025210084,0.6232666223893287
0.7731092436974789,0.907563025210084,0.6252442392654748
0.7815126050420168,0.907563025210084,0.627217684020855
0.7899159663865546,0.907563025210084,0.6291868999270942
0.7983193277310924,0.907563025210084,0.6311518307986329
0.8067226890756303,0.907563025210084,0.6331124209980911
0.8151260504201681,0.907563025210084,0.6350686154414906
0.8235294117647058,0.907563025210084,0.6370203596033381
0.8319327731092436,0.907563025210084,0.6389675995215608
0.8403361344537815,0.907563025210084,0.640910281802295
0.8487394957983193,0.907563025210084,0.6428483536245372
0.8571428571428571,0.907563025210084,0.6447817627446406
0.8655462184873949,0.907563025210084,0.6467104575006742
0.8739495798319328,0.907563025210084,0.6486343868166299
0.8823529411764706,0.907563025210084,0.6505535002064854
0.8907563025210083,0.907563025210084,0.6524677477781212
0.8991596638655461,0.907563025210084,0.6543770802370888
0.907563025210084,0.907563025210084,0.6562814488902352
0.9159663865546218,0.907563025210084,0.6581808056491817
0.9243697478991596,0.907563025210084,0.6600751030336471
0.9327731092436974,0.907563025210084,0.6619642941746374
0.9411764705882353,0.907563025210084,0.6638483328174801
0.9495798319327731,0.907563025210084,0.6657271733247155
0.9579831932773109,0.907563025210084,0.6676007706788432
0.9663865546218487,0.907563025210084,0.6694690804849189
0.9747899159663865,0.907563025210084,0.6713320589730128
0.9831932773109243,0.907563025210084,0.6731896630005184
0.9915966386554621,0.907563025210084,0.6750418500543155
1.0,0.907563025210084,0.6768885782527992
0.0,0.9159663865546218,0.4347822150970731
0.008403361344537815,0.9159663865546218,0.4368205383104113
0.01680672268907563,0.9159663865546218,0.43886099779839377
0.025210084033613446,0.9159663865546218,0.4409035266989677
0.03361344537815126,0.9159663865546218,0.44294805787203706
0.04201680672268907,0.9159663865546218,0.44499452390807176
0.05042016806722689,0.9159663865546218,0.44704285713680525
0.058823529411764705,0.9159663865546218,0.4490929896359976
0.06722689075630252,0.9159663865546218,0.45114485324027526
0.07563025210084033,0.9159663865546218,0.4531983795500375
0.08403361344537814,0.9159663865546218,0.45525349994042774
0.09243697478991596,0.9159663865546218,0.45731014557037764
0.10084033613445378,0.9159663865546218,0.45936824739170345
0.1092436974789916,0.9159663865546218,0.46142773615826777
0.11764705882352941,0.9159663865546218,0.4634885424351971
0.12605042016806722,0.9159663865546218,0.46555059660815157
0.13445378151260504,0.9159663865546218,0.46761382889265063
0.14285714285714285,0.9159663865546218,0.4696781693434463
0.15126050420168066,0.9159663865546218,0.47174354786393646
0.15966386554621848,0.9159663865546218,0.47380989421563385
0.1680672268907563,0.9159663865546218,0.47587713802766685
0.1764705882352941,0.9159663865546218,0.4779452088063225
0.18487394957983191,0.9159663865546218,0.48001403594462566
0.19327731092436973,0.9159663865546218,0.4820835487319472
0.20168067226890757,0.9159663865546218,0.4841536763636484
0.21008403361344538,0.9159663865546218,0.4862243479507467
0.2184873949579832,0.9159663865546218,0.4882954925296093
0.226890756302521,0.9159663865546218,0.4903670390716706
0.23529411764705882,0.9159663865546218,0.4924389164931603
0.24369747899159663,0.9159663865546218,0.4945110536648605
0.25210084033613445,0.9159663865546218,0.4965833794218616
0.26050420168067223,0.9159663865546218,0.49865582257334023
0.2689075630252101,0.9159663865546218,0.5007283119123406
0.2773109243697479,0.9159663865546218,0.5028007762255569
0.2857142857142857,0.9159663865546218,0.5048731443031241
0.29411764705882354,0.9159663865546218,0.5069453449484033
0.3025210084033613,0.9159663865546218,0.5090173069877633
0.31092436974789917,0.9159663865546218,0.51108895928036
0.31932773109243695,0.9159663865546218,0.5131602307278986
0.3277310924369748,0.9159663865546218,0.5152310502843922
0.3361344537815126,0.9159663865546218,0.5173013469658964
0.3445378151260504,0.9159663865546218,0.5193710498602322
0.3529411764705882,0.9159663865546218,0.5214400881366866
0.36134453781512604,0.9159663865546218,0.5235083910556851
0.36974789915966383,0.9159663865546218,0.5255758879784462
0.37815126050420167,0.9159663865546218,0.5276425083765982
0.38655462184873945,0.9159663865546218,0.5297081818417663
0.3949579831932773,0.9159663865546218,0.531772838095129
0.40336134453781514,0.9159663865546218,0.5338364069969329
0.4117647058823529,0.9159663865546218,0.535898818555967
0.42016806722689076,0.9159663865546218,0.5379600029389945
0.42857142857142855,0.9159663865546218,0.5400198904801409
0.4369747899159664,0.9159663865546218,0.542078411690231
0.4453781512605042,0.9159663865546218,0.5441354972660777
0.453781512605042,0.9159663865546218,0.546191078099713
0.4621848739495798,0.9159663865546218,0.5482450852875689
0.47058823529411764,0.9159663865546218,0.5502974501395913
0.4789915966386554,0.9159663865546218,0.5523481041883025
0.48739495798319327,0.9159663865546218,0.5543969791977913
0.49579831932773105,0.9159663865546218,0.5564440071726408
0.5042016806722689,0.9159663865546218,0.5584891203667902
0.5126050420168067,0.9159663865546218,0.5605322512923158
0.5210084033613445,0.9159663865546218,0.5625733327281538
0.5294117647058824,0.9159663865546218,0.5646122977287299
0.5378151260504201,0.9159663865546218,0.5666490796325275
0.5462184873949579,0.9159663865546218,0.5686836120705641
0.5546218487394958,0.9159663865546218,0.5707158289747835
0.5630252100840336,0.9159663865546218,0.5727456645863821
0.5714285714285714,0.9159663865546218,0.5747730534640195
0.5798319327731092,0.9159663865546218,0.576797930491967
0.5882352941176471,0.9159663865546218,0.5788202308881498
0.5966386554621849,0.9159663865546218,0.5808398902120944
0.6050420168067226,0.9159663865546218,0.5828568443727974
0.6134453781512604,0.9159663865546218,0.584871029636478
0.6218487394957983,0.9159663865546218,0.5868823826342459
0.6302521008403361,0.9159663865546218,0.5888908403696578
0.6386554621848739,0.9159663865546218,0.5908963402261804
0.6470588235294117,0.9159663865546218,0.5928988199745469
0.6554621848739496,0.9159663865546218,0.5948982177800026
0.6638655462184874,0.9159663865546218,0.5968944722094494
0.6722689075630252,0.9159663865546218,0.5988875222384791
0.680672268907563,0.9159663865546218,0.6008773072582931
0.6890756302521008,0.9159663865546218,0.6028637670825175
0.6974789915966386,0.9159663865546218,0.6048468419538966
0.7058823529411764,0.9159663865546218,0.6068264725508742
0.7142857142857143,0.9159663865546218,0.6088025999940632
0.7226890756302521,0.9159663865546218,0.6107751658525883
0.7310924369747899,0.9159663865546218,0.6127441121503218
0.7394957983193277,0.9159663865546218,0.6147093813719905
0.7478991596638656,0.9159663865546218,0.6166709164691607
0.7563025210084033,0.9159663865546218,0.6186286608661103
0.7647058823529411,0.9159663865546218,0.620582558465571
0.7731092436974789,0.9159663865546218,0.6225325536543438
0.7815126050420168,0.9159663865546218,0.6244785913087979
0.7899159663865546,0.9159663865546218,0.6264206168002339
0.7983193277310924,0.9159663865546218,0.6283585760001318
0.8067226890756303,0.9159663865546218,0.6302924152852578
0.8151260504201681,0.9159663865546218,0.6322220815426572
0.8235294117647058,0.9159663865546218,0.6341475221745071
0.8319327731092436,0.9159663865546218,0.6360686851028432
0.8403361344537815,0.9159663865546218,0.637985518774164
0.8487394957983193,0.9159663865546218,0.6398979721638887
0.8571428571428571,0.9159663865546218,0.6418059947807032
0.8655462184873949,0.9159663865546218,0.6437095366707581
0.8739495798319328,0.9159663865546218,0.6456085484217465
0.8823529411764706,0.9159663865546218,0.6475029811668445
0.8907563025210083,0.9159663865546218,0.6493927865885173
0.8991596638655461,0.9159663865546218,0.6512779169222035
0.907563025210084,0.9159663865546218,0.6531583249598539
0.9159663865546218,0.9159663865546218,0.6550339640533468
0.9243697478991596,0.9159663865546218,0.656904788117768
0.9327731092436974,0.9159663865546218,0.6587707516345567
0.9411764705882353,0.9159663865546218,0.6606318096545181
0.9495798319327731,0.9159663865546218,0.6624879178007155
0.9579831932773109,0.9159663865546218,0.6643390322712067
0.9663865546218487,0.9159663865546218,0.6661851098416782
0.9747899159663865,0.9159663865546218,0.6680261078679176
0.9831932773109243,0.9159663865546218,0.6698619842881773
0.9915966386554621,0.9159663865546218,0.6716926976253997
1.0,0.9159663865546218,0.6735182069893064
0.0,0.9243697478991596,0.4351346456628218
0.008403361344537815,0.9243697478991596,0.4371386012472916
0.01680672268907563,0.9243697478991596,0.4391446108983667
0.025210084033613446,0.9243697478991596,0.4411526110731241
0.03361344537815126,0.9243697478991596,0.44316253797017136
0.04201680672268907,0.9243697478991596,0.44517432753756203
0.05042016806722689,0.9243697478991596,0.4471879154807835
0.058823529411764705,0.9243697478991596,0.4492032372708031
0.06722689075630252,0.9243697478991596,0.4512202281521876
0.07563025210084033,0.9243697478991596,0.4532388231512788
0.08403361344537814,0.9243697478991596,0.4552589570844307
0.09243697478991596,0.9243697478991596,0.45728056456631166
0.10084033613445378,0.9243697478991596,0.45930358001824806
0.1092436974789916,0.9243697478991596,0.46132793767663893
0.11764705882352941,0.9243697478991596,0.4633535716014046
0.12605042016806722,0.9243697478991596,0.4653804156845011
0.13445378151260504,0.9243697478991596,0.4674084036584696
0.14285714285714285,0.9243697478991596,0.46943746910503303
0.15126050420168066,0.9243697478991596,0.4714675454637397
0.15966386554621848,0.9243697478991596,0.4734985660406381
0.1680672268907563,0.9243697478991596,0.4755304640169998
0.1764705882352941,0.9243697478991596,0.4775631724580662
0.18487394957983191,0.9243697478991596,0.479596624321836
0.19327731092436973,0.9243697478991596,0.4816307524678805
0.20168067226890757,0.9243697478991596,0.483665489666183
0.21008403361344538,0.9243697478991596,0.48570076860601
0.2184873949579832,0.9243697478991596,0.4877365219047987
0.226890756302521,0.9243697478991596,0.4897726821170687
0.23529411764705882,0.9243697478991596,0.4918091817433507
0.24369747899159663,0.9243697478991596,0.4938459532391276
0.25210084033613445,0.9243697478991596,0.4958829290237955
0.26050420168067223,0.9243697478991596,0.4979200414896243
0.2689075630252101,0.9243697478991596,0.4999572230107359
0.2773109243697479,0.9243697478991596,0.501994405952082
0.2857142857142857,0.9243697478991596,0.5040315226784249
0.29411764705882354,0.9243697478991596,0.5060685055633206
0.3025210084033613,0.9243697478991596,0.5081052869980972
0.31092436974789917,0.9243697478991596,0.5101417994008294
0.31932773109243695,0.9243697478991596,0.5121779752253056
0.3277310924369748,0.9243697478991596,0.5142137469699856
0.3361344537815126,0.9243697478991596,0.5162490471869402
0.3445378151260504,0.9243697478991596,0.5182838084907868
0.3529411764705882,0.9243697478991596,0.5203179635675941
0.36134453781512604,0.9243697478991596,0.5223514451837785
0.36974789915966383,0.9243697478991596,0.5243841861949715
0.37815126050420167,0.9243697478991596,0.5264161195548587
0.38655462184873945,0.9243697478991596,0.5284471783240026
0.3949579831932773,0.9243697478991596,0.5304772956786241
0.40336134453781514,0.9243697478991596,0.5325064049193574
0.4117647058823529,0.9243697478991596,0.5345344394799695
0.42016806722689076,0.9243697478991596,0.5365613329360374
0.42857142857142855,0.9243697478991596,0.5385870190135966
0.4369747899159664,0.9243697478991596,0.5406114315977327
0.4453781512605042,0.9243697478991596,0.5426345047411454
0.453781512605042,0.9243697478991596,0.5446561726726488
0.4621848739495798,0.9243697478991596,0.5466763698056354
0.47058823529411764,0.9243697478991596,0.5486950307464837
0.4789915966386554,0.9243697478991596,0.5507120903029112
0.48739495798319327,0.9243697478991596,0.5527274834922759
0.49579831932773105,0.9243697478991596,0.5547411455498137
0.5042016806722689,0.9243697478991596,0.5567530119368216
0.5126050420168067,0.9243697478991596,0.5587630183487742
0.5210084033613445,0.9243697478991596,0.5607711007233773
0.5294117647058824,0.9243697478991596,0.5627771952485573
0.5378151260504201,0.9243697478991596,0.5647812383703791
0.5462184873949579,0.9243697478991596,0.5667831668008902
0.5546218487394958,0.9243697478991596,0.5687829175258999
0.5630252100840336,0.9243697478991596,0.5707804278126798
0.5714285714285714,0.9243697478991596,0.5727756352175853
0.5798319327731092,0.9243697478991596,0.574768477593605
0.5882352941176471,0.9243697478991596,0.5767588930978216
0.5966386554621849,0.9243697478991596,0.5787468201987974
0.6050420168067226,0.9243697478991596,0.5807321976838753
0.6134453781512604,0.9243697478991596,0.5827149646663893
0.6218487394957983,0.9243697478991596,0.5846950605927949
0.6302521008403361,0.9243697478991596,0.5866724252496986
0.6386554621848739,0.9243697478991596,0.5886469987708152
0.6470588235294117,0.9243697478991596,0.5906187216438163
0.6554621848739496,0.9243697478991596,0.5925875347170886
0.6638655462184874,0.9243697478991596,0.5945533792064073
0.6722689075630252,0.9243697478991596,0.5965161967014957
0.680672268907563,0.9243697478991596,0.5984759291725038
0.6890756302521008,0.9243697478991596,0.6004325189763755
0.6974789915966386,0.9243697478991596,0.6023859088631192
0.7058823529411764,0.9243697478991596,0.6043360419819768
0.7142857142857143,0.9243697478991596,0.606282861887486
0.7226890756302521,0.9243697478991596,0.6082263125454458
0.7310924369747899,0.9243697478991596,0.6101663383387667
0.7394957983193277,0.9243697478991596,0.6121028840732191
0.7478991596638656,0.9243697478991596,0.6140358949830751
0.7563025210084033,0.9243697478991596,0.6159653167366372
0.7647058823529411,0.9243697478991596,0.6178910954416629
0.7731092436974789,0.9243697478991596,0.6198131776506708
0.7815126050420168,0.9243697478991596,0.6217315103661412
0.7899159663865546,0.9243697478991596,0.6236460410456046
0.7983193277310924,0.9243697478991596,0.6255567176066105
0.8067226890756303,0.9243697478991596,0.6274634884315895
0.8151260504201681,0.9243697478991596,0.629366302372599
0.8235294117647058,0.9243697478991596,0.6312651087559451
0.8319327731092436,0.9243697478991596,0.6331598573867048
0.8403361344537815,0.9243697478991596,0.6350504985531156
0.8487394957983193,0.9243697478991596,0.6369369830308582
0.8571428571428571,0.9243697478991596,0.63881926208722
0.8655462184873949,0.9243697478991596,0.6406972874851347
0.8739495798319328,0.9243697478991596,0.6425710114871139
0.8823529411764706,0.9243697478991596,0.6444403868590494
0.8907563025210083,0.9243697478991596,0.6463053668739053
0.8991596638655461,0.9243697478991596,0.6481659053152882
0.907563025210084,0.9243697478991596,0.6500219564808919
0.9159663865546218,0.9243697478991596,0.6518734751858375
0.9243697478991596,0.9243697478991596,0.653720416765878
0.9327731092436974,0.9243697478991596,0.65556273708049
0.9411764705882353,0.9243697478991596,0.6574003925158511
0.9495798319327731,0.9243697478991596,0.6592333399876882
0.9579831932773109,0.9243697478991596,0.6610615369440155
0.9663865546218487,0.9243697478991596,0.6628849413677459
0.9747899159663865,0.9243697478991596,0.6647035117791816
0.9831932773109243,0.9243697478991596,0.6665172072384006
0.9915966386554621,0.9243697478991596,0.6683259873475045
1.0,0.9243697478991596,0.670129812252764
0.0,0.9327731092436974,0.4354871417981072
0.008403361344537815,0.9327731092436974,0.43745671588412294
0.01680672268907563,0.9327731092436974,0.4394282637526334
0.025210084033613446,0.9327731092436974,0.44140172506964565
0.03361344537815126,0.9327731092436974,0.4433770392611914
0.04201680672268907,0.9327731092436974,0.4453541455205885
0.05042016806722689,0.9327731092436974,0.4473329828157637
0.058823529411764705,0.9327731092436974,0.4493134898966373
0.06722689075630252,0.9327731092436974,0.4512956053025619
0.07563025210084033,0.9327731092436974,0.4532792673698206
0.08403361344537814,0.9327731092436974,0.45526441423917985
0.09243697478991596,0.9327731092436974,0.4572509838634899
0.10084033613445378,0.9327731092436974,0.4592389140153416
0.1092436974789916,0.9327731092436974,0.4612281422947658
0.11764705882352941,0.9327731092436974,0.46321860613698435
0.12605042016806722,0.9327731092436974,0.46521024282020246
0.13445378151260504,0.9327731092436974,0.46720298947344197
0.14285714285714285,0.9327731092436974,0.4691967830844196
0.15126050420168066,0.9327731092436974,0.47119156050745703
0.15966386554621848,0.9327731092436974,0.4731872584714321
0.1680672268907563,0.9327731092436974,0.4751838135877635
0.1764705882352941,0.9327731092436974,0.47718116235842317
0.18487394957983191,0.9327731092436974,0.4791792411839829
0.19327731092436973,0.9327731092436974,0.48117798637168446
0.20168067226890757,0.9327731092436974,0.48317733414354197
0.21008403361344538,0.9327731092436974,0.48517722064445823
0.2184873949579832,0.9327731092436974,0.487177581950366
0.226890756302521,0.9327731092436974,0.4891783540763934
0.23529411764705882,0.9327731092436974,0.49117947298503384
0.24369747899159663,0.9327731092436974,0.4931808745943444
0.25210084033613445,0.9327731092436974,0.49518249478614634
0.26050420168067223,0.9327731092436974,0.49718426941423466
0.2689075630252101,0.9327731092436974,0.4991861343126059
0.2773109243697479,0.9327731092436974,0.5011880253036805
0.2857142857142857,0.9327731092436974,0.503189878206531
0.29411764705882354,0.9327731092436974,0.505191628845117
0.3025210084033613,0.9327731092436974,0.5071932130565081
0.31092436974789917,0.9327731092436974,0.5091945666991158
0.31932773109243695,0.9327731092436974,0.5111956256609089
0.3277310924369748,0.9327731092436974,0.5131963258676263
0.3361344537815126,0.9327731092436974,0.5151966032909785
0.3445378151260504,0.9327731092436974,0.517196393956836
0.3529411764705882,0.9327731092436974,0.5191956339534034
0.36134453781512604,0.9327731092436974,0.5211942594393787
0.36974789915966383,0.9327731092436974,0.5231922066520868
0.37815126050420167,0.9327731092436974,0.5251894119156001
0.38655462184873945,0.9327731092436974,0.5271858116488289
0.3949579831932773,0.9327731092436974,0.529181342373592
0.40336134453781514,0.9327731092436974,0.5311759407226533
0.4117647058823529,0.9327731092436974,0.5331695434477295
0.42016806722689076,0.9327731092436974,0.5351620874274736
0.42857142857142855,0.9327731092436974,0.5371535096754101
0.4369747899159664,0.9327731092436974,0.5391437473478474
0.4453781512605042,0.9327731092436974,0.5411327377517444
0.453781512605042,0.9327731092436974,0.5431204183525347
0.4621848739495798,0.9327731092436974,0.5451067267819142
0.47058823529411764,0.9327731092436974,0.5470916008455813
0.4789915966386554,0.9327731092436974,0.5490749785309277
0.48739495798319327,0.9327731092436974,0.5510567980146871
0.49579831932773105,0.9327731092436974,0.5530369976705238
0.5042016806722689,0.9327731092436974,0.5550155160765804
0.5126050420168067,0.9327731092436974,0.5569922920229564
0.5210084033613445,0.9327731092436974,0.5589672645191475
0.5294117647058824,0.9327731092436974,0.5609403728014124
0.5378151260504201,0.9327731092436974,0.5629115563400844
0.5462184873949579,0.9327731092436974,0.5648807548468254
0.5546218487394958,0.9327731092436974,0.5668479082818038
0.5630252100840336,0.9327731092436974,0.5688129568608279
0.5714285714285714,0.9327731092436974,0.5707758410623873
0.5798319327731092,0.9327731092436974,0.5727365016346414
0.5882352941176471,0.9327731092436974,0.5746948796023372
0.5966386554621849,0.9327731092436974,0.5766509162736433
0.6050420168067226,0.9327731092436974,0.5786045532469237
0.6134453781512604,0.9327731092436974,0.580555732417427
0.6218487394957983,0.9327731092436974,0.5825043959839008
0.6302521008403361,0.9327731092436974,0.5844504864551289
0.6386554621848739,0.9327731092436974,0.5863939466563906
0.6470588235294117,0.9327731092436974,0.58833471973583
0.6554621848739496,0.9327731092436974,0.5902727491707533
0.6638655462184874,0.9327731092436974,0.5922079787738341
0.6722689075630252,0.9327731092436974,0.5941403526992352
0.680672268907563,0.9327731092436974,0.5960698154486492
0.6890756302521008,0.9327731092436974,0.5979963118772378
0.6974789915966386,0.9327731092436974,0.599919787199497
0.7058823529411764,0.9327731092436974,0.6018401869950186
0.7142857142857143,0.9327731092436974,0.6037574572141717
0.7226890756302521,0.9327731092436974,0.6056715441836839
0.7310924369747899,0.9327731092436974,0.6075823946121262
0.7394957983193277,0.9327731092436974,0.6094899555953149
0.7478991596638656,0.9327731092436974,0.611394174621604
0.7563025210084033,0.9327731092436974,0.6132949995770897
0.7647058823529411,0.9327731092436974,0.6151923787507153
0.7731092436974789,0.9327731092436974,0.6170862608392712
0.7815126050420168,0.9327731092436974,0.6189765949523085
0.7899159663865546,0.9327731092436974,0.620863330616938
0.7983193277310924,0.9327731092436974,0.622746417782539
0.8067226890756303,0.9327731092436974,0.6246258068253618
0.8151260504201681,0.9327731092436974,0.626501448553025
0.8235294117647058,0.9327731092436974,0.6283732942089184
0.8319327731092436,0.9327731092436974,0.6302412954764917
0.8403361344537815,0.9327731092436974,0.6321054044834495
0.8487394957983193,0.9327731092436974,0.6339655738058335
0.8571428571428571,0.9327731092436974,0.6358217564720037
0.8655462184873949,0.9327731092436974,0.6376739059665134
0.8739495798319328,0.9327731092436974,0.6395219762338762
0.8823529411764706,0.9327731092436974,0.6413659216822313
0.8907563025210083,0.9327731092436974,0.6432056971868986
0.8991596638655461,0.9327731092436974,0.6450412580938251
0.907563025210084,0.9327731092436974,0.6468725602229304
0.9159663865546218,0.9327731092436974,0.6486995598713428
0.9243697478991596,0.9327731092436974,0.65052221381652
0.9327731092436974,0.9327731092436974,0.6523404793192755
0.9411764705882353,0.9327731092436974,0.6541543141266869
0.9495798319327731,0.9327731092436974,0.6559636764749044
0.9579831932773109,0.9327731092436974,0.6577685250918446
0.9663865546218487,0.9327731092436974,0.6595688191997792
0.9747899159663865,0.9327731092436974,0.6613645185178193
0.9831932773109243,0.9327731092436974,0.6631555832642884
0.9915966386554621,0.9327731092436974,0.6649419741589911
1.0,0.9327731092436974,0.6667236524253726
0.0,0.9411764705882353,0.435839703158706
0.008403361344537815,0.9411764705882353,0.4377748819676137
0.01680672268907563,0.9411764705882353,0.4397119561814272
0.025210084033613446,0.9411764705882353,0.4416508685666341
0.03361344537815126,0.9411764705882353,0.44359156166719876
0.04201680672268907,0.9411764705882353,0.44553397781121257
0.05042016806722689,0.9411764705882353,0.4474780591176032
0.058823529411764705,0.9411764705882353,0.4494237475028913
0.06722689075630252,0.9411764705882353,0.4513709846880042
0.07563025210084033,0.9411764705882353,0.45331971220513967
0.08403361344537814,0.9411764705882353,0.4552698714046725
0.09243697478991596,0.9411764705882353,0.4572214034621188
0.10084033613445378,0.9411764705882353,0.4591742493851296
0.1092436974789916,0.9411764705882353,0.46112835002055014
0.11764705882352941,0.9411764705882353,0.4630836460614958
0.12605042016806722,0.9411764705882353,0.4650400780544851
0.13445378151260504,0.9411764705882353,0.46699758640660805
0.14285714285714285,0.9411764705882353,0.46895611139272303
0.15126050420168066,0.9411764705882353,0.47091559316269865
0.15966386554621848,0.9411764705882353,0.47287597174867946
0.1680672268907563,0.9411764705882353,0.47483718707238837
0.1764705882352941,0.9411764705882353,0.4767991789524533
0.18487394957983191,0.9411764705882353,0.47876188711176365
0.19327731092436973,0.9411764705882353,0.4807252511848534
0.20168067226890757,0.9411764705882353,0.48268921072530147
0.21008403361344538,0.9411764705882353,0.48465370521315915
0.2184873949579832,0.9411764705882353,0.48661867406239434
0.226890756302521,0.9411764705882353,0.48858405662835086
0.23529411764705882,0.9411764705882353,0.49054979221523143
0.24369747899159663,0.9411764705882353,0.4925158200835829
0.25210084033613445,0.9411764705882353,0.49448207945779865
0.26050420168067223,0.9411764705882353,0.4964485095336327
0.2689075630252101,0.9411764705882353,0.4984150494857187
0.2773109243697479,0.9411764705882353,0.5003816384750902
0.2857142857142857,0.9411764705882353,0.5023482156567176
0.29411764705882354,0.9411764705882353,0.5043147201870277
0.3025210084033613,0.9411764705882353,0.5062810912314392
0.31092436974789917,0.9411764705882353,0.5082472679718908
0.31932773109243695,0.9411764705882353,0.510213189614358
0.3277310924369748,0.9411764705882353,0.5121787953963772
0.3361344537815126,0.9411764705882353,0.5141440245945463
0.3445378151260504,0.9411764705882353,0.5161088165320289
0.3529411764705882,0.9411764705882353,0.518073110586036
0.36134453781512604,0.9411764705882353,0.5200368461952962
0.36974789915966383,0.9411764705882353,0.5219999628675199
0.37815126050420167,0.9411764705882353,0.5239624001868219
0.38655462184873945,0.9411764705882353,0.5259240978211522
0.3949579831932773,0.9411764705882353,0.5278849955296838
0.40336134453781514,0.9411764705882353,0.5298450331701847
0.4117647058823529,0.9411764705882353,0.5318041507063681
0.42016806722689076,0.9411764705882353,0.5337622882152023
0.42857142857142855,0.9411764705882353,0.535719385894207
0.4369747899159664,0.9411764705882353,0.5376753840687052
0.4453781512605042,0.9411764705882353,0.5396302231990474
0.453781512605042,0.9411764705882353,0.5415838438878035
0.4621848739495798,0.9411764705882353,0.5435361868869074
0.47058823529411764,0.9411764705882353,0.5454871931047783
0.4789915966386554,0.9411764705882353,0.5474368036133852
0.48739495798319327,0.9411764705882353,0.549384959655281
0.49579831932773105,0.9411764705882353,0.5513316026505863
0.5042016806722689,0.9411764705882353,0.5532766742039313
0.5126050420168067,0.9411764705882353,0.5552201161113444
0.5210084033613445,0.9411764705882353,0.5571618703671
0.5294117647058824,0.9411764705882353,0.5591018791705044
0.5378151260504201,0.9411764705882353,0.5610400849326432
0.5462184873949579,0.9411764705882353,0.5629764302830587
0.5546218487394958,0.9411764705882353,0.5649108580763839
0.5630252100840336,0.9411764705882353,0.5668433113989153
0.5714285714285714,0.9411764705882353,0.5687737335751203
0.5798319327731092,0.9411764705882353,0.5707020681740975
0.5882352941176471,0.9411764705882353,0.5726282590159633
0.5966386554621849,0.9411764705882353,0.5745522501781765
0.6050420168067226,0.9411764705882353,0.5764739860018077
0.6134453781512604,0.9411764705882353,0.5783934110977258
0.6218487394957983,0.9411764705882353,0.5803104703527359
0.6302521008403361,0.9411764705882353,0.5822251089356325
0.6386554621848739,0.9411764705882353,0.5841372723031875
0.6470588235294117,0.9411764705882353,0.5860469062060728
0.6554621848739496,0.9411764705882353,0.5879539566946954
0.6638655462184874,0.9411764705882353,0.5898583701249768
0.6722689075630252,0.9411764705882353,0.5917600931640399
0.680672268907563,0.9411764705882353,0.5936590727958302
0.6890756302521008,0.9411764705882353,0.5955552563266528
0.6974789915966386,0.9411764705882353,0.5974485913906349
0.7058823529411764,0.9411764705882353,0.5993390259551058
0.7142857142857143,0.9411764705882353,0.6012265083258986
0.7226890756302521,0.9411764705882353,0.6031109871525627
0.7310924369747899,0.9411764705882353,0.6049924114335031
0.7394957983193277,0.9411764705882353,0.60687073052103
0.7478991596638656,0.9411764705882353,0.6087458941263209
0.7563025210084033,0.9411764705882353,0.6106178523243037
0.7647058823529411,0.9411764705882353,0.612486555558449
0.7731092436974789,0.9411764705882353,0.6143519546454735
0.7815126050420168,0.9411764705882353,0.6162140007799574
0.7899159663865546,0.9411764705882353,0.6180726455388754
0.7983193277310924,0.9411764705882353,0.6199278408860328
0.8067226890756303,0.9411764705882353,0.6217795391764102
0.8151260504201681,0.9411764705882353,0.623627693160426
0.8235294117647058,0.9411764705882353,0.6254722559880963
0.8319327731092436,0.9411764705882353,0.6273131812131113
0.8403361344537815,0.9411764705882353,0.6291504227968142
0.8487394957983193,0.9411764705882353,0.6309839351120851
0.8571428571428571,0.9411764705882353,0.632813672947139
0.8655462184873949,0.9411764705882353,0.6346395915092171
0.8739495798319328,0.9411764705882353,0.6364616464281976
0.8823529411764706,0.9411764705882353,0.6382797937601045
0.8907563025210083,0.9411764705882353,0.6400939899905124
0.8991596638655461,0.9411764705882353,0.6419041920378765
0.907563025210084,0.9411764705882353,0.6437103572567466
0.9159663865546218,0.9411764705882353,0.6455124434408958
0.9243697478991596,0.9411764705882353,0.6473104088263524
0.9327731092436974,0.9411764705882353,0.6491042120943266
0.9411764705882353,0.9411764705882353,0.6508938123740571
0.9495798319327731,0.9411764705882353,0.6526791692455431
0.9579831932773109,0.9411764705882353,0.6544602427421898
0.9663865546218487,0.9411764705882353,0.6562369933533596
0.9747899159663865,0.9411764705882353,0.6580093820268119
0.9831932773109243,0.9411764705882353,0.6597773701710683
0.9915966386554621,0.9411764705882353,0.6615409196576616
1.0,0.9411764705882353,0.6632999928232984
0.0,0.9495798319327731,0.4361923294001346
0.008403361344537815,0.9495798319327731,0.4380930992443044
0.01680672268907563,0.9495798319327731,0.43999568800488065
0.025210084033613446,0.9495798319327731,0.44190004144213296
0.03361344537815126,0.9495798319327731,0.44380610511026297
0.04201680672268907,0.9495798319327731,0.44571382436348395
0.05042016806722689,0.9495798319327731,0.4476231443621541
0.058823529411764705,0.9495798319327731,0.4495340100789556
0.06722689075630252,0.9495798319327731,0.4514463663051227
0.07563025210084033,0.9495798319327731,0.4533601576567098
0.08403361344537814,0.9495798319327731,0.4552753285809084
0.09243697478991596,0.9495798319327731,0.4571918233624017
0.10084033613445378,0.9495798319327731,0.4591095861297628
0.1092436974789916,0.9495798319327731,0.46102856086189553
0.11764705882352941,0.9495798319327731,0.4629486913944958
0.12605042016806722,0.9495798319327731,0.4648699214265741
0.13445378151260504,0.9495798319327731,0.4667921945269907
0.14285714285714285,0.9495798319327731,0.4687154541410348
0.15126050420168066,0.9495798319327731,0.4706396435970328
0.15966386554621848,0.9495798319327731,0.4725647061129799
0.1680672268907563,0.9495798319327731,0.4744905848032126
0.1764705882352941,0.9495798319327731,0.476417222685091
0.18487394957983191,0.9495798319327731,0.47834456268571834
0.19327731092436973,0.9495798319327731,0.48027254764867855
0.20168067226890757,0.9495798319327731,0.4822011203407916
0.21008403361344538,0.9495798319327731,0.48413022345889745
0.2184873949579832,0.9495798319327731,0.4860597996366439
0.226890756302521,0.9495798319327731,0.4879897914513066
0.23529411764705882,0.9495798319327731,0.4899201414306126
0.24369747899159663,0.9495798319327731,0.4918507920595733
0.25210084033613445,0.9495798319327731,0.493781685787343
0.26050420168067223,0.9495798319327731,0.4957127650340702
0.2689075630252101,0.9495798319327731,0.4976439721977678
0.2773109243697479,0.9495798319327731,0.4995752496611823
0.2857142857142857,0.9495798319327731,0.5015065397986702
0.29411764705882354,0.9495798319327731,0.5034377849830766
0.3025210084033613,0.9495798319327731,0.5053689275926095
0.31092436974789917,0.9495798319327731,0.5072999100177205
0.31932773109243695,0.9495798319327731,0.509230674667975
0.3277310924369748,0.9495798319327731,0.5111611639789234
0.3361344537815126,0.9495798319327731,0.5130913204189607
0.3445378151260504,0.9495798319327731,0.5150210864961835
0.3529411764705882,0.9495798319327731,0.5169504047652274
0.36134453781512604,0.9495798319327731,0.5188792178341066
0.36974789915966383,0.9495798319327731,0.5208074683710275
0.37815126050420167,0.9495798319327731,0.5227350991111919
0.38655462184873945,0.9495798319327731,0.524662052863585
0.3949579831932773,0.9495798319327731,0.5265882725177414
0.40336134453781514,0.9495798319327731,0.5285137010504927
0.4117647058823529,0.9495798319327731,0.5304382815326921
0.42016806722689076,0.9495798319327731,0.5323619571359179
0.42857142857142855,0.9495798319327731,0.5342846711391479
0.4369747899159664,0.9495798319327731,0.536206366935406
0.4453781512605042,0.9495798319327731,0.5381269880383885
0.453781512605042,0.9495798319327731,0.5400464780890476
0.4621848739495798,0.9495798319327731,0.5419647808621545
0.47058823529411764,0.9495798319327731,0.5438818402728226
0.4789915966386554,0.9495798319327731,0.545797600382993
0.48739495798319327,0.9495798319327731,0.5477120054078943
0.49579831932773105,0.9495798319327731,0.5496249997224507
0.5042016806722689,0.9495798319327731,0.5515365278676609
0.5126050420168067,0.9495798319327731,0.5534465345569287
0.5210084033613445,0.9495798319327731,0.5553549646823536
0.5294117647058824,0.9495798319327731,0.5572617633209798
0.5378151260504201,0.9495798319327731,0.5591668757409924
0.5462184873949579,0.9495798319327731,0.5610702474078747
0.5546218487394958,0.9495798319327731,0.5629718239905084
0.5630252100840336,0.9495798319327731,0.5648715513672292
0.5714285714285714,0.9495798319327731,0.5667693756318312
0.5798319327731092,0.9495798319327731,0.5686652430995154
0.5882352941176471,0.9495798319327731,0.5705591003127861
0.5966386554621849,0.9495798319327731,0.5724508940472883
0.6050420168067226,0.9495798319327731,0.5743405713175932
0.6134453781512604,0.9495798319327731,0.576228079382923
0.6218487394957983,0.9495798319327731,0.5781133657528179
0.6302521008403361,0.9495798319327731,0.5799963781927368
0.6386554621848739,0.9495798319327731,0.5818770647296058
0.6470588235294117,0.9495798319327731,0.5837553736572937
0.6554621848739496,0.9495798319327731,0.5856312535420307
0.6638655462184874,0.9495798319327731,0.5875046532277604
0.6722689075630252,0.9495798319327731,0.5893755218414198
0.680672268907563,0.9495798319327731,0.5912438087981616
0.6890756302521008,0.9495798319327731,0.5931094638064945
0.6974789915966386,0.9495798319327731,0.5949724368733719
0.7058823529411764,0.9495798319327731,0.5968326783091938
0.7142857142857143,0.9495798319327731,0.5986901387327435
0.7226890756302521,0.9495798319327731,0.6005447690760549
0.7310924369747899,0.9495798319327731,0.6023965205892013
0.7394957983193277,0.9495798319327731,0.6042453448450137
0.7478991596638656,0.9495798319327731,0.6060911937437199
0.7563025210084033,0.9495798319327731,0.6079340195175126
0.7647058823529411,0.9495798319327731,0.6097737747350389
0.7731092436974789,0.9495798319327731,0.6116104123058067
0.7815126050420168,0.9495798319327731,0.6134438854845251
0.7899159663865546,0.9495798319327731,0.6152741478753562
0.7983193277310924,0.9495798319327731,0.6171011534360862
0.8067226890756303,0.9495798319327731,0.6189248564822274
0.8151260504201681,0.9495798319327731,0.6207452116910231
0.8235294117647058,0.9495798319327731,0.622562174105389
0.8319327731092436,0.9495798319327731,0.6243756991377579
0.8403361344537815,0.9495798319327731,0.6261857425738505
0.8487394957983193,0.9495798319327731,0.6279922605763582
0.8571428571428571,0.9495798319327731,0.6297952096885453
0.8655462184873949,0.9495798319327731,0.631594546837768
0.8739495798319328,0.9495798319327731,0.6333902293389073
0.8823529411764706,0.9495798319327731,0.6351822148977175
0.8907563025210083,0.9495798319327731,0.6369704616140887
0.8991596638655461,0.9495798319327731,0.6387549279852287
0.907563025210084,0.9495798319327731,0.64053557290875
0.9159663865546218,0.9495798319327731,0.6423123556856858
0.9243697478991596,0.9495798319327731,0.6440852360234005
0.9327731092436974,0.9495798319327731,0.6458541740384344
0.9411764705882353,0.9495798319327731,0.647619130259246
0.9495798319327731,0.9495798319327731,0.6493800656288726
0.9579831932773109,0.9495798319327731,0.6511369415075129
0.9663865546218487,0.9495798319327731,0.6528897196750079
0.9747899159663865,0.9495798319327731,0.654638362333245
0.9831932773109243,0.9495798319327731,0.6563828321084758
0.9915966386554621,0.9495798319327731,0.6581230920535411
1.0,0.9495798319327731,0.6598591056500136
0.0,0.9579831932773109,0.4365450201776481
0.008403361344537815,0.9579831932773109,0.4384113674605687
0.01680672268907563,0.9579831932773109,0.44027945904302374
0.025210084033613446,0.9579831932773109,0.44214924357412777
0.03361344537815126,0.9579831932773109,0.44402066951242475
0.04201680672268907,0.9579831932773109,0.44589368513143623
0.05042016806722689,0.9579831932773109,0.44776823852526204
0.058823529411764705,0.9579831932773109,0.4496442776142199
0.06722689075630252,0.9579831932773109,0.4515217501505235
0.07563025210084033,0.9579831932773109,0.45340060372400853
0.08403361344537814,0.9579831932773109,0.4552807857678852
0.09243697478991596,0.9579831932773109,0.4571622435645459
0.10084033613445378,0.9579831932773109,0.4590449242513903
0.1092436974789916,0.9579831932773109,0.4609287748267007
0.11764705882352941,0.9579831932773109,0.4628137421555394
0.12605042016806722,0.9579831932773109,0.4646997729756853
0.13445378151260504,0.9579831932773109,0.4665868139036003
0.14285714285714285,0.9579831932773109,0.4684748114404212
0.15126050420168066,0.9579831932773109,0.4703637119779833
0.15966386554621848,0.9579831932773109,0.4722534618048688
0.1680672268907563,0.9579831932773109,0.4741440071124821
0.1764705882352941,0.9579831932773109,0.4760352940011459
0.18487394957983191,0.9579831932773109,0.47792726848622014
0.19327731092436973,0.9579831932773109,0.4798198765042436
0.20168067226890757,0.9579831932773109,0.4817130639190937
0.21008403361344538,0.9579831932773109,0.4836067765281604
0.2184873949579832,0.9579831932773109,0.4855009600685439
0.226890756302521,0.9579831932773109,0.48739556022326014
0.23529411764705882,0.9579831932773109,0.48929052262746187
0.24369747899159663,0.9579831932773109,0.49118579287467246
0.25210084033613445,0.9579831932773109,0.49308131652302917
0.26050420168067223,0.9579831932773109,0.4949770391015315
0.2689075630252101,0.9579831932773109,0.4968729061163064
0.2773109243697479,0.9579831932773109,0.4987688630568645
0.2857142857142857,0.9579831932773109,0.5006648554023768
0.29411764705882354,0.9579831932773109,0.5025608286279408
0.3025210084033613,0.9579831932773109,0.5044567282108506
0.31092436974789917,0.9579831932773109,0.5063524996368753
0.31932773109243695,0.9579831932773109,0.5082480884065198
0.3277310924369748,0.9579831932773109,0.5101434400412986
0.3361344537815126,0.9579831932773109,0.512038500089991
0.3445378151260504,0.9579831932773109,0.5139332141348961
0.3529411764705882,0.9579831932773109,0.5158275277980803
0.36134453781512604,0.9579831932773109,0.5177213867476108
0.36974789915966383,0.9579831932773109,0.519614736703785
0.37815126050420167,0.9579831932773109,0.5215075234453365
0.38655462184873945,0.9579831932773109,0.523399692815636
0.3949579831932773,0.9579831932773109,0.525291190728876
0.40336134453781514,0.9579831932773109,0.5271819631762289
0.4117647058823529,0.9579831932773109,0.5290719562320002
0.42016806722689076,0.9579831932773109,0.5309611160597513
0.42857142857142855,0.9579831932773109,0.5328493889184012
0.4369747899159664,0.9579831932773109,0.5347367211683131
0.4453781512605042,0.9579831932773109,0.5366230592773461
0.453781512605042,0.9579831932773109,0.5385083498268876
0.4621848739495798,0.9579831932773109,0.5403925395178574
0.47058823529411764,0.9579831932773109,0.5422755751766778
0.4789915966386554,0.9579831932773109,0.5441574037612227
0.48739495798319327,0.9579831932773109,0.5460379723667236
0.49579831932773105,0.9579831932773109,0.5479172282316553
0.5042016806722689,0.9579831932773109,0.5497951187435764
0.5126050420168067,0.9579831932773109,0.551671591444934
0.5210084033613445,0.9579831932773109,0.5535465940388455
0.5294117647058824,0.9579831932773109,0.5554200743948211
0.5378151260504201,0.9579831932773109,0.5572919805544649
0.5462184873949579,0.9579831932773109,0.5591622607371245
0.5546218487394958,0.9579831932773109,0.5610308633454948
0.5630252100840336,0.9579831932773109,0.5628977369711954
0.5714285714285714,0.9579831932773109,0.564762830400283
0.5798319327731092,0.9579831932773109,0.5666260926187309
0.5882352941176471,0.9579831932773109,0.5684874728178573
0.5966386554621849,0.9579831932773109,0.5703469203996979
0.6050420168067226,0.9579831932773109,0.5722043849823468
0.6134453781512604,0.9579831932773109,0.5740598164052276
0.6218487394957983,0.9579831932773109,0.5759131647343213
0.6302521008403361,0.9579831932773109,0.5777643802673449
0.6386554621848739,0.9579831932773109,0.5796134135388649
0.6470588235294117,0.9579831932773109,0.5814602153253674
0.6554621848739496,0.9579831932773109,0.5833047366502659
0.6638655462184874,0.9579831932773109,0.585146928788849
0.6722689075630252,0.9579831932773109,0.5869867432731777
0.680672268907563,0.9579831932773109,0.5888241318969166
0.6890756302521008,0.9579831932773109,0.5906590467201086
0.6974789915966386,0.9579831932773109,0.5924914400738904
0.7058823529411764,0.9579831932773109,0.5943212645651359
0.7142857142857143,0.9579831932773109,0.5961484730810518
0.7226890756302521,0.9579831932773109,0.5979730187936981
0.7310924369747899,0.9579831932773109,0.5997948551644471
0.7394957983193277,0.9579831932773109,0.6016139359483803
0.7478991596638656,0.9579831932773109,0.6034302151986097
0.7563025210084033,0.9579831932773109,0.6052436472705505
0.7647058823529411,0.9579831932773109,0.6070541868261017
0.7731092436974789,0.9579831932773109,0.6088617888377802
0.7815126050420168,0.9579831932773109,0.6106664085927739
0.7899159663865546,0.9579831932773109,0.6124680016969264
0.7983193277310924,0.9579831932773109,0.6142665240786566
0.8067226890756303,0.9579831932773109,0.6160619319927996
0.8151260504201681,0.9579831932773109,0.6178541820243836
0.8235294117647058,0.9579831932773109,0.619643231092331
0.8319327731092436,0.9579831932773109,0.6214290364530856
0.8403361344537815,0.9579831932773109,0.6232115557041715
0.8487394957983193,0.9579831932773109,0.6249907467876696
0.8571428571428571,0.9579831932773109,0.6267665679936336
0.8655462184873949,0.9579831932773109,0.6285389779634192
0.8739495798319328,0.9579831932773109,0.6303079356929403
0.8823529411764706,0.9579831932773109,0.6320734005358628
0.8907563025210083,0.9579831932773109,0.6338353322067019
0.8991596638655461,0.9579831932773109,0.6355936907838595
0.907563025210084,0.9579831932773109,0.6373484367125812
0.9159663865546218,0.9579831932773109,0.6390995308078333
0.9243697478991596,0.9579831932773109,0.6408469342571109
0.9327731092436974,0.9579831932773109,0.6425906086231581
0.9411764705882353,0.9579831932773109,0.644330515846619
0.9495798319327731,0.9579831932773109,0.646066618248613
0.9579831932773109,0.9579831932773109,0.6477988785332248
0.9663865546218487,0.9579831932773109,0.6495272597899263
0.9747899159663865,0.9579831932773109,0.6512517254959104
0.9831932773109243,0.9579831932773109,0.6529722395183578
0.9915966386554621,0.9579831932773109,0.6546887661166202
1.0,0.9579831932773109,0.6564012699443221
0.0,0.9663865546218487,0.4368977751462423
0.008403361344537815,0.9663865546218487,0.4387296863626138
0.01680672268907563,0.9663865546218487,0.4405632691157848
0.025210084033613446,0.9663865546218487,0.44239847484054434
0.03361344537815126,0.9663865546218487,0.4442352547956905
0.04201680672268907,0.9663865546218487,0.44607356006908666
0.05042016806722689,0.9663865546218487,0.44791334158276735
0.058823529411764705,0.9663865546218487,0.4497545500980694
0.06722689075630252,0.9663865546218487,0.4515971362208127
0.07563025210084033,0.9663865546218487,0.4534410504065081
0.08403361344537814,0.9663865546218487,0.45528624296560144
0.09243697478991596,0.9663865546218487,0.4571326640687562
0.10084033613445378,0.9663865546218487,0.45898026375215817
0.1092436974789916,0.9663865546218487,0.460828991922866
0.11764705882352941,0.9663865546218487,0.4626787983641758
0.12605042016806722,0.9663865546218487,0.4645296327410265
0.13445378151260504,0.9663865546218487,0.4663814446054304
0.14285714285714285,0.9663865546218487,0.46823418340191814
0.15126050420168066,0.9663865546218487,0.47008779847303067
0.15966386554621848,0.9663865546218487,0.4719422390648131
0.1680672268907563,0.9663865546218487,0.4737974543323474
0.1764705882352941,0.9663865546218487,0.47565339334529694
0.18487394957983191,0.9663865546218487,0.47751000509347175
0.19327731092436973,0.9663865546218487,0.47936723849242063
0.20168067226890757,0.9663865546218487,0.48122504238902486
0.21008403361344538,0.9663865546218487,0.4830833655671307
0.2184873949579832,0.9663865546218487,0.48494215675317254
0.226890756302521,0.9663865546218487,0.4868013646218241
0.23529411764705882,0.9663865546218487,0.4886609378016604
0.24369747899159663,0.9663865546218487,0.4905208248808279
0.25210084033613445,0.9663865546218487,0.49238097441272155
0.26050420168067223,0.9663865546218487,0.49424133492167954
0.2689075630252101,0.9663865546218487,0.4961018549086707
0.2773109243697479,0.9663865546218487,0.4979624828570014
0.2857142857142857,0.9663865546218487,0.49982316723801873
0.29411764705882354,0.9663865546218487,0.5016838565168161
0.3025210084033613,0.9663865546218487,0.5035444991579465
0.31092436974789917,0.9663865546218487,0.5054050436311287
0.31932773109243695,0.9663865546218487,0.5072654384169554
0.3277310924369748,0.9663865546218487,0.5091256320126017
0.3361344537815126,0.9663865546218487,0.5109855729375231
0.3445378151260504,0.9663865546218487,0.5128452097391561
0.3529411764705882,0.9663865546218487,0.5147044909986015
0.36134453781512604,0.9663865546218487,0.5165633653363139
0.36974789915966383,0.9663865546218487,0.5184217814177707
0.37815126050420167,0.9663865546218487,0.5202796879591314
0.38655462184873945,0.9663865546218487,0.5221370337328962
0.3949579831932773,0.9663865546218487,0.5239937675735327
0.40336134453781514,0.9663865546218487,0.5258498383831051
0.4117647058823529,0.9663865546218487,0.527705195136879
0.42016806722689076,0.9663865546218487,0.5295597868889104
0.42857142857142855,0.9663865546218487,0.5314135627776171
0.4369747899159664,0.9663865546218487,0.5332664720313298
0.4453781512605042,0.9663865546218487,0.535118463973823
0.453781512605042,0.9663865546218487,0.5369694880298217
0.4621848739495798,0.9663865546218487,0.5388194937304863
0.47058823529411764,0.9663865546218487,0.5406684307188724
0.4789915966386554,0.9663865546218487,0.5425162487553643
0.48739495798319327,0.9663865546218487,0.5443628977230821
0.49579831932773105,0.9663865546218487,0.5462083276332576
0.5042016806722689,0.9663865546218487,0.5480524886305813
0.5126050420168067,0.9663865546218487,0.5498953309985259
0.5210084033613445,0.9663865546218487,0.5517368051646228
0.5294117647058824,0.9663865546218487,0.5535768617057206
0.5378151260504201,0.9663865546218487,0.5554154513531981
0.5462184873949579,0.9663865546218487,0.5572525249981484
0.5546218487394958,0.9663865546218487,0.5590880336965214
0.5630252100840336,0.9663865546218487,0.5609219286742356
0.5714285714285714,0.9663865546218487,0.5627541613322408
0.5798319327731092,0.9663865546218487,0.564584683251551
0.5882352941176471,0.9663865546218487,0.5664134461982262
0.5966386554621849,0.9663865546218487,0.5682404021283229
0.6050420168067226,0.9663865546218487,0.5700655031927939
0.6134453781512604,0.9663865546218487,0.5718887017423411
0.6218487394957983,0.9663865546218487,0.5737099503322358
0.6302521008403361,0.9663865546218487,0.5755292017270779
0.6386554621848739,0.9663865546218487,0.5773464089055187
0.6470588235294117,0.9663865546218487,0.5791615250649306
0.6554621848739496,0.9663865546218487,0.5809745036260269
0.6638655462184874,0.9663865546218487,0.5827852982374353
0.6722689075630252,0.9663865546218487,0.5845938627802163
0.680672268907563,0.9663865546218487,0.586400151372336
0.6890756302521008,0.9663865546218487,0.5882041183730787
0.6974789915966386,0.9663865546218487,0.5900057183874091
0.7058823529411764,0.9663865546218487,0.591804906270284
0.7142857142857143,0.9663865546218487,0.5936016371309031
0.7226890756302521,0.9663865546218487,0.5953958663369072
0.7310924369747899,0.9663865546218487,0.597187549518518
0.7394957983193277,0.9663865546218487,0.5989766425726234
0.7478991596638656,0.9663865546218487,0.6007631016667999
0.7563025210084033,0.9663865546218487,0.6025468832432808
0.7647058823529411,0.9663865546218487,0.6043279440228639
0.7731092436974789,0.9663865546218487,0.6061062410087568
0.7815126050420168,0.9663865546218487,0.607881731490362
0.7899159663865546,0.9663865546218487,0.6096543730470046
0.7983193277310924,0.9663865546218487,0.6114241235515923
0.8067226890756303,0.9663865546218487,0.6131909411742179
0.8151260504201681,0.9663865546218487,0.6149547843856943
0.8235294117647058,0.9663865546218487,0.6167156119610294
0.8319327731092436,0.9663865546218487,0.6184733829828355
0.8403361344537815,0.9663865546218487,0.6202280568446721
0.8487394957983193,0.9663865546218487,0.6219795932543304
0.8571428571428571,0.9663865546218487,0.623727952237044
0.8655462184873949,0.9663865546218487,0.6254730941386363
0.8739495798319328,0.9663865546218487,0.6272149796286064
0.8823529411764706,0.9663865546218487,0.628953569703147
0.8907563025210083,0.9663865546218487,0.6306888256880826
0.8991596638655461,0.9663865546218487,0.6324207092417649
0.907563025210084,0.9663865546218487,0.6341491823578738
0.9159663865546218,0.9663865546218487,0.6358742073681756
0.9243697478991596,0.9663865546218487,0.6375957469451928
0.9327731092436974,0.9663865546218487,0.6393137641048142
0.9411764705882353,0.9663865546218487,0.6410282222088421
0.9495798319327731,0.9663865546218487,0.6427390849674561
0.9579831932773109,0.9663865546218487,0.6444463164416259
0.9663865546218487,0.9663865546218487,0.6461498810454408
0.9747899159663865,0.9663865546218487,0.6478497435483733
0.9831932773109243,0.9663865546218487,0.6495458690774808
0.9915966386554621,0.9663865546218487,0.6512382231195285
1.0,0.9663865546218487,0.6529267715230497
0.0,0.9747899159663865,0.43725059396065613
0.008403361344537815,0.9747899159663865,0.4390480556964812
0.01680672268907563,0.9747899159663865,0.44084711804299087
0.025210084033613446,0.9747899159663865,0.442647735119251
0.03361344537815126,0.9747899159663865,0.4444498608820379
0.04201680672268907,0.9747899159663865,0.44625344913044124
0.05042016806722689,0.9747899159663865,0.448058453510503
0.058823529411764705,0.9747899159663865,0.44986482751989004
0.06722689075630252,0.9747899159663865,0.4516725245125962
0.07563025210084033,0.9747899159663865,0.4534814977036868
0.08403361344537814,0.9747899159663865,0.4552917001740582
0.09243697478991596,0.9747899159663865,0.45710308487523854
0.10084033613445378,0.9747899159663865,0.4589156046342155
0.1092436974789916,0.9747899159663865,0.46072921215828927
0.11764705882352941,0.9747899159663865,0.462543860039953
0.12605042016806722,0.9747899159663865,0.4643595007618014
0.13445378151260504,0.9747899159663865,0.4661760867014593
0.14285714285714285,0.9747899159663865,0.46799357013653803
0.15126050420168066,0.9747899159663865,0.46981190324961136
0.15966386554621848,0.9747899159663865,0.47163103813321433
0.1680672268907563,0.9747899159663865,0.4734509267948639
0.1764705882352941,0.9747899159663865,0.4752715211620919
0.18487394957983191,0.9747899159663865,0.4770927730875069
0.19327731092436973,0.9747899159663865,0.4789146343538613
0.20168067226890757,0.9747899159663865,0.48073705667914196
0.21008403361344538,0.9747899159663865,0.4825599917216783
0.2184873949579832,0.9747899159663865,0.48438339108524653
0.226890756302521,0.9747899159663865,0.4862072063242114
0.23529411764705882,0.9747899159663865,0.4880313889486581
0.24369747899159663,0.9747899159663865,0.48985589042954497
0.25210084033613445,0.9747899159663865,0.4916806622038631
0.26050420168067223,0.9747899159663865,0.49350565567980026
0.2689075630252101,0.9747899159663865,0.4953308222419173
0.2773109243697479,0.9747899159663865,0.49715611325632353
0.2857142857142857,0.9747899159663865,0.4989814800758603
0.29411764705882354,0.9747899159663865,0.5008068740452879
0.3025210084033613,0.9747899159663865,0.5026322465064701
0.31092436974789917,0.9747899159663865,0.5044575488035662
0.31932773109243695,0.9747899159663865,0.5062827322882149
0.3277310924369748,0.9747899159663865,0.50810774832472
0.3361344537815126,0.9747899159663865,0.5099325482952397
0.3445378151260504,0.9747899159663865,0.5117570836049558
0.3529411764705882,0.9747899159663865,0.513581305687254
0.36134453781512604,0.9747899159663865,0.5154051660088916
0.36974789915966383,0.9747899159663865,0.5172286160751516
0.37815126050420167,0.9747899159663865,0.5190516074350007
0.38655462184873945,0.9747899159663865,0.5208740916862257
0.3949579831932773,0.9747899159663865,0.5226960204805662
0.40336134453781514,0.9747899159663865,0.5245173455288301
0.4117647058823529,0.9747899159663865,0.5263380186060007
0.42016806722689076,0.9747899159663865,0.5281579915563254
0.42857142857142855,0.9747899159663865,0.5299772162983909
0.4369747899159664,0.9747899159663865,0.5317956448301804
0.4453781512605042,0.9747899159663865,0.5336132292341147
0.453781512605042,0.9747899159663865,0.5354299216820715
0.4621848739495798,0.9747899159663865,0.5372456744403873
0.47058823529411764,0.9747899159663865,0.5390604398748363
0.4789915966386554,0.9747899159663865,0.5408741704555885
0.48739495798319327,0.9747899159663865,0.542686818762145
0.49579831932773105,0.9747899159663865,0.5444983374882411
0.5042016806722689,0.9747899159663865,0.5463086794467397
0.5126050420168067,0.9747899159663865,0.5481177975744806
0.5210084033613445,0.9747899159663865,0.5499256449371155
0.5294117647058824,0.9747899159663865,0.5517321747339075
0.5378151260504201,0.9747899159663865,0.5535373403024972
0.5462184873949579,0.9747899159663865,0.5553410951236538
0.5546218487394958,0.9747899159663865,0.5571433928259742
0.5630252100840336,0.9747899159663865,0.5589441871905658
0.5714285714285714,0.9747899159663865,0.5607434321556849
0.5798319327731092,0.9747899159663865,0.562541081821345
0.5882352941176471,0.9747899159663865,0.5643370904538921
0.5966386554621849,0.9747899159663865,0.5661314124905383
0.6050420168067226,0.9747899159663865,0.5679240025438578
0.6134453781512604,0.9747899159663865,0.5697148154062505
0.6218487394957983,0.9747899159663865,0.5715038060543594
0.6302521008403361,0.9747899159663865,0.5732909296534536
0.6386554621848739,0.9747899159663865,0.5750761415617667
0.6470588235294117,0.9747899159663865,0.5768593973347931
0.6554621848739496,0.9747899159663865,0.578640652729544
0.6638655462184874,0.9747899159663865,0.580419863708755
0.6722689075630252,0.9747899159663865,0.5821969864450587
0.680672268907563,0.9747899159663865,0.5839719773251043
0.6890756302521008,0.9747899159663865,0.5857447929536275
0.6974789915966386,0.9747899159663865,0.587515390157488
0.7058823529411764,0.9747899159663865,0.5892837259896462
0.7142857142857143,0.9747899159663865,0.5910497577330971
0.7226890756302521,0.9747899159663865,0.5928134429047557
0.7310924369747899,0.9747899159663865,0.5945747392592906
0.7394957983193277,0.9747899159663865,0.5963336047929121
0.7478991596638656,0.9747899159663865,0.5980899977470986
0.7563025210084033,0.9747899159663865,0.5998438766122892
0.7647058823529411,0.9747899159663865,0.6015952001315078
0.7731092436974789,0.9747899159663865,0.6033439273039378
0.7815126050420168,0.9747899159663865,0.6050900173884554
0.7899159663865546,0.9747899159663865,0.6068334299070886
0.7983193277310924,0.9747899159663865,0.6085741246484442
0.8067226890756303,0.9747899159663865,0.6103120616710627
0.8151260504201681,0.9747899159663865,0.6120472013067233
0.8235294117647058,0.9747899159663865,0.6137795041636971
0.8319327731092436,0.9747899159663865,0.6155089311299361
0.8403361344537815,0.9747899159663865,0.6172354433762136
0.8487394957983193,0.9747899159663865,0.6189590023592036
0.8571428571428571,0.9747899159663865,0.6206795698244968
0.8655462184873949,0.9747899159663865,0.6223971078095687
0.8739495798319328,0.9747899159663865,0.624111578646685
0.8823529411764706,0.9747899159663865,0.6258229449657449
0.8907563025210083,0.9747899159663865,0.6275311696970696
0.8991596638655461,0.9747899159663865,0.6292362160741283
0.907563025210084,0.9747899159663865,0.630938047636211
0.9159663865546218,0.9747899159663865,0.6326366282310306
0.9243697478991596,0.9747899159663865,0.6343319220172713
0.9327731092436974,0.9747899159663865,0.6360238934670803
0.9411764705882353,0.9747899159663865,0.6377125073684872
0.9495798319327731,0.9747899159663865,0.6393977288277755
0.9579831932773109,0.9747899159663865,0.6410795232717843
0.9663865546218487,0.9747899159663865,0.6427578564501524
0.9747899159663865,0.9747899159663865,0.6444326944374957
0.9831932773109243,0.9747899159663865,0.6461040036355348
0.9915966386554621,0.9747899159663865,0.6477717507751471
1.0,0.9747899159663865,0.6494359029183672
0.0,0.9831932773109243,0.4376034762753716
0.008403361344537815,0.9831932773109243,0.4393664752080479
0.01680672268907563,0.9831932773109243,0.4411310056443678
0.025210084033613446,0.9831932773109243,0.4428970242880564
0.03361344537815126,0.9831932773109243,0.44466448769341294
0.04201680672268907,0.9831932773109243,0.44643335226948727
0.05042016806722689,0.9831932773109243,0.4482035742842976
0.058823529411764705,0.9831932773109243,0.4499751098690624
0.06722689075630252,0.9831932773109243,0.4517479150224785
0.07563025210084033,0.9831932773109243,0.45352194561501935
0.08403361344537814,0.9831932773109243,0.45529715739325133
0.09243697478991596,0.9831932773109243,0.45707350598419794
0.10084033613445378,0.9831932773109243,0.45885094689970857
0.1092436974789916,0.9831932773109243,0.46062943554086744
0.11764705882352941,0.9831932773109243,0.4624089272024154
0.12605042016806722,0.9831932773109243,0.4641893770772
0.13445378151260504,0.9831932773109243,0.4659707402606505
0.14285714285714285,0.9831932773109243,0.46775297175526226
0.15126050420168066,0.9831932773109243,0.4695360264751165
0.15966386554621848,0.9831932773109243,0.4713198592504059
0.1680672268907563,0.9831932773109243,0.4731044248319875
0.1764705882352941,0.9831932773109243,0.4748896778959468
0.18487394957983191,0.9831932773109243,0.4766755730481806
0.19327731092436973,0.9831932773109243,0.4784620648289974
0.20168067226890757,0.9831932773109243,0.4802491077177255
0.21008403361344538,0.9831932773109243,0.4820366561373416
0.2184873949579832,0.9831932773109243,0.4838246644591057
0.226890756302521,0.9831932773109243,0.4856130870072127
0.23529411764705882,0.9831932773109243,0.48740187806344676
0.24369747899159663,0.9831932773109243,0.4891909918718557
0.25210084033613445,0.9831932773109243,0.4909803826434214
0.26050420168067223,0.9831932773109243,0.4927700045607474
0.2689075630252101,0.9831932773109243,0.49455981178274816
0.2773109243697479,0.9831932773109243,0.4963497584493399
0.2857142857142857,0.9831932773109243,0.4981397986861459
0.29411764705882354,0.9831932773109243,0.4999298866091943
0.3025210084033613,0.9831932773109243,0.5017199763296231
0.31092436974789917,0.9831932773109243,0.5035100219583887
0.31932773109243695,0.9831932773109243,0.5052999776109633
0.3277310924369748,0.9831932773109243,0.5070897974120501
0.3361344537815126,0.9831932773109243,0.5088794355002766
0.3445378151260504,0.9831932773109243,0.5106688460328992
0.3529411764705882,0.9831932773109243,0.512457983190496
0.36134453781512604,0.9831932773109243,0.5142468011816572
0.36974789915966383,0.9831932773109243,0.5160352542476703
0.37815126050420167,0.9831932773109243,0.5178232966671957
0.38655462184873945,0.9831932773109243,0.5196108827609376
0.3949579831932773,0.9831932773109243,0.5213979668963028
0.40336134453781514,0.9831932773109243,0.5231845034920464
0.4117647058823529,0.9831932773109243,0.5249704470229177
0.42016806722689076,0.9831932773109243,0.5267557520242793
0.42857142857142855,0.9831932773109243,0.5285403730967256
0.4369747899159664,0.9831932773109243,0.5303242649106785
0.4453781512605042,0.9831932773109243,0.5321073822109712
0.453781512605042,0.9831932773109243,0.5338896798214194
0.4621848739495798,0.9831932773109243,0.5356711126493671
0.47058823529411764,0.9831932773109243,0.537451635690222
0.4789915966386554,0.9831932773109243,0.5392312040319707
0.48739495798319327,0.9831932773109243,0.541009772859667
0.49579831932773105,0.9831932773109243,0.5427872974599103
0.5042016806722689,0.9831932773109243,0.544563733225292
0.5126050420168067,0.9831932773109243,0.5463390356588276
0.5210084033613445,0.9831932773109243,0.5481131603783599
0.5294117647058824,0.9831932773109243,0.5498860631209347
0.5378151260504201,0.9831932773109243,0.5516576997471597
0.5462184873949579,0.9831932773109243,0.553428026245533
0.5546218487394958,0.9831932773109243,0.5551969987367386
0.5630252100840336,0.9831932773109243,0.5569645734779246
0.5714285714285714,0.9831932773109243,0.5587307068669398
0.5798319327731092,0.9831932773109243,0.5604953554465547
0.5882352941176471,0.9831932773109243,0.5622584759086398
0.5966386554621849,0.9831932773109243,0.564020025098315
0.6050420168067226,0.9831932773109243,0.565779960018074
0.6134453781512604,0.9831932773109243,0.5675382378318623
0.6218487394957983,0.9831932773109243,0.5692948158691366
0.6302521008403361,0.9831932773109243,0.571049651628876
0.6386554621848739,0.9831932773109243,0.5728027027835653
0.6470588235294117,0.9831932773109243,0.5745539271831401
0.6554621848739496,0.9831932773109243,0.5763032828588912
0.6638655462184874,0.9831932773109243,0.5780507280273388
0.6722689075630252,0.9831932773109243,0.5797962210940629
0.680672268907563,0.9831932773109243,0.5815397206574932
0.6890756302521008,0.9831932773109243,0.583281185512663
0.6974789915966386,0.9831932773109243,0.5850205746549224
0.7058823529411764,0.9831932773109243,0.5867578472836048
0.7142857142857143,0.9831932773109243,0.5884929628056587
0.7226890756302521,0.9831932773109243,0.5902258808392314
0.7310924369747899,0.9831932773109243,0.5919565612172139
0.7394957983193277,0.9831932773109243,0.5936849639907358
0.7478991596638656,0.9831932773109243,0.5954110494326232
0.7563025210084033,0.9831932773109243,0.5971347780408103
0.7647058823529411,0.9831932773109243,0.5988561105416956
0.7731092436974789,0.9831932773109243,0.6005750078934675
0.7815126050420168,0.9831932773109243,0.6022914312893717
0.7899159663865546,0.9831932773109243,0.6040053421609352
0.7983193277310924,0.9831932773109243,0.6057167021811458
0.8067226890756303,0.9831932773109243,0.6074254732675783
0.8151260504201681,0.9831932773109243,0.6091316175854742
0.8235294117647058,0.9831932773109243,0.6108350975507714
0.8319327731092436,0.9831932773109243,0.6125358758330895
0.8403361344537815,0.9831932773109243,0.6142339153586591
0.8487394957983193,0.9831932773109243,0.6159291793132011
0.8571428571428571,0.9831932773109243,0.6176216311447611
0.8655462184873949,0.9831932773109243,0.6193112345664861
0.8739495798319328,0.9831932773109243,0.620997953559351
0.8823529411764706,0.9831932773109243,0.622681752374843
0.8907563025210083,0.9831932773109243,0.6243625955375736
0.8991596638655461,0.9831932773109243,0.6260404478478645
0.907563025210084,0.9831932773109243,0.6277152743842557
0.9159663865546218,0.9831932773109243,0.6293870405059749
0.9243697478991596,0.9831932773109243,0.6310557118553566
0.9327731092436974,0.9831932773109243,0.6327212543601926
0.9411764705882353,0.9831932773109243,0.6343836342360466
0.9495798319327731,0.9831932773109243,0.6360428179885014
0.9579831932773109,0.9831932773109243,0.6376987724153601
0.9663865546218487,0.9831932773109243,0.6393514646087898
0.9747899159663865,0.9831932773109243,0.6410008619574084
0.9831932773109243,0.9831932773109243,0.6426469321483248
0.9915966386554621,0.9831932773109243,0.6442896431691181
1.0,0.9831932773109243,0.6459289633097604
0.0,0.9915966386554621,0.4379564217446174
0.008403361344537815,0.9915966386554621,0.43968494464302704
0.01680672268907563,0.9915966386554621,0.44141493173954144
0.025210084033613446,0.9915966386554621,0.44314634222471405
0.03361344537815126,0.9915966386554621,0.44487913515173094
0.04201680672268907,0.9915966386554621,0.4466132694402017
0.05042016806722689,0.9915966386554621,0.44834870387997205
0.058823529411764705,0.9915966386554621,0.4500853971349687
0.06722689075630252,0.9915966386554621,0.45182330774706636
0.07563025210084033,0.9915966386554621,0.45356239413998023
0.08403361344537814,0.9915966386554621,0.4553026146231816
0.09243697478991596,0.9915966386554621,0.45704392739584015
0.10084033613445378,0.9915966386554621,0.45878629055078657
0.1092436974789916,0.9915966386554621,0.46052966207849866
0.11764705882352941,0.9915966386554621,0.46227399987110374
0.12605042016806722,0.9915966386554621,0.4640192617264105
0.13445378151260504,0.9915966386554621,0.46576540535195143
0.14285714285714285,0.9915966386554621,0.46751238836904757
0.15126050420168066,0.9915966386554621,0.4692601683168937
0.15966386554621848,0.9915966386554621,0.47100870265665296
0.1680672268907563,0.9915966386554621,0.47275794877557964
0.1764705882352941,0.9915966386554621,0.4745078639911413
0.18487394957983191,0.9915966386554621,0.4762584055551737
0.19327731092436973,0.9915966386554621,0.4780095306580347
0.20168067226890757,0.9915966386554621,0.47976119643277515
0.21008403361344538,0.9915966386554621,0.48151335995932865
0.2184873949579832,0.9915966386554621,0.483265978268701
0.226890756302521,0.9915966386554621,0.485019008347178
0.23529411764705882,0.9915966386554621,0.4867724071405397
0.24369747899159663,0.9915966386554621,0.4885261315582837
0.25210084033613445,0.9915966386554621,0.49028013847785634
0.26050420168067223,0.9915966386554621,0.4920343847488895
0.2689075630252101,0.9915966386554621,0.493788827197443
0.2773109243697479,0.9915966386554621,0.4955434226302542
0.2857142857142857,0.9915966386554621,0.4972981278389888
0.29411764705882354,0.9915966386554621,0.49905289960449867
0.3025210084033613,0.9915966386554621,0.5008076947010764
0.31092436974789917,0.9915966386554621,0.5025624699007157
0.31932773109243695,0.9915966386554621,0.504317181977371
0.3277310924369748,0.9915966386554621,0.5060717877112162
0.3361344537815126,0.9915966386554621,0.5078262438929032
0.3445378151260504,0.9915966386554621,0.509580507327817
0.3529411764705882,0.9915966386554621,0.5113345348403268
0.36134453781512604,0.9915966386554621,0.5130882832780364
0.36974789915966383,0.9915966386554621,0.5148417095160269
0.37815126050420167,0.9915966386554621,0.5165947704610943
0.38655462184873945,0.9915966386554621,0.5183474230559839
0.3949579831932773,0.9915966386554621,0.5200996242836076
0.40336134453781514,0.9915966386554621,0.5218513311712668
0.4117647058823529,0.9915966386554621,0.523602500794851
0.42016806722689076,0.9915966386554621,0.5253530902830407
0.42857142857142855,0.9915966386554621,0.527103056821489
0.4369747899159664,0.9915966386554621,0.5288523576569921
0.4453781512605042,0.9915966386554621,0.5306009501016559
0.453781512605042,0.9915966386554621,0.5323487915370355
0.4621848739495798,0.9915966386554621,0.5340958394182752
0.47058823529411764,0.9915966386554621,0.5358420512782196
0.4789915966386554,0.9915966386554621,0.5375873847315147
0.48739495798319327,0.9915966386554621,0.5393317974786973
0.49579831932773105,0.9915966386554621,0.5410752473102527
0.5042016806722689,0.9915966386554621,0.5428176921106702
0.5126050420168067,0.9915966386554621,0.5445590898624681
0.5210084033613445,0.9915966386554621,0.546299398650198
0.5294117647058824,0.9915966386554621,0.5480385766644381
0.5378151260504201,0.9915966386554621,0.5497765822057521
0.5462184873949579,0.9915966386554621,0.5515133736886363
0.5546218487394958,0.9915966386554621,0.5532489096454352
0.5630252100840336,0.9915966386554621,0.5549831487302365
0.5714285714285714,0.9915966386554621,0.5567160497227428
0.5798319327731092,0.9915966386554621,0.5584475715321158
0.5882352941176471,0.9915966386554621,0.5601776732007899
0.5966386554621849,0.9915966386554621,0.561906313908269
0.6050420168067226,0.9915966386554621,0.5636334529748817
0.6134453781512604,0.9915966386554621,0.5653590498655204
0.6218487394957983,0.9915966386554621,0.5670830641933485
0.6302521008403361,0.9915966386554621,0.5688054557234652
0.6386554621848739,0.9915966386554621,0.5705261843765594
0.6470588235294117,0.9915966386554621,0.572245210232516
0.6554621848739496,0.9915966386554621,0.573962493533999
0.6638655462184874,0.9915966386554621,0.5756779946899998
0.6722689075630252,0.9915966386554621,0.5773916742793481
0.680672268907563,0.9915966386554621,0.579103493054198
0.6890756302521008,0.9915966386554621,0.5808134119434678
0.6974789915966386,0.9915966386554621,0.5825213920562556
0.7058823529411764,0.9915966386554621,0.5842273946852119
0.7142857142857143,0.9915966386554621,0.5859313813098748
0.7226890756302521,0.9915966386554621,0.5876333135999808
0.7310924369747899,0.9915966386554621,0.5893331534187171
0.7394957983193277,0.9915966386554621,0.5910308628259571
0.7478991596638656,0.9915966386554621,0.5927264040814421
0.7563025210084033,0.9915966386554621,0.5944197396479315
0.7647058823529411,0.9915966386554621,0.5961108321943136
0.7731092436974789,0.9915966386554621,0.5977996445986669
0.7815126050420168,0.9915966386554621,0.599486139951297
0.7899159663865546,0.9915966386554621,0.6011702815577159
0.7983193277310924,0.9915966386554621,0.6028520329415931
0.8067226890756303,0.9915966386554621,0.604531357847656
0.8151260504201681,0.9915966386554621,0.6062082202445468
0.8235294117647058,0.9915966386554621,0.6078825843276491
0.8319327731092436,0.9915966386554621,0.6095544145218568
0.8403361344537815,0.9915966386554621,0.6112236754843043
0.8487394957983193,0.9915966386554621,0.6128903321070605
0.8571428571428571,0.9915966386554621,0.6145543495197648
0.8655462184873949,0.9915966386554621,0.6162156930922256
0.8739495798319328,0.9915966386554621,0.6178743284369784
0.8823529411764706,0.9915966386554621,0.6195302214117889
0.8907563025210083,0.9915966386554621,0.6211833381221182
0.8991596638655461,0.9915966386554621,0.6228336449235383
0.907563025210084,0.9915966386554621,0.624481108424097
0.9159663865546218,0.9915966386554621,0.6261256954866503
0.9243697478991596,0.9915966386554621,0.6277673732311321
0.9327731092436974,0.9915966386554621,0.6294061090367863
0.9411764705882353,0.9915966386554621,0.6310418705443511
0.9495798319327731,0.9915966386554621,0.6326746256581913
0.9579831932773109,0.9915966386554621,0.6343043425483885
0.9663865546218487,0.9915966386554621,0.6359309896527766
0.9747899159663865,0.9915966386554621,0.6375545356789397
0.9831932773109243,0.9915966386554621,0.6391749496061525
0.9915966386554621,0.9915966386554621,0.6407922006872737
1.0,0.9915966386554621,0.6424062584505998
0.0,1.0,0.43830943002236616
0.008403361344537815,1.0,0.44000346374696725
0.01680672268907563,1.0,0.4416988961480379
0.025210084033613446,1.0,0.4433956888069174
0.03361344537815126,1.0,0.445093803178877
0.04201680672268907,1.0,0.4467932005965413
0.05042016806722689,1.0,0.4484938422733417
0.058823529411764705,1.0,0.45019568930698767
0.06722689075630252,1.0,0.4518987026829623
0.07563025210084033,1.0,0.45360284327804545
0.08403361344537814,1.0,0.45530807186384636
0.09243697478991596,1.0,0.45701434911037064
0.10084033613445378,1.0,0.4587216355895962
0.1092436974789916,1.0,0.4604298917790765
0.11764705882352941,1.0,0.46213907806555615
0.12605042016806722,1.0,0.4638491547486092
0.13445378151260504,1.0,0.46556008204429405
0.14285714285714285,1.0,0.4672718200888217
0.15126050420168066,1.0,0.4689843289422433
0.15966386554621848,1.0,0.4706975685921521
0.1680672268907563,1.0,0.47241149895739715
0.1764705882352941,1.0,0.47412607989181793
0.18487394957983191,1.0,0.47584127118798286
0.19327731092436973,1.0,0.4775570325809437
0.20168067226890757,1.0,0.47927332375200477
0.21008403361344538,1.0,0.4809901043325003
0.2184873949579832,1.0,0.4827073339075762
0.226890756302521,1.0,0.48442497201999785
0.23529411764705882,1.0,0.48614297817393964
0.24369747899159663,1.0,0.48786131183881115
0.25210084033613445,1.0,0.4895799324530709
0.26050420168067223,1.0,0.49129879942804994
0.2689075630252101,1.0,0.4930178721517902
0.2773109243697479,1.0,0.49473710999287235
0.2857142857142857,1.0,0.4964564723042622
0.29411764705882354,1.0,0.49817591842715137
0.3025210084033613,1.0,0.49989540769480073
0.31092436974789917,1.0,0.5016148994363925
0.31932773109243695,1.0,0.5033343529808695
0.3277310924369748,1.0,0.5050537276607936
0.3361344537815126,1.0,0.5067729828161852
0.3445378151260504,1.0,0.5084920777983705
0.3529411764705882,1.0,0.51021097197383
0.36134453781512604,1.0,0.5119296247280286
0.36974789915966383,1.0,0.5136479954692614
0.37815126050420167,1.0,0.5153660436324824
0.38655462184873945,1.0,0.5170837286831297
0.3949579831932773,1.0,0.5188010101209479
0.40336134453781514,1.0,0.5205178474838007
0.4117647058823529,1.0,0.5222342003514768
0.42016806722689076,1.0,0.5239500283494893
0.42857142857142855,1.0,0.5256652911528598
0.4369747899159664,1.0,0.5273799484899017
0.4453781512605042,1.0,0.5290939601459851
0.453781512605042,1.0,0.5308072859672947
0.4621848739495798,1.0,0.5325198858645724
0.47058823529411764,1.0,0.5342317198168468
0.4789915966386554,1.0,0.53594274787516
0.48739495798319327,1.0,0.5376529301662589
0.49579831932773105,1.0,0.5393622268962904
0.5042016806722689,1.0,0.5410705983544757
0.5126050420168067,1.0,0.5427780049167571
0.5210084033613445,1.0,0.5444844070494481
0.5294117647058824,1.0,0.546189765312848
0.5378151260504201,1.0,0.5478940403648428
0.5462184873949579,1.0,0.5495971929644944
0.5546218487394958,1.0,0.5512991839755932
0.5630252100840336,1.0,0.552999974370214
0.5714285714285714,1.0,0.5546995252322259
0.5798319327731092,1.0,0.5563977977607938
0.5882352941176471,1.0,0.5580947532738596
0.5966386554621849,1.0,0.5597903532115878
0.6050420168067226,1.0,0.5614845591398012
0.6134453781512604,1.0,0.5631773327533809
0.6218487394957983,1.0,0.5648686358796483
0.6302521008403361,1.0,0.5665584304817164
0.6386554621848739,1.0,0.5682466786618174
0.6470588235294117,1.0,0.5699333426646057
0.6554621848739496,1.0,0.5716183848804272
0.6638655462184874,1.0,0.5733017678485616
0.6722689075630252,1.0,0.5749834542604438
0.680672268907563,1.0,0.5766634069628476
0.6890756302521008,1.0,0.578341588961039
0.6974789915966386,1.0,0.580017963421907
0.7058823529411764,1.0,0.5816924936770548
0.7142857142857143,1.0,0.5833651432258659
0.7226890756302521,1.0,0.5850358757385345
0.7310924369747899,1.0,0.5867046550590648
0.7394957983193277,1.0,0.5883714452082387
0.7478991596638656,1.0,0.5900362103865435
0.7563025210084033,1.0,0.5916989149770782
0.7647058823529411,1.0,0.5933595235484115
0.7731092436974789,1.0,0.5950180008574155
0.7815126050420168,1.0,0.5966743118520591
0.7899159663865546,1.0,0.598328421674164
0.7983193277310924,1.0,0.5999802956621324
0.8067226890756303,1.0,0.6016298993536273
0.8151260504201681,1.0,0.6032771984882274
0.8235294117647058,1.0,0.6049221590100351
0.8319327731092436,1.0,0.6065647470702507
0.8403361344537815,1.0,0.6082049290297116
0.8487394957983193,1.0,0.6098426714613899
0.8571428571428571,1.0,0.6114779411528478
0.8655462184873949,1.0,0.6131107051086621
0.8739495798319328,1.0,0.6147409305528011
0.8823529411764706,1.0,0.6163685849309735
0.8907563025210083,1.0,0.617993635912921
0.8991596638655461,1.0,0.6196160513946835
0.907563025210084,1.0,0.6212357995008216
0.9159663865546218,1.0,0.6228528485865923
0.9243697478991596,1.0,0.6244671672400933
0.9327731092436974,1.0,0.6260787242843592
0.9411764705882353,1.0,0.6276874887794152
0.9495798319327731,1.0,0.6292934300242959
0.9579831932773109,1.0,0.6308965175590179
0.9663865546218487,1.0,0.6324967211665116
0.9747899159663865,1.0,0.6340940108745068
0.9831932773109243,1.0,0.6356883569573851
0.9915966386554621,1.0,0.6372797299379821
1.0,1.0,0.6388681005893476
