calibration_risk_norm,numerical_confidence,predicted_assurance_risk
0.0,0.5,0.3968349247684044
0.008403361344537815,0.5,0.4058105553776182
0.01680672268907563,0.5,0.4148495685724022
0.025210084033613446,0.5,0.42394626684546466
0.03361344537815126,0.5,0.43309479878381174
0.04201680672268907,0.5,0.44228917340975593
0.05042016806722689,0.5,0.4515232753095758
0.058823529411764705,0.5,0.4607908804723204
0.06722689075630252,0.5,0.4700856727543742
0.07563025210084033,0.5,0.47940126087926327
0.08403361344537814,0.5,0.48873119587688346
0.09243697478991596,0.5,0.4980689888619331
0.10084033613445378,0.5,0.5074081290479301
0.1092436974789916,0.5,0.5167421018908003
0.11764705882352941,0.5,0.526064407254722
0.12605042016806722,0.5,0.535368577492675
0.13445378151260504,0.5,0.544648195335015
0.14285714285714285,0.5,0.5538969114813359
0.15126050420168066,0.5,0.5631084617938715
0.15966386554621848,0.5,0.5722766839946869
0.1680672268907563,0.5,0.5813955337738403
0.1764705882352941,0.5,0.5904591002215013
0.18487394957983191,0.5,0.5994616205035885
0.19327731092436973,0.5,0.6083974937077613
0.20168067226890757,0.5,0.6172612937944362
0.21008403361344538,0.5,0.6260477815958119
0.2184873949579832,0.5,0.6347519158145494
0.226890756302521,0.5,0.6433688629826485
0.23529411764705882,0.5,0.6518940063500753
0.24369747899159663,0.5,0.6603229536817207
0.25210084033613445,0.5,0.6686515439501777
0.26050420168067223,0.5,0.6768758529205365
0.2689075630252101,0.5,0.6849921976317989
0.2773109243697479,0.5,0.6929971397875193
0.2857142857142857,0.5,0.7008874880758366
0.29411764705882354,0.5,0.7086602994460568
0.3025210084033613,0.5,0.7163128793753866
0.31092436974789917,0.5,0.7238427811651964
0.31932773109243695,0.5,0.7312478043113311
0.3277310924369748,0.5,0.7385259919974314
0.3361344537815126,0.5,0.7456756277639814
0.3445378151260504,0.5,0.7526952314088647
0.3529411764705882,0.5,0.759583554177589
0.36134453781512604,0.5,0.7663395733030633
0.36974789915966383,0.5,0.7729624859558875
0.37815126050420167,0.5,0.7794517026665956
0.38655462184873945,0.5,0.7858068402812076
0.3949579831932773,0.5,0.7920277145108289
0.40336134453781514,0.5,0.7981143321349561
0.4117647058823529,0.5,0.8040668829166239
0.42016806722689076,0.5,0.8098857312856401
0.42857142857142855,0.5,0.8155714078439232
0.4369747899159664,0.5,0.8211246007444651
0.4453781512605042,0.5,0.8265461469926945
0.453781512605042,0.5,0.8318370237161155
0.4621848739495798,0.5,0.8369983394450289
0.47058823529411764,0.5,0.8420313254440047
0.4789915966386554,0.5,0.8469373271305577
0.48739495798319327,0.5,0.8517177956142652
0.49579831932773105,0.5,0.8563742793863424
0.5042016806722689,0.5,0.8609084161865258
0.5126050420168067,0.5,0.8653219250710119
0.5210084033613445,0.5,0.869616598702189
0.5294117647058824,0.5,0.8737942958779927
0.5378151260504201,0.5,0.877856934315946
0.5462184873949579,0.5,0.8818064837043051
0.5546218487394958,0.5,0.8856449590302402
0.5630252100840336,0.5,0.8893744141926511
0.5714285714285714,0.5,0.8929969359050385
0.5798319327731092,0.5,0.8965146378918494
0.5882352941176471,0.5,0.8999296553798564
0.5966386554621849,0.5,0.9032441398844555
0.6050420168067226,0.5,0.9064602542892358
0.6134453781512604,0.5,0.9095801682158061
0.6218487394957983,0.5,0.9126060536796411
0.6302521008403361,0.5,0.915540081026636
0.6386554621848739,0.5,0.9183844151441223
0.6470588235294117,0.5,0.9211412119392834
0.6554621848739496,0.5,0.9238126150772281
0.6638655462184874,0.5,0.9264007529704109
0.6722689075630252,0.5,0.928907736010618
0.680672268907563,0.5,0.9313356540343805
0.6890756302521008,0.5,0.9336865740123937
0.6974789915966386,0.5,0.9359625379533388
0.7058823529411764,0.5,0.9381655610123741
0.7142857142857143,0.5,0.9402976297945285
0.7226890756302521,0.5,0.9423607008432279
0.7310924369747899,0.5,0.9443566993042591
0.7394957983193277,0.5,0.946287517755584
0.7478991596638656,0.5,0.9481550151935714
0.7563025210084033,0.5,0.9499610161664053
0.7647058823529411,0.5,0.9517073100456461
0.7731092436974789,0.5,0.9533956504271662
0.7815126050420168,0.5,0.9550277546529526
0.7899159663865546,0.5,0.9566053034455464
0.7983193277310924,0.5,0.9581299406471925
0.8067226890756303,0.5,0.9596032730560744
0.8151260504201681,0.5,0.961026870352329
0.8235294117647058,0.5,0.9624022651068473
0.8319327731092436,0.5,0.9637309528661931
0.8403361344537815,0.5,0.9650143923072899
0.8487394957983193,0.5,0.9662540054558401
0.8571428571428571,0.5,0.9674511779627624
0.8655462184873949,0.5,0.968607259433229
0.8739495798319328,0.5,0.9697235638032042
0.8823529411764706,0.5,0.9708013697586618
0.8907563025210083,0.5,0.9718419211929588
0.8991596638655461,0.5,0.9728464276981151
0.907563025210084,0.5,0.9738160650860186
0.9159663865546218,0.5,0.9747519759358302
0.9243697478991596,0.5,0.9756552701641179
0.9327731092436974,0.5,0.9765270256144826
0.9411764705882353,0.5,0.9773682886636625
0.9495798319327731,0.5,0.9781800748413334
0.9579831932773109,0.5,0.9789633694610106
0.9663865546218487,0.5,0.9797191282596719
0.9747899159663865,0.5,0.9804482780438937
0.9831932773109243,0.5,0.981151717340482
0.9915966386554621,0.5,0.9818303170497338
1.0,0.5,0.9824849210996319
0.0,0.5042016806722689,0.3968349247684044
0.008403361344537815,0.5042016806722689,0.4057826393694713
0.01680672268907563,0.5042016806722689,0.4147933617045891
0.025210084033613446,0.5042016806722689,0.4238614478020158
0.03361344537815126,0.5042016806722689,0.4329811015971639
0.04201680672268907,0.5042016806722689,0.44214638904657233
0.05042016806722689,0.5042016806722689,0.45135125301568174
0.058823529411764705,0.5042016806722689,0.4605895288646476
0.06722689075630252,0.5042016806722689,0.46985496064970966
0.07563025210084033,0.5042016806722689,0.4791412178516381
0.08403361344537814,0.5042016806722689,0.48844191253758856
0.09243697478991596,0.5042016806722689,0.4977506168583938
0.10084033613445378,0.5042016806722689,0.507060880779968
0.1092436974789916,0.5042016806722689,0.5163662499451452
0.11764705882352941,0.5042016806722689,0.5256602835609626
0.12605042016806722,0.5042016806722689,0.5349365722061389
0.13445378151260504,0.5042016806722689,0.5441887554543056
0.14285714285714285,0.5042016806722689,0.553410539210402
0.15126050420168066,0.5042016806722689,0.5625957126605197
0.15966386554621848,0.5042016806722689,0.571738164739334
0.1680672268907563,0.5042016806722689,0.5808319000240305
0.1764705882352941,0.5042016806722689,0.5898710539692504
0.18487394957983191,0.5042016806722689,0.5988499074039614
0.19327731092436973,0.5042016806722689,0.6077629002182087
0.20168067226890757,0.5042016806722689,0.6166046441753205
0.21008403361344538,0.5042016806722689,0.6253699347932222
0.2184873949579832,0.5042016806722689,0.6340537622469463
0.226890756302521,0.5042016806722689,0.6426513212530834
0.23529411764705882,0.5042016806722689,0.6511580199057181
0.24369747899159663,0.5042016806722689,0.659569487442191
0.25210084033613445,0.5042016806722689,0.667881580925734
0.26050420168067223,0.5042016806722689,0.6760903908405473
0.2689075630252101,0.5042016806722689,0.684192245603106
0.2773109243697479,0.5042016806722689,0.6921837150013375
0.2857142857142857,0.5042016806722689,0.7000616125807222
0.29411764705882354,0.5042016806722689,0.7078229970032542
0.3025210084033613,0.5042016806722689,0.7154651724115283
0.31092436974789917,0.5042016806722689,0.7229856878359352
0.31932773109243695,0.5042016806722689,0.7303823356880187
0.3277310924369748,0.5042016806722689,0.7376531493874607
0.3361344537815126,0.5042016806722689,0.744796400173898
0.3445378151260504,0.5042016806722689,0.7518105931578407
0.3529411764705882,0.5042016806722689,0.7586944626673613
0.36134453781512604,0.5042016806722689,0.7654469669489777
0.36974789915966383,0.5042016806722689,0.7720672822822844
0.37815126050420167,0.5042016806722689,0.7785547965684249
0.38655462184873945,0.5042016806722689,0.7849091024524804
0.3949579831932773,0.5042016806722689,0.7911299900393244
0.40336134453781514,0.5042016806722689,0.7972174392614872
0.4117647058823529,0.5042016806722689,0.8031716119561526
0.42016806722689076,0.5042016806722689,0.8089928437066118
0.42857142857142855,0.5042016806722689,0.8146816355013712
0.4369747899159664,0.5042016806722689,0.8202386452617055
0.4453781512605042,0.5042016806722689,0.8256646792858167
0.453781512605042,0.5042016806722689,0.8309606836549358
0.4621848739495798,0.5042016806722689,0.8361277356437444
0.47058823529411764,0.5042016806722689,0.8411670351744347
0.4789915966386554,0.5042016806722689,0.8460798963506033
0.48739495798319327,0.5042016806722689,0.8508677391040314
0.49579831932773105,0.5042016806722689,0.8555320809842631
0.5042016806722689,0.5042016806722689,0.8600745291177947
0.5126050420168067,0.5042016806722689,0.8644967723606438
0.5210084033613445,0.5042016806722689,0.86880057366512
0.5294117647058824,0.5042016806722689,0.8729877626787557
0.5378151260504201,0.5042016806722689,0.8770602285906381
0.5462184873949579,0.5042016806722689,0.8810199132377723
0.5546218487394958,0.5042016806722689,0.8848688044816524
0.5630252100840336,0.5042016806722689,0.8886089298629172
0.5714285714285714,0.5042016806722689,0.892242350539803
0.5798319327731092,0.5042016806722689,0.8957711555141266
0.5882352941176471,0.5042016806722689,0.8991974561466832
0.5966386554621849,0.5042016806722689,0.902523380962278
0.6050420168067226,0.5042016806722689,0.9057510707430863
0.6134453781512604,0.5042016806722689,0.9088826739076628
0.6218487394957983,0.5042016806722689,0.9119203421717077
0.6302521008403361,0.5042016806722689,0.914866226485611
0.6386554621848739,0.5042016806722689,0.9177224732428555
0.6470588235294117,0.5042016806722689,0.9204912207525404
0.6554621848739496,0.5042016806722689,0.9231745959685945
0.6638655462184874,0.5042016806722689,0.9257747114676631
0.6722689075630252,0.5042016806722689,0.9282936626671809
0.680672268907563,0.5042016806722689,0.9307335252747603
0.6890756302521008,0.5042016806722689,0.9330963529597383
0.6974789915966386,0.5042016806722689,0.9353841752375196
0.7058823529411764,0.5042016806722689,0.9375989955572199
0.7142857142857143,0.5042016806722689,0.9397427895830508
0.7226890756302521,0.5042016806722689,0.9418175036598859
0.7310924369747899,0.5042016806722689,0.9438250534534945
0.7394957983193277,0.5042016806722689,0.9457673227560314
0.7478991596638656,0.5042016806722689,0.9476461624475097
0.7563025210084033,0.5042016806722689,0.9494633896041582
0.7647058823529411,0.5042016806722689,0.9512207867447766
0.7731092436974789,0.5042016806722689,0.9529201012064268
0.7815126050420168,0.5042016806722689,0.9545630446410646
0.7899159663865546,0.5042016806722689,0.956151292624976
0.7983193277310924,0.5042016806722689,0.9576864843731833
0.8067226890756303,0.5042016806722689,0.9591702225512657
0.8151260504201681,0.5042016806722689,0.9606040731773627
0.8235294117647058,0.5042016806722689,0.9619895656074223
0.8319327731092436,0.5042016806722689,0.9633281925970777
0.8403361344537815,0.5042016806722689,0.9646214104338449
0.8487394957983193,0.5042016806722689,0.9658706391336417
0.8571428571428571,0.5042016806722689,0.9670772626959429
0.8655462184873949,0.5042016806722689,0.9682426294121821
0.8739495798319328,0.5042016806722689,0.9693680522223096
0.8823529411764706,0.5042016806722689,0.9704548091147093
0.8907563025210083,0.5042016806722689,0.971504143564954
0.8991596638655461,0.5042016806722689,0.9725172650091543
0.907563025210084,0.5042016806722689,0.9734953493479264
0.9159663865546218,0.5042016806722689,0.9744395394772465
0.9243697478991596,0.5042016806722689,0.9753509458427212
0.9327731092436974,0.5042016806722689,0.9762306470140246
0.9411764705882353,0.5042016806722689,0.9770796902764866
0.9495798319327731,0.5042016806722689,0.9778990922370309
0.9579831932773109,0.5042016806722689,0.9786898394418632
0.9663865546218487,0.5042016806722689,0.9794528890035086
0.9747899159663865,0.5042016806722689,0.9801891692349817
0.9831932773109243,0.5042016806722689,0.9808995802890478
0.9915966386554621,0.5042016806722689,0.9815849948007004
1.0,0.5042016806722689,0.9822462585311352
0.0,0.5084033613445378,0.3968349247684044
0.008403361344537815,0.5084033613445378,0.4057547239703271
0.01680672268907563,0.5084033613445378,0.41473715705458436
0.025210084033613446,0.5084033613445378,0.42377663324444564
0.03361344537815126,0.5084033613445378,0.43286741146772995
0.04201680672268907,0.5084033613445378,0.4420036142466573
0.05042016806722689,0.5084033613445378,0.4511792423478523
0.058823529411764705,0.5084033613445378,0.46038819011844606
0.06722689075630252,0.5084033613445378,0.4696242614276547
0.07563025210084033,0.5084033613445378,0.4788811861273576
0.08403361344537814,0.5084033613445378,0.48815263694011796
0.09243697478991596,0.5084033613445378,0.497432246678874
0.10084033613445378,0.5084033613445378,0.5067136256992288
0.1092436974789916,0.5084033613445378,0.5159903794829548
0.11764705882352941,0.5084033613445378,0.5252561262500027
0.12605042016806722,0.5084033613445378,0.5345045144960284
0.13445378151260504,0.5084033613445378,0.5437292403531947
0.14285714285714285,0.5084033613445378,0.5529240646737709
0.15126050420168066,0.5084033613445378,0.5620828297388161
0.15966386554621848,0.5084033613445378,0.571199475497948
0.1680672268907563,0.5084033613445378,0.5802680552508053
0.1764705882352941,0.5084033613445378,0.5892827506862504
0.18487394957983191,0.5084033613445378,0.5982378862015467
0.19327731092436973,0.5084033613445378,0.6071279424305798
0.20168067226890757,0.5084033613445378,0.6159475689175956
0.21008403361344538,0.5084033613445378,0.6246915958807893
0.2184873949579832,0.5084033613445378,0.6333550450182663
0.226890756302521,0.5084033613445378,0.6419331393173574
0.23529411764705882,0.5084033613445378,0.6504213118368187
0.24369747899159663,0.5084033613445378,0.6588152134400499
0.25210084033613445,0.5084033613445378,0.6671107194659633
0.26050420168067223,0.5084033613445378,0.6753039353324602
0.2689075630252101,0.5084033613445378,0.6833912010755264
0.2773109243697479,0.5084033613445378,0.6913690948346498
0.2857142857142857,0.5084033613445378,0.6992344353025327
0.29411764705882354,0.5084033613445378,0.7069842831638483
0.3025210084033613,0.5084033613445378,0.7146159415540051
0.31092436974789917,0.5084033613445378,0.7221269555745382
0.31932773109243695,0.5084033613445378,0.729515110906747
0.3277310924369748,0.5084033613445378,0.7367784315695812
0.3361344537815126,0.5084033613445378,0.743915176871495
0.3445378151260504,0.5084033613445378,0.7509238376090543
0.3529411764705882,0.5084033613445378,0.7578031315674963
0.36134453781512604,0.5084033613445378,0.7645519983802317
0.36974789915966383,0.5084033613445378,0.7711695938054535
0.37815126050420167,0.5084033613445378,0.7776552834786117
0.38655462184873945,0.5084033613445378,0.784008636199572
0.3949579831932773,0.5084033613445378,0.7902294168128148
0.40336134453781514,0.5084033613445378,0.796317578738129
0.4117647058823529,0.5084033613445378,0.8022732562079031
0.42016806722689076,0.5084033613445378,0.8080967562654262
0.42857142857142855,0.5084033613445378,0.8137885505765746
0.4369747899159664,0.5084033613445378,0.8193492671049513
0.4453781512605042,0.5084033613445378,0.8247796816980082
0.453781512605042,0.5084033613445378,0.8300807096289575
0.4621848739495798,0.5084033613445378,0.8352533971364045
0.47058823529411764,0.5084033613445378,0.8402989130006673
0.4789915966386554,0.5084033613445378,0.8452185401927115
0.48739495798319327,0.5084033613445378,0.8500136676285568
0.49579831932773105,0.5084033613445378,0.8546857820589551
0.5042016806722689,0.5084033613445378,0.8592364601210994
0.5126050420168067,0.5084033613445378,0.8636673605761512
0.5210084033613445,0.5084033613445378,0.8679802167534738
0.5294117647058824,0.5084033613445378,0.8721768292196507
0.5378151260504201,0.5084033613445378,0.876259058687697
0.5462184873949579,0.5084033613445378,0.8802288191792937
0.5546218487394958,0.5084033613445378,0.8840880714504615
0.5630252100840336,0.5084033613445378,0.8878388166888087
0.5714285714285714,0.5084033613445378,0.8914830904883605
0.5798319327731092,0.5084033613445378,0.8950229571059947
0.5882352941176471,0.5084033613445378,0.8984605040017002
0.5966386554621849,0.5084033613445378,0.9017978366631907
0.6050420168067226,0.5084033613445378,0.9050370737139091
0.6134453781512604,0.5084033613445378,0.9081803423020727
0.6218487394957983,0.5084033613445378,0.9112297737672035
0.6302521008403361,0.5084033613445378,0.9141874995794945
0.6386554621848739,0.5084033613445378,0.9170556475464152
0.6470588235294117,0.5084033613445378,0.9198363382801369
0.6554621848739496,0.5084033613445378,0.9225316819186543
0.6638655462184874,0.5084033613445378,0.9251437750928829
0.6722689075630252,0.5084033613445378,0.9276746981315291
0.680672268907563,0.5084033613445378,0.9301265124951364
0.6890756302521008,0.5084033613445378,0.9325012584304072
0.6974789915966386,0.5084033613445378,0.9348009528356824
0.7058823529411764,0.5084033613445378,0.9370275873283149
0.7142857142857143,0.5084033613445378,0.9391831265045919
0.7226890756302521,0.5084033613445378,0.9412695063828497
0.7310924369747899,0.5084033613445378,0.9432886330204517
0.7394957983193277,0.5084033613445378,0.9452423812953961
0.7478991596638656,0.5084033613445378,0.9471325938434335
0.7563025210084033,0.5084033613445378,0.9489610801417491
0.7647058823529411,0.5084033613445378,0.9507296157304519
0.7731092436974789,0.5084033613445378,0.9524399415633348
0.7815126050420168,0.5084033613445378,0.9540937634796123
0.7899159663865546,0.5084033613445378,0.955692751788611
0.7983193277310924,0.5084033613445378,0.9572385409596516
0.8067226890756303,0.5084033613445378,0.9587327294096567
0.8151260504201681,0.5084033613445378,0.9601768793813177
0.8235294117647058,0.5084033613445378,0.9615725169049398
0.8319327731092436,0.5084033613445378,0.9629211318374071
0.8403361344537815,0.5084033613445378,0.9642241779719974
0.8487394957983193,0.5084033613445378,0.9654830732130926
0.8571428571428571,0.5084033613445378,0.9666991998101225
0.8655462184873949,0.5084033613445378,0.9678739046453835
0.8739495798319328,0.5084033613445378,0.9690084995706597
0.8823529411764706,0.5084033613445378,0.970104261787861
0.8907563025210083,0.5084033613445378,0.9711624342691737
0.8991596638655461,0.5084033613445378,0.9721842262124796
0.907563025210084,0.5084033613445378,0.9731708135280747
0.9159663865546218,0.5084033613445378,0.9741233393529549
0.9243697478991596,0.5084033613445378,0.9750429145891909
0.9327731092436974,0.5084033613445378,0.9759306184631429
0.9411764705882353,0.5084033613445378,0.9767874991024865
0.9495798319327731,0.5084033613445378,0.9776145741282403
0.9579831932773109,0.5084033613445378,0.9784128312591814
0.9663865546218487,0.5084033613445378,0.9791832289262413
0.9747899159663865,0.5084033613445378,0.9799266968946406
0.9831932773109243,0.5084033613445378,0.9806441368917165
0.9915966386554621,0.5084033613445378,0.9813364232385411
1.0,0.5084033613445378,0.9820044034836048
0.0,0.5126050420168067,0.3968349247684044
0.008403361344537815,0.5126050420168067,0.4057268091803529
0.01680672268907563,0.5126050420168067,0.41468095462376336
0.025210084033613446,0.5126050420168067,0.4236918231775135
0.03361344537815126,0.5126050420168067,0.4327537284070427
0.04201680672268907,0.5126050420168067,0.44186084903296846
0.05042016806722689,0.5126050420168067,0.45100724334640435
0.058823529411764705,0.5126050420168067,0.46018686429859407
0.06722689075630252,0.5126050420168067,0.4693935751860719
0.07563025210084033,0.5126050420168067,0.47862116584683195
0.08403361344537814,0.5126050420168067,0.4878633692780192
0.09243697478991596,0.5126050420168067,0.49711387858152634
0.10084033613445378,0.5126050420168067,0.5063663641406418
0.1092436974789916,0.5126050420168067,0.5156144909286025
0.11764705882352941,0.5126050420168067,0.5248519358485926
0.12605042016806722,0.5126050420168067,0.5340724050044173
0.13445378151260504,0.5126050420168067,0.5432696508017694
0.14285714285714285,0.5126050420168067,0.5524374887816909
0.15126050420168066,0.5126050420168067,0.5615698140904857
0.15966386554621848,0.5126050420168067,0.5706606174939175
0.1680672268907563,0.5126050420168067,0.5797040008479812
0.1764705882352941,0.5126050420168067,0.5886941919438003
0.18487394957983191,0.5126050420168067,0.597625558650194
0.19327731092436973,0.5126050420168067,0.6064926222840961
0.20168067226890757,0.5126050420168067,0.6152900701461954
0.21008403361344538,0.5126050420168067,0.6240127671667992
0.2184873949579832,0.5126050420168067,0.6326557666149086
0.226890756302521,0.5126050420168067,0.6412143198317082
0.23529411764705882,0.5126050420168067,0.6496838849580255
0.24369747899159663,0.5126050420168067,0.6580601346336965
0.25210084033613445,0.5126050420168067,0.6663389626550773
0.26050420168067223,0.5126050420168067,0.6745164895850786
0.2689075630252101,0.5126050420168067,0.6825890673179852
0.2773109243697479,0.5126050420168067,0.6905532826088538
0.2857142857142857,0.5126050420168067,0.6984059595844211
0.29411764705882354,0.5126050420168067,0.7061441612591033
0.3025210084033613,0.5126050420168067,0.7137651900857991
0.31092436974789917,0.5126050420168067,0.721266587576768
0.31932773109243695,0.5126050420168067,0.728646133034812
0.3277310924369748,0.5126050420168067,0.7359018414393241
0.3361344537815126,0.5126050420168067,0.7430319605354678
0.3445378151260504,0.5126050420168067,0.7500349671778145
0.3529411764705882,0.5126050420168067,0.7569095629821952
0.36134453781512604,0.5126050420168067,0.7636546693413444
0.36974789915966383,0.5126050420168067,0.7702694218611239
0.37815126050420167,0.5126050420168067,0.7767531642747804
0.38655462184873945,0.5126050420168067,0.7831054418927971
0.3949579831932773,0.5126050420168067,0.7893259946455313
0.40336134453781514,0.5126050420168067,0.795414749774991
0.4117647058823529,0.5126050420168067,0.8013718142308561
0.42016806722689076,0.5126050420168067,0.807197466824242
0.42857142857142855,0.5126050420168067,0.8128921501907581
0.4369747899159664,0.5126050420168067,0.8184564626122075
0.4453781512605042,0.5126050420168067,0.8238911497438246
0.453781512605042,0.5126050420168067,0.8291970962913188
0.4621848739495798,0.5126050420168067,0.8343753176792079
0.47058823529411764,0.5126050420168067,0.8394269517490501
0.4789915966386554,0.5126050420168067,0.8443532505232144
0.48739495798319327,0.5126050420168067,0.849155572066858
0.49579831932773105,0.5126050420168067,0.8538353724777745
0.5042016806722689,0.5126050420168067,0.8583941980308193
0.5126050420168067,0.5126050420168067,0.8628336775006958
0.5210084033613445,0.5126050420168067,0.8671555146840557
0.5294117647058824,0.5126050420168067,0.8713614811390977
0.5378151260504201,0.5126050420168067,0.8754534091582259
0.5462184873949579,0.5126050420168067,0.8794331849867929
0.5546218487394958,0.5126050420168067,0.8833027422985682
0.5630252100840336,0.5126050420168067,0.8870640559363208
0.5714285714285714,0.5126050420168067,0.8907191359237983
0.5798319327731092,0.5126050420168067,0.8942700217534281
0.5882352941176471,0.5126050420168067,0.8977187769522574
0.5966386554621849,0.5126050420168067,0.9010674839269943
0.6050420168067226,0.5126050420168067,0.9043182390874979
0.6134453781512604,0.5126050420168067,0.9074731482467081
0.6218487394957983,0.5126050420168067,0.9105343222937787
0.6302521008403361,0.5126050420168067,0.9135038731360914
0.6386554621848739,0.5126050420168067,0.9163839099048777
0.6470588235294117,0.5126050420168067,0.9191765354183373
0.6554621848739496,0.5126050420168067,0.9218838428954349
0.6638655462184874,0.5126050420168067,0.9245079129129506
0.6722689075630252,0.5126050420168067,0.9270508105978619
0.680672268907563,0.5126050420168067,0.9295145830467283
0.6890756302521008,0.5126050420168067,0.9319012569634384
0.6974789915966386,0.5126050420168067,0.9342128365064447
0.7058823529411764,0.5126050420168067,0.9364513013364479
0.7142857142857143,0.5126050420168067,0.9386186048554079
0.7226890756302521,0.5126050420168067,0.9407166726277183
0.7310924369747899,0.5126050420168067,0.942747400974411
0.7394957983193277,0.5126050420168067,0.9447126557313233
0.7478991596638656,0.5126050420168067,0.9466142711622761
0.7563025210084033,0.5126050420168067,0.9484540490184578
0.7647058823529411,0.5126050420168067,0.950233757735395
0.7731092436974789,0.5126050420168067,0.9519551317590954
0.7815126050420168,0.5126050420168067,0.9536198709931841
0.7899159663865546,0.5126050420168067,0.9552296403590974
0.7983193277310924,0.5126050420168067,0.9567860694616771
0.8067226890756303,0.5126050420168067,0.9582907523527695
0.8151260504201681,0.5126050420168067,0.959745247385732
0.8235294117647058,0.5126050420168067,0.9611510771540346
0.8319327731092436,0.5126050420168067,0.9625097285074453
0.8403361344537815,0.5126050420168067,0.9638226526395769
0.8487394957983193,0.5126050420168067,0.9650912652408823
0.8571428571428571,0.5126050420168067,0.9663169467114636
0.8655462184873949,0.5126050420168067,0.9675010424283669
0.8739495798319328,0.5126050420168067,0.9686448630623086
0.8823529411764706,0.5126050420168067,0.9697496849390673
0.8907563025210083,0.5126050420168067,0.9708167504410428
0.8991596638655461,0.5126050420168067,0.9718472684447521
0.907563025210084,0.5126050420168067,0.9728424147902904
0.9159663865546218,0.5126050420168067,0.9738033327790315
0.9243697478991596,0.5126050420168067,0.9747311336960836
0.9327731092436974,0.5126050420168067,0.975626897354244
0.9411764705882353,0.5126050420168067,0.9764916726564243
0.9495798319327731,0.5126050420168067,0.9773264781737169
0.9579831932773109,0.5126050420168067,0.978132302736489
0.9663865546218487,0.5126050420168067,0.9789101060360736
0.9747899159663865,0.5126050420168067,0.9796608192348106
0.9831932773109243,0.5126050420168067,0.9803853455823694
0.9915966386554621,0.5126050420168067,0.9810845610364443
1.0,0.5126050420168067,0.9817593148860704
0.0,0.5168067226890757,0.3968349247684044
0.008403361344537815,0.5168067226890757,0.4056988949997158
0.01680672268907563,0.5168067226890757,0.4146247544135011
0.025210084033613446,0.5168067226890757,0.42360701760597785
0.03361344537815126,0.5168067226890757,0.4326400524266316
0.04201680672268907,0.5168067226890757,0.44171809342845764
0.05042016806722689,0.5168067226890757,0.4508352560516442
0.058823529411764705,0.5168067226890757,0.45998555146995324
0.06722689075630252,0.5168067226890757,0.4691629020228018
0.07563025210084033,0.5168067226890757,0.4783611571504467
0.08403361344537814,0.5168067226890757,0.48757410974481774
0.09243697478991596,0.5168067226890757,0.49679551282449713
0.10084033613445378,0.5168067226890757,0.5060190964391614
0.1092436974789916,0.5168067226890757,0.5152385847065434
0.11764705882352941,0.5168067226890757,0.524447712883656
0.12605042016806722,0.5168067226890757,0.53364024437369
0.13445378151260504,0.5168067226890757,0.5428099875706214
0.14285714285714285,0.5168067226890757,0.5519508124451817
0.15126050420168066,0.5168067226890757,0.5610566667783793
0.15966386554621848,0.5168067226890757,0.5701215919522145
0.1680672268907563,0.5168067226890757,0.5791397382115361
0.1764705882352941,0.5168067226890757,0.5881053793160745
0.18487394957983191,0.5168067226890757,0.5970129265074963
0.19327731092436973,0.5168067226890757,0.6058569417227647
0.20168067226890757,0.5168067226890757,0.614632149992065
0.21008403361344538,0.5168067226890757,0.6233334509669792
0.2184873949579832,0.5168067226890757,0.6319559295323562
0.226890756302521,0.5168067226890757,0.6404948654633258
0.23529411764705882,0.5168067226890757,0.6489457420970431
0.24369747899159663,0.5168067226890757,0.6573042539969287
0.25210084033613445,0.5168067226890757,0.6655663135952697
0.26050420168067223,0.5168067226890757,0.6737280568080118
0.2689075630252101,0.5168067226890757,0.6817858476232727
0.2773109243697479,0.5168067226890757,0.6897362816725006
0.2857142857142857,0.5168067226890757,0.6975761888001948
0.29411764705882354,0.5168067226890757,0.705302634654637
0.3025210084033613,0.5168067226890757,0.7129129213281213
0.31092436974789917,0.5168067226890757,0.7204045870806449
0.31932773109243695,0.5168067226890757,0.7277754051859222
0.3277310924369748,0.5168067226890757,0.735023381942882
0.3361344537815126,0.5168067226890757,0.7421467538994803
0.3445378151260504,0.5168067226890757,0.7491439843387289
0.3529411764705882,0.5168067226890757,0.7560137590792726
0.36134453781512604,0.5168067226890757,0.7627549816447029
0.36974789915966383,0.5168067226890757,0.7693667678570479
0.37815126050420167,0.5168067226890757,0.7758484399105869
0.38655462184873945,0.5168067226890757,0.7821995199823246
0.3949579831932773,0.5168067226890757,0.7884197234351473
0.40336134453781514,0.5168067226890757,0.7945089516689345
0.4117647058823529,0.5168067226890757,0.800467284673735
0.42016806722689076,0.5168067226890757,0.8062949733375904
0.42857142857142855,0.5168067226890757,0.8119924315597463
0.4369747899159664,0.5168067226890757,0.817560228217868
0.4453781512605042,0.5168067226890757,0.8229990790355244
0.453781512605042,0.5168067226890757,0.8283098383936681
0.4621848739495798,0.5168067226890757,0.8334934911271377
0.47058823529411764,0.5168067226890757,0.8385511443444257
0.4789915966386554,0.5168067226890757,0.8434840193060659
0.48739495798319327,0.5168067226890757,0.8482934433940967
0.49579831932773105,0.5168067226890757,0.8529808422021306
0.5042016806722689,0.5168067226890757,0.8575477317726647
0.5126050420168067,0.5168067226890757,0.8619957110054121
0.5210084033613445,0.5168067226890757,0.8663264542576463
0.5294117647058824,0.5168067226890757,0.8705417041548551
0.5378151260504201,0.5168067226890757,0.8746432646273943
0.5462184873949579,0.5168067226890757,0.8786329941863588
0.5546218487394958,0.5168067226890757,0.8825127994495211
0.5630252100840336,0.5168067226890757,0.8862846289259734
0.5714285714285714,0.5168067226890757,0.8899504670660211
0.5798319327731092,0.5168067226890757,0.8935123285809419
0.5882352941176471,0.5168067226890757,0.8969722530354249
0.5966386554621849,0.5168067226890757,0.9003322997138665
0.6050420168067226,0.5168067226890757,0.9035945427601865
0.6134453781512604,0.5168067226890757,0.9067610665894789
0.6218487394957983,0.5168067226890757,0.9098339615685814
0.6302521008403361,0.5168067226890757,0.9128153199615604
0.6386554621848739,0.5168067226890757,0.915707232135157
0.6470588235294117,0.5168067226890757,0.9185117830183872
0.6554621848739496,0.5168067226890757,0.921231048809782
0.6638655462184874,0.5168067226890757,0.9238670939251323
0.6722689075630252,0.5168067226890757,0.9264219681780936
0.680672268907563,0.5168067226890757,0.928897704185596
0.6890756302521008,0.5168067226890757,0.931296314989668
0.6974789915966386,0.5168067226890757,0.9336197918870446
0.7058823529411764,0.5168067226890757,0.9358701024577512
0.7142857142857143,0.5168067226890757,0.938049188783752
0.7226890756302521,0.5168067226890757,0.9401589658487061
0.7310924369747899,0.5168067226890757,0.9422013201098784
0.7394957983193277,0.5168067226890757,0.9441781082333214
0.7478991596638656,0.5168067226890757,0.9460911559835254
0.7563025210084033,0.5168067226890757,0.9479422572588919
0.7647058823529411,0.5168067226890757,0.9497331732645372
0.7731092436974789,0.5168067226890757,0.9514656318141409
0.7815126050420168,0.5168067226890757,0.953141326752768
0.7899159663865546,0.5168067226890757,0.9547619174928362
0.7983193277310924,0.5168067226890757,0.9563290286556541
0.8067226890756303,0.5168067226890757,0.9578442498112213
0.8151260504201681,0.5168067226890757,0.9593091353092612
0.8235294117647058,0.5168067226890757,0.96072520419474
0.8319327731092436,0.5168067226890757,0.9620939402014103
0.8403361344537815,0.5168067226890757,0.9634167918172123
0.8487394957983193,0.5168067226890757,0.9646951724156481
0.8571428571428571,0.5168067226890757,0.9659304604475397
0.8655462184873949,0.5168067226890757,0.9671239996878638
0.8739495798319328,0.5168067226890757,0.9682770995326306
0.8823529411764706,0.5168067226890757,0.9693910353410633
0.8907563025210083,0.5168067226890757,0.9704670488185858
0.8991596638655461,0.5168067226890757,0.9715063484364026
0.907563025210084,0.5168067226890757,0.972510109883701
0.9159663865546218,0.5168067226890757,0.9734794765487507
0.9243697478991596,0.5168067226890757,0.9744155600254171
0.9327731092436974,0.5168067226890757,0.9753194406418282
0.9411764705882353,0.5168067226890757,0.9761921680081571
0.9495798319327731,0.5168067226890757,0.9770347615806853
0.9579831932773109,0.5168067226890757,0.9778482112395217
0.9663865546218487,0.5168067226890757,0.9786334778775337
0.9747899159663865,0.5168067226890757,0.9793914939982337
0.9831932773109243,0.5168067226890757,0.9801231643205331
0.9915966386554621,0.5168067226890757,0.9808293663884458
1.0,0.5168067226890757,0.9815109511839666
0.0,0.5210084033613446,0.3968349247684044
0.008403361344537815,0.5210084033613446,0.4056709814285828
0.01680672268907563,0.5210084033613446,0.41456855642517254
0.025210084033613446,0.5210084033613446,0.42352221653459604
0.03361344537815126,0.5210084033613446,0.4325263835380236
0.04201680672268907,0.5210084033613446,0.44157534745607024
0.05042016806722689,0.5210084033613446,0.4506632805038665
0.058823529411764705,0.5210084033613446,0.45978425169736803
0.06722689075630252,0.5210084033613446,0.4689322420356627
0.07563025210084033,0.5210084033613446,0.4781011601785624
0.08403361344537814,0.5210084033613446,0.4872848585340181
0.09243697478991596,0.5210084033613446,0.4964771496659248
0.10084033613445378,0.5210084033613446,0.5056718229297656
0.1092436974789916,0.5210084033613446,0.5148626612413123
0.11764705882352941,0.5210084033613446,0.524043457882287
0.12605042016806722,0.5210084033613446,0.5332080332465364
0.13445378151260504,0.5210084033613446,0.5423502514308423
0.14285714285714285,0.5210084033613446,0.551464036576029
0.15126050420168066,0.5210084033613446,0.5605433888664656
0.15966386554621848,0.5210084033613446,0.5695824000993839
0.1680672268907563,0.5210084033613446,0.5785752687395953
0.1764705882352941,0.5210084033613446,0.5875163143801074
0.18487394957983191,0.5210084033613446,0.5963999915347739
0.19327731092436973,0.5210084033613446,0.6052209026953553
0.20168067226890757,0.5210084033613446,0.6139738105921372
0.21008403361344538,0.5210084033613446,0.6226536496044701
0.2184873949579832,0.5210084033613446,0.631255536275148
0.226890756302521,0.5210084033613446,0.6397747788903233
0.23529411764705882,0.5210084033613446,0.648206886094601
0.24369747899159663,0.5210084033613446,0.6565475745189107
0.25210084033613445,0.5210084033613446,0.6647927754066874
0.26050420168067223,0.5210084033613446,0.6729386402316504
0.2689075630252101,0.5210084033613446,0.6809815453080261
0.2773109243697479,0.5210084033613446,0.6889180954012823
0.2857142857142857,0.5210084033613446,0.6967451263543147
0.29411764705882354,0.5210084033613446,0.7044597067504337
0.3025210084033613,0.5210084033613446,0.7120591386404439
0.31092436974789917,0.5210084033613446,0.7195409573665013
0.31932773109243695,0.5210084033613446,0.7269029305202782
0.3277310924369748,0.5210084033613446,0.7341430560772175
0.3361344537815126,0.5210084033613446,0.74125955975231
0.3445378151260504,0.5210084033613446,0.7482508916258896
0.3529411764705882,0.5210084033613446,0.755115722090385
0.36134453781512604,0.5210084033613446,0.7618529371708433
0.36974789915966383,0.5210084033613446,0.7684616332733366
0.37815126050420167,0.5210084033613446,0.7749411114161179
0.38655462184873945,0.5210084033613446,0.7812908709986399
0.3949579831932773,0.5210084033613446,0.7875106031633106
0.40336134453781514,0.5210084033613446,0.7936001838041822
0.4117647058823529,0.5210084033613446,0.7995596662756946
0.42016806722689076,0.5210084033613446,0.8053892738531471
0.42857142857142855,0.5210084033613446,0.8110893919948235
0.4369747899159664,0.5210084033613446,0.8166605604536651
0.4453781512605042,0.5210084033613446,0.8221034652841126
0.453781512605042,0.5210084033613446,0.8274189307873038
0.4621848739495798,0.5210084033613446,0.8326079114351939
0.47058823529411764,0.5210084033613446,0.8376714838114621
0.4789915966386554,0.5210084033613446,0.8426108386042696
0.48739495798319327,0.5210084033613446,0.8474272726831056
0.49579831932773105,0.5210084033613446,0.8521221812891042
0.5042016806722689,0.5210084033613446,0.8566970503653896
0.5126050420168067,0.5210084033613446,0.8611534490512097
0.5210084033613445,0.5210084033613446,0.8654930223608904
0.5294117647058824,0.5210084033613446,0.8697174840659907
0.5378151260504201,0.5210084033613446,0.8738286097964859
0.5462184873949579,0.5210084033613446,0.8778282303743651
0.5546218487394958,0.5210084033613446,0.8817182253906999
0.5630252100840336,0.5210084033613446,0.8855005170350541
0.5714285714285714,0.5210084033613446,0.8891770641840426
0.5798319327731092,0.5210084033613446,0.892749856753927
0.5882352941176471,0.5210084033613446,0.8962209103203607
0.5966386554621849,0.5210084033613446,0.8995922610067563
0.6050420168067226,0.5210084033613446,0.9028659606412595
0.6134453781512604,0.5210084033613446,0.90604407218095
0.6218487394957983,0.5210084033613446,0.9091286654006729
0.6302521008403361,0.5210084033613446,0.9121218128428169
0.6386554621848739,0.5210084033613446,0.9150255860233836
0.6470588235294117,0.5210084033613446,0.9178420518888598
0.6554621848739496,0.5210084033613446,0.9205732695176648
0.6638655462184874,0.5210084033613446,0.9232212870593292
0.6722689075630252,0.5210084033613446,0.9257881389040393
0.680672268907563,0.5210084033613446,0.9282758430747543
0.6890756302521008,0.5210084033613446,0.9306863988337618
0.6974789915966386,0.5210084033613446,0.9330217844952816
0.7058823529411764,0.5210084033613446,0.9352839554355378
0.7142857142857143,0.5210084033613446,0.9374748422916013
0.7226890756302521,0.5210084033613446,0.9395963493402476
0.7310924369747899,0.5210084033613446,0.9416503530480662
0.7394957983193277,0.5210084033613446,0.9436387007841054
0.7478991596638656,0.5210084033613446,0.9455632096864236
0.7563025210084033,0.5210084033613446,0.9474256656740366
0.7647058823529411,0.5210084033613446,0.9492278225959134
0.7731092436974789,0.5210084033613446,0.950971401508857
0.7815126050420168,0.5210084033613446,0.9526580900763117
0.7899159663865546,0.5210084033613446,0.9542895420803698
0.7983193277310924,0.5210084033613446,0.9558673770394963
0.8067226890756303,0.5210084033613446,0.9573931799247456
0.8151260504201681,0.5210084033613446,0.958868500967512
0.8235294117647058,0.5210084033613446,0.9602948555521295
0.8319327731092436,0.5210084033613446,0.9616737241869233
0.8403361344537815,0.5210084033613446,0.9630065525475835
0.8487394957983193,0.5210084033613446,0.9642947515870258
0.8571428571428571,0.5210084033613446,0.9655396977061844
0.8655462184873949,0.5210084033613446,0.9667427329804513
0.8739495798319328,0.5210084033613446,0.967905165436765
0.8823529411764706,0.5210084033613446,0.9690282693766109
0.8907563025210083,0.5210084033613446,0.970113285740465
0.8991596638655461,0.5210084033613446,0.9711614225094685
0.907563025210084,0.5210084033613446,0.9721738551403698
0.9159663865546218,0.5210084033613446,0.9731517270300157
0.9243697478991596,0.5210084033613446,0.974096150005902
0.9327731092436974,0.5210084033613446,0.9750082048395233
0.9411764705882353,0.5210084033613446,0.9758889417794777
0.9495798319327731,0.5210084033613446,0.9767393811014852
0.9579831932773109,0.5210084033613446,0.9775605136726822
0.9663865546218487,0.5210084033613446,0.9783533015277398
0.9747899159663865,0.5210084033613446,0.9791186784545352
0.9831932773109243,0.5210084033613446,0.9798575505872771
0.9915966386554621,0.5210084033613446,0.9805707970051487
1.0,0.5210084033613446,0.9812592703346821
0.0,0.5252100840336135,0.3968349247684044
0.008403361344537815,0.5252100840336135,0.40564306846712117
0.01680672268907563,0.5252100840336135,0.4145123606601524
0.025210084033613446,0.5252100840336135,0.42343741996812423
0.03361344537815126,0.5252100840336135,0.4324127217527422
0.04201680672268907,0.5252100840336135,0.4414326111387451
0.05042016806722689,0.5252100840336135,0.45049131674335524
0.058823529411764705,0.5252100840336135,0.4595829650456665
0.06722689075630252,0.5252100840336135,0.4687015953224501
0.07563025210084033,0.5252100840336135,0.4778411750715139
0.08403361344537814,0.5252100840336135,0.4869956158391021
0.09243697478991596,0.5252100840336135,0.4961587893639394
0.10084033613445378,0.5252100840336135,0.5053245439474551
0.1092436974789916,0.5252100840336135,0.5144867209575226
0.11764705882352941,0.5252100840336135,0.5236391713717475
0.12605042016806722,0.5252100840336135,0.5327757722659499
0.13445378151260504,0.5252100840336135,0.5418904431540188
0.14285714285714285,0.5252100840336135,0.5509771620867767
0.15126050420168066,0.5252100840336135,0.5600299814198219
0.15966386554621848,0.5252100840336135,0.5690430431635328
0.1680672268907563,0.5252100840336135,0.5780105938324192
0.1764705882352941,0.5252100840336135,0.5869269987157769
0.18487394957983191,0.5252100840336135,0.5957867554970535
0.19327731092436973,0.5252100840336135,0.6045845071553797
0.20168067226890757,0.5252100840336135,0.6133150540893081
0.21008403361344538,0.5252100840336135,0.6219733654097999
0.2184873949579832,0.5252100840336135,0.6305545893568477
0.226890756302521,0.5252100840336135,0.6390540628017054
0.23529411764705882,0.5252100840336135,0.647467319804421
0.24369747899159663,0.5252100840336135,0.6557900992041433
0.25210084033613445,0.5252100840336135,0.6640183512273999
0.26050420168067223,0.5252100840336135,0.6721482431071395
0.2689075630252101,0.5252100840336135,0.6801761637127086
0.2773109243697479,0.5252100840336135,0.6880987271980201
0.2857142857142857,0.5252100840336135,0.6959127756818937
0.29411764705882354,0.5252100840336135,0.703615380980857
0.3025210084033613,0.5252100840336135,0.7112038454205295
0.31092436974789917,0.5252100840336135,0.7186757017570327
0.31932773109243695,0.5252100840336135,0.7260287122446497
0.3277310924369748,0.5252100840336135,0.7332608668901714
0.3361344537815126,0.5252100840336135,0.7403703809379901
0.3445378151260504,0.5252100840336135,0.747355691633055
0.3529411764705882,0.5252100840336135,0.7542154543112597
0.36134453781512604,0.5252100840336135,0.7609485378687274
0.36974789915966383,0.5252100840336135,0.7675540196627924
0.37815126050420167,0.5252100840336135,0.7740311798982821
0.38655462184873945,0.5252100840336135,0.7803794955530036
0.3949579831932773,0.5252100840336135,0.7865986338961739
0.40336134453781514,0.5252100840336135,0.7926884456529237
0.4117647058823529,0.5252100840336135,0.798648957867008
0.42016806722689076,0.5252100840336135,0.8044803665125021
0.42857142857142855,0.5252100840336135,0.8101830289035917
0.4369747899159664,0.5252100840336135,0.8157574559496193
0.4453781512605042,0.5252100840336135,0.821204304300383
0.453781512605042,0.5252100840336135,0.8265243684243126
0.4621848739495798,0.5252100840336135,0.8317185726596318
0.47058823529411764,0.5252100840336135,0.8367879632759879
0.4789915966386554,0.5252100840336135,0.8417337005813122
0.48739495798319327,0.5252100840336135,0.8465570511059192
0.49579831932773105,0.5252100840336135,0.851259379893077
0.5042016806722689,0.5252100840336135,0.8558421429225129
0.5126050420168067,0.5252100840336135,0.860306879690588
0.5210084033613445,0.5252100840336135,0.8646552059681991
0.5294117647058824,0.5252100840336135,0.8688888067548679
0.5378151260504201,0.5252100840336135,0.8730094294449634
0.5462184873949579,0.5252100840336135,0.8770188772196085
0.5546218487394958,0.5252100840336135,0.8809190026755208
0.5630252100840336,0.5252100840336135,0.8847117016998837
0.5714285714285714,0.5252100840336135,0.8883989075983042
0.5798319327731092,0.5252100840336135,0.891982585481014
0.5882352941176471,0.5252100840336135,0.895464726910711
0.5966386554621849,0.5252100840336135,0.8988473448138119
0.6050420168067226,0.5252100840336135,0.9021324686553993
0.6134453781512604,0.5252100840336135,0.9053221398767962
0.6218487394957983,0.5252100840336135,0.908418407593483
0.6302521008403361,0.5252100840336135,0.9114233245499764
0.6386554621848739,0.5252100840336135,0.9143389433273281
0.6470588235294117,0.5252100840336135,0.9171673127980481
0.6554621848739496,0.5252100840336135,0.9199104748225251
0.6638655462184874,0.5252100840336135,0.922570461180378
0.6722689075630252,0.5252100840336135,0.9251492907296542
0.680672268907563,0.5252100840336135,0.9276489667863392
0.6890756302521008,0.5252100840336135,0.9300714747163
0.6974789915966386,0.5252100840336135,0.9324187797315089
0.7058823529411764,0.5252100840336135,0.9346928248821946
0.7142857142857143,0.5252100840336135,0.93689552923644
0.7226890756302521,0.5252100840336135,0.9390287862386657
0.7310924369747899,0.5252100840336135,0.9410944622384303
0.7394957983193277,0.5252100840336135,0.9430943951810015
0.7478991596638656,0.5252100840336135,0.945030393451229
0.7563025210084033,0.5252100840336135,0.9469042348623647
0.7647058823529411,0.5252100840336135,0.9487176657816125
0.7731092436974789,0.5252100840336135,0.9504724003843743
0.7815126050420168,0.5252100840336135,0.9521701200293428
0.7899159663865546,0.5252100840336135,0.9538124727468252
0.7983193277310924,0.5252100840336135,0.9554010728329005
0.8067226890756303,0.5252100840336135,0.9569375005422722
0.8151260504201681,0.5252100840336135,0.9584233018729318
0.8235294117647058,0.5252100840336135,0.9598599884360156
0.8319327731092436,0.5252100840336135,0.9612490374045087
0.8403361344537815,0.5252100840336135,0.9625918915347228
0.8487394957983193,0.5252100840336135,0.9638899592547524
0.8571428571428571,0.5252100840336135,0.96514461481439
0.8655462184873949,0.5252100840336135,0.9663571984912469
0.8739495798319328,0.5252100840336135,0.9675290168481047
0.8823529411764706,0.5252100840336135,0.9686613430367815
0.8907563025210083,0.5252100840336135,0.9697554171440581
0.8991596638655461,0.5252100840336135,0.9708124465754633
0.907563025210084,0.5252100840336135,0.9718336064729608
0.9159663865546218,0.5252100840336135,0.9728200401628222
0.9243697478991596,0.5252100840336135,0.9737728596302017
0.9327731092436974,0.5252100840336135,0.9746931460171426
0.9411764705882353,0.5252100840336135,0.9755819501409719
0.9495798319327731,0.5252100840336135,0.9764402930302324
0.9579831932773109,0.5252100840336135,0.9772691664755079
0.9663865546218487,0.5252100840336135,0.9780695335926768
0.9747899159663865,0.5252100840336135,0.9788423293963125
0.9831932773109243,0.5252100840336135,0.9795884613811183
0.9915966386554621,0.5252100840336135,0.9803088101094466
1.0,0.5252100840336135,0.9810042298031011
0.0,0.5294117647058824,0.3968349247684044
0.008403361344537815,0.5294117647058824,0.405615156115498
0.01680672268907563,0.5294117647058824,0.41445616711981487
0.025210084033613446,0.5294117647058824,0.42335262791131767
0.03361344537815126,0.5294117647058824,0.4322990670823084
0.04201680672268907,0.5294117647058824,0.44128988449941503
0.05042016806722689,0.5294117647058824,0.45031936481038276
0.058823529411764705,0.5294117647058824,0.4593816915796588
0.06722689075630252,0.5294117647058824,0.4684709619809372
0.07563025210084033,0.5294117647058824,0.4775812019696105
0.08403361344537814,0.5294117647058824,0.48670638185352866
0.09243697478991596,0.5294117647058824,0.4958404321766619
0.10084033613445378,0.5294117647058824,0.5049772598272512
0.1092436974789916,0.5294117647058824,0.5141107642798631
0.11764705882352941,0.5294117647058824,0.5232348538794643
0.12605042016806722,0.5294117647058824,0.5323434620752217
0.13445378151260504,0.5294117647058824,0.5414305635122274
0.14285714285714285,0.5294117647058824,0.5504901898907203
0.15126050420168066,0.5294117647058824,0.5595164455046259
0.15966386554621848,0.5294117647058824,0.568503522374319
0.1680672268907563,0.5294117647058824,0.5774457148923882
0.1764705882352941,0.5294117647058824,0.5863374339057894
0.18487394957983191,0.5294117647058824,0.5951732201630505
0.19327731092436973,0.5294117647058824,0.6039477570610691
0.20168067226890757,0.5294117647058824,0.6126558826324122
0.21008403361344538,0.5294117647058824,0.6212926007208552
0.2184873949579832,0.5294117647058824,0.6298530913000157
0.226890756302521,0.5294117647058824,0.6383327198973364
0.23529411764705882,0.5294117647058824,0.6467270460931861
0.24369747899159663,0.5294117647058824,0.6550318310724305
0.25210084033613445,0.5294117647058824,0.66324304421337
0.26050420168067223,0.5294117647058824,0.6713568687063511
0.2689075630252101,0.5294117647058824,0.6793697062015873
0.2773109243697479,0.5294117647058824,0.6872781804926502
0.2857142857142857,0.5294117647058824,0.6950791402486934
0.29411764705882354,0.5294117647058824,0.7027696608146603
0.3025210084033613,0.5294117647058824,0.7103470451044601
0.31092436974789917,0.5294117647058824,0.7178088236173471
0.31932773109243695,0.5294117647058824,0.7251527536124505
0.3277310924369748,0.5294117647058824,0.7323768174805679
0.3361344537815126,0.5294117647058824,0.73947922035595
0.3445378151260504,0.5294117647058824,0.7464583870138294
0.3529411764705882,0.5294117647058824,0.7533129581019186
0.36134453781512604,0.5294117647058824,0.760041785756018
0.36974789915966383,0.5294117647058824,0.7666439286512402
0.37815126050420167,0.5294117647058824,0.7731186465412027
0.38655462184873945,0.5294117647058824,0.7794653943379091
0.3949579831932773,0.5294117647058824,0.7856838157849237
0.40336134453781514,0.5294117647058824,0.7917737367759191
0.4117647058823529,0.5294117647058824,0.7977351583697488
0.42016806722689076,0.5294117647058824,0.8035682495519298
0.42857142857142855,0.5294117647058824,0.8092733397908279
0.4369747899159664,0.5294117647058824,0.8148509114349888
0.4453781512605042,0.5294117647058824,0.8203015919959639
0.453781512605042,0.5294117647058824,0.825626146358711
0.4621848739495798,0.5294117647058824,0.830825468959201
0.47058823529411764,0.5294117647058824,0.8359005759663325
0.4789915966386554,0.5294117647058824,0.8408525975026024
0.48739495798319327,0.5294117647058824,0.8456827699353111
0.49579831932773105,0.5294117647058824,0.8503924282673658
0.5042016806722689,0.5294117647058824,0.8549829986540508
0.5126050420168067,0.5294117647058824,0.8594559910694598
0.5210084033613445,0.5294117647058824,0.8638129921436641
0.5294117647058824,0.5294117647058824,0.8680556581891452
0.5378151260504201,0.5294117647058824,0.8721857084325493
0.5462184873949579,0.5294117647058824,0.8762049184654653
0.5546218487394958,0.5294117647058824,0.8801151139256634
0.5630252100840336,0.5294117647058824,0.8839181644181053
0.5714285714285714,0.5294117647058824,0.8876159776830189
0.5798319327731092,0.5294117647058824,0.8912104940164624
0.5882352941176471,0.5294117647058824,0.8947036809470406
0.5966386554621849,0.5294117647058824,0.8980975281708413
0.6050420168067226,0.5294117647058824,0.9013940427451661
0.6134453781512604,0.5294117647058824,0.9045952445402957
0.6218487394957983,0.5294117647058824,0.9077031619473025
0.6302521008403361,0.5294117647058824,0.9107198278388408
0.6386554621848739,0.5294117647058824,0.9136472757788683
0.6470588235294117,0.5294117647058824,0.9164875364764036
0.6554621848739496,0.5294117647058824,0.919242634477678
0.6638655462184874,0.5294117647058824,0.9219145850904007
0.6722689075630252,0.5294117647058824,0.9245053915333232
0.680672268907563,0.5294117647058824,0.9270170423038288
0.6890756302521008,0.5294117647058824,0.9294515087559192
0.6974789915966386,0.5294117647058824,0.9318107428806855
0.7058823529411764,0.5294117647058824,0.9340966752811354
0.7142857142857143,0.5294117647058824,0.9363112133331033
0.7226890756302521,0.5294117647058824,0.9384562395238948
0.7310924369747899,0.5294117647058824,0.9405336099602709
0.7394957983193277,0.5294117647058824,0.9425451530374104
0.7478991596638656,0.5294117647058824,0.9444926682605367
0.7563025210084033,0.5294117647058824,0.9463779252110087
0.7647058823529411,0.5294117647058824,0.9482026626487944
0.7731092436974789,0.5294117647058824,0.9499685877434176
0.7815126050420168,0.5294117647058824,0.9516773754256487
0.7899159663865546,0.5294117647058824,0.9533306678524203
0.7983193277310924,0.5294117647058824,0.9549300739776713
0.8067226890756303,0.5294117647058824,0.9564771692220628
0.8151260504201681,0.5294117647058824,0.9579734952347562
0.8235294117647058,0.5294117647058824,0.9594205597407007
0.8319327731092436,0.5294117647058824,0.960819836467149
0.8403361344537815,0.5294117647058824,0.9621727651433698
0.8487394957983193,0.5294117647058824,0.9634807515678158
0.8571428571428571,0.5294117647058824,0.964745167737254
0.8655462184873949,0.5294117647058824,0.9659673520326472
0.8739495798319328,0.5294117647058824,0.9671486094568281
0.8823529411764706,0.5294117647058824,0.9682902119192793
0.8907563025210083,0.5294117647058824,0.9693933985635727
0.8991596638655461,0.5294117647058824,0.9704593761332849
0.907563025210084,0.5294117647058824,0.971489319372437
0.9159663865546218,0.5294117647058824,0.9724843714567484
0.9243697478991596,0.5294117647058824,0.9734456444522174
0.9327731092436974,0.5294117647058824,0.9743742197977676
0.9411764705882353,0.5294117647058824,0.9752711488088985
0.9495798319327731,0.5294117647058824,0.9761374531994981
0.9579831932773109,0.5294117647058824,0.9769741256191516
0.9663865546218487,0.5294117647058824,0.9777821302034829
0.9747899159663865,0.5294117647058824,0.9785624031352288
0.9831932773109243,0.5294117647058824,0.979315853213926
0.9915966386554621,0.5294117647058824,0.9800433624322422
1.0,0.5294117647058824,0.9807457865571432
0.0,0.5336134453781513,0.3968349247684044
0.008403361344537815,0.5336134453781513,0.4055872443738801
0.01680672268907563,0.5336134453781513,0.41439997580553434
0.025210084033613446,0.5336134453781513,0.42326784036893056
0.03361344537815126,0.5336134453781513,0.43218541953824
0.04201680672268907,0.5336134453781513,0.4411471675610063
0.05042016806722689,0.5336134453781513,0.45014742474521047
0.058823529411764705,0.5336134453781513,0.45918043136413866
0.06722689075630252,0.5336134453781513,0.4682403421088744
0.07563025210084033,0.5336134453781513,0.4773212410131357
0.08403361344537814,0.5336134453781513,0.4864171567707339
0.09243697478991596,0.5336134453781513,0.4955220783622028
0.10084033613445378,0.5336134453781513,0.5046299709041953
0.1092436974789916,0.5336134453781513,0.5137347916330975
0.11764705882352941,0.5336134453781513,0.5228305059330263
0.12605042016806722,0.5336134453781513,0.5319111033179383
0.13445378151260504,0.5336134453781513,0.5409706132780288
0.14285714285714285,0.5336134453781513,0.5500031209019012
0.15126050420168066,0.5336134453781513,0.5590027821881471
0.15966386554621848,0.5336134453781513,0.5679638389629407
0.1680672268907563,0.5336134453781513,0.576880633323992
0.1764705882352941,0.5336134453781513,0.5857476215356622
0.18487394957983191,0.5336134453781513,0.5945593873051499
0.19327731092436973,0.5336134453781513,0.6033106543753525
0.20168067226890757,0.5336134453781513,0.6119962983761975
0.21008403361344538,0.5336134453781513,0.6206113578828549
0.2184873949579832,0.5336134453781513,0.6291510446361783
0.226890756302521,0.5336134453781513,0.6376107528879094
0.23529411764705882,0.5336134453781513,0.6459860678405063
0.24369747899159663,0.5336134453781513,0.6542727731588478
0.25210084033613445,0.5336134453781513,0.6624668575384219
0.26050420168067223,0.5336134453781513,0.6705645203218578
0.2689075630252101,0.5336134453781513,0.6785621761627113
0.2773109243697479,0.5336134453781513,0.6864564587422094
0.2857142857142857,0.5336134453781513,0.6942442235511209
0.29411764705882354,0.5336134453781513,0.7019225497549969
0.3025210084033613,0.5336134453781513,0.7094887411666628
0.31092436974789917,0.5336134453781513,0.7169403263550138
0.31932773109243695,0.5336134453781513,0.7242750579238117
0.3277310924369748,0.5336134453781513,0.7314909109983168
0.3361344537815126,0.5336134453781513,0.7385860809611525
0.3445378151260504,0.5336134453781513,0.7455589804818404
0.3529411764705882,0.5336134453781513,0.7524082358868998
0.36134453781512604,0.5336134453781513,0.7591326829193511
0.36974789915966383,0.5336134453781513,0.765731361937854
0.37815126050420167,0.5336134453781513,0.7722035126066052
0.38655462184873945,0.5336134453781513,0.7785485681275369
0.3949579831932773,0.5336134453781513,0.7847661490663049
0.40336134453781514,0.5336134453781513,0.7908560568231013
0.4117647058823529,0.5336134453781513,0.7968182667984764
0.42016806722689076,0.5336134453781513,0.8026529213031554
0.42857142857142855,0.5336134453781513,0.8083603222593414
0.4369747899159664,0.5336134453781513,0.8139409237392176
0.4453781512605042,0.5336134453781513,0.8193953243843607
0.453781512605042,0.5336134453781513,0.8247242597475861
0.4621848739495798,0.5336134453781513,0.8299285945963857
0.47058823529411764,0.5336134453781513,0.8350093152146654
0.4789915966386554,0.5336134453781513,0.8399675217369135
0.48739495798319327,0.5336134453781513,0.8448044205463385
0.49579831932773105,0.5336134453781513,0.8495213167658665
0.5042016806722689,0.5336134453781513,0.8541196068682574
0.5126050420168067,0.5336134453781513,0.8586007714289883
0.5210084033613445,0.5336134453781513,0.8629663680429863
0.5294117647058824,0.5336134453781513,0.867218024423793
0.5378151260504201,0.5336134453781513,0.8713574317013255
0.5462184873949579,0.5336134453781513,0.8753863379320679
0.5546218487394958,0.5336134453781513,0.8793065418333187
0.5630252100840336,0.5336134453781513,0.8831198867509961
0.5714285714285714,0.5336134453781513,0.886828254868542
0.5798319327731092,0.5336134453781513,0.8904335616625831
0.5882352941176471,0.5336134453781513,0.8939377506092945
0.5966386554621849,0.5336134453781513,0.897342788143805
0.6050420168067226,0.5336134453781513,0.900650658873516
0.6134453781512604,0.5336134453781513,0.90386336104486
0.6218487394957983,0.5336134453781513,0.906982902261819
0.6302521008403361,0.5336134453781513,0.9100112954534259
0.6386554621848739,0.5336134453781513,0.9129505550865012
0.6470588235294117,0.5336134453781513,0.9158026936190211
0.6554621848739496,0.5336134453781513,0.9185697181887593
0.6638655462184874,0.5336134453781513,0.9212536275312049
0.6722689075630252,0.5336134453781513,0.9238564091202044
0.680672268907563,0.5336134453781513,0.9263800365243172
0.6890756302521008,0.5336134453781513,0.9288264669715071
0.6974789915966386,0.5336134453781513,0.9311976391144852
0.7058823529411764,0.5336134453781513,0.9334954709888099
0.7142857142857143,0.5336134453781513,0.9357218581556805
0.7226890756302521,0.5336134453781513,0.9378786720212685
0.7310924369747899,0.5336134453781513,0.9399677583243924
0.7394957983193277,0.5336134453781513,0.9419909357843349
0.7478991596638656,0.5336134453781513,0.9439499949006636
0.7563025210084033,0.5336134453781513,0.945846696896995
0.7647058823529411,0.5336134453781513,0.9476827728007648
0.7731092436974789,0.5336134453781513,0.94945992265122
0.7815126050420168,0.5336134453781513,0.9511798148280194
0.7899159663865546,0.5336134453781513,0.9528440854930272
0.7983193277310924,0.5336134453781513,0.954454338138103
0.8067226890756303,0.5336134453781513,0.9560121432319099
0.8151260504201681,0.5336134453781513,0.9575190379590137
0.8235294117647058,0.5336134453781513,0.9589765260447878
0.8319327731092436,0.5336134453781513,0.960386077659895
0.8403361344537815,0.5336134453781513,0.9617491293983792
0.8487394957983193,0.5336134453781513,0.963067084323659
0.8571428571428571,0.5336134453781513,0.9643413120769758
0.8655462184873949,0.5336134453781513,0.9655731490431165
0.8739495798319328,0.5336134453781513,0.9667638985684782
0.8823529411764706,0.5336134453781513,0.9679148312268098
0.8907563025210083,0.5336134453781513,0.9690271851282026
0.8991596638655461,0.5336134453781513,0.9701021662671592
0.907563025210084,0.5336134453781513,0.9711409489057967
0.9159663865546218,0.5336134453781513,0.9721446759884801
0.9243697478991596,0.5336134453781513,0.9731144595844043
0.9327731092436974,0.5336134453781513,0.9740513813548543
0.9411764705882353,0.5336134453781513,0.974956493042092
0.9495798319327731,0.5336134453781513,0.9758308169770086
0.9579831932773109,0.5336134453781513,0.9766753466028801
0.9663865546218487,0.5336134453781513,0.9774910470127484
0.9747899159663865,0.5336134453781513,0.9782788554981168
0.9831932773109243,0.5336134453781513,0.9790396821068322
0.9915966386554621,0.5336134453781513,0.9797744102081706
1.0,0.5336134453781513,0.9804838970632997
0.0,0.5378151260504201,0.3968349247684044
0.008403361344537815,0.5378151260504201,0.4055593332424349
0.01680672268907563,0.5378151260504201,0.41434378671868466
0.025210084033613446,0.5378151260504201,0.42318305734571593
0.03361344537815126,0.5378151260504201,0.43207177913205175
0.04201680672268907,0.5378151260504201,0.441004460346439
0.05042016806722689,0.5378151260504201,0.4499754965880883
0.058823529411764705,0.5378151260504201,0.4589791844638822
0.06722689075630252,0.5378151260504201,0.46800973580398886
0.07563025210084033,0.5378151260504201,0.47706129234234657
0.08403361344537814,0.5378151260504201,0.4861279407841293
0.09243697478991596,0.5378151260504201,0.4952037281786621
0.10084033613445378,0.5378151260504201,0.5042826775133475
0.1092436974789916,0.5378151260504201,0.5133588034420613
0.11764705882352941,0.5378151260504201,0.5224261280601822
0.12605042016806722,0.5378151260504201,0.5314786966379776
0.13445378151260504,0.5378151260504201,0.5405105932244634
0.14285714285714285,0.5378151260504201,0.5495159560350986
0.15126050420168066,0.5378151260504201,0.5584889925387381
0.15966386554621848,0.5378151260504201,0.5674239941621257
0.1680672268907563,0.5378151260504201,0.5763153505338139
0.1764705882352941,0.5378151260504201,0.5851575631937093
0.18487394957983191,0.5378151260504201,0.5939452586993869
0.19327731092436973,0.5378151260504201,0.6026732010658354
0.20168067226890757,0.5378151260504201,0.6113363034813007
0.21008403361344538,0.5378151260504201,0.6199296392483218
0.2184873949579832,0.5378151260504201,0.6284484519057978
0.226890756302521,0.5378151260504201,0.6368881644949133
0.23529411764705882,0.5378151260504201,0.6452443879388866
0.24369747899159663,0.5378151260504201,0.6535129285137073
0.25210084033613445,0.5378151260504201,0.6616897943942089
0.26050420168067223,0.5378151260504201,0.6697712012669018
0.2689075630252101,0.5378151260504201,0.6777535770078869
0.2773109243697479,0.5378151260504201,0.6856335654308183
0.2857142857142857,0.5378151260504201,0.6934080291162212
0.29411764705882354,0.5378151260504201,0.7010740513394267
0.3025210084033613,0.5378151260504201,0.7086289371199361
0.31092436974789917,0.5378151260504201,0.7160702134201073
0.31932773109243695,0.5378151260504201,0.7233956285256532
0.3277310924369748,0.5378151260504201,0.7306031506445148
0.3361344537815126,0.5378151260504201,0.7376909657642285
0.3445378151260504,0.5378151260504201,0.7446574748109129
0.3529411764705882,0.5378151260504201,0.7515012901554775
0.36134453781512604,0.5378151260504201,0.7582212315146042
0.36974789915966383,0.5378151260504201,0.7648163212954814
0.37815126050420167,0.5378151260504201,0.7712857794342032
0.38655462184873945,0.5378151260504201,0.7776290177782068
0.3949579831932773,0.5378151260504201,0.7838456340631438
0.40336134453781514,0.5378151260504201,0.7899354055341749
0.4117647058823529,0.5378151260504201,0.7958982822609139
0.42016806722689076,0.5378151260504201,0.801734380194121
0.42857142857142855,0.5378151260504201,0.8074439740108278
0.4369747899159664,0.5378151260504201,0.8130274897928846
0.4453781512605042,0.5378151260504201,0.8184854975820013
0.453781512605042,0.5378151260504201,0.82381870385224
0.4621848739495798,0.5378151260504201,0.8290279439386502
0.47058823529411764,0.5378151260504201,0.834114174458344
0.4789915966386554,0.5378151260504201,0.8390784657578303
0.48739495798319327,0.5378151260504201,0.8439219944178901
0.49579831932773105,0.5378151260504201,0.8486460358447036
0.5042016806722689,0.5378151260504201,0.853251956973374
0.5126050420168067,0.5378151260504201,0.8577412091074331
0.5210084033613445,0.5378151260504201,0.8621153209154152
0.5294117647058824,0.5378151260504201,0.8663758916031239
0.5378151260504201,0.5378151260504201,0.8705245842778482
0.5462184873949579,0.5378151260504201,0.8745631195185009
0.5546218487394958,0.5378151260504201,0.8784932691634562
0.5630252100840336,0.5378151260504201,0.8823168503258045
0.5714285714285714,0.5378151260504201,0.8860357196437665
0.5798319327731092,0.5378151260504201,0.8896517677721848
0.5882352941176471,0.5378151260504201,0.8931669141192877
0.5966386554621849,0.5378151260504201,0.8965831018313433
0.6050420168067226,0.5378151260504201,0.899902293026352
0.6134453781512604,0.5378151260504201,0.9031264642766024
0.6218487394957983,0.5378151260504201,0.9062576023386911
0.6302521008403361,0.5378151260504201,0.9092977001285332
0.6386554621848739,0.5378151260504201,0.9122487529379004
0.6470588235294117,0.5378151260504201,0.9151127548881718
0.6554621848739496,0.5378151260504201,0.9178916956162241
0.6638655462184874,0.5378151260504201,0.9205875571867369
0.6722689075630252,0.5378151260504201,0.9232023112246243
0.680672268907563,0.5378151260504201,0.9257379162608457
0.6890756302521008,0.5378151260504201,0.928196315284457
0.6974789915966386,0.5378151260504201,0.9305794334934603
0.7058823529411764,0.5378151260504201,0.9328891762367741
0.7142857142857143,0.5378151260504201,0.9351274271394769
0.7226890756302521,0.5378151260504201,0.9372960464033667
0.7310924369747899,0.5378151260504201,0.9393968692748255
0.7394957983193277,0.5378151260504201,0.9414317046719685
0.7478991596638656,0.5378151260504201,0.9434023339630959
0.7563025210084033,0.5378151260504201,0.9453105098885415
0.7647058823529411,0.5378151260504201,0.9471579556181172
0.7731092436974789,0.5378151260504201,0.9489463639364983
0.7815126050420168,0.5378151260504201,0.9506773965490523
0.7899159663865546,0.5378151260504201,0.9523526835008033
0.7983193277310924,0.5378151260504201,0.9539738227014272
0.8067226890756303,0.5378151260504201,0.9555423795493924
0.8151260504201681,0.5378151260504201,0.9570598866485914
0.8235294117647058,0.5378151260504201,0.958527843611048
0.8319327731092436,0.5378151260504201,0.9599477169395352
0.8403361344537815,0.5378151260504201,0.9613209399841862
0.8487394957983193,0.5378151260504201,0.962648912967438
0.8571428571428571,0.5378151260504201,0.9639330030719048
0.8655462184873949,0.5378151260504201,0.9651745445860245
0.8739495798319328,0.5378151260504201,0.966374839102587
0.8823529411764706,0.5378151260504201,0.9675351557654909
0.8907563025210083,0.5378151260504201,0.968656731560327
0.8991596638655461,0.5378151260504201,0.969740771644626
0.907563025210084,0.5378151260504201,0.970788449713842
0.9159663865546218,0.5378151260504201,0.9718009083993691
0.9243697478991596,0.5378151260504201,0.9727792596951165
0.9327731092436974,0.5378151260504201,0.97372458540937
0.9411764705882353,0.5378151260504201,0.9746379376388875
0.9495798319327731,0.5378151260504201,0.9755203392623629
0.9579831932773109,0.5378151260504201,0.9763727844505881
0.9663865546218487,0.5378151260504201,0.9771962391908283
0.9747899159663865,0.5378151260504201,0.977991641823092
0.9831932773109243,0.5378151260504201,0.9787599035861517
0.9915966386554621,0.5378151260504201,0.9795019091713241
1.0,0.5378151260504201,0.98021851728217
0.0,0.542016806722689,0.3968349247684044
0.008403361344537815,0.542016806722689,0.40553142272132914
0.01680672268907563,0.542016806722689,0.4142875998606397
0.025210084033613446,0.542016806722689,0.4230982788464259
0.03361344537815126,0.542016806722689,0.4319581458752557
0.04201680672268907,0.542016806722689,0.4408617628786264
0.05042016806722689,0.542016806722689,0.4498035803792551
0.058823529411764705,0.542016806722689,0.45877795094364826
0.06722689075630252,0.542016806722689,0.4677791431639847
0.07563025210084033,0.542016806722689,0.47680135609747337
0.08403361344537814,0.542016806722689,0.4858387340871026
0.09243697478991596,0.542016806722689,0.49488538188412756
0.10084033613445378,0.542016806722689,0.503935379989785
0.1092436974789916,0.542016806722689,0.5129828001316602
0.11764705882352941,0.542016806722689,0.5220217207888372
0.12605042016806722,0.542016806722689,0.5310462426795043
0.13445378151260504,0.542016806722689,0.5400505041250461
0.14285714285714285,0.542016806722689,0.5490286962058236
0.15126050420168066,0.542016806722689,0.5579750776258257
0.15966386554621848,0.542016806722689,0.5668839892061206
0.1680672268907563,0.542016806722689,0.5757498679305189
0.1764705882352941,0.542016806722689,0.5845672604710234
0.18487394957983191,0.542016806722689,0.5933308361254279
0.19327731092436973,0.542016806722689,0.6020353991047768
0.20168067226890757,0.542016806722689,0.610675900114222
0.21008403361344538,0.542016806722689,0.6192474471770544
0.2184873949579832,0.542016806722689,0.6277453156582411
0.226890756302521,0.542016806722689,0.6361649574506004
0.23529411764705882,0.542016806722689,0.6445020092936925
0.24369747899159663,0.542016806722689,0.6527523002025261
0.25210084033613445,0.542016806722689,0.660911857990182
0.26050420168067223,0.542016806722689,0.6689769148753673
0.2689075630252101,0.542016806722689,0.6769439121726538
0.2773109243697479,0.542016806722689,0.6848095040696646
0.2857142857142857,0.542016806722689,0.6925705605016714
0.29411764705882354,0.542016806722689,0.7002241691399236
0.3025210084033613,0.542016806722689,0.7077676365154711
0.31092436974789917,0.542016806722689,0.715198488305253
0.31932773109243695,0.542016806722689,0.7225144688117507
0.3277310924369748,0.542016806722689,0.7297135396715428
0.3361344537815126,0.542016806722689,0.7367938778316097
0.3445378151260504,0.542016806722689,0.7437538728352417
0.3529411764705882,0.542016806722689,0.7505921234618781
0.36134453781512604,0.542016806722689,0.7573074337671634
0.36974789915966383,0.542016806722689,0.7638988085709663
0.37815126050420167,0.542016806722689,0.7703654484420793
0.38655462184873945,0.542016806722689,0.7767067442288244
0.3949579831932773,0.542016806722689,0.782922271184868
0.40336134453781514,0.542016806722689,0.789011782739212
0.4117647058823529,0.542016806722689,0.7949752039586272
0.42016806722689076,0.542016806722689,0.8008126247497502
0.42857142857142855,0.542016806722689,0.8065242928467248
0.4369747899159664,0.542016806722689,0.8121106066286522
0.4453781512605042,0.542016806722689,0.8175721078092806
0.453781512605042,0.542016806722689,0.8229094740393337
0.4621848739495798,0.542016806722689,0.8281235114596829
0.47058823529411764,0.542016806722689,0.8332151472412607
0.4789915966386554,0.542016806722689,0.8381854221452021
0.48739495798319327,0.542016806722689,0.8430354831342425
0.49579831932773105,0.542016806722689,0.8477665760638892
0.5042016806722689,0.542016806722689,0.8523800384793886
0.5126050420168067,0.542016806722689,0.8568772925420084
0.5210084033613445,0.542016806722689,0.8612598381057037
0.5294117647058824,0.542016806722689,0.865529245962836
0.5378151260504201,0.542016806722689,0.8696871512752806
0.5462184873949579,0.542016806722689,0.8737352472050129
0.5546218487394958,0.542016806722689,0.8776752787561165
0.5630252100840336,0.542016806722689,0.8815090368381087
0.5714285714285714,0.542016806722689,0.8852383525585447
0.5798319327731092,0.542016806722689,0.8888650917510501
0.5882352941176471,0.542016806722689,0.8923911497432301
0.5966386554621849,0.542016806722689,0.8958184463673355
0.6050420168067226,0.542016806722689,0.8991489212151131
0.6134453781512604,0.542016806722689,0.9023845291369442
0.6218487394957983,0.542016806722689,0.9055272359841638
0.6302521008403361,0.542016806722689,0.9085790145923638
0.6386554621848739,0.542016806722689,0.9115418410025172
0.6470588235294117,0.542016806722689,0.9144176909158823
0.6554621848739496,0.542016806722689,0.9172085363778929
0.6638655462184874,0.542016806722689,0.9199163426855842
0.6722689075630252,0.542016806722689,0.9225430655125286
0.680672268907563,0.542016806722689,0.9250906482447863
0.6890756302521008,0.542016806722689,0.9275610195209771
0.6974789915966386,0.542016806722689,0.9299560909692691
0.7058823529411764,0.542016806722689,0.9322777551338194
0.7142857142857143,0.542016806722689,0.9345278835830403
0.7226890756302521,0.542016806722689,0.9367083251919254
0.7310924369747899,0.542016806722689,0.9388209045906141
0.7394957983193277,0.542016806722689,0.9408674207713486
0.7478991596638656,0.542016806722689,0.942849645846001
0.7563025210084033,0.542016806722689,0.9447693239464209
0.7647058823529411,0.542016806722689,0.9466281702599383
0.7731092436974789,0.542016806722689,0.9484278701924943
0.7815126050420168,0.542016806722689,0.9501700786520233
0.7899159663865546,0.542016806722689,0.951856419444882
0.7983193277310924,0.542016806722689,0.953488484778321
0.8067226890756303,0.542016806722689,0.9550678348621986
0.8151260504201681,0.542016806722689,0.9565959976033618
0.8235294117647058,0.542016806722689,0.9580744683863507
0.8319327731092436,0.542016806722689,0.9595047099343216
0.8403361344537815,0.542016806722689,0.9608881522443257
0.8487394957983193,0.542016806722689,0.9622261925913346
0.8571428571428571,0.542016806722689,0.9635201955956428
0.8655462184873949,0.542016806722689,0.9647714933485352
0.8739495798319328,0.542016806722689,0.9659813855913503
0.8823529411764706,0.542016806722689,0.9671511399433125
0.8907563025210083,0.542016806722689,0.9682819921737518
0.8991596638655461,0.542016806722689,0.9693751465145639
0.907563025210084,0.542016806722689,0.97043177600899
0.9159663865546218,0.542016806722689,0.9714530228930259
0.9243697478991596,0.542016806722689,0.9724399990059865
0.9327731092436974,0.542016806722689,0.9733937862269566
0.9411764705882353,0.542016806722689,0.9743154369340746
0.9495798319327731,0.542016806722689,0.9752059744837767
0.9579831932773109,0.542016806722689,0.9760663937073325
0.9663865546218487,0.542016806722689,0.9768976614221716
0.9747899159663865,0.542016806722689,0.9777007169556794
0.9831932773109243,0.542016806722689,0.9784764726793058
0.9915966386554621,0.542016806722689,0.9792258145509822
1.0,0.542016806722689,0.9799496026639988
0.0,0.5462184873949579,0.3968349247684044
0.008403361344537815,0.5462184873949579,0.40550351281073
0.01680672268907563,0.5462184873949579,0.41423141523277285
0.025210084033613446,0.5462184873949579,0.4230135048758116
0.03361344537815126,0.5462184873949579,0.43184451977936056
0.04201680672268907,0.5462184873949579,0.44071907518047604
0.05042016806722689,0.5462184873949579,0.4496316761589379
0.058823529411764705,0.5462184873949579,0.45857673086817835
0.06722689075630252,0.5462184873949579,0.46754856428654307
0.07563025210084033,0.5462184873949579,0.47654143241871966
0.08403361344537814,0.5462184873949579,0.48554953687301666
0.09243697478991596,0.5462184873949579,0.4945670397366747
0.10084033613445378,0.5462184873949579,0.5035880786686009
0.1092436974789916,0.5462184873949579,0.5126067821268689
0.11764705882352941,0.5462184873949579,0.5216172846470506
0.12605042016806722,0.5462184873949579,0.5306137420869667
0.13445378151260504,0.5462184873949579,0.5395903467537605
0.14285714285714285,0.5462184873949579,0.5485413423303122
0.15126050420168066,0.5462184873949579,0.5574610385199021
0.15966386554621848,0.5462184873949579,0.5663438253306788
0.1680672268907563,0.5462184873949579,0.5751841869248394
0.1764705882352941,0.5462184873949579,0.5839767149614613
0.18487394957983191,0.5462184873949579,0.5927161213665518
0.19327731092436973,0.5462184873949579,0.6013972504690668
0.20168067226890757,0.5462184873949579,0.6100150904472994
0.21008403361344538,0.5462184873949579,0.6185647840360989
0.2184873949579832,0.5462184873949579,0.6270416384517503
0.226890756302521,0.5462184873949579,0.635441134497954
0.23529411764705882,0.5462184873949579,0.6437589348231157
0.24369747899159663,0.5462184873949579,0.6519908913059898
0.25210084033613445,0.5462184873949579,0.6601330515535553
0.26050420168067223,0.5462184873949579,0.6681816645017481
0.2689075630252101,0.5462184873949579,0.6761331851162595
0.2773109243697479,0.5462184873949579,0.6839842781969845
0.2857142857142857,0.5462184873949579,0.6917318212957719
0.29411764705882354,0.5462184873949579,0.699372906762879
0.3025210084033613,0.5462184873949579,0.7069048429428744
0.31092436974789917,0.5462184873949579,0.7143251545456671
0.31932773109243695,0.5462184873949579,0.7216315822228043
0.3277310924369748,0.5462184873949579,0.7288220813831634
0.3361344537815126,0.5462184873949579,0.7358948202856588
0.3445378151260504,0.5462184873949579,0.7428481774495592
0.3529411764705882,0.5462184873949579,0.7496807384254929
0.36134453781512604,0.5462184873949579,0.756391291972186
0.36974789915966383,0.5462184873949579,0.7629788256854659
0.37815126050420167,0.5462184873949579,0.7694425211270661
0.38655462184873945,0.5462184873949579,0.7757817485013284
0.3949579831932773,0.5462184873949579,0.7819960609280242
0.40336134453781514,0.5462184873949579,0.7880851883592479
0.4117647058823529,0.5462184873949579,0.7940490311877002
0.42016806722689076,0.5462184873949579,0.799887653592709
0.42857142857142855,0.5462184873949579,0.8056012766690631
0.4369747899159664,0.5462184873949579,0.8111902713822108
0.4453781512605042,0.5462184873949579,0.8166551513916049
0.453781512605042,0.5462184873949579,0.8219965657820315
0.4621848739495798,0.5462184873949579,0.8272152917406449
0.47058823529411764,0.5462184873949579,0.8323122272151947
0.4789915966386554,0.5462184873949579,0.8372883835865983
0.48739495798319327,0.5462184873949579,0.8421448783866208
0.49579831932773105,0.5462184873949579,0.8468829280889866
0.5042016806722689,0.5462184873949579,0.8515038409998036
0.5126050420168067,0.5462184873949579,0.8560090102707505
0.5210084033613445,0.5462184873949579,0.8603999070560715
0.5294117647058824,0.5462184873949579,0.8646780738320746
0.5378151260504201,0.5462184873949579,0.868845117895541
0.5462184873949579,0.5462184873949579,0.8729027050552524
0.5546218487394958,0.5462184873949579,0.8768525535287214
0.5630252100840336,0.5462184873949579,0.8806964280542002
0.5714285714285714,0.5462184873949579,0.8844361342261355
0.5798319327731092,0.5462184873949579,0.8880735130604402
0.5882352941176471,0.5462184873949579,0.8916104357942773
0.5966386554621849,0.5462184873949579,0.8950487989234929
0.6050420168067226,0.5462184873949579,0.8983905194793963
0.6134453781512604,0.5462184873949579,0.9016375305452606
0.6218487394957983,0.5462184873949579,0.9047917770117242
0.6302521008403361,0.5462184873949579,0.907855211569174
0.6386554621848739,0.5462184873949579,0.9108297909342291
0.6470588235294117,0.5462184873949579,0.9137174723065635
0.6554621848739496,0.5462184873949579,0.9165202100515489
0.6638655462184874,0.5462184873949579,0.9192399526035322
0.6722689075630252,0.5462184873949579,0.9218786395839853
0.680672268907563,0.5462184873949579,0.9244381991282836
0.6890756302521008,0.5462184873949579,0.9269205454144593
0.6974789915966386,0.5462184873949579,0.9293275763869592
0.7058823529411764,0.5462184873949579,0.9316611716681633
0.7142857142857143,0.5462184873949579,0.9339231906502452
0.7226890756302521,0.5462184873949579,0.9361154707598092
0.7310924369747899,0.5462184873949579,0.9382398258876655
0.7394957983193277,0.5462184873949579,0.940298044976075
0.7478991596638656,0.5462184873949579,0.9422918907558048
0.7563025210084033,0.5462184873949579,0.9442230986253887
0.7647058823529411,0.5462184873949579,0.9460933756650796
0.7731092436974789,0.5462184873949579,0.9479043997780833
0.7815126050420168,0.5462184873949579,0.949657818951822
0.7899159663865546,0.5462184873949579,0.9513552506321318
0.7983193277310924,0.5462184873949579,0.9529982812034818
0.8067226890756303,0.5462184873949579,0.9545884655685088
0.8151260504201681,0.5462184873949579,0.9561273268203726
0.8235294117647058,0.5462184873949579,0.9576163560016536
0.8319327731092436,0.5462184873949579,0.959057011943757
0.8403361344537815,0.5462184873949579,0.9604507211810155
0.8487394957983193,0.5462184873949579,0.9617988779339265
0.8571428571428571,0.5462184873949579,0.9631028441562016
0.8655462184873949,0.5462184873949579,0.96436394964055
0.8739495798319328,0.5462184873949579,0.965583492178354
0.8823529411764706,0.5462184873949579,0.9667627377686436
0.8907563025210083,0.5462184873949579,0.9679029208719994
0.8991596638655461,0.5462184873949579,0.9690052447052601
0.907563025210084,0.5462184873949579,0.9700708815731215
0.9159663865546218,0.5462184873949579,0.9711009732329506
0.9243697478991596,0.5462184873949579,0.9720966312893372
0.9327731092436974,0.5462184873949579,0.9730589376151276
0.9411764705882353,0.5462184873949579,0.9739889447958763
0.9495798319327731,0.5462184873949579,0.9748876765948471
0.9579831932773109,0.5462184873949579,0.975756128435887
0.9663865546218487,0.5462184873949579,0.9765952679016653
0.9747899159663865,0.5462184873949579,0.9774060352449515
0.9831932773109243,0.5462184873949579,0.9781893439107588
0.9915966386554621,0.5462184873949579,0.9789460810673466
1.0,0.5462184873949579,0.9796771081442136
0.0,0.5504201680672269,0.3968349247684044
0.008403361344537815,0.5504201680672269,0.40547560351080447
0.01680672268907563,0.5504201680672269,0.4141752328364574
0.025210084033613446,0.5504201680672269,0.42292873543862264
0.03361344537815126,0.5504201680672269,0.43173090085587235
0.04201680672268907,0.5504201680672269,0.44057639727488856
0.05042016806722689,0.5504201680672269,0.4494597839673529
0.058823529411764705,0.5504201680672269,0.45837552430219647
0.06722689075630252,0.5504201680672269,0.467317999269321
0.07563025210084033,0.5504201680672269,0.476281521446262
0.08403361344537814,0.5504201680672269,0.48526034933520873
0.09243697478991596,0.5504201680672269,0.49424870199436544
0.10084033613445378,0.5504201680672269,0.5032407738849031
0.1092436974789916,0.5504201680672269,0.5122307498527281
0.11764705882352941,0.5504201680672269,0.5212128201630329
0.12605042016806722,0.5504201680672269,0.5301811955050928
0.13445378151260504,0.5504201680672269,0.5391301218850546
0.14285714285714285,0.5504201680672269,0.5480538953255182
0.15126050420168066,0.5504201680672269,0.556946876292517
0.15966386554621848,0.5504201680672269,0.5658035037730511
0.1680672268907563,0.5504201680672269,0.5746183089295619
0.1764705882352941,0.5504201680672269,0.5833859282616263
0.18487394957983191,0.5504201680672269,0.5921011162096305
0.19327731092436973,0.5504201680672269,0.6007587571402052
0.20168067226890757,0.5504201680672269,0.6093538766586835
0.21008403361344538,0.5504201680672269,0.6178816521997205
0.2184873949579832,0.5504201680672269,0.6263374228534098
0.226890756302521,0.5504201680672269,0.6347166983906545
0.23529411764705882,0.5504201680672269,0.6430151674581401
0.24369747899159663,0.5504201680672269,0.6512287049199185
0.25210084033613445,0.5504201680672269,0.6593533783292729
0.26050420168067223,0.5504201680672269,0.6673854535211177
0.2689075630252101,0.5504201680672269,0.6753213993216319
0.2773109243697479,0.5504201680672269,0.6831578913780425
0.2857142857142857,0.5504201680672269,0.6908918151174362
0.29411764705882354,0.5504201680672269,0.6985202678491055
0.3025210084033613,0.5504201680672269,0.7060405600301861
0.31092436974789917,0.5504201680672269,0.7134502157191982
0.31932773109243695,0.5504201680672269,0.720746972246501
0.3277310924369748,0.5504201680672269,0.7279287791346115
0.3361344537815126,0.5504201680672269,0.7349937963047957
0.3445378151260504,0.5504201680672269,0.7419403916093028
0.3529411764705882,0.5504201680672269,0.7487671377310892
0.36134453781512604,0.5504201680672269,0.7554728084948608
0.36974789915966383,0.5504201680672269,0.7620563746347665
0.37815126050420167,0.5504201680672269,0.7685169990651212
0.38655462184873945,0.5504201680672269,0.7748540317011327
0.3949579831932773,0.5504201680672269,0.7810670038767915
0.40336134453781514,0.5504201680672269,0.7871556224068702
0.4117647058823529,0.5504201680672269,0.7931197633394088
0.42016806722689076,0.5504201680672269,0.7989594654441666
0.42857142857142855,0.5504201680672269,0.8046749234813184
0.4369747899159664,0.5504201680672269,0.8102664812932279
0.4453781512605042,0.5504201680672269,0.8157346247604372
0.453781512605042,0.5504201680672269,0.8210799746611473
0.4621848739495798,0.5504201680672269,0.8263032794714182
0.47058823529411764,0.5504201680672269,0.831405408141166
0.4789915966386554,0.5504201680672269,0.836387342878768
0.48739495798319327,0.5504201680672269,0.8412501719747654
0.49579831932773105,0.5504201680672269,0.8459950826927838
0.5042016806722689,0.5504201680672269,0.850623354253411
0.5126050420168067,0.5504201680672269,0.8551363509343962
0.5210084033613445,0.5504201680672269,0.859535515308185
0.5294117647058824,0.5504201680672269,0.8638223616355036
0.5378151260504201,0.5504201680672269,0.8679984694314677
0.5462184873949579,0.5504201680672269,0.8720654772185168
0.5546218487394958,0.5504201680672269,0.8760250764784051
0.5630252100840336,0.5504201680672269,0.8798790058134901
0.5714285714285714,0.5504201680672269,0.8836290453256793
0.5798319327731092,0.5504201680672269,0.8872770112196282
0.5882352941176471,0.5504201680672269,0.8908247506351152
0.5966386554621849,0.5504201680672269,0.8942741367119855
0.6050420168067226,0.5504201680672269,0.8976270638896179
0.6134453781512604,0.5504201680672269,0.9008854434415622
0.6218487394957983,0.5504201680672269,0.9040511992447986
0.6302521008403361,0.5504201680672269,0.9071262637819772
0.6386554621848739,0.5504201680672269,0.9101125743740326
0.6470588235294117,0.5504201680672269,0.9130120696396852
0.6554621848739496,0.5504201680672269,0.9158266861775854
0.6638655462184874,0.5504201680672269,0.9185583554661715
0.6722689075630252,0.5504201680672269,0.9212090009757431
0.680672268907563,0.5504201680672269,0.923780535486753
0.6890756302521008,0.5504201680672269,0.9262748586079049
0.6974789915966386,0.5504201680672269,0.928693854487312
0.7058823529411764,0.5504201680672269,0.9310393897097019
0.7142857142857143,0.5504201680672269,0.9333133113724452
0.7226890756302521,0.5504201680672269,0.9355174453330504
0.7310924369747899,0.5504201680672269,0.9376535946206653
0.7394957983193277,0.5504201680672269,0.9397235380040951
0.7478991596638656,0.5504201680672269,0.9417290287088363
0.7563025210084033,0.5504201680672269,0.9436717932756793
0.7647058823529411,0.5504201680672269,0.9455535305534964
0.7731092436974789,0.5504201680672269,0.947375910818947
0.7815126050420168,0.5504201680672269,0.9491405750159558
0.7899159663865546,0.5504201680672269,0.9508491341079818
0.7983193277310924,0.5504201680672269,0.9525031685362672
0.8067226890756303,0.5504201680672269,0.9541042277774472
0.8151260504201681,0.5504201680672269,0.9556538299941022
0.8235294117647058,0.5504201680672269,0.9571534617720567
0.8319327731092436,0.5504201680672269,0.958604577938445
0.8403361344537815,0.5504201680672269,0.9600086014547947
0.8487394957983193,0.5504201680672269,0.9613669233796159
0.8571428571428571,0.5504201680672269,0.9626809028952171
0.8655462184873949,0.5504201680672269,0.9639518673937031
0.8739495798319328,0.5504201680672269,0.9651811126173513
0.8823529411764706,0.5504201680672269,0.9663699028487903
0.8907563025210083,0.5504201680672269,0.9675194711466444
0.8991596638655461,0.5504201680672269,0.968631019622524
0.907563025210084,0.5504201680672269,0.969705719755474
0.9159663865546218,0.5504201680672269,0.9707447127402027
0.9243697478991596,0.5504201680672269,0.9717491098656301
0.9327731092436974,0.5504201680672269,0.9727199929204945
0.9411764705882353,0.5504201680672269,0.9736584146229585
0.9495798319327731,0.5504201680672269,0.9745653990713457
0.9579831932773109,0.5504201680672269,0.9754419422133191
0.9663865546218487,0.5504201680672269,0.9762890123310007
0.9747899159663865,0.5504201680672269,0.9771075505396832
0.9831932773109243,0.5504201680672269,0.9778984712979653
0.9915966386554621,0.5504201680672269,0.9786626629272835
1.0,0.5504201680672269,0.9794009881389681
0.0,0.5546218487394958,0.3968349247684044
0.008403361344537815,0.5546218487394958,0.40544769482171944
0.01680672268907563,0.5546218487394958,0.4141190526730665
0.025210084033613446,0.5546218487394958,0.42284397053960826
0.03361344537815126,0.5546218487394958,0.43161728911629405
0.04201680672268907,0.5546218487394958,0.4404337291847582
0.05042016806722689,0.5546218487394958,0.44928790384470435
0.058823529411764705,0.5546218487394958,0.4581743313104092
0.06722689075630252,0.5546218487394958,0.46708744820995246
0.07563025210084033,0.5546218487394958,0.4760216233202491
0.08403361344537814,0.5546218487394958,0.48497117166698983
0.09243697478991596,0.5546218487394958,0.4939303689152474
0.10084033613445378,0.5546218487394958,0.5028934659738126
0.1092436974789916,0.5546218487394958,0.5118547037343432
0.11764705882352941,0.5546218487394958,0.5208083278651433
0.12605042016806722,0.5546218487394958,0.5297486035788864
0.13445378151260504,0.5546218487394958,0.5386698302938351
0.14285714285714285,0.5546218487394958,0.5475663561091072
0.15126050420168066,0.5546218487394958,0.5564325920162678
0.15966386554621848,0.5546218487394958,0.5652630257719736
0.1680672268907563,0.5546218487394958,0.5740522353595139
0.1764705882352941,0.5546218487394958,0.5827949019708525
0.18487394957983191,0.5546218487394958,0.5914858224451085
0.19327731092436973,0.5546218487394958,0.6001199211042778
0.20168067226890757,0.5546218487394958,0.6086922609323118
0.21008403361344538,0.5546218487394958,0.6171980540493749
0.2184873949579832,0.5546218487394958,0.6256326714391164
0.226890756302521,0.5546218487394958,0.6339916518930457
0.23529411764705882,0.5546218487394958,0.6422707101425059
0.24369747899159663,0.5546218487394958,0.6504657441552314
0.25210084033613445,0.5546218487394958,0.6585728415799733
0.26050420168067223,0.5546218487394958,0.6665882853290964
0.2689075630252101,0.5546218487394958,0.6745085582953523
0.2773109243697479,0.5546218487394958,0.6823303472051115
0.2857142857142857,0.5546218487394958,0.6900505456161804
0.29411764705882354,0.5546218487394958,0.6976662560738383
0.3025210084033613,0.5546218487394958,0.7051747914438988
0.31092436974789917,0.5546218487394958,0.7125736754463635
0.31932773109243695,0.5546218487394958,0.7198606424175777
0.3277310924369748,0.5546218487394958,0.7270336363326875
0.3361344537815126,0.5546218487394958,0.7340908091236231
0.3445378151260504,0.5546218487394958,0.7410305183307774
0.3529411764705882,0.5546218487394958,0.7478513241290176
0.36134453781512604,0.5546218487394958,0.754551985770665
0.36974789915966383,0.5546218487394958,0.761131457489596
0.37815126050420167,0.5546218487394958,0.7675888839117004
0.38655462184873945,0.5546218487394958,0.7739235950175649
0.3949579831932773,0.5546218487394958,0.7801351007034932
0.40336134453781514,0.5546218487394958,0.7862230849868088
0.4117647058823529,0.5546218487394958,0.792187399900891
0.42016806722689076,0.5546218487394958,0.7980280591245535
0.42857142857142855,0.5546218487394958,0.8037452313892611
0.4369747899159664,0.5546218487394958,0.8093392337062906
0.4453781512605042,0.5546218487394958,0.8148105244543405
0.453781512605042,0.5546218487394958,0.820159696366291
0.4621848739495798,0.5546218487394958,0.8253874694518576
0.47058823529411764,0.5546218487394958,0.8304946838907931
0.4789915966386554,0.5546218487394958,0.8354822929291055
0.48739495798319327,0.5546218487394958,0.8403513558085025
0.49579831932773105,0.5546218487394958,0.8451030307569707
0.5042016806722689,0.5546218487394958,0.8497385680660785
0.5126050420168067,0.5546218487394958,0.8542593032782726
0.5210084033613445,0.5546218487394958,0.8586666505051458
0.5294117647058824,0.5546218487394958,0.8629620958953953
0.5378151260504201,0.5546218487394958,0.8671471912690015
0.5462184873949579,0.5546218487394958,0.8712235479320234
0.5546218487394958,0.5546218487394958,0.8751928306843686
0.5630252100840336,0.5546218487394958,0.8790567520309377
0.5714285714285714,0.5546218487394958,0.8828170666046948
0.5798319327731092,0.5546218487394958,0.8864755658084587
0.5882352941176471,0.5546218487394958,0.8900340726805752
0.5966386554621849,0.5546218487394958,0.8934944369881009
0.6050420168067226,0.5546218487394958,0.8968585305497074
0.6134453781512604,0.5546218487394958,0.9001282427892178
0.6218487394957983,0.5546218487394958,0.9033054765194906
0.6302521008403361,0.5546218487394958,0.9063921439552877
0.6386554621848739,0.5546218487394958,0.909390162952783
0.6470588235294117,0.5546218487394958,0.9123014534725015
0.6554621848739496,0.5546218487394958,0.9151279342617052
0.6638655462184874,0.5546218487394958,0.9178715197515609
0.6722689075630252,0.5546218487394958,0.9205341171638453
0.680672268907563,0.5546218487394958,0.9231176238214353
0.6890756302521008,0.5546218487394958,0.9256239246564097
0.6974789915966386,0.5546218487394958,0.9280548899092482
0.7058823529411764,0.5546218487394958,0.9304123730123243
0.7142857142857143,0.5546218487394958,0.9326982086506851
0.7226890756302521,0.5546218487394958,0.9349142109929502
0.7310924369747899,0.5546218487394958,0.9370621720850605
0.7394957983193277,0.5546218487394958,0.9391438603995541
0.7478991596638656,0.5546218487394958,0.9411610195330407
0.7563025210084033,0.5546218487394958,0.9431153670445699
0.7647058823529411,0.5546218487394958,0.9450085934276563
0.7731092436974789,0.5546218487394958,0.94684236120882
0.7815126050420168,0.5546218487394958,0.9486183041656213
0.7899159663865546,0.5546218487394958,0.9503380266573136
0.7983193277310924,0.5546218487394958,0.9520031030614046
0.8067226890756303,0.5546218487394958,0.9536150773095978
0.8151260504201681,0.5546218487394958,0.9551754625167791
0.8235294117647058,0.5546218487394958,0.9566857406969227
0.8319327731092436,0.5546218487394958,0.9581473625600034
0.8403361344537815,0.5546218487394958,0.9595617473842282
0.8487394957983193,0.5546218487394958,0.9609302829581198
0.8571428571428571,0.5546218487394958,0.9622543255872215
0.8655462184873949,0.5546218487394958,0.9635352001604176
0.8739495798319328,0.5546218487394958,0.9647742002710953
0.8823529411764706,0.5546218487394958,0.965972588388605
0.8907563025210083,0.5546218487394958,0.9671315960756982
0.8991596638655461,0.5546218487394958,0.9682524242478485
0.907563025210084,0.5546218487394958,0.9693362434705756
0.9159663865546218,0.5546218487394958,0.9703841942911122
0.9243697478991596,0.5546218487394958,0.9713973876009523
0.9327731092436974,0.5546218487394958,0.9723769050260307
0.9411764705882353,0.5546218487394958,0.9733237993414713
0.9495798319327731,0.5546218487394958,0.9742390949080374
0.9579831932773109,0.5546218487394958,0.9751237881275917
0.9663865546218487,0.5546218487394958,0.975978847915056
0.9747899159663865,0.5546218487394958,0.9768052161845218
0.9831932773109243,0.5546218487394958,0.9776038083473289
0.9915966386554621,0.5546218487394958,0.9783755138200775
1.0,0.5546218487394958,0.9791211965406894
0.0,0.5588235294117647,0.3968349247684044
0.008403361344537815,0.5588235294117647,0.40541978674364204
0.01680672268907563,0.5588235294117647,0.4140628747439727
0.025210084033613446,0.5588235294117647,0.42275921018351614
0.03361344537815126,0.5588235294117647,0.43150368457212546
0.04201680672268907,0.5588235294117647,0.440291070932973
0.05042016806722689,0.5588235294117647,0.44911603583118564
0.058823529411764705,0.5588235294117647,0.45797315195750526
0.06722689075630252,0.5588235294117647,0.4668569112060475
0.07563025210084033,0.5588235294117647,0.47576173818080214
0.08403361344537814,0.5588235294117647,0.48468200406164547
0.09243697478991596,0.5588235294117647,0.493612040757353
0.10084033613445378,0.5588235294117647,0.5025461552704628
0.1092436974789916,0.5588235294117647,0.5114786441968823
0.11764705882352941,0.5588235294117647,0.5204038082818864
0.12605042016806722,0.5588235294117647,0.5293159669536234
0.13445378151260504,0.5588235294117647,0.5382094727554625
0.14285714285714285,0.5588235294117647,0.5470787255994488
0.15126050420168066,0.5588235294117647,0.5559181867647917
0.15966386554621848,0.5588235294117647,0.5647223925676571
0.1680672268907563,0.5588235294117647,0.5734859676315497
0.1764705882352941,0.5588235294117647,0.5822036376911887
0.18487394957983191,0.5588235294117647,0.5908702418669852
0.19327731092436973,0.5588235294117647,0.5994807443519344
0.20168067226890757,0.5588235294117647,0.6080302454578829
0.21008403361344538,0.5588235294117647,0.616513991973679
0.2184873949579832,0.5588235294117647,0.6249273867935461
0.226890756302521,0.5588235294117647,0.6332659977801012
0.23529411764705882,0.5588235294117647,0.6415255658326742
0.24369747899159663,0.5588235294117647,0.6497020121379097
0.25210084033613445,0.5588235294117647,0.6577914445859547
0.26050420168067223,0.5588235294117647,0.6657901633418183
0.2689075630252101,0.5588235294117647,0.6736946655676258
0.2773109243697479,0.5588235294117647,0.6815016492974502
0.2857142857142857,0.5588235294117647,0.6892080164721095
0.29411764705882354,0.5588235294117647,0.6968108751467349
0.3025210084033613,0.5588235294117647,0.7043075408889728
0.31092436974789917,0.5588235294117647,0.7116955373903859
0.31932773109243695,0.5588235294117647,0.7189725963178809
0.3277310924369748,0.5588235294117647,0.7261366564358447
0.3361344537815126,0.5588235294117647,0.7331858620330483
0.3445378151260504,0.5588235294117647,0.7401185606913167
0.3529411764705882,0.5588235294117647,0.7469333004354165
0.36134453781512604,0.5588235294117647,0.7536288263056183
0.36974789915966383,0.5588235294117647,0.7602040763959333
0.37815126050420167,0.5588235294117647,0.7666581774021282
0.38655462184873945,0.5588235294117647,0.7729904397243038
0.3949579831932773,0.5588235294117647,0.7792003521691047
0.40336134453781514,0.5588235294117647,0.7852875762965215
0.4117647058823529,0.5588235294117647,0.7912519404558153
0.42016806722689076,0.5588235294117647,0.7970934335543166
0.42857142857142855,0.5588235294117647,0.8028121986018031
0.4369747899159664,0.5588235294117647,0.8084085260718511
0.4453781512605042,0.5588235294117647,0.8138828471200215
0.453781512605042,0.5588235294117647,0.8192357266970142
0.4621848739495798,0.5588235294117647,0.8244678565930414
0.47058823529411764,0.5588235294117647,0.8295800484476509
0.4789915966386554,0.5588235294117647,0.8345732267571165
0.48739495798319327,0.5588235294117647,0.8394484219093219
0.49579831932773105,0.5588235294117647,0.8442067632738257
0.5042016806722689,0.5588235294117647,0.8488494723725412
0.5126050420168067,0.5588235294117647,0.8533778561541941
0.5210084033613445,0.5588235294117647,0.8577933003934936
0.5294117647058824,0.5588235294117647,0.8620972632337307
0.5378151260504201,0.5588235294117647,0.8662912688893822
0.5462184873949579,0.5588235294117647,0.8703769015231981
0.5546218487394958,0.5588235294117647,0.8743557993102524
0.5630252100840336,0.5588235294117647,0.8782296486995046
0.5714285714285714,0.5588235294117647,0.8820001788816055
0.5798319327731092,0.5588235294117647,0.8856691564699382
0.5882352941176471,0.5588235294117647,0.8892383804002791
0.5966386554621849,0.5588235294117647,0.892709677052938
0.6050420168067226,0.5588235294117647,0.8960848955998404
0.6134453781512604,0.5588235294117647,0.8993659035777136
0.6218487394957983,0.5588235294117647,0.9025545826873594
0.6302521008403361,0.5588235294117647,0.9056528248179071
0.6386554621848739,0.5588235294117647,0.9086625282939804
0.6470588235294117,0.5588235294117647,0.9115855943428232
0.6554621848739496,0.5588235294117647,0.9144239237776687
0.6638655462184874,0.5588235294117647,0.9171794138929417
0.6722689075630252,0.5588235294117647,0.9198539555663001
0.680672268907563,0.5588235294117647,0.9224494305620096
0.6890756302521008,0.5588235294117647,0.9249677090297113
0.6974789915966386,0.5588235294117647,0.9274106471922948
0.7058823529411764,0.5588235294117647,0.9297800852162905
0.7142857142857143,0.5588235294117647,0.9320778452579794
0.7226890756302521,0.5588235294117647,0.9343057296782485
0.7310924369747899,0.5588235294117647,0.9364655194191069
0.7394957983193277,0.5588235294117647,0.9385589725347151
0.7478991596638656,0.5588235294117647,0.9405878228697587
0.7563025210084033,0.5588235294117647,0.9425537788780145
0.7647058823529411,0.5588235294117647,0.9444585225740155
0.7731092436974789,0.5588235294117647,0.9463037086108003
0.7815126050420168,0.5588235294117647,0.9480909634768471
0.7899159663865546,0.5588235294117647,0.9498218848054265
0.7983193277310924,0.5588235294117647,0.9514980407897677
0.8067226890756303,0.5588235294117647,0.9531209696975921
0.8151260504201681,0.5588235294117647,0.9546921794787726
0.8235294117647058,0.5588235294117647,0.9562131474600618
0.8319327731092436,0.5588235294117647,0.9576853201210423
0.8403361344537815,0.5588235294117647,0.9591101129456739
0.8487394957983193,0.5588235294117647,0.9604889103440218
0.8571428571428571,0.5588235294117647,0.961823065638978
0.8655462184873949,0.5588235294117647,0.9631139011130152
0.8739495798319328,0.5588235294117647,0.964362708110228
0.8823529411764706,0.5588235294117647,0.9655707471891497
0.8907563025210083,0.5588235294117647,0.9667392483220472
0.8991596638655461,0.5588235294117647,0.9678694111366183
0.907563025210084,0.5588235294117647,0.968962405196228
0.9159663865546218,0.5588235294117647,0.9700193703150327
0.9243697478991596,0.5588235294117647,0.971041416904542
0.9327731092436974,0.5588235294117647,0.9720296263483702
0.9411764705882353,0.5588235294117647,0.9729850514021205
0.9495798319327731,0.5588235294117647,0.9739087166155306
0.9579831932773109,0.5588235294117647,0.9748016187741886
0.9663865546218487,0.5588235294117647,0.9756647273583039
0.9747899159663865,0.5588235294117647,0.976498985016177
0.9831932773109243,0.5588235294117647,0.9773053080501782
0.9915966386554621,0.5588235294117647,0.9780845869131921
1.0,0.5588235294117647,0.9788376867136325
0.0,0.5630252100840336,0.3968349247684044
0.008403361344537815,0.5630252100840336,0.4053918792767391
0.01680672268907563,0.5630252100840336,0.41400669905054893
0.025210084033613446,0.5630252100840336,0.42267445437509304
0.03361344537815126,0.5630252100840336,0.43139008723486355
0.04201680672268907,0.5630252100840336,0.4401484225424144
0.05042016806722689,0.5630252100840336,0.44894417996697783
0.058823529411764705,0.5630252100840336,0.45777198630815563
0.06722689075630252,0.5630252100840336,0.4666263883551921
0.07563025210084033,0.5630252100840336,0.475501866168014
0.08403361344537814,0.5630252100840336,0.4843928467124333
0.09243697478991596,0.5630252100840336,0.4932937177786991
0.10084033613445378,0.5630252100840336,0.5021988421099977
0.1092436974789916,0.5630252100840336,0.5111025716655744
0.11764705882352941,0.5630252100840336,0.5199992619419099
0.12605042016806722,0.5630252100840336,0.5288832862748478
0.13445378151260504,0.5630252100840336,0.5377490500457456
0.14285714285714285,0.5630252100840336,0.5465910047156106
0.15126050420168066,0.5630252100840336,0.5554036616127559
0.15966386554621848,0.5630252100840336,0.5641816054017759
0.1680672268907563,0.5630252100840336,0.5729195071645371
0.1764705882352941,0.5630252100840336,0.5816121370273806
0.18487394957983191,0.5630252100840336,0.5902543762727942
0.19327731092436973,0.5630252100840336,0.598841228878366
0.20168067226890757,0.5630252100840336,0.6073678324308298
0.21008403361344538,0.5630252100840336,0.615829468368382
0.2184873949579832,0.5630252100840336,0.6242215715101235
0.226890756302521,0.5630252100840336,0.6325397388373892
0.23529411764705882,0.5630252100840336,0.6407797374977912
0.24369747899159663,0.5630252100840336,0.6489375120089604
0.25210084033613445,0.5630252100840336,0.6570091906451386
0.26050420168067223,0.5630252100840336,0.6649910909958971
0.2689075630252101,0.5630252100840336,0.6728797246922524
0.2773109243697479,0.5630252100840336,0.680671801301279
0.2857142857142857,0.5630252100840336,0.6883642313959043
0.29411764705882354,0.5630252100840336,0.6959541288118735
0.3025210084033613,0.5630252100840336,0.7034388121088501
0.31092436974789917,0.5630252100840336,0.7108158052572261
0.31932773109243695,0.5630252100840336,0.7180828375764241
0.3277310924369748,0.5630252100840336,0.7252378429542756
0.3361344537815126,0.5630252100840336,0.7322789583804015
0.3445378151260504,0.5630252100840336,0.7392045218294402
0.3529411764705882,0.5630252100840336,0.7460130695324135
0.36134453781512604,0.5630252100840336,0.7527033326765342
0.36974789915966383,0.5630252100840336,0.759274233575313
0.37815126050420167,0.5630252100840336,0.7657248813519629
0.38655462184873945,0.5630252100840336,0.7720545671798116
0.3949579831932773,0.5630252100840336,0.7782627591237589
0.40336134453781514,0.5630252100840336,0.7843490966267749
0.4117647058823529,0.5630252100840336,0.7903133846850456
0.42016806722689076,0.5630252100840336,0.7961555877546724
0.42857142857142855,0.5630252100840336,0.8018758234318446
0.4369747899159664,0.5630252100840336,0.807474355947169
0.4453781512605042,0.5630252100840336,0.8129515895133744
0.453781512605042,0.5630252100840336,0.8183080615639581
0.4621848739495798,0.5630252100840336,0.8235444359185258
0.47058823529411764,0.5630252100840336,0.8286614959086338
0.4789915966386554,0.5630252100840336,0.833660137495891
0.48739495798319327,0.5630252100840336,0.8385413624119582
0.49579831932773105,0.5630252100840336,0.8433062713479075
0.5042016806722689,0.5630252100840336,0.8479560572182041
0.5126050420168067,0.5630252100840336,0.8524919985223729
0.5210084033613445,0.5630252100840336,0.8569154528252197
0.5294117647058824,0.5630252100840336,0.861227850374316
0.5378151260504201,0.5630252100840336,0.8654306878713625
0.5462184873949579,0.5630252100840336,0.8695255224119816
0.5546218487394958,0.5630252100840336,0.8735139656065314
0.5630252100840336,0.5630252100840336,0.8773976778926292
0.5714285714285714,0.5630252100840336,0.8811783630482887
0.5798319327731092,0.5630252100840336,0.8848577629128518
0.5882352941176471,0.5630252100840336,0.8884376523213149
0.5966386554621849,0.5630252100840336,0.8919198342561327
0.6050420168067226,0.5630252100840336,0.8953061352192044
0.6134453781512604,0.5630252100840336,0.8985984008254546
0.6218487394957983,0.5630252100840336,0.901798491618242
0.6302521008403361,0.5630252100840336,0.9049082791057583
0.6386554621848739,0.5630252100840336,0.9079296420166022
0.6470588235294117,0.5630252100840336,0.9108644627718407
0.6554621848739496,0.5630252100840336,0.9137146241700969
0.6638655462184874,0.5630252100840336,0.916482006281507
0.6722689075630252,0.5630252100840336,0.9191684835458053
0.680672268907563,0.5630252100840336,0.9217759220692647
0.6890756302521008,0.5630252100840336,0.9243061771147929
0.6974789915966386,0.5630252100840336,0.9267610907791145
0.7058823529411764,0.5630252100840336,0.9291424898506739
0.7142857142857143,0.5630252100840336,0.9314521838416573
0.7226890756302521,0.5630252100840336,0.9336919631873583
0.7310924369747899,0.5630252100840336,0.9358635976059876
0.7394957983193277,0.5630252100840336,0.9379688346119491
0.7478991596638656,0.5630252100840336,0.9400093981755793
0.7563025210084033,0.5630252100840336,0.9419869875223483
0.7647058823529411,0.5630252100840336,0.9439032760645697
0.7731092436974789,0.5630252100840336,0.9457599104587369
0.7815126050420168,0.5630252100840336,0.9475585097817057
0.7899159663865546,0.5630252100840336,0.9493006648190709
0.7983193277310924,0.5630252100840336,0.9509879374592262
0.8067226890756303,0.5630252100840336,0.9526218601867638
0.8151260504201681,0.5630252100840336,0.9542039356690488
0.8235294117647058,0.5630252100840336,0.9557356364299865
0.8319327731092436,0.5630252100840336,0.9572184046052099
0.8403361344537815,0.5630252100840336,0.9586536517731152
0.8487394957983193,0.5630252100840336,0.9600427588563876
0.8571428571428571,0.5630252100840336,0.9613870760888756
0.8655462184873949,0.5630252100840336,0.9626879230428907
0.8739495798319328,0.5630252100840336,0.963946588712227
0.8823529411764706,0.5630252100840336,0.9651643316464155
0.8907563025210083,0.5630252100840336,0.9663423801319416
0.8991596638655461,0.5630252100840336,0.9674819324163707
0.907563025210084,0.5630252100840336,0.9685841569715348
0.9159663865546218,0.5630252100840336,0.9696501927921394
0.9243697478991596,0.5630252100840336,0.9706811497263552
0.9327731092436974,0.5630252100840336,0.9716781088351453
0.9411764705882353,0.5630252100840336,0.9726421227772785
0.9495798319327731,0.5630252100840336,0.9735742162171577
0.9579831932773109,0.5630252100840336,0.9744753862527711
0.9663865546218487,0.5630252100840336,0.9753466028612432
0.9747899159663865,0.5630252100840336,0.9761888093596303
0.9831932773109243,0.5630252100840336,0.9770029228787566
0.9915966386554621,0.5630252100840336,0.9777898348480464
1.0,0.5630252100840336,0.978550411489442
0.0,0.5672268907563025,0.3968349247684044
0.008403361344537815,0.5672268907563025,0.40536397242117767
0.01680672268907563,0.5672268907563025,0.41395052559416734
0.025210084033613446,0.5672268907563025,0.42258970311908484
0.03361344537815126,0.5672268907563025,0.4312764971160021
0.04201680672268907,0.5672268907563025,0.44000578403595736
0.05042016806722689,0.5672268907563025,0.44877233629225133
0.058823529411764705,0.5672268907563025,0.4575708344270137
0.06722689075630252,0.5672268907563025,0.466395879754948
0.07563025210084033,0.5672268907563025,0.4752420074219491
0.08403361344537814,0.5672268907563025,0.484103699812584
0.09243697478991596,0.5672268907563025,0.49297540023728526
0.10084033613445378,0.5672268907563025,0.5018515268275707
0.1092436974789916,0.5672268907563025,0.5107264865657071
0.11764705882352941,0.5672268907563025,0.5195946893740021
0.12605042016806722,0.5672268907563025,0.5284505621883677
0.13445378151260504,0.5672268907563025,0.5372885629409366
0.14285714285714285,0.5672268907563025,0.5461031943773508
0.15126050420168066,0.5672268907563025,0.5548890176358503
0.15966386554621848,0.5672268907563025,0.563640665517457
0.1680672268907563,0.5672268907563025,0.5723528553793436
0.1764705882352941,0.5672268907563025,0.5810204015868559
0.18487394957983191,0.5672268907563025,0.5896382274635834
0.19327731092436973,0.5672268907563025,0.5982013766832817
0.20168067226890757,0.5672268907563025,0.606705024052295
0.21008403361344538,0.5672268907563025,0.6151444856363361
0.2184873949579832,0.5672268907563025,0.6235152281909883
0.226890756302521,0.5672268907563025,0.6318128778610388
0.23529411764705882,0.5672268907563025,0.6400332281196514
0.24369747899159663,0.5672268907563025,0.6481722469243789
0.25210084033613445,0.5672268907563025,0.6562260830730328
0.26050420168067223,0.5672268907563025,0.6641910717483919
0.2689075630252101,0.5672268907563025,0.6720637392465956
0.2773109243697479,0.5672268907563025,0.6798408068897575
0.2857142857142857,0.5672268907563025,0.687519194128805
0.29411764705882354,0.5672268907563025,0.6950960208477491
0.3025210084033613,0.5672268907563025,0.7025686088854667
0.31092436974789917,0.5672268907563025,0.7099344827956158
0.31932773109243695,0.5672268907563025,0.7171913698694431
0.3277310924369748,0.5672268907563025,0.7243371994499953
0.3361344537815126,0.5672268907563025,0.7313701015695535
0.3445378151260504,0.5672268907563025,0.7382884049450082
0.3529411764705882,0.5672268907563025,0.745090634368324
0.36134453781512604,0.5672268907563025,0.7517755075312663
0.36974789915966383,0.5672268907563025,0.7583419313251284
0.37815126050420167,0.5672268907563025,0.7647889976573614
0.38655462184873945,0.5672268907563025,0.7711159788277632
0.3949579831932773,0.5672268907563025,0.7773223225072474
0.40336134453781514,0.5672268907563025,0.783407646362226
0.4117647058823529,0.5672268907563025,0.7893717323673054
0.42016806722689076,0.5672268907563025,0.7952145208483588
0.42857142857142855,0.5672268907563025,0.8009361042971173
0.4369747899159664,0.5672268907563025,0.8065367209972518
0.4453781512605042,0.5672268907563025,0.812016748500523
0.453781512605042,0.5672268907563025,0.8173766969900002
0.4621848739495798,0.5672268907563025,0.8226172025655986
0.47058823529411764,0.5672268907563025,0.8277390204853186
0.4789915966386554,0.5672268907563025,0.8327430183935766
0.48739495798319327,0.5672268907563025,0.8376301695659777
0.49579831932773105,0.5672268907563025,0.8424015461977518
0.5042016806722689,0.5672268907563025,0.8470583127609497
0.5126050420168067,0.5672268907563025,0.8516017194533367
0.5210084033613445,0.5672268907563025,0.8560330957597926
0.5294117647058824,0.5672268907563025,0.860353844144912
0.5378151260504201,0.5672268907563025,0.8645654338934377
0.5462184873949579,0.5672268907563025,0.8686693951131543
0.5546218487394958,0.5672268907563025,0.872667312912929
0.5630252100840336,0.5672268907563025,0.8765608217667258
0.5714285714285714,0.5672268907563025,0.8803516000726515
0.5798319327731092,0.5672268907563025,0.8840413649144082
0.5882352941176471,0.5672268907563025,0.8876318670309444
0.5966386554621849,0.5672268907563025,0.8911248859986186
0.6050420168067226,0.5672268907563025,0.8945222256288047
0.6134453781512604,0.5672268907563025,0.8978257095825998
0.6218487394957983,0.5672268907563025,0.9010371772031138
0.6302521008403361,0.5672268907563025,0.9041584795647599
0.6386554621848739,0.5672268907563025,0.9071914757379826
0.6470588235294117,0.5672268907563025,0.9101380292669965
0.6554621848739496,0.5672268907563025,0.9130000048573234
0.6638655462184874,0.5672268907563025,0.9157792652692253
0.6722689075630252,0.5672268907563025,0.9184776684125313
0.680672268907563,0.5672268907563025,0.9210970646378301
0.6890756302521008,0.5672268907563025,0.9236392942185516
0.6974789915966386,0.5672268907563025,0.9261061850180983
0.7058823529411764,0.5672268907563025,0.9284995503358677
0.7142857142857143,0.5672268907563025,0.9308211869257721
0.7226890756302521,0.5672268907563025,0.9330728731806704
0.7310924369747899,0.5672268907563025,0.9352563674759989
0.7394957983193277,0.5672268907563025,0.9373734066657932
0.7478991596638656,0.5672268907563025,0.9394257047242619
0.7563025210084033,0.5672268907563025,0.9414149515260644
0.7647058823529411,0.5672268907563025,0.943342811758474
0.7731092436974789,0.5672268907563025,0.9452109239586866
0.7815126050420168,0.5672268907563025,0.9470208996696028
0.7899159663865546,0.5672268907563025,0.9487743227075558
0.7983193277310924,0.5672268907563025,0.9504727485355657
0.8067226890756303,0.5672268907563025,0.9521177037358786
0.8151260504201681,0.5672268907563025,0.9537106855757015
0.8235294117647058,0.5672268907563025,0.9552531616602372
0.8319327731092436,0.5672268907563025,0.9567465696673083
0.8403361344537815,0.5672268907563025,0.9581923171580613
0.8487394957983193,0.5672268907563025,0.9595917814584475
0.8571428571428571,0.5672268907563025,0.9609463096063893
0.8655462184873949,0.5672268907563025,0.9622572183597456
0.8739495798319328,0.5672268907563025,0.9635257942604121
0.8823529411764706,0.5672268907563025,0.9647532937500993
0.8907563025210083,0.5672268907563025,0.9659409433335415
0.8991596638655461,0.5672268907563025,0.9670899397851077
0.907563025210084,0.5672268907563025,0.9682014503949798
0.9159663865546218,0.5672268907563025,0.9692766132512741
0.9243697478991596,0.5672268907563025,0.9703165375546782
0.9327731092436974,0.5672268907563025,0.9713223039623636
0.9411764705882353,0.5672268907563025,0.9722949649581266
0.9495798319327731,0.5672268907563025,0.9732355452458884
0.9579831932773109,0.5672268907563025,0.9741450421638612
0.9663865546218487,0.5672268907563025,0.9750244261168558
0.9747899159663865,0.5672268907563025,0.9758746410243666
0.9831932773109243,0.5672268907563025,0.9766966047822315
0.9915966386554621,0.5672268907563025,0.977491209735804
1.0,0.5672268907563025,0.9782593231627265
0.0,0.5714285714285714,0.3968349247684044
0.008403361344537815,0.5714285714285714,0.4053360661771246
0.01680672268907563,0.5714285714285714,0.4138943543762002
0.025210084033613446,0.5714285714285714,0.4225049564202361
0.03361344537815126,0.5714285714285714,0.43116291422703223
0.04201680672268907,0.5714285714285714,0.43986315543647037
0.05042016806722689,0.5714285714285714,0.44860050484716435
0.058823529411764705,0.5714285714285714,0.4573696963787148
0.06722689075630252,0.5714285714285714,0.4661653855028531
0.07563025210084033,0.5714285714285714,0.4749821620826436
0.08403361344537814,0.5714285714285714,0.4838145635553003
0.09243697478991596,0.5714285714285714,0.4926570883910935
0.10084033613445378,0.5714285714285714,0.5015042097583436
0.1092436974789916,0.5714285714285714,0.5103503893226249
0.11764705882352941,0.5714285714285714,0.5191900911070882
0.12605042016806722,0.5714285714285714,0.5280177953402524
0.13445378151260504,0.5714285714285714,0.5368280122177261
0.14285714285714285,0.5714285714285714,0.5456152955051118
0.15126050420168066,0.5714285714285714,0.5543742559107772
0.15966386554621848,0.5714285714285714,0.5630995741592684
0.1680672268907563,0.5714285714285714,0.5717860136988224
0.1764705882352941,0.5714285714285714,0.5804284329797066
0.18487394957983191,0.5714285714285714,0.5890217972438961
0.19327731092436973,0.5714285714285714,0.5975611897708855
0.20168067226890757,0.5714285714285714,0.6060418225291025
0.21008403361344538,0.5714285714285714,0.6144590461874662
0.2184873949579832,0.5714285714285714,0.622808359446963
0.226890756302521,0.5714285714285714,0.6310854176577037
0.23529411764705882,0.5714285714285714,0.6392860406926599
0.24369747899159663,0.5714285714285714,0.6474062200551108
0.25210084033613445,0.5714285714285714,0.6554421252026933
0.26050420168067223,0.5714285714285714,0.6633901090767707
0.2689075630252101,0.5714285714285714,0.6712467128315508
0.2773109243697479,0.5714285714285714,0.6790086697629567
0.2857142857142857,0.5714285714285714,0.6866729084425955
0.29411764705882354,0.5714285714285714,0.6942365550672697
0.3025210084033613,0.5714285714285714,0.701696935039263
0.31092436974789917,0.5714285714285714,0.7090515737970862
0.31932773109243695,0.5714285714285714,0.7162981969204489
0.3277310924369748,0.5714285714285714,0.7234347295369222
0.3361344537815126,0.5714285714285714,0.730459295061029
0.3445378151260504,0.5714285714285714,0.737370213299374
0.3529411764705882,0.5714285714285714,0.7441659979578462
0.36134453781512604,0.5714285714285714,0.7508453535889542
0.36974789915966383,0.5714285714285714,0.757407172018931
0.37815126050420167,0.5714285714285714,0.7638505282954376
0.38655462184873945,0.5714285714285714,0.770174676197473
0.3949579831932773,0.5714285714285714,0.7763790433495197
0.40336134453781514,0.5714285714285714,0.7824632259819977
0.4117647058823529,0.5714285714285714,0.7884269833798356
0.42016806722689076,0.5714285714285714,0.7942702320603819
0.42857142857142855,0.5714285714285714,0.7999930397210264
0.4369747899159664,0.5714285714285714,0.8055956189957956
0.4453781512605042,0.5714285714285714,0.811078321058862
0.453781512605042,0.5714285714285714,0.8164416291114005
0.4621848739495798,0.5714285714285714,0.821686151786535
0.47058823529411764,0.5714285714285714,0.826812616505331
0.4789915966386554,0.5714285714285714,0.8318218628148581
0.48739495798319327,0.5714285714285714,0.8367148357373688
0.49579831932773105,0.5714285714285714,0.8414925791575777
0.5042016806722689,0.5714285714285714,0.8461562292729561
0.5126050420168067,0.5714285714285714,0.8507070081298559
0.5210084033613445,0.5714285714285714,0.8551462172661951
0.5294117647058824,0.5714285714285714,0.8594752314793771
0.5378151260504201,0.5714285714285714,0.863695492736091
0.5462184873949579,0.5714285714285714,0.8678085042386795
0.5546218487394958,0.5714285714285714,0.8718158246608538
0.5630252100840336,0.5714285714285714,0.8757190625637064
0.5714285714285714,0.5714285714285714,0.8795198710012332
0.5798319327731092,0.5714285714285714,0.8832199423229141
0.5882352941176471,0.5714285714285714,0.8868210031793412
0.5966386554621849,0.5714285714285714,0.8903248097354203
0.6050420168067226,0.5714285714285714,0.8937331430943027
0.6134453781512604,0.5714285714285714,0.897047804933941
0.6218487394957983,0.5714285714285714,0.9002706133569945
0.6302521008403361,0.5714285714285714,0.9034033989537487
0.6386554621848739,0.5714285714285714,0.9064480010767396
0.6470588235294117,0.5714285714285714,0.9094062643249059
0.6554621848739496,0.5714285714285714,0.9122800352343009
0.6638655462184874,0.5714285714285714,0.9150711591717188
0.6722689075630252,0.5714285714285714,0.9177814774269621
0.680672268907563,0.5714285714285714,0.9204128244989656
0.6890756302521008,0.5714285714285714,0.9229670255705268
0.6974789915966386,0.5714285714285714,0.9254458941660214
0.7058823529411764,0.5714285714285714,0.9278512299861581
0.7142857142857143,0.5714285714285714,0.9301848169135803
0.7226890756302521,0.5714285714285714,0.9324484211829266
0.7310924369747899,0.5714285714285714,0.9346437897088077
0.7394957983193277,0.5714285714285714,0.9367726485650816
0.7478991596638656,0.5714285714285714,0.9388367016087312
0.7563025210084033,0.5714285714285714,0.9408376292416621
0.7647058823529411,0.5714285714285714,0.942777087303739
0.7731092436974789,0.5714285714285714,0.9446567060904458
0.7815126050420168,0.5714285714285714,0.9464780894886351
0.7899159663865546,0.5714285714285714,0.9482428142239301
0.7983193277310924,0.5714285714285714,0.9499524292134843
0.8067226890756303,0.5714285714285714,0.9516084550179343
0.8151260504201681,0.5714285714285714,0.9532123833865525
0.8235294117647058,0.5714285714285714,0.9547656768897771
0.8319327731092436,0.5714285714285714,0.9562697686334786
0.8403361344537815,0.5714285714285714,0.9577260620495176
0.8487394957983193,0.5714285714285714,0.9591359307573462
0.8571428571428571,0.5714285714285714,0.9605007184916059
0.8655462184873949,0.5714285714285714,0.9618217390908869
0.8739495798319328,0.5714285714285714,0.9631002765430147
0.8823529411764706,0.5714285714285714,0.9643375850824403
0.8907563025210083,0.5714285714285714,0.9655348893355187
0.8991596638655461,0.5714285714285714,0.9666933845096625
0.907563025210084,0.5714285714285714,0.9678142366225586
0.9159663865546218,0.5714285714285714,0.9688985827678385
0.9243697478991596,0.5714285714285714,0.9699475314137824
0.9327731092436974,0.5714285714285714,0.9709621627318284
0.9411764705882353,0.5714285714285714,0.9719435289518419
0.9495798319327731,0.5714285714285714,0.9728926547412805
0.9579831932773109,0.5714285714285714,0.973810537605559
0.9663865546218487,0.5714285714285714,0.9746981483070901
0.9747899159663865,0.5714285714285714,0.9755564313006304
0.9831932773109243,0.5714285714285714,0.9763863051827246
0.9915966386554621,0.5714285714285714,0.9771886631531789
1.0,0.5714285714285714,0.9779643734866427
0.0,0.5756302521008403,0.3968349247684044
0.008403361344537815,0.5756302521008403,0.4053081605447469
0.01680672268907563,0.5756302521008403,0.4138381853980193
0.025210084033613446,0.5756302521008403,0.4224202142832904
0.03361344537815126,0.5756302521008403,0.4310493385794419
0.04201680672268907,0.5756302521008403,0.4397205367668156
0.05042016806722689,0.5756302521008403,0.44842868567186356
0.058823529411764705,0.5756302521008403,0.4571685722278764
0.06722689075630252,0.5756302521008403,0.4659349056964203
0.07563025210084033,0.5756302521008403,0.47472233029010413
0.08403361344537814,0.5756302521008403,0.4835254381337561
0.09243697478991596,0.5756302521008403,0.4923387824980878
0.10084033613445378,0.5756302521008403,0.5011568912374851
0.1092436974789916,0.5756302521008403,0.5099742803617274
0.11764705882352941,0.5756302521008403,0.5187854676702286
0.12605042016806722,0.5756302521008403,0.5275849863768272
0.13445378151260504,0.5756302521008403,0.5363673986532375
0.14285714285714285,0.5756302521008403,0.545127309020013
0.15126050420168066,0.5756302521008403,0.5538593775152435
0.15966386554621848,0.5756302521008403,0.5625583325732086
0.1680672268907563,0.5756302521008403,0.5712189835477999
0.1764705882352941,0.5756302521008403,0.5798362328186722
0.18487394957983191,0.5756302521008403,0.5884050874217508
0.19327731092436973,0.5756302521008403,0.5969206701498536
0.20168067226890757,0.5756302521008403,0.6053782300737326
0.21008403361344538,0.5756302521008403,0.6137731524387409
0.2184873949579832,0.5756302521008403,0.62210096789752
0.226890756302521,0.5756302521008403,0.6303573610445272
0.23529411764705882,0.5756302521008403,0.6385381782237965
0.24369747899159663,0.5756302521008403,0.6466394345870139
0.25210084033613445,0.5756302521008403,0.6546573203846873
0.26050420168067223,0.5756302521008403,0.6625882064788743
0.2689075630252101,0.5756302521008403,0.6704286490715126
0.2773109243697479,0.5756302521008403,0.678175393647834
0.2857142857142857,0.5756302521008403,0.6858253781395843
0.29411764705882354,0.5756302521008403,0.6933757353177488
0.3025210084033613,0.5756302521008403,0.7008237944291927
0.31092436974789917,0.5756302521008403,0.7081670820959964
0.31932773109243695,0.5756302521008403,0.7154033225002788
0.3277310924369748,0.5756302521008403,0.7225304368809571
0.3361344537815126,0.5756302521008403,0.729546542372118
0.3445378151260504,0.5756302521008403,0.7364499502155324
0.3529411764705882,0.5756302521008403,0.7432391633822534
0.36134453781512604,0.5756302521008403,0.7499128736402632
0.36974789915966383,0.5756302521008403,0.7564699581067265
0.37815126050420167,0.5756302521008403,0.7629094753246196
0.38655462184873945,0.5756302521008403,0.7692306609043178
0.3949579831932773,0.5756302521008403,0.7754329227711774
0.40336134453781514,0.5756302521008403,0.7815158360602511
0.4117647058823529,0.5756302521008403,0.7874791376990522
0.42016806722689076,0.5756302521008403,0.7933227207187636
0.42857142857142855,0.5756302521008403,0.7990466283334906
0.4369747899159664,0.5756302521008403,0.8046510478261218
0.4453781512605042,0.5756302521008403,0.8101363042780982
0.453781512605042,0.5756302521008403,0.8155028541789502
0.4621848739495798,0.5756302521008403,0.8207512789498533
0.47058823529411764,0.5756302521008403,0.8258822784137128
0.4789915966386554,0.5756302521008403,0.8308966642424371
0.48739495798319327,0.5756302521008403,0.8357953534101379
0.49579831932773105,0.5756302521008403,0.8405793616789963
0.5042016806722689,0.5756302521008403,0.8452497971425209
0.5126050420168067,0.5756302521008403,0.8498078538488826
0.5210084033613445,0.5756302521008403,0.8542548055249722
0.5294117647058824,0.5756302521008403,0.8585919994198234
0.5378151260504201,0.5756302521008403,0.8628208502840538
0.5462184873949579,0.5756302521008403,0.866942834500064
0.5546218487394958,0.5756302521008403,0.8709594843758532
0.5630252100840336,0.5756302521008403,0.8748723826135251
0.5714285714285714,0.5756302521008403,0.8786831569618309
0.5798319327731092,0.5756302521008403,0.8823934750604754
0.5882352941176471,0.5756302521008403,0.8860050394823583
0.5966386554621849,0.5756302521008403,0.8895195829784799
0.6050420168067226,0.5756302521008403,0.8929388639288932
0.6134453781512604,0.5756302521008403,0.896264662001819
0.6218487394957983,0.5756302521008403,0.8994987740218925
0.6302521008403361,0.5756302521008403,0.9026430100474433
0.6386554621848739,0.5756302521008403,0.9056991896557492
0.6470588235294117,0.5756302521008403,0.9086691384343296
0.6554621848739496,0.5756302521008403,0.9115546846755603
0.6638655462184874,0.5756302521008403,0.9143576562711984
0.6722689075630252,0.5756302521008403,0.9170798778027912
0.680672268907563,0.5756302521008403,0.9197231678234109
0.6890756302521008,0.5756302521008403,0.922289336325691
0.6974789915966386,0.5756302521008403,0.9247801823907641
0.7058823529411764,0.5756302521008403,0.9271974920123617
0.7142857142857143,0.5756302521008403,0.9295430360900873
0.7226890756302521,0.5756302521008403,0.9318185685856599
0.7310924369747899,0.5756302521008403,0.9340258248357791
0.7394957983193277,0.5756302521008403,0.9361665200151496
0.7478991596638656,0.5756302521008403,0.9382423477431454
0.7563025210084033,0.5756302521008403,0.9402549788275734
0.7647058823529411,0.5756302521008403,0.9422060601389999
0.7731092436974789,0.5756302521008403,0.9440972136091597
0.7815126050420168,0.5756302521008403,0.9459300353470277
0.7899159663865546,0.5756302521008403,0.94770609486624
0.7983193277310924,0.5756302521008403,0.9494269344176612
0.8067226890756303,0.5756302521008403,0.9510940684210385
0.8151260504201681,0.5756302521008403,0.9527089829898298
0.8235294117647058,0.5756302521008403,0.9542731355434629
0.8319327731092436,0.5756302521008403,0.9557879545014579
0.8403361344537815,0.5756302521008403,0.9572548390540264
0.8487394957983193,0.5756302521008403,0.9586751590039615
0.8571428571428571,0.5756302521008403,0.9600502546748177
0.8655462184873949,0.5756302521008403,0.9613814368805926
0.8739495798319328,0.5756302521008403,0.9626699869523094
0.8823529411764706,0.5756302521008403,0.9639171568171179
0.8907563025210083,0.5756302521008403,0.9651241691257185
0.8991596638655461,0.5756302521008403,0.9662922174241226
0.907563025210084,0.5756302521008403,0.9674224663659612
0.9159663865546218,0.5756302521008403,0.9685160519617384
0.9243697478991596,0.5756302521008403,0.9695740818616295
0.9327731092436974,0.5756302521008403,0.9705976356686025
0.9411764705882353,0.5756302521008403,0.9715877652788198
0.9495798319327731,0.5756302521008403,0.9725454952464646
0.9579831932773109,0.5756302521008403,0.9734718231702914
0.9663865546218487,0.5756302521008403,0.9743677200993781
0.9747899159663865,0.5756302521008403,0.9752341309557075
0.9831932773109243,0.5756302521008403,0.976071974971362
0.9915966386554621,0.5756302521008403,0.9768821461382584
1.0,0.5756302521008403,0.9776655136684945
0.0,0.5798319327731092,0.3968349247684044
0.008403361344537815,0.5798319327731092,0.4052802555242113
0.01680672268907563,0.5798319327731092,0.41378201866099623
0.025210084033613446,0.5798319327731092,0.4223354767129903
0.03361344537815126,0.5798319327731092,0.43093577018471574
0.04201680672268907,0.5798319327731092,0.43957792804984835
0.05042016806722689,0.5798319327731092,0.4482568788064844
0.058823529411764705,0.5798319327731092,0.4569674620390977
0.06722689075630252,0.5798319327731092,0.4657044404331383
0.07563025210084033,0.5798319327731092,0.47446251218430835
0.08403361344537814,0.5798319327731092,0.48323632374109665
0.09243697478991596,0.5798319327731092,0.4920204828162122
0.10084033613445378,0.5798319327731092,0.500809571600169
0.1092436974789916,0.5798319327731092,0.5095981601084671
0.11764705882352941,0.5798319327731092,0.5183808195926153
0.12605042016806722,0.5798319327731092,0.5271521359446703
0.13445378151260504,0.5798319327731092,0.5359067230250213
0.14285714285714285,0.5798319327731092,0.5446392358438441
0.15126050420168066,0.5798319327731092,0.5533443835279513
0.15966386554621848,0.5798319327731092,0.5620169420066953
0.1680672268907563,0.5798319327731092,0.5706517663530598
0.1764705882352941,0.5798319327731092,0.5792438027191241
0.18487394957983191,0.5798319327731092,0.5877880998086211
0.19327731092436973,0.5798319327731092,0.5962798198333109
0.20168067226890757,0.5798319327731092,0.6047142489042945
0.21008403361344538,0.5798319327731092,0.6130868068141417
0.2184873949579832,0.5798319327731092,0.6213930561707491
0.226890756302521,0.5798319327731092,0.6296287108491063
0.23529411764705882,0.5798319327731092,0.6377896437325757
0.24369747899159663,0.5798319327731092,0.6458718937208181
0.25210084033613445,0.5798319327731092,0.6538716719870525
0.26050420168067223,0.5798319327731092,0.6617853674728793
0.2689075630252101,0.5798319327731092,0.6696095516143401
0.2773109243697479,0.5798319327731092,0.6773409822982033
0.2857142857142857,0.5798319327731092,0.6849766070525848
0.29411764705882354,0.5798319327731092,0.6925135654808969
0.3025210084033613,0.5798319327731092,0.699949190952729
0.31092436974789917,0.5798319327731092,0.7072810115695575
0.31932773109243695,0.5798319327731092,0.7145067504271441
0.3277310924369748,0.5798319327731092,0.7216243252000583
0.3361344537815126,0.5798319327731092,0.7286318470769834
0.3445378151260504,0.5798319327731092,0.7355276190782656
0.3529411764705882,0.5798319327731092,0.7423101337895829
0.36134453781512604,0.5798319327731092,0.7489780705476227
0.36974789915966383,0.5798319327731092,0.755530292115265
0.37815126050420167,0.5798319327731092,0.7619658408850016
0.38655462184873945,0.5798319327731092,0.7682839346501548
0.3949579831932773,0.5798319327731092,0.774483961983966
0.40336134453781514,0.5798319327731092,0.7805654772667563
0.4117647058823529,0.5798319327731092,0.7865281954012
0.42016806722689076,0.5798319327731092,0.792371986255282
0.42857142857142855,0.5798319327731092,0.7980968688717776
0.4369747899159664,0.5798319327731092,0.8037030054821149
0.4453781512605042,0.5798319327731092,0.8091906953612891
0.453781512605042,0.5798319327731092,0.8145603685591158
0.4621848739495798,0.5798319327731092,0.819812579541571
0.47058823529411764,0.5798319327731092,0.8249480007742912
0.4789915966386554,0.5798319327731092,0.8299674162785167
0.48739495798319327,0.5798319327731092,0.8348717151879093
0.49579831932773105,0.5798319327731092,0.8396618853327271
0.5042016806722689,0.5798319327731092,0.8443390068758927
0.5126050420168067,0.5798319327731092,0.8489042460234959
0.5210084033613445,0.5798319327731092,0.853358848830291
0.5294117647058824,0.5798319327731092,0.8577041351187862
0.5378151260504201,0.5798319327731092,0.8619414925285822
0.5462184873949579,0.5798319327731092,0.8660723707107363
0.5546218487394958,0.5798319327731092,0.8700982756800912
0.5630252100840336,0.5798319327731092,0.8740207643367448
0.5714285714285714,0.5798319327731092,0.877841439166151
0.5798319327731092,0.5798319327731092,0.8815619431257267
0.5882352941176471,0.5798319327731092,0.8851839547243282
0.5966386554621849,0.5798319327731092,0.8887091832995183
0.6050420168067226,0.5798319327731092,0.8921393644962167
0.6134453781512604,0.5798319327731092,0.8954762559490784
0.6218487394957983,0.5798319327731092,0.8987216331697941
0.6302521008403361,0.5798319327731092,0.9018772856394563
0.6386554621848739,0.5798319327731092,0.9049450131051668
0.6470588235294117,0.5798319327731092,0.907926622079197
0.6554621848739496,0.5798319327731092,0.9108239225382218
0.6638655462184874,0.5798319327731092,0.913638724819452
0.6722689075630252,0.5798319327731092,0.9163728367098795
0.680672268907563,0.5798319327731092,0.9190280607242973
0.6890756302521008,0.5798319327731092,0.921606191567304
0.6974789915966386,0.5798319327731092,0.9241090137740974
0.7058823529411764,0.5798319327731092,0.9265382995245344
0.7142857142857143,0.5798319327731092,0.9288958066246619
0.7226890756302521,0.5798319327731092,0.9311832766497103
0.7310924369747899,0.5798319327731092,0.9334024332423767
0.7394957983193277,0.5798319327731092,0.9355549805601098
0.7478991596638656,0.5798319327731092,0.9376426018650403
0.7563025210084033,0.5798319327731092,0.9396669582501598
0.7647058823529411,0.5798319327731092,0.9416296874953642
0.7731092436974789,0.5798319327731092,0.9435324030470037
0.7815126050420168,0.5798319327731092,0.9453766931146482
0.7899159663865546,0.5798319327731092,0.9471641198788635
0.7983193277310924,0.5798319327731092,0.9488962188039057
0.8067226890756303,0.5798319327731092,0.9505744980493619
0.8151260504201681,0.5798319327731092,0.9522004379749186
0.8235294117647058,0.5798319327731092,0.9537754907325905
0.8319327731092436,0.5798319327731092,0.9553010799409132
0.8403361344537815,0.5798319327731092,0.9567786004357808
0.8487394957983193,0.5798319327731092,0.958209418092796
0.8571428571428571,0.5798319327731092,0.9595948697161872
0.8655462184873949,0.5798319327731092,0.9609362629895435
0.8739495798319328,0.5798319327731092,0.9622348764838138
0.8823529411764706,0.5798319327731092,0.963491959718214
0.8907563025210083,0.5798319327731092,0.9647087332698815
0.8991596638655461,0.5798319327731092,0.9658863889283126
0.907563025210084,0.5798319327731092,0.967026089890813
0.9159663865546218,0.5798319327731092,0.9681289709953801
0.9243697478991596,0.5798319327731092,0.9691961389876241
0.9327731092436974,0.5798319327731092,0.9702286728185181
0.9411764705882353,0.5798319327731092,0.9712276239699432
0.9495798319327731,0.5798319327731092,0.9721940168051721
0.9579831932773109,0.5798319327731092,0.973128848941598
0.9663865546218487,0.5798319327731092,0.97403309164318
0.9747899159663865,0.5798319327731092,0.9749076902302345
0.9831932773109243,0.5798319327731092,0.9757535645043504
0.9915966386554621,0.5798319327731092,0.9765716091863477
1.0,0.5798319327731092,0.9773626943653477
0.0,0.5840336134453782,0.3968349247684044
0.008403361344537815,0.5840336134453782,0.4052523511156849
0.01680672268907563,0.5840336134453782,0.4137258541665028
0.025210084033613446,0.5840336134453782,0.4222507437140775
0.03361344537815126,0.5840336134453782,0.4308222090543358
0.04201680672268907,0.5840336134453782,0.4394353293084176
0.05042016806722689,0.5840336134453782,0.44808508429115007
0.058823529411764705,0.5840336134453782,0.45676636587696
0.06722689075630252,0.5840336134453782,0.4654739898104708
0.07563025210084033,0.5840336134453782,0.47420270790520413
0.08403361344537814,0.5840336134453782,0.48294722057043765
0.09243697478991596,0.5840336134453782,0.4917021896033912
0.10084033613445378,0.5840336134453782,0.5004622511815744
0.1092436974789916,0.5840336134453782,0.509222028988348
0.11764705882352941,0.5840336134453782,0.5179761474035697
0.12605042016806722,0.5840336134453782,0.526719244690609
0.13445378151260504,0.5840336134453782,0.5354459861110518
0.14285714285714285,0.5840336134453782,0.5441510768990582
0.15126050420168066,0.5840336134453782,0.552829275028589
0.15966386554621848,0.5840336134453782,0.5614754037085538
0.1680672268907563,0.5840336134453782,0.5700843635433313
0.1764705882352941,0.5840336134453782,0.5786511442990476
0.18487394957983191,0.5840336134453782,0.5871708362194157
0.19327731092436973,0.5840336134453782,0.5956386408388074
0.20168067226890757,0.5840336134453782,0.6040498812444993
0.21008403361344538,0.5840336134453782,0.6124000117446332
0.2184873949579832,0.5840336134453782,0.6206846269033223
0.226890756302521,0.5840336134453782,0.6288994699094549
0.23529411764705882,0.5840336134453782,0.6370404402510099
0.24369747899159663,0.5840336134453782,0.6451036006720868
0.25210084033613445,0.5840336134453782,0.6530851833952589
0.26050420168067223,0.5840336134453782,0.660981595597259
0.2689075630252101,0.5840336134453782,0.6687894241313235
0.2773109243697479,0.5840336134453782,0.676505439494707
0.2857142857142857,0.5840336134453782,0.6841265990448946
0.29411764705882354,0.5840336134453782,0.691650049472813
0.3025210084033613,0.5840336134453782,0.6990731285458689
0.31092436974789917,0.5840336134453782,0.7063933661378577
0.31932773109243695,0.5840336134453782,0.7136084845666764
0.3277310924369748,0.5840336134453782,0.7207163982643149
0.3361344537815126,0.5840336134453782,0.7277152128067667
0.3445378151260504,0.5840336134453782,0.734603223334286
0.3529411764705882,0.5840336134453782,0.741378912394822
0.36134453781512604,0.5840336134453782,0.7480409472454602
0.36974789915966383,0.5840336134453782,0.7545881766483327
0.37815126050420167,0.5840336134453782,0.7610196271986939
0.38655462184873945,0.5840336134453782,0.7673344992237386
0.3949579831932773,0.5840336134453782,0.7735321622912632
0.40336134453781514,0.5840336134453782,0.7796121503674582
0.4117647058823529,0.5840336134453782,0.7855741566630021
0.42016806722689076,0.5840336134453782,0.7914180282062134
0.42857142857142855,0.5840336134453782,0.7971437601813404
0.4369747899159664,0.5840336134453782,0.8027514900691546
0.4453781512605042,0.5840336134453782,0.8082414916258812
0.453781512605042,0.5840336134453782,0.8136141687351862
0.4621848739495798,0.5840336134453782,0.8188700491664631
0.47058823529411764,0.5840336134453782,0.8240097782710498
0.4789915966386554,0.5840336134453782,0.829034112646288
0.48739495798319327,0.5840336134453782,0.8339439137955283
0.49579831932773105,0.5840336134453782,0.8387401418103199
0.5042016806722689,0.5840336134453782,0.843423849099111
0.5126050420168067,0.5840336134453782,0.8479961741848583
0.5210084033613445,0.5840336134453782,0.8524583355920108
0.5294117647058824,0.5840336134453782,0.8568116258414074
0.5378151260504201,0.5840336134453782,0.8610574055697483
0.5462184873949579,0.5840336134453782,0.8651970977884434
0.5546218487394958,0.5840336134453782,0.8692321822948421
0.5630252100840336,0.5840336134453782,0.8731641902471279
0.5714285714285714,0.5840336134453782,0.8769946989124876
0.5798319327731092,0.5840336134453782,0.8807253265965884
0.5882352941176471,0.5840336134453782,0.8843577277608928
0.5966386554621849,0.5840336134453782,0.8878935883329286
0.6050420168067226,0.5840336134453782,0.8913346212133091
0.6134453781512604,0.5840336134453782,0.8946825619820623
0.6218487394957983,0.5840336134453782,0.8979391648056936
0.6302521008403361,0.5840336134453782,0.9011061985453486
0.6386554621848739,0.5840336134453782,0.9041854430654976
0.6470588235294117,0.5840336134453782,0.9071786857416779
0.6554621848739496,0.5840336134453782,0.9100877181650596
0.6638655462184874,0.5840336134453782,0.9129143330408911
0.6722689075630252,0.5840336134453782,0.9156603212772686
0.680672268907563,0.5840336134453782,0.91832746926012
0.6890756302521008,0.5840336134453782,0.9209175563098313
0.6974789915966386,0.5840336134453782,0.9234323523145351
0.7058823529411764,0.5840336134453782,0.9258736155347427
0.7142857142857143,0.5840336134453782,0.9282430905737228
0.7226890756302521,0.5840336134453782,0.9305425065078085
0.7310924369747899,0.5840336134453782,0.9327735751706363
0.7394957983193277,0.5840336134453782,0.9349379895852044
0.7478991596638656,0.5840336134453782,0.9370374225375472
0.7563025210084033,0.5840336134453782,0.9390735252857909
0.7647058823529411,0.5840336134453782,0.9410479263983358
0.7731092436974789,0.5840336134453782,0.9429622307149498
0.7815126050420168,0.5840336134453782,0.9448180184245981
0.7899159663865546,0.5840336134453782,0.9466168442539236
0.7983193277310924,0.5840336134453782,0.9483602367603825
0.8067226890756303,0.5840336134453782,0.9500496977241694
0.8151260504201681,0.5840336134453782,0.9516867016331922
0.8235294117647058,0.5840336134453782,0.953272695255516
0.8319327731092436,0.5840336134453782,0.954809097293848
0.8403361344537815,0.5840336134453782,0.956297298116813
0.8487394957983193,0.5840336134453782,0.9577386595619413
0.8571428571428571,0.5840336134453782,0.9591345148054807
0.8655462184873949,0.5840336134453782,0.9604861682943262
0.8739495798319328,0.5840336134453782,0.9617948957355535
0.8823529411764706,0.5840336134453782,0.963061944139239
0.8907563025210083,0.5840336134453782,0.9642885319104304
0.8991596638655461,0.5840336134453782,0.9654758489863349
0.907563025210084,0.5840336134453782,0.9666250570149709
0.9159663865546218,0.5840336134453782,0.9677372895717228
0.9243697478991596,0.5840336134453782,0.96881365241042
0.9327731092436974,0.5840336134453782,0.9698552237457373
0.9411764705882353,0.5840336134453782,0.9708630545638947
0.9495798319327731,0.5840336134453782,0.9718381689588015
0.9579831932773109,0.5840336134453782,0.9727815644909549
0.9663865546218487,0.5840336134453782,0.9736942125665662
0.9747899159663865,0.5840336134453782,0.9745770588345395
0.9831932773109243,0.5840336134453782,0.9754310235990781
0.9915966386554621,0.5840336134453782,0.9762570022458342
1.0,0.5840336134453782,0.9770558656796622
0.0,0.5882352941176471,0.3968349247684044
0.008403361344537815,0.5882352941176471,0.4052244473193345
0.01680672268907563,0.5882352941176471,0.41366969191590985
0.025210084033613446,0.5882352941176471,0.42216601529129205
0.03361344537815126,0.5882352941176471,0.43070865519978074
0.04201680672268907,0.5882352941176471,0.439292740565366
0.05042016806722689,0.5882352941176471,0.4479133021659723
0.058823529411764705,0.5882352941176471,0.45656528380602635
0.06722689075630252,0.5882352941176471,0.46524355392585676
0.07563025210084033,0.5882352941176471,0.4739429175927095
0.08403361344537814,0.5882352941176471,0.4826581288148644
0.09243697478991596,0.5882352941176471,0.49138390311752794
0.10084033613445378,0.5882352941176471,0.5001149303168824
0.1092436974789916,0.5882352941176471,0.5088458874269228
0.11764705882352941,0.5882352941176471,0.5175714516325394
0.12605042016806722,0.5882352941176471,0.5262863132617159
0.13445378151260504,0.5882352941176471,0.5349851886897196
0.14285714285714285,0.5882352941176471,0.5436628331087652
0.15126050420168066,0.5882352941176471,0.5523140530978233
0.15966386554621848,0.5882352941176471,0.5609337189290062
0.1680672268907563,0.5882352941176471,0.5695167765492735
0.1764705882352941,0.5882352941176471,0.5780582591790256
0.18487394957983191,0.5882352941176471,0.5865532984724585
0.19327731092436973,0.5882352941176471,0.5949971351882947
0.20168067226890757,0.5882352941176471,0.6033851293236339
0.21008403361344538,0.5882352941176471,0.6117127696681322
0.2184873949579832,0.5882352941176471,0.6199756827404617
0.226890756302521,0.5882352941176471,0.6281696410739678
0.23529411764705882,0.5882352941176471,0.6362905708235693
0.24369747899159663,0.5882352941176471,0.6443345586711757
0.25210084033613445,0.5882352941176471,0.652297858012167
0.26050420168067223,0.5882352941176471,0.6601768944107447
0.2689075630252101,0.5882352941176471,0.6679682703171463
0.2773109243697479,0.5882352941176471,0.675668769044785
0.2857142857142857,0.5882352941176471,0.6832753580102728
0.29411764705882354,0.5882352941176471,0.6907851912439715
0.3025210084033613,0.5882352941176471,0.6981956111831381
0.31092436974789917,0.5882352941176471,0.7055041497638819
0.31932773109243695,0.5882352941176471,0.7127085288319717
0.3277310924369748,0.5882352941176471,0.7198066598960188
0.3361344537815126,0.5882352941176471,0.7267966432496911
0.3445378151260504,0.5882352941176471,0.7336767664923762
0.3529411764705882,0.5882352941176471,0.7404455024800898
0.36134453781512604,0.5882352941176471,0.7471015067404329
0.36974789915966383,0.5882352941176471,0.7536436143870346
0.37815126050420167,0.5882352941176471,0.7600708365701676
0.38655462184873945,0.5882352941176471,0.7663823565011322
0.3949579831932773,0.5882352941176471,0.7725775250885633
0.40336134453781514,0.5882352941176471,0.7786558562250397
0.4117647058823529,0.5882352941176471,0.784617021762308
0.42016806722689076,0.5882352941176471,0.7904608462130677
0.42857142857142855,0.5882352941176471,0.7961873012166484
0.4369747899159664,0.5882352941176471,0.8017964998050495
0.4453781512605042,0.5882352941176471,0.8072886905047472
0.453781512605042,0.5882352941176471,0.8126642513084179
0.4621848739495798,0.5882352941176471,0.8179236835493171
0.47058823529411764,0.5882352941176471,0.8230676057095007
0.4789915966386554,0.5882352941176471,0.828096747191419
0.48739495798319327,0.5882352941176471,0.8330119420806695
0.49579831932773105,0.5882352941176471,0.8378141229258808
0.5042016806722689,0.5882352941176471,0.8425043145598503
0.5126050420168067,0.5882352941176471,0.8470836279841795
0.5210084033613445,0.5882352941176471,0.8515532543377641
0.5294117647058824,0.5882352941176471,0.8559144589676293
0.5378151260504201,0.5882352941176471,0.8601685756187469
0.5462184873949579,0.5882352941176471,0.8643170007576633
0.5546218487394958,0.5882352941176471,0.8683611880430074
0.5630252100840336,0.5882352941176471,0.8723026429542468
0.5714285714285714,0.5882352941176471,0.8761429175884242
0.5798319327731092,0.5882352941176471,0.8798836056330529
0.5882352941176471,0.5882352941176471,0.8835263375218637
0.5966386554621849,0.5882352941176471,0.8870727757787045
0.6050420168067226,0.5882352941176471,0.8905246105535868
0.6134453781512604,0.5882352941176471,0.8938835553536475
0.6218487394957983,0.5882352941176471,0.897151342970665
0.6302521008403361,0.5882352941176471,0.9003297216057304
0.6386554621848739,0.5882352941176471,0.903420451190715
0.6470588235294117,0.5882352941176471,0.9064252999053082
0.6554621848739496,0.5882352941176471,0.9093460408876229
0.6638655462184874,0.5882352941176471,0.9121844491356536
0.6722689075630252,0.5882352941176471,0.9149422985962564
0.680672268907563,0.5882352941176471,0.9176213594377715
0.6890756302521008,0.5882352941176471,0.9202233955019258
0.6974789915966386,0.5882352941176471,0.9227501619302526
0.7058823529411764,0.5882352941176471,0.9252034029599088
0.7142857142857143,0.5882352941176471,0.9275848498834939
0.7226890756302521,0.5882352941176471,0.9298962191672328
0.7310924369747899,0.5882352941176471,0.9321392107217141
0.7394957983193277,0.5882352941176471,0.9343155063192311
0.7478991596638656,0.5882352941176471,0.9364267681516906
0.7563025210084033,0.5882352941176471,0.9384746375229985
0.7647058823529411,0.5882352941176471,0.9404607336698177
0.7731092436974789,0.5882352941176471,0.9423866527046052
0.7815126050420168,0.5882352941176471,0.9442539666748855
0.7899159663865546,0.5882352941176471,0.9460642227327812
0.7983193277310924,0.5882352941176471,0.9478189424089188
0.8067226890756303,0.5882352941176471,0.9495196209849325
0.8151260504201681,0.5882352941176471,0.9511677269589215
0.8235294117647058,0.5882352941176471,0.9527647015983578
0.8319327731092436,0.5882352941176471,0.95431195857509
0.8403361344537815,0.5882352941176471,0.955810883677261
0.8487394957983193,0.5882352941176471,0.9572628345931175
0.8571428571428571,0.5882352941176471,0.9586691407618798
0.8655462184873949,0.5882352941176471,0.9600311032870084
0.8739495798319328,0.5882352941176471,0.9613499949074008
0.8823529411764706,0.5882352941176471,0.9626270600222291
0.8907563025210083,0.5882352941176471,0.9638635147653217
0.8991596638655461,0.5882352941176471,0.9650605471251775
0.907563025210084,0.5882352941176471,0.9662193171068825
0.9159663865546218,0.5882352941176471,0.9673409569323871
0.9243697478991596,0.5882352941176471,0.9684265712757789
0.9327731092436974,0.5882352941176471,0.9694772375303603
0.9411764705882353,0.5882352941176471,0.9704940061045171
0.9495798319327731,0.5882352941176471,0.9714779007435296
0.9579831932773109,0.5882352941176471,0.9724299188746371
0.9663865546218487,0.5882352941176471,0.9733510319728336
0.9747899159663865,0.5882352941176471,0.9742421859450137
0.9831932773109243,0.5882352941176471,0.975104301530245
0.9915966386554621,0.5882352941176471,0.9759382747140782
1.0,0.5882352941176471,0.9767449771549436
0.0,0.592436974789916,0.3968349247684044
0.008403361344537815,0.592436974789916,0.40519654413532674
0.01680672268907563,0.592436974789916,0.4136135319105884
0.025210084033613446,0.592436974789916,0.4220812914493736
0.03361344537815126,0.592436974789916,0.4305951086325266
0.04201680672268907,0.592436974789916,0.4391501618435292
0.05042016806722689,0.592436974789916,0.4477415324710512
0.058823529411764705,0.592436974789916,0.45636421589084136
0.06722689075630252,0.592436974789916,0.4650131328767098
0.07563025210084033,0.592436974789916,0.47368314138671225
0.08403361344537814,0.592436974789916,0.482369048667432
0.09243697478991596,0.592436974789916,0.49106562361650374
0.10084033613445378,0.592436974789916,0.49976760934127634
0.1092436974789916,0.592436974789916,0.5084697358497918
0.11764705882352941,0.592436974789916,0.5171667328090961
0.12605042016806722,0.592436974789916,0.5258533423053048
0.13445378151260504,0.592436974789916,0.5345243315398277
0.14285714285714285,0.592436974789916,0.5431745053967242
0.15126050420168066,0.592436974789916,0.5517987188172886
0.15966386554621848,0.592436974789916,0.56039188891966
0.1680672268907563,0.592436974789916,0.5689490068034629
0.1764705882352941,0.592436974789916,0.5774651489822215
0.18487394957983191,0.592436974789916,0.5859354883894685
0.19327731092436973,0.592436974789916,0.5943553049081027
0.20168067226890757,0.592436974789916,0.6027199953765323
0.21008403361344538,0.592436974789916,0.6110250830294771
0.2184873949579832,0.592436974789916,0.6192662263359041
0.226890756302521,0.592436974789916,0.6274392272013831
0.23529411764705882,0.592436974789916,0.6355400385071437
0.24369747899159663,0.592436974789916,0.6435647709631928
0.25210084033613445,0.592436974789916,0.6515096992579876
0.26050420168067223,0.592436974789916,0.6593712674922855
0.2689075630252101,0.592436974789916,0.66714609388985
0.2773109243697479,0.592436974789916,0.6748309747826426
0.2857142857142857,0.592436974789916,0.682422887872916
0.29411764705882354,0.592436974789916,0.6899189947792101
0.3025210084033613,0.592436974789916,0.6973166428775897
0.31092436974789917,0.592436974789916,0.7046133664535315
0.31932773109243695,0.592436974789916,0.7118068871836309
0.3277310924369748,0.592436974789916,0.7188951139697305
0.3361344537815126,0.592436974789916,0.7258761421511607
0.3445378151260504,0.592436974789916,0.7327482521235258
0.3529411764705882,0.592436974789916,0.7395099073948169
0.36134453781512604,0.592436974789916,0.7461597521116538
0.36974789915966383,0.592436974789916,0.7526966080900774
0.37815126050420167,0.592436974789916,0.759119471386597
0.38655462184873945,0.592436974789916,0.7654275084461153
0.3949579831932773,0.592436974789916,0.7716200518639568
0.40336134453781514,0.592436974789916,0.7776965957994799
0.4117647058823529,0.592436974789916,0.7836567910787358
0.42016806722689076,0.592436974789916,0.7895004400233225
0.42857142857142855,0.592436974789916,0.7952274910420164
0.4369747899159664,0.592436974789916,0.8008380330209658
0.4453781512605042,0.592436974789916,0.8063322895472198
0.453781512605042,0.592436974789916,0.8117106129991786
0.4621848739495798,0.592436974789916,0.8169734785361928
0.47058823529411764,0.592436974789916,0.8221214780180572
0.4789915966386554,0.592436974789916,0.8271553138835461
0.48739495798319327,0.592436974789916,0.8320757930154472
0.49579831932773105,0.592436974789916,0.8368838206178046
0.5042016806722689,0.592436974789916,0.8415803941292758
0.5126050420168067,0.592436974789916,0.8461665971946891
0.5210084033613445,0.592436974789916,0.8506435937150482
0.5294117647058824,0.592436974789916,0.8550126219944046
0.5378151260504201,0.592436974789916,0.8592749890002163
0.5462184873949579,0.592436974789916,0.8634320647520364
0.5546218487394958,0.592436974789916,0.8674852768516509
0.5630252100840336,0.592436974789916,0.8714361051661192
0.5714285714285714,0.592436974789916,0.8752860766735602
0.5798319327731092,0.592436974789916,0.8790367604799969
0.5882352941176471,0.592436974789916,0.8826897630141134
0.5966386554621849,0.592436974789916,0.8862467234053999
0.6050420168067226,0.592436974789916,0.889709309049869
0.6134453781512604,0.592436974789916,0.8930792113663162
0.6218487394957983,0.592436974789916,0.8963581417449785
0.6302521008403361,0.592436974789916,0.8995478276894081
0.6386554621848739,0.592436974789916,0.9026500091514262
0.6470588235294117,0.592436974789916,0.9056664350581645
0.6554621848739496,0.592436974789916,0.9085988600294085
0.6638655462184874,0.592436974789916,0.911449041282763
0.6722689075630252,0.592436974789916,0.9142187357235305
0.680672268907563,0.592436974789916,0.9169096972156385
0.6890756302521008,0.592436974789916,0.9195236740294748
0.6974789915966386,0.592436974789916,0.9220624064620714
0.7058823529411764,0.592436974789916,0.9245276246247223
0.7142857142857143,0.592436974789916,0.9269210463928311
0.7226890756302521,0.592436974789916,0.9292443755125412
0.7310924369747899,0.592436974789916,0.9314992998585097
0.7394957983193277,0.592436974789916,0.9336874898370496
0.7478991596638656,0.592436974789916,0.9358105969287611
0.7563025210084033,0.592436974789916,0.9378702523647108
0.7647058823529411,0.592436974789916,0.9398680659301962
0.7731092436974789,0.592436974789916,0.9418056248901389
0.7815126050420168,0.592436974789916,0.9436844930301782
0.7899159663865546,0.592436974789916,0.9455062098076112
0.7983193277310924,0.592436974789916,0.9472722896063924
0.8067226890756303,0.592436974789916,0.9489842210905227
0.8151260504201681,0.592436974789916,0.9506434666502667
0.8235294117647058,0.592436974789916,0.952251461935778
0.8319327731092436,0.592436974789916,0.9538096154728563
0.8403361344537815,0.592436974789916,0.9553193083557124
0.8487394957983193,0.592436974789916,0.9567818940117913
0.8571428571428571,0.592436974789916,0.958198698033865
0.8655462184873949,0.592436974789916,0.9595710180747876
0.8739495798319328,0.592436974789916,0.9609001238004817
0.8823529411764706,0.592436974789916,0.96218725689691
0.8907563025210083,0.592436974789916,0.9634336311269632
0.8991596638655461,0.592436974789916,0.964640432433382
0.907563025210084,0.592436974789916,0.9658088190840051
0.9159663865546218,0.592436974789916,0.9669399218558236
0.9243697478991596,0.592436974789916,0.9680348442544869
0.9327731092436974,0.592436974789916,0.9690946627660887
0.9411764705882353,0.592436974789916,0.970120427138223
0.9495798319327731,0.592436974789916,0.9711131606874694
0.9579831932773109,0.592436974789916,0.9720738606306257
0.9663865546218487,0.592436974789916,0.9730034984371614
0.9747899159663865,0.592436974789916,0.9739030202005177
0.9831932773109243,0.592436974789916,0.9747733470260219
0.9915966386554621,0.592436974789916,0.9756153754333268
1.0,0.592436974789916,0.9764299777714183
0.0,0.5966386554621849,0.3968349247684044
0.008403361344537815,0.5966386554621849,0.4051686415638288
0.01680672268907563,0.5966386554621849,0.41355737415190946
0.025210084033613446,0.5966386554621849,0.42199657219306036
0.03361344537815126,0.5966386554621849,0.4304815693640459
0.04201680672268907,0.5966386554621849,0.4390075931657366
0.05042016806722689,0.5966386554621849,0.4475697752464748
0.058823529411764705,0.5966386554621849,0.45616316219593134
0.06722689075630252,0.5966386554621849,0.4647827267604185
0.07563025210084033,0.5966386554621849,0.47342337942706997
0.08403361344537814,0.5966386554621849,0.48207998032116456
0.09243697478991596,0.5966386554621849,0.4907473513581776
0.10084033613445378,0.5966386554621849,0.49942028858994003
0.1092436974789916,0.5966386554621849,0.5080935746826005
0.11764705882352941,0.5966386554621849,0.516761991462932
0.12605042016806722,0.5966386554621849,0.5254203324689268
0.13445378151260504,0.5966386554621849,0.5340634154405863
0.14285714285714285,0.5966386554621849,0.5426860946873372
0.15126050420168066,0.5966386554621849,0.5512832732695799
0.15966386554621848,0.5966386554621849,0.5598499149334968
0.1680672268907563,0.5966386554621849,0.5683810557403788
0.1764705882352941,0.5966386554621849,0.5768718153343622
0.18487394957983191,0.5966386554621849,0.5853174077955391
0.19327731092436973,0.5966386554621849,0.5937131520289156
0.20168067226890757,0.5966386554621849,0.6020544816435492
0.21008403361344538,0.5966386554621849,0.6103369542803974
0.2184873949579832,0.5966386554621849,0.6185562603518678
0.226890756302521,0.5966386554621849,0.626708231160745
0.23529411764705882,0.5966386554621849,0.6347888463710009
0.24369747899159663,0.5966386554621849,0.6427942408079556
0.25210084033613445,0.5966386554621849,0.6507207105702392
0.26050420168067223,0.5966386554621849,0.6585647184410078
0.2689075630252101,0.5966386554621849,0.6663228985907949
0.2773109243697479,0.5966386554621849,0.6739920605692181
0.2857142857142857,0.5966386554621849,0.6815691925874329
0.29411764705882354,0.5966386554621849,0.6890514640977149
0.3025210084033613,0.5966386554621849,0.6964362276808048
0.31092436974789917,0.5966386554621849,0.7037210202556412
0.31932773109243695,0.5966386554621849,0.7109035636297995
0.3277310924369748,0.5966386554621849,0.7179817644123463
0.3361344537815126,0.5966386554621849,0.724953713313858
0.3445378151260504,0.5966386554621849,0.7318176838610644
0.3529411764705882,0.5966386554621849,0.7385721305559211
0.36134453781512604,0.5966386554621849,0.7452156865109163
0.36974789915966383,0.5966386554621849,0.751747160594047
0.37815126050420167,0.5966386554621849,0.7581655341181971
0.38655462184873945,0.5966386554621849,0.7644699571105886
0.3949579831932773,0.5966386554621849,0.7706597441986082
0.40336134453781514,0.5966386554621849,0.77673437014861
0.4117647058823529,0.5966386554621849,0.7826934650943131
0.42016806722689076,0.5966386554621849,0.7885368094911538
0.42857142857142855,0.5966386554621849,0.7942643288324321
0.4369747899159664,0.5966386554621849,0.7998760881623553
0.4453781512605042,0.5966386554621849,0.8053722864201259
0.453781512605042,0.5966386554621849,0.8107532506480912
0.4621848739495798,0.5966386554621849,0.8160194300956771
0.47058823529411764,0.5966386554621849,0.8211713902494081
0.4789915966386554,0.5966386554621849,0.826209806817767
0.48739495798319327,0.5966386554621849,0.8311354596980308
0.49579831932773105,0.5966386554621849,0.8359492269505114
0.5042016806722689,0.5966386554621849,0.8406520788038997
0.5126050420168067,0.5966386554621849,0.8452450717136191
0.5210084033613445,0.5966386554621849,0.849729342493328
0.5294117647058824,0.5966386554621849,0.8541061025379152
0.5378151260504201,0.5966386554621849,0.8583766321545744
0.5462184873949579,0.5966386554621849,0.8625422750168119
0.5546218487394958,0.5966386554621849,0.8666044327545525
0.5630252100840336,0.5966386554621849,0.8705645596918651
0.5714285714285714,0.5966386554621849,0.8744241577422641
0.5798319327731092,0.5966386554621849,0.8781847714700224
0.5882352941176471,0.5966386554621849,0.8818479833244978
0.5966386554621849,0.5966386554621849,0.8854154090531257
0.6050420168067226,0.5966386554621849,0.888888693297436
0.6134453781512604,0.5966386554621849,0.8922695053752706
0.6218487394957983,0.5966386554621849,0.8955595352512576
0.6302521008403361,0.5966386554621849,0.8987604896965746
0.6386554621848739,0.5966386554621849,0.9018740886380884
0.6470588235294117,0.5966386554621849,0.9049020616960921
0.6554621848739496,0.5966386554621849,0.9078461449090874
0.6638655462184874,0.5966386554621849,0.9107080776433454
0.6722689075630252,0.5966386554621849,0.913489599684362
0.680672268907563,0.5966386554621849,0.9161924485067615
0.6890756302521008,0.5966386554621849,0.9188183567187127
0.6974789915966386,0.5966386554621849,0.921369049676514
0.7058823529411764,0.5966386554621849,0.9238462432646224
0.7142857142857143,0.5966386554621849,0.9262516418361244
0.7226890756302521,0.5966386554621849,0.9285869363083773
0.7310924369747899,0.5966386554621849,0.9308538024083656
0.7394957983193277,0.5966386554621849,0.9330538990621622
0.7478991596638656,0.5966386554621849,0.9351888669227705
0.7563025210084033,0.5966386554621849,0.9372603270305663
0.7647058823529411,0.5966386554621849,0.9392698796005061
0.7731092436974789,0.5966386554621849,0.9412191029302851
0.7815126050420168,0.5966386554621849,0.943109552423642
0.7899159663865546,0.5966386554621849,0.944942759723061
0.7983193277310924,0.5966386554621849,0.9467202319462039
0.8067226890756303,0.5966386554621849,0.9484434510204884
0.8151260504201681,0.5966386554621849,0.9501138731103509
0.8235294117647058,0.5966386554621849,0.9517329281318481
0.8319327731092436,0.5966386554621849,0.9533020193494016
0.8403361344537815,0.5966386554621849,0.9548225230496296
0.8487394957983193,0.5966386554621849,0.9562957882873717
0.8571428571428571,0.5966386554621849,0.9577231366991805
0.8655462184873949,0.5966386554621849,0.9591058623797162
0.8739495798319328,0.5966386554621849,0.9604452318166598
0.8823529411764706,0.5966386554621849,0.961742483879935
0.8907563025210083,0.5966386554621849,0.9629988298612041
0.8991596638655461,0.5966386554621849,0.9642154535597824
0.907563025210084,0.5966386554621849,0.9653935114112908
0.9159663865546218,0.5966386554621849,0.966534132655542
0.9243697478991596,0.5966386554621849,0.9676384195403274
0.9327731092436974,0.5966386554621849,0.9687074475579432
0.9411764705882353,0.5966386554621849,0.9697422657114562
0.9495798319327731,0.5966386554621849,0.9707438968078755
0.9579831932773109,0.5966386554621849,0.9717133377755562
0.9663865546218487,0.5966386554621849,0.9726515600033064
0.9747899159663865,0.5966386554621849,0.973559509698826
0.9831932773109243,0.5966386554621849,0.9744381082642436
0.9915966386554621,0.5966386554621849,0.9752882526866593
1.0,0.5966386554621849,0.9761108159417301
0.0,0.6008403361344538,0.3968349247684044
0.008403361344537815,0.6008403361344538,0.40514073960500735
0.01680672268907563,0.6008403361344538,0.41350121864124334
0.025210084033613446,0.6008403361344538,0.4219118575270895
0.03361344537815126,0.6008403361344538,0.43036803740580853
0.04201680672268907,0.6008403361344538,0.438865034554811
0.05042016806722689,0.6008403361344538,0.44739803053231936
0.058823529411764705,0.6008403361344538,0.4559621227858041
0.06722689075630252,0.6008403361344538,0.4645523356743458
0.07563025210084033,0.6008403361344538,0.4731636318536088
0.08403361344537814,0.6008403361344538,0.48179092396905443
0.09243697478991596,0.6008403361344538,0.4904290866003847
0.10084033613445378,0.6008403361344538,0.4990729683980561
0.1092436974789916,0.6008403361344538,0.507717404351038
0.11764705882352941,0.6008403361344538,0.5163572281238576
0.12605042016806722,0.6008403361344538,0.5249872844003666
0.13445378151260504,0.6008403361344538,0.5336024411716067
0.14285714285714285,0.6008403361344538,0.542197601905642
0.15126050420168066,0.6008403361344538,0.5507677175382427
0.15966386554621848,0.6008403361344538,0.5593077982248609
0.1680672268907563,0.6008403361344538,0.5678129247963888
0.1764705882352941,0.6008403361344538,0.576278259863721
0.18487394957983191,0.6008403361344538,0.5846990585191179
0.19327731092436973,0.6008403361344538,0.5930706785857477
0.20168067226890757,0.6008403361344538,0.6013885903705328
0.21008403361344538,0.6008403361344538,0.6096483858794811
0.2184873949579832,0.6008403361344538,0.6178457874590171
0.226890756302521,0.6008403361344538,0.6259766558313661
0.23529411764705882,0.6008403361344538,0.6340369974967482
0.24369747899159663,0.6008403361344538,0.6420229714799506
0.25210084033613445,0.6008403361344538,0.6499308954037061
0.26050420168067223,0.6008403361344538,0.6577572508761729
0.2689075630252101,0.6008403361344538,0.6654986881846212
0.2773109243697479,0.6008403361344538,0.6731520302921482
0.2857142857142857,0.6008403361344538,0.6807142761388174
0.29411764705882354,0.6008403361344538,0.6881826032530028
0.3025210084033613,0.6008403361344538,0.6955543696828895
0.31092436974789917,0.6008403361344538,0.7028271152619938
0.31932773109243695,0.6008403361344538,0.709998562226203
0.3277310924369748,0.6008403361344538,0.7170666152031606
0.3361344537815126,0.6008403361344538,0.7240293605978371
0.3445378151260504,0.6008403361344538,0.7308850654007925
0.3529411764705882,0.6008403361344538,0.7376321754479799
0.36134453781512604,0.6008403361344538,0.7442693131629143
0.36974789915966383,0.6008403361344538,0.7507952748136819
0.37815126050420167,0.6008403361344538,0.7572090273185578
0.38655462184873945,0.6008403361344538,0.7635097046349739
0.3949579831932773,0.6008403361344538,0.7696966037672285
0.40336134453781514,0.6008403361344538,0.7757691804286652
0.4117647058823529,0.6008403361344538,0.7817270443941133
0.42016806722689076,0.6008403361344538,0.7875699545781623
0.42857142857142855,0.6008403361344538,0.7932978138743771
0.4369747899159664,0.6008403361344538,0.7989106637898797
0.4453781512605042,0.6008403361344538,0.8044086789088176
0.453781512605042,0.6008403361344538,0.8097921612171751
0.4621848739495798,0.6008403361344538,0.8150615343201422
0.47058823529411764,0.6008403361344538,0.8202173375818921
0.4789915966386554,0.6008403361344538,0.8252602202161372
0.48739495798319327,0.6008403361344538,0.8301909353542616
0.49579831932773105,0.6008403361344538,0.8350103341161889
0.5042016806722689,0.6008403361344538,0.8397193597074492
0.5126050420168067,0.6008403361344538,0.8443190415641918
0.5210084033613445,0.6008403361344538,0.8488104895661466
0.5294117647058824,0.6008403361344538,0.8531948883358056
0.5378151260504201,0.6008403361344538,0.8574734916403689
0.5462184873949579,0.6008403361344538,0.8616476169113144
0.5546218487394958,0.6008403361344538,0.8657186398947831
0.5630252100840336,0.6008403361344538,0.8696879894443834
0.5714285714285714,0.6008403361344538,0.8735571424664494
0.5798319327731092,0.6008403361344538,0.8773276190263242
0.5882352941176471,0.6008403361344538,0.881000977622807
0.5966386554621849,0.6008403361344538,0.8845788106365753
0.6050420168067226,0.6008403361344538,0.8880627399571244
0.6134453781512604,0.6008403361344538,0.891454412791585
0.6218487394957983,0.6008403361344538,0.8947554976576781
0.6302521008403361,0.6008403361344538,0.8979676805620481
0.6386554621848739,0.6008403361344538,0.9010926613642714
0.6470588235294117,0.6008403361344538,0.9041321503259843
0.6554621848739496,0.6008403361344538,0.9070878648437903
0.6638655462184874,0.6008403361344538,0.9099615263639047
0.6722689075630252,0.6008403361344538,0.9127548574758614
0.680672268907563,0.6008403361344538,0.9154695791820571
0.6890756302521008,0.6008403361344538,0.9181074083394001
0.6974789915966386,0.6008403361344538,0.9206700552689256
0.7058823529411764,0.6008403361344538,0.9231592215288534
0.7142857142857143,0.6008403361344538,0.9255765978462693
0.7226890756302521,0.6008403361344538,0.9279238622023499
0.7310924369747899,0.6008403361344538,0.9302026780658444
0.7394957983193277,0.6008403361344538,0.9324146927693748
0.7478991596638656,0.6008403361344538,0.9345615360229858
0.7563025210084033,0.6008403361344538,0.9366448185593124
0.7647058823529411,0.6008403361344538,0.9386661309046787
0.7731092436974789,0.6008403361344538,0.9406270422704351
0.7815126050420168,0.6008403361344538,0.9425290995588607
0.7899159663865546,0.6008403361344538,0.9443738264779943
0.7983193277310924,0.6008403361344538,0.9461627227598335
0.8067226890756303,0.6008403361344538,0.9478972634764176
0.8151260504201681,0.6008403361344538,0.9495788984484201
0.8235294117647058,0.6008403361344538,0.9512090517409953
0.8319327731092436,0.6008403361344538,0.9527891212417496
0.8403361344537815,0.6008403361344538,0.9543204783158574
0.8487394957983193,0.6008403361344538,0.955804467533489
0.8571428571428571,0.6008403361344538,0.957242406464876
0.8655462184873949,0.6008403361344538,0.9586355855385047
0.8739495798319328,0.6008403361344538,0.9599852679580955
0.8823529411764706,0.6008403361344538,0.9612926896741968
0.8907563025210083,0.6008403361344538,0.9625590594063954
0.8991596638655461,0.6008403361344538,0.963785558712313
0.907563025210084,0.6008403361344538,0.9649733420997376
0.9159663865546218,0.6008403361344538,0.9661235371784055
0.9243697478991596,0.6008403361344538,0.9672372448481175
0.9327731092436974,0.6008403361344538,0.9683155395200399
0.9411764705882353,0.6008403361344538,0.9693594693682075
0.9495798319327731,0.6008403361344538,0.9703700566083994
0.9579831932773109,0.6008403361344538,0.9713482978017167
0.9663865546218487,0.6008403361344538,0.9722951641803421
0.9747899159663865,0.6008403361344538,0.9732116019931077
0.9831932773109243,0.6008403361344538,0.974098532868636
0.9915966386554621,0.6008403361344538,0.9749568541939618
1.0,0.6008403361344538,0.9757874395066665
0.0,0.6050420168067226,0.3968349247684044
0.008403361344537815,0.6050420168067226,0.4051128382590291
0.01680672268907563,0.6050420168067226,0.41344506537996045
0.025210084033613446,0.6050420168067226,0.4218271474561972
0.03361344537815126,0.6050420168067226,0.4302545127692811
0.04201680672268907,0.6050420168067226,0.4387224860335686
0.05042016806722689,0.6050420168067226,0.4472262983686494
0.058823529411764705,0.6050420168067226,0.45576109772494905
0.06722689075630252,0.6050420168067226,0.4643219597158291
0.07563025210084033,0.6050420168067226,0.4729038988061243
0.08403361344537814,0.6050420168067226,0.4815018798040617
0.09243697478991596,0.6050420168067226,0.4901108296009361
0.10084033613445378,0.6050420168067226,0.49872564910080525
0.1092436974789916,0.6050420168067226,0.5073412252808346
0.11764705882352941,0.6050420168067226,0.5159524433217987
0.12605042016806722,0.6050420168067226,0.5245541987476385
0.13445378151260504,0.6050420168067226,0.533141409512897
0.14285714285714285,0.6050420168067226,0.5417090279773056
0.15126050420168066,0.6050420168067226,0.5502520527077644
0.15966386554621848,0.6050420168067226,0.5587655400494483
0.1680672268907563,0.6050420168067226,0.5672446154097356
0.1764705882352941,0.6050420168067226,0.5756844842011012
0.18487394957983191,0.6050420168067226,0.5840804423919864
0.19327731092436973,0.6050420168067226,0.5924278866179198
0.20168067226890757,0.6050420168067226,0.6007223238087959
0.21008403361344538,0.6050420168067226,0.6089593802921451
0.2184873949579832,0.6050420168067226,0.6171348103364275
0.226890756302521,0.6050420168067226,0.6252445041027889
0.23529411764705882,0.6050420168067226,0.6332844949782903
0.24369747899159663,0.6050420168067226,0.6412509662682896
0.25210084033613445,0.6050420168067226,0.649140257230394
0.26050420168067223,0.6050420168067226,0.6569488684371351
0.2689075630252101,0.6050420168067226,0.6646734664592092
0.2773109243697479,0.6050420168067226,0.6723108878657322
0.2857142857142857,0.6050420168067226,0.6798581425424204
0.29411764705882354,0.6050420168067226,0.6873124163329056
0.3025210084033613,0.6050420168067226,0.6946710730124703
0.31092436974789917,0.6050420168067226,0.7019316556073333
0.31932773109243695,0.6050420168067226,0.7090918870761819
0.3277310924369748,0.6050420168067226,0.7161496703739259
0.3361344537815126,0.6050420168067226,0.7231030879206145
0.3445378151260504,0.6050420168067226,0.7299504005011087
0.3529411764705882,0.6050420168067226,0.7366900456233992
0.36134453781512604,0.6050420168067226,0.7433206353654596
0.36974789915966383,0.6050420168067226,0.7498409537421451
0.37815126050420167,0.6050420168067226,0.7562499536249742
0.38655462184873945,0.6050420168067226,0.7625467532486112
0.3949579831932773,0.6050420168067226,0.7687306323385439
0.40336134453781514,0.6050420168067226,0.7748010278948315
0.4117647058823529,0.6050420168067226,0.7807575296668877
0.42016806722689076,0.6050420168067226,0.7865998753540976
0.42857142857142855,0.6050420168067226,0.7923279455666496
0.4369747899159664,0.6050420168067226,0.7979417585803331
0.4453781512605042,0.6050420168067226,0.8034414649182008
0.453781512605042,0.6050420168067226,0.8088273417909881
0.4621848739495798,0.6050420168067226,0.8140997874270017
0.47058823529411764,0.6050420168067226,0.8192593153208739
0.4789915966386554,0.6050420168067226,0.8243065484291653
0.48739495798319327,0.6050420168067226,0.8292422133392752
0.49579831932773105,0.6050420168067226,0.8340671344365368
0.5042016806722689,0.6050420168067226,0.8387822280927368
0.5126050420168067,0.6050420168067226,0.8433884968976183
0.5210084033613445,0.6050420168067226,0.8478870239532482
0.5294117647058824,0.6050420168067226,0.852278967249427
0.5378151260504201,0.6050420168067226,0.856565554136643
0.5462184873949579,0.6050420168067226,0.8607480759114227
0.5546218487394958,0.6050420168067226,0.8648278825272987
0.5630252100840336,0.6050420168067226,0.8688063774430544
0.5714285714285714,0.6050420168067226,0.872685012618376
0.5798319327731092,0.6050420168067226,0.8764652836655873
0.5882352941176471,0.6050420168067226,0.8801487251647497
0.5966386554621849,0.6050420168067226,0.8837369061480884
0.6050420168067226,0.6050420168067226,0.8872314257584588
0.6134453781512604,0.6050420168067226,0.8906339090853979
0.6218487394957983,0.6050420168067226,0.8939460031812134
0.6302521008403361,0.6050420168067226,0.897169373258555
0.6386554621848739,0.6050420168067226,0.9003056990699717
0.6470588235294117,0.6050420168067226,0.9033566714691126
0.6554621848739496,0.6050420168067226,0.906323989152444
0.6638655462184874,0.6050420168067226,0.9092093555796554
0.6722689075630252,0.6050420168067226,0.9120144760702938
0.680672268907563,0.6050420168067226,0.9147410550736055
0.6890756302521008,0.6050420168067226,0.9173907936080682
0.6974789915966386,0.6050420168067226,0.9199653868666664
0.7058823529411764,0.6050420168067226,0.9224665219835894
0.7142857142857143,0.6050420168067226,0.9248958759577159
0.7226890756302521,0.6050420168067226,0.9272551137279917
0.7310924369747899,0.6050420168067226,0.9295458863955838
0.7394957983193277,0.6050420168067226,0.9317698295875402
0.7478991596638656,0.6050420168067226,0.9339285619565447
0.7563025210084033,0.6050420168067226,0.9360236838112834
0.7647058823529411,0.6050420168067226,0.9380567758718751
0.7731092436974789,0.6050420168067226,0.9400293981448109
0.7815126050420168,0.6050420168067226,0.9419430889118446
0.7899159663865546,0.6050420168067226,0.9437993638273217
0.7983193277310924,0.6050420168067226,0.9455997151184864
0.8067226890756303,0.6050420168067226,0.9473456108833862
0.8151260504201681,0.6050420168067226,0.9490384944810892
0.8235294117647058,0.6050420168067226,0.9506797840090405
0.8319327731092436,0.6050420168067226,0.9522708718625101
0.8403361344537815,0.6050420168067226,0.953813124371216
0.8487394957983193,0.6050420168067226,0.9553078815083565
0.8571428571428571,0.6050420168067226,0.9567564566674336
0.8655462184873949,0.6050420168067226,0.9581601365024072
0.8739495798319328,0.6050420168067226,0.9595201808268848
0.8823529411764706,0.6050420168067226,0.9608378225682166
0.8907563025210083,0.6050420168067226,0.9621142677725256
0.8991596638655461,0.6050420168067226,0.9633506956568858
0.907563025210084,0.6050420168067226,0.9645482587050097
0.9159663865546218,0.6050420168067226,0.9657080828029916
0.9243697478991596,0.6050420168067226,0.9668312674118056
0.9327731092436974,0.6050420168067226,0.967918885773424
0.9411764705882353,0.6050420168067226,0.9689719851475871
0.9495798319327731,0.6050420168067226,0.9699915870763994
0.9579831932773109,0.6050420168067226,0.9709786876740939
0.9663865546218487,0.6050420168067226,0.9719342579394437
0.9747899159663865,0.6050420168067226,0.9728592440884511
0.9831932773109243,0.6050420168067226,0.9737545679050801
0.9915966386554621,0.6050420168067226,0.9746211271079336
1.0,0.6050420168067226,0.9754597957309089
0.0,0.6092436974789917,0.3968349247684044
0.008403361344537815,0.6092436974789917,0.405084937526061
0.01680672268907563,0.6092436974789917,0.4133889143694307
0.025210084033613446,0.6092436974789917,0.42174244198511857
0.03361344537815126,0.6092436974789917,0.43014099546592727
0.04201680672268907,0.6092436974789917,0.4385799476248187
0.05042016806722689,0.6092436974789917,0.44705457879551747
0.058823529411764705,0.6092436974789917,0.45556008707783663
0.06722689075630252,0.6092436974789917,0.46409159898218005
0.07563025210084033,0.6092436974789917,0.47264418042438067
0.08403361344537814,0.6092436974789917,0.4812128480191141
0.09243697478991596,0.6092436974789917,0.48979258061761755
0.10084033613445378,0.6092436974789917,0.4983783310333646
0.1092436974789916,0.6092436974789917,0.5069650378977605
0.11764705882352941,0.6092436974789917,0.5155476375867936
0.12605042016806722,0.6092436974789917,0.524121076158983
0.13445378151260504,0.6092436974789917,0.5326803212448564
0.14285714285714285,0.6092436974789917,0.5412203738286164
0.15126050420168066,0.6092436974789917,0.5497362798635655
0.15966386554621848,0.6092436974789917,0.5582231416642952
0.1680672268907563,0.6092436974789917,0.566676129020522
0.1764705882352941,0.6092436974789917,0.5750904899798176
0.18487394957983191,0.6092436974789917,0.5834615612492394
0.19327731092436973,0.6092436974789917,0.5917847781690347
0.20168067226890757,0.6092436974789917,0.6000556842150889
0.21008403361344538,0.6092436974789917,0.6082699399906025
0.2184873949579832,0.6092436974789917,0.6164233316715503
0.226890756302521,0.6092436974789917,0.6245117788747476
0.23529411764705882,0.6092436974789917,0.6325313419217887
0.24369747899159663,0.6092436974789917,0.6404782284766669
0.25210084033613445,0.6092436974789917,0.6483487995394873
0.26050420168067223,0.6092436974789917,0.6561395747832975
0.2689075630252101,0.6092436974789917,0.6638472372256382
0.2773109243697479,0.6092436974789917,0.6714686372308962
0.2857142857142857,0.6092436974789917,0.6790007958439204
0.29411764705882354,0.6092436974789917,0.6864409074595479
0.3025210084033613,0.6092436974789917,0.6937863418366866
0.31092436974789917,0.6092436974789917,0.701034645469374
0.31932773109243695,0.6092436974789917,0.7081835423307233
0.3277310924369748,0.6092436974789917,0.7152309340089092
0.3361344537815126,0.6092436974789917,0.7221748992572588
0.3445378151260504,0.6092436974789917,0.7290136929831332
0.3529411764705882,0.6092436974789917,0.735745744702579
0.36134453781512604,0.6092436974789917,0.7423696564896932
0.36974789915966383,0.6092436974789917,0.7488842004512888
0.37815126050420167,0.6092436974789917,0.7552883157587732
0.38655462184873945,0.6092436974789917,0.7615811052701499
0.3949579831932773,0.6092436974789917,0.7677618317757605
0.40336134453781514,0.6092436974789917,0.77382991390179
0.4117647058823529,0.6092436974789917,0.7797849217056947
0.42016806722689076,0.6092436974789917,0.7856265719975771
0.42857142857142855,0.6092436974789917,0.7913547234211793
0.4369747899159664,0.6092436974789917,0.7969693713275614
0.4453781512605042,0.6092436974789917,0.8024706424737625
0.453781512605042,0.6092436974789917,0.8078587895777642
0.4621848739495798,0.6092436974789917,0.8131341857599652
0.47058823529411764,0.6092436974789917,0.8182973189001189
0.4789915966386554,0.6092436974789917,0.8233487859373133
0.48739495798319327,0.6092436974789917,0.8282892871391233
0.49579831932773105,0.6092436974789917,0.8331196203645193
0.5042016806722689,0.6092436974789917,0.8378406753435389
0.5126050420168067,0.6092436974789917,0.8424534279951034
0.5210084033613445,0.6092436974789917,0.8469589348027099
0.5294117647058824,0.6092436974789917,0.8513583272660947
0.5378151260504201,0.6092436974789917,0.8556528064453126
0.5462184873949579,0.6092436974789917,0.859843637612069
0.5546218487394958,0.6092436974789917,0.8639321450215502
0.5630252100840336,0.6092436974789917,0.8679197068164599
0.5714285714285714,0.6092436974789917,0.8718077500734762
0.5798319327731092,0.6092436974789917,0.8755977460009079
0.5882352941176471,0.6092436974789917,0.8792912052949645
0.5966386554621849,0.6092436974789917,0.8828896736607439
0.6050420168067226,0.6092436974789917,0.8863947275028189
0.6134453781512604,0.6092436974789917,0.8898079697891431
0.6218487394957983,0.6092436974789917,0.893131026090918
0.6302521008403361,0.6092436974789917,0.8963655408000591
0.6386554621848739,0.6092436974789917,0.8995131735249743
0.6470588235294117,0.6092436974789917,0.9025755956645116
0.6554621848739496,0.6092436974789917,0.9055544871591648
0.6638655462184874,0.6092436974789917,0.9084515334179145
0.6722689075630252,0.6092436974789917,0.9112684224184564
0.680672268907563,0.6092436974789917,0.9140068419780016
0.6890756302521008,0.6092436974789917,0.9166684771913328
0.6974789915966386,0.6092436974789917,0.9192550080323731
0.7058823529411764,0.6092436974789917,0.9217681071151327
0.7142857142857143,0.6092436974789917,0.9242094376095906
0.7226890756302521,0.6092436974789917,0.9265806513077935
0.7310924369747899,0.6092436974789917,0.9288833868352313
0.7394957983193277,0.6092436974789917,0.931119268002379
0.7478991596638656,0.6092436974789917,0.9332899022911564
0.7563025210084033,0.6092436974789917,0.9353968794709655
0.7647058823529411,0.6092436974789917,0.9374417703389047
0.7731092436974789,0.6092436974789917,0.9394261255787281
0.7815126050420168,0.6092436974789917,0.9413514747331255
0.7899159663865546,0.6092436974789917,0.9432193252839187
0.7983193277310924,0.6092436974789917,0.9450311618348234
0.8067226890756303,0.6092436974789917,0.9467884453914963
0.8151260504201681,0.6092436974789917,0.9484926127336755
0.8235294117647058,0.6092436974789917,0.9501450758743198
0.8319327731092436,0.6092436974789917,0.9517472216007844
0.8403361344537815,0.6092436974789917,0.9533004110931802
0.8487394957983193,0.6092436974789917,0.9548059796152177
0.8571428571428571,0.6092436974789917,0.9562652362729764
0.8655462184873949,0.6092436974789917,0.9576794638371864
0.8739495798319328,0.6092436974789917,0.9590499186247787
0.8823529411764706,0.6092436974789917,0.9603778304356099
0.8907563025210083,0.6092436974789917,0.9616644025404321
0.8991596638655461,0.6092436974789917,0.9629108117163456
0.907563025210084,0.6092436974789917,0.9641182083261304
0.9159663865546218,0.6092436974789917,0.9652877164380195
0.9243697478991596,0.6092436974789917,0.9664204339826348
0.9327731092436974,0.6092436974789917,0.9675174329439699
0.9411764705882353,0.6092436974789917,0.9685797595814558
0.9495798319327731,0.6092436974789917,0.9696084346803046
0.9579831932773109,0.6092436974789917,0.9706044538274704
0.9663865546218487,0.6092436974789917,0.9715687877107186
0.9747899159663865,0.6092436974789917,0.972502382438431
0.9831932773109243,0.6092436974789917,0.9734061598779172
0.9915966386554621,0.6092436974789917,0.9742810180101302
1.0,0.6092436974789917,0.9751278312988183
0.0,0.6134453781512605,0.3968349247684044
0.008403361344537815,0.6134453781512605,0.40505703740626975
0.01680672268907563,0.6134453781512605,0.4133327656110241
0.025210084033613446,0.6134453781512605,0.42165774111858767
0.03361344537815126,0.6134453781512605,0.4300274855072077
0.04201680672268907,0.6134453781512605,0.4384374193513644
0.05042016806722689,0.6134453781512605,0.44688287185296416
0.058823529411764705,0.6134453781512605,0.4553590909089191
0.06722689075630252,0.6134453781512605,0.4638612535706847
0.07563025210084033,0.6134453781512605,0.47238447684810986
0.08403361344537814,0.6134453781512605,0.48092382880710655
0.09243697478991596,0.6134453781512605,0.48947433990818895
0.10084033613445378,0.6134453781512605,0.4980310145309069
0.1092436974789916,0.6134453781512605,0.5065888426276235
0.11764705882352941,0.6134453781512605,0.5151428114489908
0.12605042016806722,0.6134453781512605,0.5236879172828622
0.13445378151260504,0.6134453781512605,0.5322191771482702
0.14285714285714285,0.6134453781512605,0.5407316403864779
0.15126050420168066,0.6134453781512605,0.5492204000919904
0.15966386554621848,0.6134453781512605,0.5576806043277663
0.1680672268907563,0.6134453781512605,0.5661074670706983
0.1764705882352941,0.6134453781512605,0.5744962788356802
0.18487394957983191,0.6134453781512605,0.5828424169292644
0.19327731092436973,0.6134453781512605,0.5911413552869538
0.20168067226890757,0.6134453781512605,0.5993886738515715
0.21008403361344538,0.6134453781512605,0.6075800674538305
0.2184873949579832,0.6134453781512605,0.6157113541601777
0.226890756302521,0.6134453781512605,0.6237784830571292
0.23529411764705882,0.6134453781512605,0.6317775414456198
0.24369747899159663,0.6134453781512605,0.6397047614233157
0.25210084033613445,0.6134453781512605,0.6475565258373028
0.26050420168067223,0.6134453781512605,0.6553293735940685
0.2689075630252101,0.6134453781512605,0.663020004318144
0.2773109243697479,0.6134453781512605,0.6706252823551543
0.2857142857142857,0.6134453781512605,0.6781422401192916
0.29411764705882354,0.6134453781512605,0.6855680807893265
0.3025210084033613,0.6134453781512605,0.6929001803611842
0.31092436974789917,0.6134453781512605,0.7001360890688104
0.31932773109243695,0.6134453781512605,0.7072735321884895
0.3277310924369748,0.6134453781512605,0.714310410244949
0.3361344537815126,0.6134453781512605,0.7212447986404734
0.3445378151260504,0.6134453781512605,0.7280749467308293
0.3529411764705882,0.6134453781512605,0.734799276374076
0.36134453781512604,0.6134453781512605,0.7414163799802962
0.36974789915966383,0.6134453781512605,0.7479250180919182
0.37815126050420167,0.6134453781512605,0.7543241165256346
0.38655462184873945,0.6134453781512605,0.7606127631079378
0.3949579831932773,0.6134453781512605,0.7667902040370251
0.40336134453781514,0.6134453781512605,0.7728558399042561
0.4117647058823529,0.6134453781512605,0.7788092214085233
0.42016806722689076,0.6134453781512605,0.7846500447968032
0.42857142857142855,0.6134453781512605,0.7903781470638412
0.4369747899159664,0.6134453781512605,0.7959935009433781
0.4453781512605042,0.6134453781512605,0.801496209722596
0.453781512605042,0.6134453781512605,0.8068865019105521
0.4621848739495798,0.6134453781512605,0.8121647257902948
0.47058823529411764,0.6134453781512605,0.8173313438831692
0.4789915966386554,0.6134453781512605,0.8223869273524953
0.48739495798319327,0.6134453781512605,0.827332150372402
0.49579831932773105,0.6134453781512605,0.8321677844861173
0.5042016806722689,0.6134453781512605,0.8368946929764792
0.5126050420168067,0.6134453781512605,0.841513825269858
0.5210084033613445,0.6134453781512605,0.8460262113930819
0.5294117647058824,0.6134453781512605,0.8504329565013551
0.5378151260504201,0.6134453781512605,0.8547352354935596
0.5462184873949579,0.6134453781512605,0.8589342877297521
0.5546218487394958,0.6134453781512605,0.863031411864117
0.5630252100840336,0.6134453781512605,0.867027960805128
0.5714285714285714,0.6134453781512605,0.8709253368132046
0.5798319327731092,0.6134453781512605,0.8747249867447449
0.5882352941176471,0.6134453781512605,0.8784283974500637
0.5966386554621849,0.6134453781512605,0.8820370913314888
0.6050420168067226,0.6134453781512605,0.8855526220666446
0.6134453781512604,0.6134453781512605,0.888976570500823
0.6218487394957983,0.6134453781512605,0.8923105407112578
0.6302521008403361,0.6134453781512605,0.8955561562451375
0.6386554621848739,0.6134453781512605,0.8987150565322635
0.6470588235294117,0.6134453781512605,0.9017888934724146
0.6554621848739496,0.6134453781512605,0.9047793281967091
0.6638655462184874,0.6134453781512605,0.9076880280015521
0.6722689075630252,0.6134453781512605,0.9105166634531197
0.680672268907563,0.6134453781512605,0.9132669056597714
0.6890756302521008,0.6134453781512605,0.9159404237092748
0.6974789915966386,0.6134453781512605,0.9185388822672917
0.7058823529411764,0.6134453781512605,0.9210639393331863
0.7142857142857143,0.6134453781512605,0.9235172441488952
0.7226890756302521,0.6134453781512605,0.9259004352563176
0.7310924369747899,0.6134453781512605,0.9282151386984595
0.7394957983193277,0.6134453781512605,0.9304629663593859
0.7478991596638656,0.6134453781512605,0.9326455144378833
0.7563025210084033,0.6134453781512605,0.9347643620496476
0.7647058823529411,0.6134453781512605,0.9368210699527298
0.7731092436974789,0.6134453781512605,0.9388171793909452
0.7815126050420168,0.6134453781512605,0.9407542110499412
0.7899159663865546,0.6134453781512605,0.9426336641206354
0.7983193277310924,0.6134453781512605,0.9444570154647859
0.8067226890756303,0.6134453781512605,0.9462257188775055
0.8151260504201681,0.6134453781512605,0.9479412044416252
0.8235294117647058,0.6134453781512605,0.949604877968899
0.8319327731092436,0.6134453781512605,0.9512181205231591
0.8403361344537815,0.6134453781512605,0.952782288020647
0.8487394957983193,0.6134453781512605,0.9542987109028821
0.8571428571428571,0.6134453781512605,0.955768693877566
0.8655462184873949,0.6134453781512605,0.9571935157231677
0.8739495798319328,0.6134453781512605,0.9585744291529852
0.8823529411764706,0.6134453781512605,0.9599126607346375
0.8907563025210083,0.6134453781512605,0.961209410861093
0.8991596638655461,0.6134453781512605,0.9624658537694993
0.907563025210084,0.6134453781512605,0.9636831376042483
0.9159663865546218,0.6134453781512605,0.9648623845208514
0.9243697478991596,0.6134453781512605,0.9660046908273769
0.9327731092436974,0.6134453781512605,0.9671111271603426
0.9411764705882353,0.6134453781512605,0.9681827386921179
0.9495798319327731,0.6134453781512605,0.9692205453670374
0.9579831932773109,0.6134453781512605,0.9702255421635779
0.9663865546218487,0.6134453781512605,0.9711986993800905
0.9747899159663865,0.6134453781512605,0.9721409629417215
0.9831932773109243,0.6134453781512605,0.9730532547262939
0.9915966386554621,0.6134453781512605,0.9739364729070451
1.0,0.6134453781512605,0.9747914923102514
0.0,0.6176470588235294,0.3968349247684044
0.008403361344537815,0.6176470588235294,0.40502913789982203
0.01680672268907563,0.6176470588235294,0.41327661910611013
0.025210084033613446,0.6176470588235294,0.4215730448613375
0.03361344537815126,0.6176470588235294,0.4299139829045797
0.04201680672268907,0.6176470588235294,0.43829490123600195
0.05042016806722689,0.6176470588235294,0.44671117758101797
0.058823529411764705,0.6176470588235294,0.4551581092826293
0.06722689075630252,0.6176470588235294,0.4636309235786024
0.07563025210084033,0.6176470588235294,0.4721247882170125
0.08403361344537814,0.6176470588235294,0.4806348223608996
0.09243697478991596,0.6176470588235294,0.4891561077303834
0.10084033613445378,0.6176470588235294,0.4976836999285983
0.1092436974789916,0.6176470588235294,0.5062126398962669
0.11764705882352941,0.6176470588235294,0.5147379654386453
0.12605042016806722,0.6176470588235294,0.5232547227679565
0.13445378151260504,0.6176470588235294,0.5317579780043038
0.14285714285714285,0.6176470588235294,0.5402428285784022
0.15126050420168066,0.6176470588235294,0.548704414480298
0.15966386554621848,0.6176470588235294,0.5571379292995435
0.1680672268907563,0.6176470588235294,0.565538631004046
0.1764705882352941,0.6176470588235294,0.5739018524069769
0.18487394957983191,0.6176470588235294,0.5822230112737203
0.19327731092436973,0.6176470588235294,0.5904976200237713
0.20168067226890757,0.6176470588235294,0.5987212949857847
0.21008403361344538,0.6176470588235294,0.6068897651675393
0.2184873949579832,0.6176470588235294,0.6149988805064066
0.226890756302521,0.6176470588235294,0.6230446195699336
0.23529411764705882,0.6176470588235294,0.6310230966803324
0.24369747899159663,0.6176470588235294,0.638930568440963
0.25210084033613445,0.6176470588235294,0.6467634396472456
0.26050420168067223,0.6176470588235294,0.6545182685688158
0.2689075630252101,0.6176470588235294,0.6621917715940756
0.2773109243697479,0.6176470588235294,0.6697808272325697
0.2857142857142857,0.6176470588235294,0.6772824794747718
0.29411764705882354,0.6176470588235294,0.6846939405128879
0.3025210084033613,0.6176470588235294,0.6920125928301024
0.31092436974789917,0.6176470588235294,0.6992359906693222
0.31932773109243695,0.6176470588235294,0.7063618608958452
0.3277310924369748,0.6176470588235294,0.7133881032715047
0.3361344537815126,0.6176470588235294,0.720312790160681
0.3445378151260504,0.6176470588235294,0.7271341656911207
0.3529411764705882,0.6176470588235294,0.7338506443947612
0.36134453781512604,0.6176470588235294,0.7404608093556946
0.36974789915966383,0.6176470588235294,0.7469634098940501
0.37815126050420167,0.6176470588235294,0.7533573588159101
0.38655462184873945,0.6176470588235294,0.7596417292604051
0.3949579831932773,0.6176470588235294,0.765815751175882
0.40336134453781514,0.6176470588235294,0.7718788074575148
0.4117647058823529,0.6176470588235294,0.7778304297789156
0.42016806722689076,0.6176470588235294,0.7836702941502747
0.42857142857142855,0.6176470588235294,0.7893982162352664
0.4369747899159664,0.6176470588235294,0.7950141464584775
0.4453781512605042,0.6176470588235294,0.8005181649344215
0.453781512605042,0.6176470588235294,0.8059104762483502
0.4621848739495798,0.6176470588235294,0.8111914041180569
0.47058823529411764,0.6176470588235294,0.8163613859647197
0.4789915966386554,0.6176470588235294,0.8214209674195787
0.48739495798319327,0.6176470588235294,0.8263707967918789
0.49579831932773105,0.6176470588235294,0.8312116195220887
0.5042016806722689,0.6176470588235294,0.8359442726429169
0.5126050420168067,0.6176470588235294,0.8405696792691191
0.5210084033613445,0.6176470588235294,0.8450888431355384
0.5294117647058824,0.6176470588235294,0.8495028432012655
0.5378151260504201,0.6176470588235294,0.8538128283362381
0.5462184873949579,0.6176470588235294,0.8580200121050671
0.5546218487394958,0.6176470588235294,0.8621256676613552
0.5630252100840336,0.6176470588235294,0.8661311227642963
0.5714285714285714,0.6176470588235294,0.8700377549279122
0.5798319327731092,0.6176470588235294,0.873846986711896
0.5882352941176471,0.6176470588235294,0.8775602811617066
0.5966386554621849,0.6176470588235294,0.8811791374042991
0.6050420168067226,0.6176470588235294,0.8847050864046766
0.6134453781512604,0.6176470588235294,0.8881396868873174
0.6218487394957983,0.6176470588235294,0.8914845214254801
0.6302521008403361,0.6176470588235294,0.8947411927004016
0.6386554621848739,0.6176470588235294,0.8979113199314851
0.6470588235294117,0.6176470588235294,0.9009965354777426
0.6554621848739496,0.6176470588235294,0.9039984816099779
0.6638655462184874,0.6176470588235294,0.9069188074525012
0.6722689075630252,0.6176470588235294,0.9097591660925283
0.680672268907563,0.6176470588235294,0.9125212118548549
0.6890756302521008,0.6176470588235294,0.915206597738889
0.6974789915966386,0.6176470588235294,0.9178169730146806
0.7058823529411764,0.6176470588235294,0.920353980974199
0.7142857142857143,0.6176470588235294,0.9228192568337819
0.7226890756302521,0.6176470588235294,0.9252144257833884
0.7310924369747899,0.6176470588235294,0.9275411011780622
0.7394957983193277,0.6176470588235294,0.9298008828668173
0.7478991596638656,0.6176470588235294,0.9319953556540107
0.7563025210084033,0.6176470588235294,0.934126087888157
0.7647058823529411,0.6176470588235294,0.9361946301730609
0.7731092436974789,0.6176470588235294,0.9382025141961051
0.7815126050420168,0.6176470588235294,0.94015125166851
0.7899159663865546,0.6176470588235294,0.9420423333723954
0.7983193277310924,0.6176470588235294,0.94387722830951
0.8067226890756303,0.6176470588235294,0.9456573829465457
0.8151260504201681,0.6176470588235294,0.9473842205520298
0.8235294117647058,0.6176470588235294,0.9490591406198785
0.8319327731092436,0.6176470588235294,0.9506835183747919
0.8403361344537815,0.6176470588235294,0.9522587043547958
0.8487394957983193,0.6176470588235294,0.9537860240663499
0.8571428571428571,0.6176470588235294,0.9552667777075876
0.8655462184873949,0.6176470588235294,0.9567022399553773
0.8739495798319328,0.6176470588235294,0.9580936598120581
0.8823529411764706,0.6176470588235294,0.9594422605078371
0.8907563025210083,0.6176470588235294,0.9607492394549993
0.8991596638655461,0.6176470588235294,0.9620157682502256
0.907563025210084,0.6176470588235294,0.9632429927214796
0.9159663865546218,0.6176470588235294,0.9644320330160662
0.9243697478991596,0.6176470588235294,0.9655839837266337
0.9327731092436974,0.6176470588235294,0.9666999140520298
0.9411764705882353,0.6176470588235294,0.9677808679900786
0.9495798319327731,0.6176470588235294,0.9688278645594971
0.9579831932773109,0.6176470588235294,0.9698418980483055
0.9663865546218487,0.6176470588235294,0.9708239382862336
0.9747899159663865,0.6176470588235294,0.9717749309387593
0.9831932773109243,0.6176470588235294,0.9726957978205538
0.9915966386554621,0.6176470588235294,0.9735874372262286
1.0,0.6176470588235294,0.9744507242764138
0.0,0.6218487394957983,0.3968349247684044
0.008403361344537815,0.6218487394957983,0.40500123900688473
0.01680672268907563,0.6218487394957983,0.41322047485605823
0.025210084033613446,0.6218487394957983,0.4214883532180998
0.03361344537815126,0.6218487394957983,0.4298004876694979
0.04201680672268907,0.6218487394957983,0.4381523933015208
0.05042016806722689,0.6218487394957983,0.44653949601969556
0.058823529411764705,0.6218487394957983,0.4549571422633818
0.06722689075630252,0.6218487394957983,0.46340060910316677
0.07563025210084033,0.6218487394957983,0.4718651146707563
0.08403361344537814,0.6218487394957983,0.4803458288733201
0.09243697478991596,0.6218487394957983,0.48883788434190634
0.10084033613445378,0.6218487394957983,0.4973363875615979
0.1092436974789916,0.6218487394957983,0.505836430129568
0.11764705882352941,0.6218487394957983,0.5143331000861168
0.12605042016806722,0.6218487394957983,0.5228214932631605
0.13445378151260504,0.6218487394957983,0.5312967245944986
0.14285714285714285,0.6218487394957983,0.5397539393325019
0.15126050420168066,0.6218487394957983,0.5481883241166536
0.15966386554621848,0.6218487394957983,0.5565951178406152
0.1680672268907563,0.6218487394957983,0.5649696222661651
0.1764705882352941,0.6218487394957983,0.5733072123344556
0.18487394957983191,0.6218487394957983,0.5816033461275179
0.19327731092436973,0.6218487394957983,0.5898535744357909
0.20168067226890757,0.6218487394957983,0.5980535498906218
0.21008403361344538,0.6218487394957983,0.6061990356241389
0.2184873949579832,0.6218487394957983,0.6142859134226021
0.226890756302521,0.6218487394957983,0.6223101913432351
0.23529411764705882,0.6218487394957983,0.6302680107686054
0.24369747899159663,0.6218487394957983,0.6381556528767854
0.25210084033613445,0.6218487394957983,0.6459695445097622
0.26050420168067223,0.6218487394957983,0.6537062634268201
0.2689075630252101,0.6218487394957983,0.6613625429338512
0.2773109243697479,0.6218487394957983,0.6689352758837147
0.2857142857142857,0.6218487394957983,0.6764215180468284
0.29411764705882354,0.6218487394957983,0.6838184908551025
0.3025210084033613,0.6218487394957983,0.6911235835260642
0.31092436974789917,0.6218487394957983,0.6983343545775786
0.31932773109243695,0.6218487394957983,0.7054485327468812
0.3277310924369748,0.6218487394957983,0.7124640173307073
0.3361344537815126,0.6218487394957983,0.7193788779661
0.3445378151260504,0.6218487394957983,0.7261913538740048
0.3529411764705882,0.6218487394957983,0.7328998525899756
0.36134453781512604,0.6218487394957983,0.7395029482082607
0.36974789915966383,0.6218487394957983,0.7459993791671662
0.37815126050420167,0.6218487394957983,0.7523880456049374
0.38655462184873945,0.6218487394957983,0.7586680063164432
0.3949579831932773,0.6218487394957983,0.7648384753417242
0.40336134453781514,0.6218487394957983,0.7708988182179511
0.4117647058823529,0.6218487394957983,0.7768485479265816
0.42016806722689076,0.6218487394957983,0.7826873205674948
0.42857142857142855,0.6218487394957983,0.7884149307916469
0.4369747899159664,0.6218487394957983,0.7940313070233457
0.4453781512605042,0.6218487394957983,0.7995365065026061
0.453781512605042,0.6218487394957983,0.8049307101772408
0.4621848739495798,0.6218487394957983,0.8102142174733761
0.47058823529411764,0.6218487394957983,0.8153874409719932
0.4789915966386554,0.6218487394957983,0.820450901017886
0.48739495798319327,0.6218487394957983,0.8254052202861238
0.49579831932773105,0.6218487394957983,0.8302511183297288
0.5042016806722689,0.6218487394957983,0.834989406130842
0.5126050420168067,0.6218487394957983,0.8396209806761764
0.5210084033613445,0.6218487394957983,0.8441468195760365
0.5294117647058824,0.6218487394957983,0.848567975744684
0.5378151260504201,0.6218487394957983,0.8528855721582932
0.5462184873949579,0.6218487394957983,0.8571007967052514
0.5546218487394958,0.6218487394957983,0.8612148971420658
0.5630252100840336,0.6218487394957983,0.8652291761666986
0.5714285714285714,0.6218487394957983,0.8691449866197446
0.5798319327731092,0.6218487394957983,0.8729637268225032
0.5882352941176471,0.6218487394957983,0.8766868360597015
0.5966386554621849,0.6218487394957983,0.8803157902133744
0.6050420168067226,0.6218487394957983,0.8838520975532327
0.6134453781512604,0.6218487394957983,0.8872972946877349
0.6218487394957983,0.6218487394957983,0.8906529426790297
0.6302521008403361,0.6218487394957983,0.8939206233239657
0.6386554621848739,0.6218487394957983,0.8971019356024559
0.6470588235294117,0.6218487394957983,0.9001984922936467
0.6554621848739496,0.6218487394957983,0.9032119167595792
0.6638655462184874,0.6218487394957983,0.9061438398953274
0.6722689075630252,0.6218487394957983,0.9089958972439658
0.680672268907563,0.6218487394957983,0.9117697262741524
0.6890756302521008,0.6218487394957983,0.9144669638176032
0.6974789915966386,0.6218487394957983,0.9170892436632879
0.7058823529411764,0.6218487394957983,0.9196381943047868
0.7142857142857143,0.6218487394957983,0.9221154368369063
0.7226890756302521,0.6218487394957983,0.9245225829973664
0.7310924369747899,0.6218487394957983,0.926861233349133
0.7394957983193277,0.6218487394957983,0.9291329755987651
0.7478991596638656,0.6218487394957983,0.931339383046002
0.7563025210084033,0.6218487394957983,0.9334820131596857
0.7647058823529411,0.6218487394957983,0.9355624062750396
0.7731092436974789,0.6218487394957983,0.9375820844072643
0.7815126050420168,0.6218487394957983,0.9395425501763993
0.7899159663865546,0.6218487394957983,0.9414452858383898
0.7983193277310924,0.6218487394957983,0.9432917524173354
0.8067226890756303,0.6218487394957983,0.9450833889339388
0.8151260504201681,0.6218487394957983,0.9468216117252383
0.8235294117647058,0.6218487394957983,0.9485078138507941
0.8319327731092436,0.6218487394957983,0.950143364580593
0.8403361344537815,0.6218487394957983,0.9517296089600397
0.8487394957983193,0.6218487394957983,0.9532678674475302
0.8571428571428571,0.6218487394957983,0.954759435620225
0.8655462184873949,0.6218487394957983,0.9562055839437713
0.8739495798319328,0.6218487394957983,0.9576075576018731
0.8823529411764706,0.6218487394957983,0.9589665763817414
0.8907563025210083,0.6218487394957983,0.9602838346116125
0.8991596638655461,0.6218487394957983,0.9615605011466661
0.907563025210084,0.6218487394957983,0.9627977193998307
0.9159663865546218,0.6218487394957983,0.9639966074141094
0.9243697478991596,0.6218487394957983,0.9651582579732141
0.9327731092436974,0.6218487394957983,0.9662837387474402
0.9411764705882353,0.6218487394957983,0.9673740924718669
0.9495798319327731,0.6218487394957983,0.9684303371541053
0.9579831932773109,0.6218487394957983,0.9694534663089684
0.9663865546218487,0.6218487394957983,0.9704444492175639
0.9747899159663865,0.6218487394957983,0.9714042312084572
0.9831932773109243,0.6218487394957983,0.9723337339586752
0.9915966386554621,0.6218487394957983,0.9732338558124533
1.0,0.6218487394957983,0.9741054721157502
0.0,0.6260504201680672,0.3968349247684044
0.008403361344537815,0.6260504201680672,0.4049733407276246
0.01680672268907563,0.6260504201680672,0.4131643328622375
0.025210084033613446,0.6260504201680672,0.42140366619360553
0.03361344537815126,0.6260504201680672,0.4296869998134137
0.04201680672268907,0.6260504201680672,0.438009895570704
0.05042016806722689,0.6260504201680672,0.4463678272090014
0.058823529411764705,0.6260504201680672,0.45475618991557165
0.06722689075630252,0.6260504201680672,0.46317031024158467
0.07563025210084033,0.6260504201680672,0.47160545634897694
0.08403361344537814,0.6260504201680672,0.4800568485371604
0.09243697478991596,0.6260504201680672,0.48851967000043445
0.10084033613445378,0.6260504201680672,0.4969890777650563
0.1092436974789916,0.6260504201680672,0.505460213753436
0.11764705882352941,0.6260504201680672,0.5139282159218662
0.12605042016806722,0.6260504201680672,0.5223882294175791
0.13445378151260504,0.6260504201680672,0.530835417700766
0.14285714285714285,0.6260504201680672,0.539264973577484
0.15126050420168066,0.6260504201680672,0.5476721300901195
0.15966386554621848,0.6260504201680672,0.5560521712132636
0.1680672268907563,0.6260504201680672,0.5644004423044595
0.1764705882352941,0.6260504201680672,0.5727123602613075
0.18487394957983191,0.6260504201680672,0.5809834233387975
0.19327731092436973,0.6260504201680672,0.5892092205835004
0.20168067226890757,0.6260504201680672,0.5973854408443006
0.21008403361344538,0.6260504201680672,0.6055078813227075
0.2184873949579832,0.6260504201680672,0.6135724556293617
0.226890756302521,0.6260504201680672,0.6215752013171413
0.23529411764705882,0.6260504201680672,0.6295122868652044
0.24369747899159663,0.6260504201680672,0.6373800180923632
0.25210084033613445,0.6260504201680672,0.6451748439822934
0.26050420168067223,0.6260504201680672,0.6528933619072292
0.2689075630252101,0.6260504201680672,0.6605323222409126
0.2773109243697479,0.6260504201680672,0.668088632355628
0.2857142857142857,0.6260504201680672,0.6755593600021222
0.29411764705882354,0.6260504201680672,0.6829417360750383
0.3025210084033613,0.6260504201680672,0.6902331567701597
0.31092436974789917,0.6260504201680672,0.6974311851432395
0.31932773109243695,0.6260504201680672,0.7045335520834372
0.3277310924369748,0.6260504201680672,0.711538156717405
0.3361344537815126,0.6260504201680672,0.7184430662628234
0.3445378151260504,0.6260504201680672,0.7252465153526653
0.3529411764705882,0.6260504201680672,0.7319469048536812
0.36134453781512604,0.6260504201680672,0.7385428002045117
0.36974789915966383,0.6260504201680672,0.7450329293004658
0.37815126050420167,0.6260504201680672,0.7514161799533486
0.38655462184873945,0.6260504201680672,0.7576915969557811
0.3949579831932773,0.6260504201680672,0.7638583787802415
0.40336134453781514,0.6260504201680672,0.769915873943578
0.4117647058823529,0.6260504201680672,0.7758635770680119
0.42016806722689076,0.6260504201680672,0.7817011246696759
0.42857142857142855,0.6260504201680672,0.7874282907055383
0.4369747899159664,0.6260504201680672,0.7930449819091652
0.4453781512605042,0.6260504201680672,0.79855123294518
0.453781512605042,0.6260504201680672,0.8039472014115209
0.4621848739495798,0.6260504201680672,0.8092331627176858
0.47058823529411764,0.6260504201680672,0.8144095048661147
0.4789915966386554,0.6260504201680672,0.8194767231626969
0.48739495798319327,0.6260504201680672,0.8244354148811436
0.49579831932773105,0.6260504201680672,0.8292862739046358
0.5042016806722689,0.6260504201680672,0.8340300853667733
0.5126050420168067,0.6260504201680672,0.8386677203124064
0.5210084033613445,0.6260504201680672,0.843200130397485
0.5294117647058824,0.6260504201680672,0.8476283426455716
0.5378151260504201,0.6260504201680672,0.8519534542771946
0.5462184873949579,0.6260504201680672,0.8561766276267454
0.5546218487394958,0.6260504201680672,0.860299085160181
0.5630252100840336,0.6260504201680672,0.8643221046053716
0.5714285714285714,0.6260504201680672,0.8682470142055632
0.5798319327731092,0.6260504201680672,0.8720751881050821
0.5882352941176471,0.6260504201680672,0.8758080418751403
0.5966386554621849,0.6260504201680672,0.8794470281863644
0.6050420168067226,0.6260504201680672,0.8829936326335219
0.6134453781512604,0.6260504201680672,0.8864493697168039
0.6218487394957983,0.6260504201680672,0.8898157789830046
0.6302521008403361,0.6260504201680672,0.8930944213289611
0.6386554621848739,0.6260504201680672,0.896286875468725
0.6470588235294117,0.6260504201680672,0.899394734565103
0.6554621848739496,0.6260504201680672,0.9024196030254457
0.6638655462184874,0.6260504201680672,0.9053630934608582
0.6722689075630252,0.6260504201680672,0.9082268238073845
0.680672268907563,0.6260504201680672,0.9110124146071411
0.6890756302521008,0.6260504201680672,0.9137214864468651
0.6974789915966386,0.6260504201680672,0.916355657550899
0.7058823529411764,0.6260504201680672,0.9189165415252287
0.7142857142857143,0.6260504201680672,0.921405745248858
0.7226890756302521,0.6260504201680672,0.9238248669085004
0.7310924369747899,0.6260504201680672,0.9261754941723281
0.7394957983193277,0.6260504201680672,0.928459202498315
0.7478991596638656,0.6260504201680672,0.9306775535725406
0.7563025210084033,0.6260504201680672,0.9328320938727056
0.7647058823529411,0.6260504201680672,0.9349243533520147
0.7731092436974789,0.6260504201680672,0.9369558442385184
0.7815126050420168,0.6260504201680672,0.9389280599449858
0.7899159663865546,0.6260504201680672,0.9408424740843642
0.7983193277310924,0.6260504201680672,0.94270053958591
0.8067226890756303,0.6260504201680672,0.9445036879071087
0.8151260504201681,0.6260504201680672,0.9462533283365642
0.8235294117647058,0.6260504201680672,0.9479508473831121
0.8319327731092436,0.6260504201680672,0.9495976082464985
0.8403361344537815,0.6260504201680672,0.9511949503650733
0.8487394957983193,0.6260504201680672,0.9527441890360524
0.8571428571428571,0.6260504201680672,0.954246615104032
0.8655462184873949,0.6260504201680672,0.9557034947135573
0.8739495798319328,0.6260504201680672,0.9571160691216952
0.8823529411764706,0.6260504201680672,0.9584855545666869
0.8907563025210083,0.6260504201680672,0.9598131421889075
0.8991596638655461,0.6260504201680672,0.9610999980004998
0.907563025210084,0.6260504201680672,0.962347262900202
0.9159663865546218,0.6260504201680672,0.9635560527300234
0.9243697478991596,0.6260504201680672,0.9647274583705864
0.9327731092436974,0.6260504201680672,0.96586254587208
0.9411764705882353,0.6260504201680672,0.9669623566179302
0.9495798319327731,0.6260504201680672,0.968027907518419
0.9579831932773109,0.6260504201680672,0.9690601912316383
0.9663865546218487,0.6260504201680672,0.9700601764092885
0.9747899159663865,0.6260504201680672,0.9710288079649725
0.9831932773109243,0.6260504201680672,0.9719670073627591
0.9915966386554621,0.6260504201680672,0.9728756729239223
1.0,0.6260504201680672,0.9737556801498786
0.0,0.6302521008403361,0.3968349247684044
0.008403361344537815,0.6302521008403361,0.4049454430622081
0.01680672268907563,0.6302521008403361,0.413108193126017
0.025210084033613446,0.6302521008403361,0.42131898379258426
0.03361344537815126,0.6302521008403361,0.4295735193477753
0.04201680672268907,0.6302521008403361,0.43786740806632796
0.05042016806722689,0.6302521008403361,0.4461961711889279
0.058823529411764705,0.6302521008403361,0.4545552523035754
0.06722689075630252,0.6302521008403361,0.4629400270910367
0.07563025210084033,0.6302521008403361,0.4713458133912767
0.08403361344537814,0.6302521008403361,0.4797678815451771
0.09243697478991596,0.6302521008403361,0.48820146496361544
0.10084033613445378,0.6302521008403361,0.4966417708741137
0.1092436974789916,0.6302521008403361,0.5050839911938096
0.11764705882352941,0.6302521008403361,0.5135233134764533
0.12605042016806722,0.6302521008403361,0.5219549318805238
0.13445378151260504,0.6302521008403361,0.5303740581053821
0.14285714285714285,0.6302521008403361,0.5387759322426422
0.15126050420168066,0.6302521008403361,0.5471558334906453
0.15966386554621848,0.6302521008403361,0.5555090906810539
0.1680672268907563,0.6302521008403361,0.5638310925681226
0.1764705882352941,0.6302521008403361,0.5721172978331486
0.18487394957983191,0.6302521008403361,0.580363244758909
0.19327731092436973,0.6302521008403361,0.5885645605315476
0.20168067226890757,0.6302521008403361,0.5967169701303344
0.21008403361344538,0.6302521008403361,0.6048163047689575
0.2184873949579832,0.6302521008403361,0.6128585098554783
0.226890756302521,0.6302521008403361,0.6208396524417533
0.23529411764705882,0.6302521008403361,0.6287559281369384
0.24369747899159663,0.6302521008403361,0.6366036674636342
0.25210084033613445,0.6302521008403361,0.6443793416392272
0.26050420168067223,0.6302521008403361,0.6520795677690094
0.2689075630252101,0.6302521008403361,0.6597011134416788
0.2773109243697479,0.6302521008403361,0.667240900721773
0.2857142857142857,0.6302521008403361,0.6746960095374712
0.29411764705882354,0.6302521008403361,0.6820636804659322
0.3025210084033613,0.6302521008403361,0.6893413169219312
0.31092436974789917,0.6302521008403361,0.6965264867589559
0.31932773109243695,0.6302521008403361,0.7036169232951195
0.3277310924369748,0.6302521008403361,0.7106105257792074
0.3361344537815126,0.6302521008403361,0.7175053593148888
0.3445378151260504,0.6302521008403361,0.7242996542635775
0.3529411764705882,0.6302521008403361,0.7309918051486091
0.36134453781512604,0.6302521008403361,0.7375803690853033
0.36974789915966383,0.6302521008403361,0.7440640637631102
0.37815126050420167,0.6302521008403361,0.7504417650073769
0.38655462184873945,0.6302521008403361,0.7567125039493559
0.3949579831932773,0.6302521008403361,0.7628754638338633
0.40336134453781514,0.6302521008403361,0.7689299764945565
0.4117647058823529,0.6302521008403361,0.7748755185270852
0.42016806722689076,0.6302521008403361,0.7807117071904389
0.42857142857142855,0.6302521008403361,0.7864382960666584
0.4369747899159664,0.6302521008403361,0.7920551705087198
0.4453781512605042,0.6302521008403361,0.7975623429058498
0.453781512605042,0.6302521008403361,0.8029599477948307
0.4621848739495798,0.6302521008403361,0.8082482368449773
0.47058823529411764,0.6302521008403361,0.8134275737434873
0.4789915966386554,0.6302521008403361,0.8184984290067518
0.48739495798319327,0.6302521008403361,0.8234613747420132
0.49579831932773105,0.6302521008403361,0.8283170793824801
0.5042016806722689,0.6302521008403361,0.8330663024176629
0.5126050420168067,0.6302521008403361,0.8377098891393124
0.5210084033613445,0.6302521008403361,0.8422487654219192
0.5294117647058824,0.6302521008403361,0.846683932555303
0.5378151260504201,0.6302521008403361,0.851016462145381
0.5462184873949579,0.6302521008403361,0.8552474910977697
0.5546218487394958,0.6302521008403361,0.8593782166974683
0.5630252100840336,0.6302521008403361,0.8634098917964814
0.5714285714285714,0.6302521008403361,0.8673438201198908
0.5798319327731092,0.6302521008403361,0.8711813516995798
0.5882352941176471,0.6302521008403361,0.8749238784435589
0.5966386554621849,0.6302521008403361,0.8785728298476303
0.6050420168067226,0.6302521008403361,0.8821296688549934
0.6134453781512604,0.6302521008403361,0.8855958878683011
0.6218487394957983,0.6302521008403361,0.8889730049176577
0.6302521008403361,0.6302521008403361,0.8922625599870965
0.6386554621848739,0.6302521008403361,0.8954661115011834
0.6470588235294117,0.6302521008403361,0.8985852329725623
0.6554621848739496,0.6302521008403361,0.9016215098105116
0.6638655462184874,0.6302521008403361,0.9045765362898736
0.6722689075630252,0.6302521008403361,0.9074519126790966
0.680672268907563,0.6302521008403361,0.9102492425255552
0.6890756302521008,0.6302521008403361,0.9129701300958023
0.6974789915966386,0.6302521008403361,0.915616177967959
0.7058823529411764,0.6302521008403361,0.9181889847730399
0.7142857142857143,0.6302521008403361,0.9206901430816719
0.7226890756302521,0.6302521008403361,0.9231212374323613
0.7310924369747899,0.6302521008403361,0.9254838424972128
0.7394957983193277,0.6302521008403361,0.9277795213807931
0.7478991596638656,0.6302521008403361,0.9300098240476632
0.7563025210084033,0.6302521008403361,0.9321762858739733
0.7647058823529411,0.6302521008403361,0.9342804263184088
0.7731092436974789,0.6302521008403361,0.9363237477077186
0.7815126050420168,0.6302521008403361,0.9383077341320123
0.7899159663865546,0.6302521008403361,0.9402338504450038
0.7983193277310924,0.6302521008403361,0.9421035413643903
0.8067226890756303,0.6302521008403361,0.9439182306675872
0.8151260504201681,0.6302521008403361,0.9456793204780927
0.8235294117647058,0.6302521008403361,0.9473881906378239
0.8319327731092436,0.6302521008403361,0.9490461981608457
0.8403361344537815,0.6302521008403361,0.9506546767640176
0.8487394957983193,0.6302521008403361,0.9522149364701752
0.8571428571428571,0.6302521008403361,0.9537282632795964
0.8655462184873949,0.6302521008403361,0.9551959189056092
0.8739495798319328,0.6302521008403361,0.9566191405703373
0.8823529411764706,0.6302521008403361,0.957999140856711
0.8907563025210083,0.6302521008403361,0.9593371076130045
0.8991596638655461,0.6302521008403361,0.960634203906307
0.907563025210084,0.6302521008403361,0.9618915680214759
0.9159663865546218,0.6302521008403361,0.9631103135022572
0.9243697478991596,0.6302521008403361,0.9642915292314087
0.9327731092436974,0.6302521008403361,0.9654362795467996
0.9411764705882353,0.6302521008403361,0.966545604390599
0.9495798319327731,0.6302521008403361,0.9676205194888106
0.9579831932773109,0.6302521008403361,0.9686620165585391
0.9663865546218487,0.6302521008403361,0.9696710635405156
0.9747899159663865,0.6302521008403361,0.9706486048545316
0.9831932773109243,0.6302521008403361,0.9715955616755697
0.9915966386554621,0.6302521008403361,0.9725128322285271
1.0,0.6302521008403361,0.9734012920995643
0.0,0.634453781512605,0.3968349247684044
0.008403361344537815,0.634453781512605,0.4049175460108022
0.01680672268907563,0.634453781512605,0.4130520556487651
0.025210084033613446,0.634453781512605,0.4212343060197648
0.03361344537815126,0.634453781512605,0.42946004628402795
0.04201680672268907,0.634453781512605,0.437724930811162
0.05042016806722689,0.634453781512605,0.44602452799945547
0.058823529411764705,0.634453781512605,0.45435432949175
0.06722689075630252,0.634453781512605,0.46270975974867645
0.07563025210084033,0.634453781512605,0.4710861859372249
0.08403361344537814,0.634453781512605,0.4794789280900918
0.09243697478991596,0.634453781512605,0.4878832694890667
0.10084033613445378,0.634453781512605,0.4962944672238998
0.1092436974789916,0.634453781512605,0.5047077628766562
0.11764705882352941,0.634453781512605,0.5131183932805339
0.12605042016806722,0.634453781512605,0.5215216013015087
0.13445378151260504,0.634453781512605,0.5299126465909828
0.14285714285714285,0.634453781512605,0.5382868162578506
0.15126050420168066,0.634453781512605,0.5466394354090597
0.15966386554621848,0.634453781512605,0.5549658775088232
0.1680672268907563,0.634453781512605,0.5632615745081228
0.1764705882352941,0.634453781512605,0.5715220266980034
0.18487394957983191,0.634453781512605,0.5797428122423903
0.19327731092436973,0.634453781512605,0.587919596348715
0.20168067226890757,0.634453781512605,0.5960481400375033
0.21008403361344538,0.634453781512605,0.604124308475204
0.2184873949579832,0.634453781512605,0.6121440788379036
0.226890756302521,0.634453781512605,0.6201035476771253
0.23529411764705882,0.634453781512605,0.6279989377626155
0.24369747899159663,0.634453781512605,0.6358266043808475
0.25210084033613445,0.634453781512605,0.6435830410718498
0.26050420168067223,0.634453781512605,0.6512648847908968
0.2689075630252101,0.634453781512605,0.6588689204854987
0.2773109243697479,0.634453781512605,0.6663920850819928
0.2857142857142857,0.634453781512605,0.6738314708798112
0.29411764705882354,0.634453781512605,0.6811843283551615
0.3025210084033613,0.634453781512605,0.6884480683793548
0.31092436974789917,0.634453781512605,0.6956202638603657
0.31932773109243695,0.634453781512605,0.7026986508193189
0.3277310924369748,0.634453781512605,0.7096811289165257
0.3361344537815126,0.634453781512605,0.7165657614443502
0.3445378151260504,0.634453781512605,0.7233507748066142
0.3529411764705882,0.634453781512605,0.730034557506403
0.36134453781512604,0.634453781512605,0.7366156586660201
0.36974789915966383,0.634453781512605,0.7430927861044663
0.37815126050420167,0.634453781512605,0.7494648039991573
0.38655462184873945,0.634453781512605,0.7557307301596787
0.3949579831932773,0.634453781512605,0.7618897329421978
0.40336134453781514,0.634453781512605,0.7679411278337155
0.4117647058823529,0.634453781512605,0.7738843737356718
0.42016806722689076,0.634453781512605,0.7797190689765083
0.42857142857142855,0.634453781512605,0.7854449470826813
0.4369747899159664,0.634453781512605,0.7910618723372917
0.4453781512605042,0.634453781512605,0.7965698351550078
0.453781512605042,0.634453781512605,0.8019689473012811
0.4621848739495798,0.634453781512605,0.8072594369830478
0.47058823529411764,0.634453781512605,0.812441643837164
0.4789915966386554,0.634453781512605,0.817516013841754
0.48739495798319327,0.634453781512605,0.8224830941745152
0.49579831932773105,0.634453781512605,0.8273435280407738
0.5042016806722689,0.634453781512605,0.8320980494928044
0.5126050420168067,0.634453781512605,0.8367474782605708
0.5210084033613445,0.634453781512605,0.8412927146126872
0.5294117647058824,0.634453781512605,0.8457347342649896
0.5378151260504201,0.634453781512605,0.8500745833527186
0.5462184873949579,0.634453781512605,0.8543133734809151
0.5546218487394958,0.634453781512605,0.8584522768662518
0.5630252100840336,0.634453781512605,0.8624925215821719
0.5714285714285714,0.634453781512605,0.8664353869178807
0.5798319327731092,0.634453781512605,0.8702821988604589
0.5882352941176471,0.634453781512605,0.8740343257081311
0.5966386554621849,0.634453781512605,0.8776931738215361
0.6050420168067226,0.634453781512605,0.8812601835187228
0.6134453781512604,0.634453781512605,0.8847368251185219
0.6218487394957983,0.634453781512605,0.8881245951359396
0.6302521008403361,0.634453781512605,0.8914250126322661
0.6386554621848739,0.634453781512605,0.8946396157217253
0.6470588235294117,0.634453781512605,0.8977699582356508
0.6554621848739496,0.634453781512605,0.9008176065444431
0.6638655462184874,0.634453781512605,0.9037841365368557
0.6722689075630252,0.634453781512605,0.9066711307555301
0.680672268907563,0.634453781512605,0.9094801756871351
0.6890756302521008,0.634453781512605,0.9122128592049495
0.6974789915966386,0.634453781512605,0.9148707681612689
0.7058823529411764,0.634453781512605,0.9174554861266212
0.7142857142857143,0.634453781512605,0.9199685912724173
0.7226890756302521,0.634453781512605,0.922411654393362
0.7310924369747899,0.634453781512605,0.9247862370656929
0.7394957983193277,0.634453781512605,0.9270938899370971
0.7478991596638656,0.634453781512605,0.9293361511439808
0.7563025210084033,0.634453781512605,0.9315145448516289
0.7647058823529411,0.634453781512605,0.9336305799126812
0.7731092436974789,0.634453781512605,0.935685748639286
0.7815126050420168,0.634453781512605,0.9376815256842416
0.7899159663865546,0.634453781512605,0.9396193670264158
0.7983193277310924,0.634453781512605,0.9415007090557438
0.8067226890756303,0.634453781512605,0.9433269677531246
0.8151260504201681,0.634453781512605,0.9450995379605852
0.8235294117647058,0.634453781512605,0.9468197927371391
0.8319327731092436,0.634453781512605,0.948489082795846
0.8403361344537815,0.634453781512605,0.9501087360176645
0.8487394957983193,0.634453781512605,0.9516800570377937
0.8571428571428571,0.634453781512605,0.9532043269003042
0.8655462184873949,0.634453781512605,0.9546828027769798
0.8739495798319328,0.634453781512605,0.956116717746416
0.8823529411764706,0.634453781512605,0.9575072806295452
0.8907563025210083,0.634453781512605,0.9588556758778941
0.8991596638655461,0.634453781512605,0.9601630635110187
0.907563025210084,0.634453781512605,0.961430579099692
0.9159663865546218,0.634453781512605,0.9626593337915628
0.9243697478991596,0.634453781512605,0.9638504143761436
0.9327731092436974,0.634453781512605,0.9650048833861221
0.9411764705882353,0.634453781512605,0.9661237792321278
0.9495798319327731,0.634453781512605,0.9672081163682212
0.9579831932773109,0.634453781512605,0.968258885485511
0.9663865546218487,0.634453781512605,0.9692770537314276
0.9747899159663865,0.634453781512605,0.970263564952315
0.9831932773109243,0.634453781512605,0.9712193399571312
0.9915966386554621,0.634453781512605,0.972145276800156
1.0,0.634453781512605,0.9730422510807436
0.0,0.6386554621848739,0.3968349247684044
0.008403361344537815,0.6386554621848739,0.40488964957357354
0.01680672268907563,0.6386554621848739,0.41299592043185046
0.025210084033613446,0.6386554621848739,0.4211496328798746
0.03361344537815126,0.6386554621848739,0.429346580633614
0.04201680672268907,0.6386554621848739,0.4375824638279692
0.05042016806722689,0.6386554621848739,0.44585289768055225
0.058823529411764705,0.6386554621848739,0.4541534215444335
0.06722689075630252,0.6386554621848739,0.4624795083116308
0.07563025210084033,0.6386554621848739,0.4708265741263575
0.08403361344537814,0.6386554621848739,0.4791899883645893
0.09243697478991596,0.6386554621848739,0.4875650838343746
0.10084033613445378,0.6386554621848739,0.4959471671495312
0.1092436974789916,0.6386554621848739,0.5043315292279689
0.11764705882352941,0.6386554621848739,0.5127134558648568
0.12605042016806722,0.6386554621848739,0.5210882383302464
0.13445378151260504,0.6386554621848739,0.5294511839405582
0.14285714285714285,0.6386554621848739,0.5377976265535568
0.15126050420168066,0.6386554621848739,0.5461229369370608
0.15966386554621848,0.6386554621848739,0.554422532962668
0.1680672268907563,0.6386554621848739,0.5626918895771893
0.1764705882352941,0.6386554621848739,0.5709265485062867
0.18487394957983191,0.6386554621848739,0.5791221276469467
0.19327731092436973,0.6386554621848739,0.5872743301078952
0.20168067226890757,0.6386554621848739,0.5953789528598249
0.21008403361344538,0.6386554621848739,0.6034318949603309
0.2184873949579832,0.6386554621848739,0.6114291653217105
0.226890756302521,0.6386554621848739,0.6193668899932222
0.23529411764705882,0.6386554621848739,0.6272413189329984
0.24369747899159663,0.6386554621848739,0.6350488322485153
0.25210084033613445,0.6386554621848739,0.6427859458882974
0.26050420168067223,0.6386554621848739,0.6504493167713477
0.2689075630252101,0.6386554621848739,0.6580357473446026
0.2773109243697479,0.6386554621848739,0.6655421895624648
0.2857142857142857,0.6386554621848739,0.6729657482861573
0.29411764705882354,0.6386554621848739,0.6803036841042102
0.3025210084033613,0.6386554621848739,0.6875534155788198
0.31092436974789917,0.6386554621848739,0.6947125209260898
0.31932773109243695,0.6386554621848739,0.7017787391412248
0.3277310924369748,0.6386554621848739,0.7087499705826109
0.3361344537815126,0.6386554621848739,0.7156242770313433
0.3445378151260504,0.6386554621848739,0.7223998812451455
0.3529411764705882,0.6386554621848739,0.7290751660277601
0.36134453781512604,0.6386554621848739,0.7356486728367605
0.36974789915966383,0.6386554621848739,0.7421190999543442
0.37815126050420167,0.6386554621848739,0.7484853002470225
0.38655462184873945,0.6386554621848739,0.7547462785411976
0.3949579831932773,0.6386554621848739,0.7609011886424653
0.40336134453781514,0.6386554621848739,0.7669493300270624
0.4117647058823529,0.6386554621848739,0.7728901442342311
0.42016806722689076,0.6386554621848739,0.7787232109884042
0.42857142857142855,0.6386554621848739,0.7844482440800269
0.4369747899159664,0.6386554621848739,0.790065087033559
0.4453781512605042,0.6386554621848739,0.7955737085907398
0.453781512605042,0.6386554621848739,0.8009741980365759
0.4621848739495798,0.6386554621848739,0.8062667603947462
0.47058823529411764,0.6386554621848739,0.8114517115182204
0.4789915966386554,0.6386554621848739,0.816529473099873
0.48739495798319327,0.6386554621848739,0.8215005676267735
0.49579831932773105,0.6386554621848739,0.8263656133006466
0.5042016806722689,0.6386554621848739,0.8311253189457455
0.5126050420168067,0.6386554621848739,0.8357804789240831
0.5210084033613445,0.6386554621848739,0.8403319680766411
0.5294117647058824,0.6386554621848739,0.8447807367078104
0.5378151260504201,0.6386554621848739,0.8491278056289715
0.5462184873949579,0.6386554621848739,0.8533742612757509
0.5546218487394958,0.6386554621848739,0.857521250912152
0.5630252100840336,0.6386554621848739,0.8615699779334324
0.5714285714285714,0.6386554621848739,0.8655216972783076
0.5798319327731092,0.6386554621848739,0.8693777109598069
0.5882352941176471,0.6386554621848739,0.8731393637228893
0.5966386554621849,0.6386554621848739,0.8768080388357758
0.6050420168067226,0.6386554621848739,0.8803851540208322
0.6134453781512604,0.6386554621848739,0.8838721575297882
0.6218487394957983,0.6386554621848739,0.8872705243670848
0.6302521008403361,0.6386554621848739,0.890581752664203
0.6386554621848739,0.6386554621848739,0.8938073602069586
0.6470588235294117,0.6386554621848739,0.8969488811169273
0.6554621848739496,0.6386554621848739,0.90000786268743
0.6638655462184874,0.6386554621848739,0.9029858623738011
0.6722689075630252,0.6386554621848739,0.9058844449370496
0.680672268907563,0.6386554621848739,0.9087051797394454
0.6890756302521008,0.6386554621848739,0.9114496381900498
0.6974789915966386,0.6386554621848739,0.9141193913377548
0.7058823529411764,0.6386554621848739,0.9167160076089861
0.7142857142857143,0.6386554621848739,0.9192410506868696
0.7226890756302521,0.6386554621848739,0.9216960775283568
0.7310924369747899,0.6386554621848739,0.9240826365155332
0.7394957983193277,0.6386554621848739,0.9264022657371206
0.7478991596638656,0.6386554621848739,0.9286564913959922
0.7563025210084033,0.6386554621848739,0.930846826338387
0.7647058823529411,0.6386554621848739,0.9329747687003834
0.7731092436974789,0.6386554621848739,0.9350418006671216
0.7815126050420168,0.6386554621848739,0.9370493873402083
0.7899159663865546,0.6386554621848739,0.938998975708711
0.7983193277310924,0.6386554621848739,0.9408919937191482
0.8067226890756303,0.6386554621848739,0.9427298494398979
0.8151260504201681,0.6386554621848739,0.9445139303154878
0.8235294117647058,0.6386554621848739,0.9462456025062839
0.8319327731092436,0.6386554621848739,0.9479262103091599
0.8403361344537815,0.6386554621848739,0.9495570756548227
0.8487394957983193,0.6386554621848739,0.9511394976775486
0.8571428571428571,0.6386554621848739,0.952674752353202
0.8655462184873949,0.6386554621848739,0.9541640922015125
0.8739495798319328,0.6386554621848739,0.9556087460487046
0.8823529411764706,0.6386554621848739,0.9570099188467027
0.8907563025210083,0.6386554621848739,0.9583687915452556
0.8991596638655461,0.6386554621848739,0.9596865210134626
0.907563025210084,0.6386554621848739,0.9609642400073121
0.9159663865546218,0.6386554621848739,0.9622030571799766
0.9243697478991596,0.6386554621848739,0.9634040571317524
0.9327731092436974,0.6386554621848739,0.9645683004966528
0.9411764705882353,0.6386554621848739,0.9656968240628134
0.9495798319327731,0.6386554621848739,0.9667906409239865
0.9579831932773109,0.6386554621848739,0.9678507406595431
0.9663865546218487,0.6386554621848739,0.9688780895405236
0.9747899159663865,0.6386554621848739,0.9698736307594054
0.9831932773109243,0.6386554621848739,0.9708382846813814
0.9915966386554621,0.6386554621848739,0.9717729491150571
1.0,0.6386554621848739,0.9726784996005948
0.0,0.6428571428571428,0.3968349247684044
0.008403361344537815,0.6428571428571428,0.40486175375068867
0.01680672268907563,0.6428571428571428,0.4129397874766413
0.025210084033613446,0.6428571428571428,0.42106496437764035
0.03361344537815126,0.6428571428571428,0.42923312240797235
0.04201680672268907,0.6428571428571428,0.43744000713950554
0.05042016806722689,0.6428571428571428,0.4456812802721739
0.058823529411764705,0.6428571428571428,0.4539525285259447
0.06722689075630252,0.6428571428571428,0.46224927287699946
0.07563025210084033,0.6428571428571428,0.47056697809817627
0.08403361344537814,0.6428571428571428,0.47890106256131815
0.09243697478991596,0.6428571428571428,0.48724690825709366
0.10084033613445378,0.6428571428571428,0.49559987098611075
0.1092436974789916,0.6428571428571428,0.5039552906737647
0.11764705882352941,0.6428571428571428,0.5123085017602612
0.12605042016806722,0.6428571428571428,0.5206548436166446
0.13445378151260504,0.6428571428571428,0.5289896709374476
0.14285714285714285,0.6428571428571428,0.5373083640607738
0.15126050420168066,0.6428571428571428,0.5456063391672077
0.15966386554621848,0.6428571428571428,0.5538790583099331
0.1680672268907563,0.6428571428571428,0.5621220392297975
0.1764705882352941,0.6428571428571428,0.5703308649107856
0.18487394957983191,0.6428571428571428,0.5785011928334289
0.19327731092436973,0.6428571428571428,0.5866287638860653
0.20168067226890757,0.6428571428571428,0.5947094108965251
0.21008403361344538,0.6428571428571428,0.6027390667497574
0.2184873949579832,0.6428571428571428,0.6107137720600557
0.226890756302521,0.6428571428571428,0.6186296823698797
0.23529411764705882,0.6428571428571428,0.6264830748507593
0.24369747899159663,0.6428571428571428,0.6342703544853663
0.25210084033613445,0.6428571428571428,0.6419880597135056
0.26050420168067223,0.6428571428571428,0.6496328675284884
0.2689075630252101,0.6428571428571428,0.6572015980140524
0.2773109243697479,0.6428571428571428,0.6646912183156546
0.2857142857142857,0.6428571428571428,0.6720988460435606
0.29411764705882354,0.6428571428571428,0.6794217521086369
0.3025210084033613,0.6428571428571428,0.6866573629951064
0.31092436974789917,0.6428571428571428,0.6938032624777242
0.31932773109243695,0.6428571428571428,0.700857192793836
0.3277310924369748,0.6428571428571428,0.7078170552835891
0.3361344537815126,0.6428571428571428,0.7146809105141501
0.3445378151260504,0.6428571428571428,0.7214469779061359
0.3529411764705882,0.6428571428571428,0.7281136348825678
0.36134453781512604,0.6428571428571428,0.73467941556252
0.36974789915966383,0.6428571428571428,0.741143009023231
0.37815126050420167,0.6428571428571428,0.747503257155796
0.38655462184873945,0.6428571428571428,0.7537591521406535
0.3949579831932773,0.6428571428571428,0.7599098335699275
0.40336134453781514,0.6428571428571428,0.7659545852442919
0.4117647058823529,0.6428571428571428,0.771892831672407
0.42016806722689076,0.6428571428571428,0.7777241343011277
0.42857142857142855,0.6428571428571428,0.783448187504647
0.4369747899159664,0.6428571428571428,0.7890648143604848
0.4453781512605042,0.6428571428571428,0.7945739622398268
0.453781512605042,0.6428571428571428,0.7999756982391333
0.4621848739495798,0.6428571428571428,0.8052702044792155
0.47058823529411764,0.6428571428571428,0.8104577732971264
0.4789915966386554,0.6428571428571428,0.8155388023552476
0.48739495798319327,0.6428571428571428,0.8205137896908941
0.49579831932773105,0.6428571428571428,0.8253833287286201
0.5042016806722689,0.6428571428571428,0.830148103276204
0.5126050420168067,0.6428571428571428,0.8348088825240352
0.5210084033613445,0.6428571428571428,0.8393665160663384
0.5294117647058824,0.6428571428571428,0.8438219289613557
0.5378151260504201,0.6428571428571428,0.8481761168462842
0.5462184873949579,0.6428571428571428,0.8524301411214448
0.5546218487394958,0.6428571428571428,0.8565851242168413
0.5630252100840336,0.6428571428571428,0.8606422449529848
0.5714285714285714,0.6428571428571428,0.8646027340065833
0.5798319327731092,0.6428571428571428,0.8684678694904719
0.5882352941176471,0.6428571428571428,0.872238972655974
0.5966386554621849,0.6428571428571428,0.8759174037247301
0.6050420168067226,0.6428571428571428,0.8795045578559495
0.6134453781512604,0.6428571428571428,0.8830018612539968
0.6218487394957983,0.6428571428571428,0.8864107674202416
0.6302521008403361,0.6428571428571428,0.8897327535521792
0.6386554621848739,0.6428571428571428,0.8929693170919641
0.6470588235294117,0.6428571428571428,0.8961219724256932
0.6554621848739496,0.6428571428571428,0.899192247734032
0.6638655462184874,0.6428571428571428,0.9021816819940923
0.6722689075630252,0.6428571428571428,0.9050918221318416
0.680672268907563,0.6428571428571428,0.9079242203237581
0.6890756302521008,0.6428571428571428,0.9106804314459261
0.6974789915966386,0.6428571428571428,0.9133620106683152
0.7058823529411764,0.6428571428571428,0.9159705111915669
0.7142857142857143,0.6428571428571428,0.9185074821232623
0.7226890756302521,0.6428571428571428,0.9209744664903278
0.7310924369747899,0.6428571428571428,0.9233729993839646
0.7394957983193277,0.6428571428571428,0.925704606233265
0.7478991596638656,0.6428571428571428,0.9279708012034895
0.7563025210084033,0.6428571428571428,0.9301730857148232
0.7647058823529411,0.6428571428571428,0.932312947077315
0.7731092436974789,0.6428571428571428,0.9343918572376161
0.7815126050420168,0.6428571428571428,0.9364112716330717
0.7899159663865546,0.6428571428571428,0.9383726281486888
0.7983193277310924,0.6428571428571428,0.9402773461724975
0.8067226890756303,0.6428571428571428,0.9421268257448245
0.8151260504201681,0.6428571428571428,0.9439224467970434
0.8235294117647058,0.6428571428571428,0.9456655684753994
0.8319327731092436,0.6428571428571428,0.9473575285455788
0.8403361344537815,0.6428571428571428,0.9489996428737689
0.8487394957983193,0.6428571428571428,0.9505932049800383
0.8571428571428571,0.6428571428571428,0.9521394856599652
0.8655462184873949,0.6428571428571428,0.9536397326705544
0.8739495798319328,0.6428571428571428,0.9550951704765859
0.8823529411764706,0.6428571428571428,0.9565070000536662
0.8907563025210083,0.6428571428571428,0.9578763987443721
0.8991596638655461,0.6428571428571428,0.959204520164001
0.907563025210084,0.6428571428571428,0.9604924941525781
0.9159663865546218,0.6428571428571428,0.9617414267698937
0.9243697478991596,0.6428571428571428,0.9629524003304809
0.9327731092436974,0.6428571428571428,0.9641264734755701
0.9411764705882353,0.6428571428571428,0.9652646812791945
0.9495798319327731,0.6428571428571428,0.9663680353857416
0.9579831932773109,0.6428571428571428,0.9674375241763822
0.9663865546218487,0.6428571428571428,0.9684741129619286
0.9747899159663865,0.6428571428571428,0.9694787441997996
0.9831932773109243,0.6428571428571428,0.9704523377328895
0.9915966386554621,0.6428571428571428,0.971395791048257
1.0,0.6428571428571428,0.9723099795536636
0.0,0.6470588235294118,0.3968349247684044
0.008403361344537815,0.6470588235294118,0.4048338585423143
0.01680672268907563,0.6470588235294118,0.41288365678450556
0.025210084033613446,0.6470588235294118,0.42098030051778734
0.03361344537815126,0.6470588235294118,0.4291196716185391
0.04201680672268907,0.6470588235294118,0.43729756076852044
0.05042016806722689,0.6470588235294118,0.4455096758142644
0.058823529411764705,0.6470588235294118,0.4537516505005828
0.06722689075630252,0.6470588235294118,0.46201905354185513
0.07563025210084033,0.6470588235294118,0.4703073979921494
0.08403361344537814,0.6470588235294118,0.4786121508728894
0.09243697478991596,0.6470588235294118,0.48692874301474615
0.10084033613445378,0.6470588235294118,0.49525257906872666
0.1092436974789916,0.6470588235294118,0.5035790476400832
0.11764705882352941,0.6470588235294118,0.511903531497674
0.12605042016806722,0.6470588235294118,0.5202214178108017
0.13445378151260504,0.6470588235294118,0.5285281083653338
0.14285714285714285,0.6470588235294118,0.536819029711074
0.15126050420168066,0.6470588235294118,0.5450896431929103
0.15966386554621848,0.6470588235294118,0.5533354548192003
0.1680672268907563,0.6470588235294118,0.5615520249221553
0.1764705882352941,0.6470588235294118,0.5697349775666423
0.18487394957983191,0.6470588235294118,0.5778800096658124
0.19327731092436973,0.6470588235294118,0.585982899764262
0.20168067226890757,0.6470588235294118,0.5940395164520091
0.21008403361344538,0.6470588235294118,0.6020458263754049
0.2184873949579832,0.6470588235294118,0.609997901814142
0.226890756302521,0.6470588235294118,0.6178919277967615
0.23529411764705882,0.6470588235294118,0.6257242087304349
0.24369747899159663,0.6470588235294118,0.6334911745242959
0.25210084033613445,0.6470588235294118,0.641189386189159
0.26050420168067223,0.6470588235294118,0.6488155409000637
0.2689075630252101,0.6470588235294118,0.6563664765116912
0.2773109243697479,0.6470588235294118,0.6638391755202674
0.2857142857142857,0.6470588235294118,0.6712307684690665
0.29411764705882354,0.6470588235294118,0.6785385367980393
0.3025210084033613,0.6470588235294118,0.6857599151413623
0.31092436974789917,0.6470588235294118,0.6928924930798306
0.31932773109243695,0.6470588235294118,0.6999340163579705
0.3277310924369748,0.6470588235294118,0.706882387578493
0.3361344537815126,0.6470588235294118,0.7137356663892582
0.3445378151260504,0.6470588235294118,0.7204920691802381
0.3529411764705882,0.6470588235294118,0.7271499683100353
0.36134453781512604,0.6470588235294118,0.7337078908833692
0.36974789915966383,0.6470588235294118,0.7401645171025205
0.37815126050420167,0.6470588235294118,0.746518678217079
0.38655462184873945,0.6470588235294118,0.7527693540974336
0.3949579831932773,0.6470588235294118,0.7589156704583114
0.40336134453781514,0.6470588235294118,0.7649568957592895
0.4117647058823529,0.6470588235294118,0.7708924378096144
0.42016806722689076,0.6470588235294118,0.7767218401048422
0.42857142857142855,0.6470588235294118,0.7824447779228059
0.4369747899159664,0.6470588235294118,0.7880610542062052
0.4453781512605042,0.6470588235294118,0.7935705952587451
0.453781512605042,0.6470588235294118,0.798973446281203
0.4621848739495798,0.6470588235294118,0.8042697667731348
0.47058823529411764,0.6470588235294118,0.8094598258251147
0.4789915966386554,0.6470588235294118,0.8145439973254878
0.48739495798319327,0.6470588235294118,0.8195227551046024
0.49579831932773105,0.6470588235294118,0.8243966680383874
0.5042016806722689,0.6470588235294118,0.8291663951319893
0.5126050420168067,0.6470588235294118,0.8338326806029596
0.5210084033613445,0.6470588235294118,0.8383963489822486
0.5294117647058824,0.6470588235294118,0.8428583002499771
0.5378151260504201,0.6470588235294118,0.8472195050216761
0.5462184873949579,0.6470588235294118,0.8514809997993976
0.5546218487394958,0.6470588235294118,0.8556438823008178
0.5630252100840336,0.6470588235294118,0.8597093068781928
0.5714285714285714,0.6470588235294118,0.8636784800377921
0.5798319327731092,0.6470588235294118,0.8675526560692249
0.5882352941176471,0.6470588235294118,0.8713331327929159
0.5966386554621849,0.6470588235294118,0.8750212474328576
0.6050420168067226,0.6470588235294118,0.8786183726207001
0.6134453781512604,0.6470588235294118,0.8821259125362069
0.6218487394957983,0.6470588235294118,0.8855452991881441
0.6302521008403361,0.6470588235294118,0.8888779888387532
0.6386554621848739,0.6470588235294118,0.8921254585741093
0.6470588235294117,0.6470588235294118,0.8952892030218557
0.6554621848739496,0.6470588235294118,0.8983707312170837
0.6638655462184874,0.6470588235294118,0.9013715636164324
0.6722689075630252,0.6470588235294118,0.9042932292598652
0.680672268907563,0.6470588235294118,0.9071372630790088
0.6890756302521008,0.6470588235294118,0.9099052033504265
0.6974789915966386,0.6470588235294118,0.9125985892917413
0.7058823529411764,0.6470588235294118,0.9152189587980998
0.7142857142857143,0.6470588235294118,0.9177678463161227
0.7226890756302521,0.6470588235294118,0.920246780852157
0.7310924369747899,0.6470588235294118,0.9226572841113755
0.7394957983193277,0.6470588235294118,0.9250008687640418
0.7478991596638656,0.6470588235294118,0.9272790368350577
0.7563025210084033,0.6470588235294118,0.9294932782127555
0.7647058823529411,0.6470588235294118,0.9316450692727737
0.7731092436974789,0.6470588235294118,0.9337358716127586
0.7815126050420168,0.6470588235294118,0.9357671308935691
0.7899159663865546,0.6470588235294118,0.937740275782623
0.7983193277310924,0.6470588235294118,0.9396567169950079
0.8067226890756303,0.6470588235294118,0.9415178464279805
0.8151260504201681,0.6470588235294118,0.9433250363845094
0.8235294117647058,0.6470588235294118,0.9450796388815506
0.8319327731092436,0.6470588235294118,0.946782985038809
0.8403361344537815,0.6470588235294118,0.9484363845438035
0.8487394957983193,0.6470588235294118,0.9500411251891373
0.8571428571428571,0.6470588235294118,0.9515984724779685
0.8655462184873949,0.6470588235294118,0.9531096692937738
0.8739495798319328,0.6470588235294118,0.9545759356306086
0.8823529411764706,0.6470588235294118,0.9559984683801769
0.8907563025210083,0.6470588235294118,0.9573784411721468
0.8991596638655461,0.6470588235294118,0.9587170042642672
0.907563025210084,0.6470588235294118,0.960015284478965
0.9159663865546218,0.6470588235294118,0.9612743851832316
0.9243697478991596,0.6470588235294118,0.9624953863087335
0.9327731092436974,0.6470588235294118,0.9636793444092079
0.9411764705882353,0.6470588235294118,0.9648272927523353
0.9495798319327731,0.6470588235294118,0.9659402414434053
0.9579831932773109,0.6470588235294118,0.9670191775782165
0.9663865546218487,0.6470588235294118,0.9680650654227775
0.9747899159663865,0.6470588235294118,0.9690788466174912
0.9831932773109243,0.6470588235294118,0.9700614404036341
0.9915966386554621,0.6470588235294118,0.9710137438700417
1.0,0.6470588235294118,0.9719366322180417
0.0,0.6512605042016807,0.3968349247684044
0.008403361344537815,0.6512605042016807,0.4048059639486171
0.01680672268907563,0.6512605042016807,0.4128275283568111
0.025210084033613446,0.6512605042016807,0.42089564130504
0.03361344537815126,0.6512605042016807,0.429006228276747
0.04201680672268907,0.6512605042016807,0.43715512473775664
0.05042016806722689,0.6512605042016807,0.44533808434675504
0.058823529411764705,0.6512605042016807,0.45355078753262784
0.06722689075630252,0.6512605042016807,0.46178885040324263
0.07563025210084033,0.6512605042016807,0.47004783394770994
0.08403361344537814,0.6512605042016807,0.47832325349187643
0.09243697478991596,0.6512605042016807,0.48661058836482013
0.10084033613445378,0.6512605042016807,0.49490529173245035
0.1092436974789916,0.6512605042016807,0.5032028005529844
0.11764705882352941,0.6512605042016807,0.5114985456081068
0.12605042016806722,0.6512605042016807,0.5197879615630033
0.13445378151260504,0.6512605042016807,0.5280664970082384
0.14285714285714285,0.6512605042016807,0.5363296244365819
0.15126050420168066,0.6512605042016807,0.5445728501084214
0.15966386554621848,0.6512605042016807,0.5527917237602765
0.1680672268907563,0.6512605042016807,0.5609818481121874
0.1764705882352941,0.6512605042016807,0.5691388881313363
0.18487394957983191,0.6512605042016807,0.5772585800111759
0.19327731092436973,0.6512605042016807,0.5853367398275566
0.20168067226890757,0.6512605042016807,0.5933692718358323
0.21008403361344538,0.6512605042016807,0.601352176375663
0.2184873949579832,0.6512605042016807,0.6092815573531802
0.226890756302521,0.6512605042016807,0.6171536292733177
0.23529411764705882,0.6512605042016807,0.6249647237983799
0.24369747899159663,0.6512605042016807,0.6327112958123184
0.25210084033613445,0.6512605042016807,0.6403899289736409
0.26050420168067223,0.6512605042016807,0.6479973407433844
0.2689075630252101,0.6512605042016807,0.6555303868780918
0.2773109243697479,0.6512605042016807,0.6629860653811995
0.2857142857142857,0.6512605042016807,0.6703615199096702
0.29411764705882354,0.6512605042016807,0.6776540426360176
0.3025210084033613,0.6512605042016807,0.6848610765690754
0.31092436974789917,0.6512605042016807,0.6919802173399242
0.31932773109243695,0.6512605042016807,0.6990092144622718
0.3277310924369748,0.6512605042016807,0.7059459720792918
0.3361344537815126,0.6512605042016807,0.7127885492114187
0.3445378151260504,0.6512605042016807,0.7195351595218838
0.3529411764705882,0.6512605042016807,0.7261841706188245
0.36134453781512604,0.6512605042016807,0.7327341029146267
0.36974789915966383,0.6512605042016807,0.7391836280647383
0.37815126050420167,0.6512605042016807,0.7455315670095337
0.38655462184873945,0.6512605042016807,0.7517768876439186
0.3949579831932773,0.6512605042016807,0.7579187021402294
0.40336134453781514,0.6512605042016807,0.7639562639506289
0.4117647058823529,0.6512605042016807,0.7698889645156255
0.42016806722689076,0.6512605042016807,0.7757163297055513
0.42857142857142855,0.6512605042016807,0.7814380160218566
0.4369747899159664,0.6512605042016807,0.7870538065849123
0.4453781512605042,0.6512605042016807,0.7925636069346613
0.453781512605042,0.6512605042016807,0.7979674406699799
0.4621848739495798,0.6512605042016807,0.8032654449519572
0.47058823529411764,0.6512605042016807,0.8084578658955488
0.4789915966386554,0.6512605042016807,0.8135450538731764
0.48739495798319327,0.6512605042016807,0.8185274587528829
0.49579831932773105,0.6512605042016807,0.8234056250925936
0.5042016806722689,0.6512605042016807,0.828180187310925
0.5126050420168067,0.6512605042016807,0.8328518648538051
0.5210084033613445,0.6512605042016807,0.8374214573749688
0.5294117647058824,0.6512605042016807,0.841889839947149
0.5378151260504201,0.6512605042016807,0.8462579583195464
0.5462184873949579,0.6512605042016807,0.8505268242358932
0.5546218487394958,0.6512605042016807,0.8546975108261947
0.5630252100840336,0.6512605042016807,0.8587711480839869
0.5714285714285714,0.6512605042016807,0.8627489184397531
0.5798319327731092,0.6512605042016807,0.8666320524399465
0.5882352941176471,0.6512605042016807,0.8704218245399411
0.5966386554621849,0.6512605042016807,0.8741195490181165
0.6050420168067226,0.6512605042016807,0.8777265760172367
0.6134453781512604,0.6512605042016807,0.8812442877182672
0.6218487394957983,0.6512605042016807,0.8846740946508265
0.6302521008403361,0.6512605042016807,0.8880174321435635
0.6386554621848739,0.6512605042016807,0.8912757569169074
0.6470588235294117,0.6512605042016807,0.8944505438198463
0.6554621848739496,0.6512605042016807,0.8975432827116583
0.6638655462184874,0.6512605042016807,0.9005554754888414
0.6722689075630252,0.6512605042016807,0.9034886332568679
0.680672268907563,0.6512605042016807,0.9063442736458183
0.6890756302521008,0.6512605042016807,0.9091239182684405
0.6974789915966386,0.6512605042016807,0.9118290903187148
0.7058823529411764,0.6512605042016807,0.9144613123085894
0.7142857142857143,0.6512605042016807,0.9170221039401897
0.7226890756302521,0.6512605042016807,0.9195129801104825
0.7310924369747899,0.6512605042016807,0.9219354490450977
0.7394957983193277,0.6512605042016807,0.9242910105577694
0.7478991596638656,0.6512605042016807,0.9265811544316686
0.7563025210084033,0.6512605042016807,0.9288073589187247
0.7647058823529411,0.6512605042016807,0.9309710893529084
0.7731092436974789,0.6512605042016807,0.9330737968733475
0.7815126050420168,0.6512605042016807,0.9351169172530738
0.7899159663865546,0.6512605042016807,0.9371018698291541
0.7983193277310924,0.6512605042016807,0.9390300565299347
0.8067226890756303,0.6512605042016807,0.9409028609951268
0.8151260504201681,0.6512605042016807,0.942721647784483
0.8235294117647058,0.6512605042016807,0.9444877616708406
0.8319327731092436,0.6512605042016807,0.9462025270133697
0.8403361344537815,0.6512605042016807,0.9478672472069171
0.8487394957983193,0.6512605042016807,0.9494832042034231
0.8571428571428571,0.6512605042016807,0.9510516581014655
0.8655462184873949,0.6512605042016807,0.9525738468000851
0.8739495798319328,0.6512605042016807,0.9540509857131506
0.8823529411764706,0.6512605042016807,0.955484267540627
0.8907563025210083,0.6512605042016807,0.9568748620932201
0.8991596638655461,0.6512605042016807,0.9582239161670035
0.907563025210084,0.6512605042016807,0.9595325534647324
0.9159663865546218,0.6512605042016807,0.9608018745606925
0.9243697478991596,0.6512605042016807,0.9620329569060401
0.9327731092436974,0.6512605042016807,0.9632268548717233
0.9411764705882353,0.6512605042016807,0.9643845998261943
0.9495798319327731,0.6512605042016807,0.9655072002452478
0.9579831932773109,0.6512605042016807,0.9665956418514411
0.9663865546218487,0.6512605042016807,0.9676508877806739
0.9747899159663865,0.6512605042016807,0.9686738787736244
0.9831932773109243,0.6512605042016807,0.969665533389853
0.9915966386554621,0.6512605042016807,0.9706267482424981
1.0,0.6512605042016807,0.9715583982516052
0.0,0.6554621848739496,0.3968349247684044
0.008403361344537815,0.6554621848739496,0.4047780699697637
0.01680672268907563,0.6554621848739496,0.41277140219492514
0.025210084033613446,0.6554621848739496,0.42081098674412154
0.03361344537815126,0.6554621848739496,0.42889279239402595
0.04201680672268907,0.6554621848739496,0.43701269906995
0.05042016806722689,0.6554621848739496,0.44516650590956497
0.058823529411764705,0.6554621848739496,0.45334993968633985
0.06722689075630252,0.6554621848739496,0.4615586635581798
0.07563025210084033,0.6554621848739496,0.46978828610425716
0.08403361344537814,0.6554621848739496,0.47803437061081444
0.09243697478991596,0.6554621848739496,0.48629244456477
0.10084033613445378,0.6554621848739496,0.4945580093123355
0.1092436974789916,0.6554621848739496,0.5028265498385461
0.11764705882352941,0.6554621848739496,0.5110935446226532
0.12605042016806722,0.6554621848739496,0.5193544755237184
0.13445378151260504,0.6554621848739496,0.5276048376505159
0.14285714285714285,0.6554621848739496,0.5358401491699671
0.15126050420168066,0.6554621848739496,0.5440559610088267
0.15966386554621848,0.6554621848739496,0.5522478664041816
0.1680672268907563,0.6554621848739496,0.5604115102595215
0.1764705882352941,0.6554621848739496,0.5685425982646666
0.18487394957983191,0.6554621848739496,0.5766369057396794
0.19327731092436973,0.6554621848739496,0.5846902861650288
0.20168067226890757,0.6554621848739496,0.5926986793626694
0.21008403361344538,0.6554621848739496,0.6006581192953552
0.2184873949579832,0.6554621848739496,0.6085647414543506
0.226890756302521,0.6554621848739496,0.6164147898087415
0.23529411764705882,0.6554621848739496,0.6242046232927213
0.24369747899159663,0.6554621848739496,0.6319307218105166
0.25210084033613445,0.6554621848739496,0.6395896917419798
0.26050420168067223,0.6554621848739496,0.6471782709352752
0.2689075630252101,0.6554621848739496,0.6546933331765036
0.2773109243697479,0.6554621848739496,0.6621318921294871
0.2857142857142857,0.6554621848739496,0.6694911047422705
0.29411764705882354,0.6554621848739496,0.676768274120135
0.3025210084033613,0.6554621848739496,0.683960851868047
0.31092436974789917,0.6554621848739496,0.6910664399084602
0.31932773109243695,0.6554621848739496,0.6980827917832125
0.3277310924369748,0.6554621848739496,0.7050078134509176
0.3361344537815126,0.6554621848739496,0.7118395635936992
0.3445378151260504,0.6554621848739496,0.7185762534493695
0.3529411764705882,0.6554621848739496,0.7252162461871735
0.36134453781512604,0.6554621848739496,0.7317580558470296
0.36974789915966383,0.6554621848739496,0.7382003458637616
0.37815126050420167,0.6554621848739496,0.7445419271991616
0.38655462184873945,0.6554621848739496,0.7507817561058259
0.3949579831932773,0.6554621848739496,0.7569189315475929
0.40336134453781514,0.6554621848739496,0.7629526923020651
0.4117647058823529,0.6554621848739496,0.768882413771147
0.42016806722689076,0.6554621848739496,0.7747076045257686
0.42857142857142855,0.6554621848739496,0.7804279026110131
0.4369747899159664,0.6554621848739496,0.7860430716377313
0.4453781512605042,0.6554621848739496,0.791552996686424
0.453781512605042,0.6554621848739496,0.7969576800487153
0.4621848739495798,0.6554621848739496,0.8022572368311452
0.47058823529411764,0.6554621848739496,0.8074518904452892
0.4789915966386554,0.6554621848739496,0.81254196800737
0.48739495798319327,0.6554621848739496,0.8175278956696191
0.49579831932773105,0.6554621848739496,0.8224101939046164
0.5042016806722689,0.6554621848739496,0.8271894727627758
0.5126050420168067,0.6554621848739496,0.8318664271220105
0.5210084033613445,0.6554621848739496,0.8364418319474443
0.5294117647058824,0.6554621848739496,0.8409165375778381
0.5378151260504201,0.6554621848739496,0.8452914650541924
0.5462184873949579,0.6554621848739496,0.8495676015047613
0.5546218487394958,0.6554621848739496,0.853745995599507
0.5630252100840336,0.6554621848739496,0.8578277530858123
0.5714285714285714,0.6554621848739496,0.8618140324160998
0.5798319327731092,0.6554621848739496,0.8657060404768384
0.5882352941176471,0.6554621848739496,0.8695050284273098
0.5966386554621849,0.6554621848739496,0.8732122876554199
0.6050420168067226,0.6554621848739496,0.8768291458568033
0.6134453781512604,0.6554621848739496,0.8803569632424808
0.6218487394957983,0.6554621848739496,0.883797128879383
0.6302521008403361,0.6554621848739496,0.8871510571671686
0.6386554621848739,0.6554621848739496,0.8904201844539307
0.6470588235294117,0.6554621848739496,0.8936059657925933
0.6554621848739496,0.6554621848739496,0.8967098718390882
0.6638655462184874,0.6554621848739496,0.8997333858927128
0.6722689075630252,0.6554621848739496,0.9026780010784664
0.680672268907563,0.6554621848739496,0.9055452176705855
0.6890756302521008,0.6554621848739496,0.9083365405559891
0.6974789915966386,0.6554621848739496,0.9110534768358834
0.7058823529411764,0.6554621848739496,0.9136975335633539
0.7142857142857143,0.6554621848739496,0.9162702156144145
0.7226890756302521,0.6554621848739496,0.9187730236896443
0.7310924369747899,0.6554621848739496,0.9212074524432786
0.7394957983193277,0.6554621848739496,0.9235749887363607
0.7478991596638656,0.6554621848739496,0.925877110010371
0.7563025210084033,0.6554621848739496,0.9281152827775715
0.7647058823529411,0.6554621848739496,0.9302909612241703
0.7731092436974789,0.6554621848739496,0.9324055859223039
0.7815126050420168,0.6554621848739496,0.9344605826467572
0.7899159663865546,0.6554621848739496,0.9364573612922881
0.7983193277310924,0.6554621848739496,0.9383973148873926
0.8067226890756303,0.6554621848739496,0.940281818700343
0.8151260504201681,0.6554621848739496,0.9421122294333383
0.8235294117647058,0.6554621848739496,0.9438898845006382
0.8319327731092436,0.6554621848739496,0.9456161013865969
0.8403361344537815,0.6554621848739496,0.9472921770795663
0.8487394957983193,0.6554621848739496,0.9489193875777138
0.8571428571428571,0.6554621848739496,0.9504989874628795
0.8655462184873949,0.6554621848739496,0.952032209538682
0.8739495798319328,0.6554621848739496,0.9535202645291887
0.8823529411764706,0.6554621848739496,0.95496434083456
0.8907563025210083,0.6554621848739496,0.9563656043401931
0.8991596638655461,0.6554621848739496,0.9577251982760008
0.907563025210084,0.6554621848739496,0.9590442431225773
0.9159663865546218,0.6554621848739496,0.9603238365611234
0.9243697478991596,0.6554621848739496,0.9615650534641201
0.9327731092436974,0.6554621848739496,0.9627689459238621
0.9411764705882353,0.6554621848739496,0.9639365433160862
0.9495798319327731,0.6554621848739496,0.965068852396046
0.9579831932773109,0.6554621848739496,0.9661668574245029
0.9663865546218487,0.6554621848739496,0.9672315203212288
0.9747899159663865,0.6554621848739496,0.968263780843722
0.9831932773109243,0.6554621848739496,0.969264556788961
0.9915966386554621,0.6554621848739496,0.9702347442161229
1.0,0.6554621848739496,0.9711752176883145
0.0,0.6596638655462185,0.3968349247684044
0.008403361344537815,0.6596638655462185,0.40475017660592055
0.01680672268907563,0.6596638655462185,0.41271527830021537
0.025210084033613446,0.6596638655462185,0.42072633683975424
0.03361344537815126,0.6596638655462185,0.4287793639818027
0.04201680672268907,0.6596638655462185,0.4368702837878295
0.05042016806722689,0.6596638655462185,0.4449949405426007
0.058823529411764705,0.6596638655462185,0.45314910702596
0.06722689075630252,0.6596638655462185,0.4613284931036566
0.07563025210084033,0.6596638655462185,0.4695287546011547
0.08403361344537814,0.6596638655462185,0.47774550242219965
0.09243697478991596,0.6596638655462185,0.4859743118720147
0.10084033613445378,0.6596638655462185,0.49421073214341704
0.1092436974789916,0.6596638655462185,0.5024502959228633
0.11764705882352941,0.6596638655462185,0.5106885290724864
0.12605042016806722,0.6596638655462185,0.5189209603435949
0.13445378151260504,0.6596638655462185,0.5271431310768486
0.14285714285714285,0.6596638655462185,0.5353506048444368
0.15126050420168066,0.6596638655462185,0.5435389769900357
0.15966386554621848,0.6596638655462185,0.5517038840231377
0.1680672268907563,0.6596638655462185,0.5598410128254738
0.1764705882352941,0.6596638655462185,0.5679461096287334
0.18487394957983191,0.6596638655462185,0.5760149887245437
0.19327731092436973,0.6596638655462185,0.5840435408697419
0.20168067226890757,0.6596638655462185,0.5920277413522856
0.21008403361344538,0.6596638655462185,0.5999636576857054
0.2184873949579832,0.6596638655462185,0.6078474569027644
0.226890756302521,0.6596638655462185,0.6156754124219271
0.23529411764705882,0.6596638655462185,0.6234439104633107
0.24369747899159663,0.6596638655462185,0.631149455993992
0.25210084033613445,0.6596638655462185,0.6387886781857981
0.26050420168067223,0.6596638655462185,0.6463583353720193
0.2689075630252101,0.6596638655462185,0.6538553194927991
0.2773109243697479,0.6596638655462185,0.6612766600222552
0.2857142857142857,0.6596638655462185,0.6686195273736225
0.29411764705882354,0.6596638655462185,0.6758812357818784
0.3025210084033613,0.6596638655462185,0.6830592456663603
0.31092436974789917,0.6596638655462185,0.6901511654788166
0.31932773109243695,0.6596638655462185,0.6971547530450961
0.3277310924369748,0.6596638655462185,0.7040679164112887
0.3361344537815126,0.6596638655462185,0.7108887142075351
0.3445378151260504,0.6596638655462185,0.7176153555449395
0.3529411764705882,0.6596638655462185,0.7242461994630186
0.36134453781512604,0.6596638655462185,0.7307797539468985
0.36974789915966383,0.6596638655462185,0.7372146745350371
0.37815126050420167,0.6596638655462185,0.7435497625395767
0.38655462184873945,0.6596638655462185,0.7497839629025467
0.3949579831932773,0.6596638655462185,0.7559163617120221
0.40336134453781514,0.6596638655462185,0.7619461834030224
0.4117647058823529,0.6596638655462185,0.7678727876683938
0.42016806722689076,0.6596638655462185,0.7736956661051861
0.42857142857142855,0.6596638655462185,0.7794144386221158
0.4369747899159664,0.6596638655462185,0.7850288496335953
0.4453781512605042,0.6596638655462185,0.7905387640655499
0.453781512605042,0.6596638655462185,0.7959441631978224
0.4621848739495798,0.6596638655462185,0.8012451403674035
0.47058823529411764,0.6596638655462185,0.8064418965560561
0.4789915966386554,0.6596638655462185,0.8115347358850978
0.48739495798319327,0.6596638655462185,0.8165240610392329
0.49579831932773105,0.6596638655462185,0.8214103686403507
0.5042016806722689,0.6596638655462185,0.8261942445911779
0.5126050420168067,0.6596638655462185,0.8308763594075823
0.5210084033613445,0.6596638655462185,0.8354574635571977
0.5294117647058824,0.6596638655462185,0.8399383828208812
0.5378151260504201,0.6596638655462185,0.8443200136923361
0.5462184873949579,0.6596638655462185,0.8486033188300531
0.5546218487394958,0.6596638655462185,0.8527893225745332
0.5630252100840336,0.6596638655462185,0.8568791065425927
0.5714285714285714,0.6596638655462185,0.8608738053093851
0.5798319327731092,0.6596638655462185,0.8647746021876624
0.5882352941176471,0.6596638655462185,0.868582725112682
0.5966386554621849,0.6596638655462185,0.8722994426401217
0.6050420168067226,0.6596638655462185,0.8759260600633351
0.6134453781512604,0.6596638655462185,0.8794639156553108
0.6218487394957983,0.6596638655462185,0.8829143770397658
0.6302521008403361,0.6596638655462185,0.8862788376949335
0.6386554621848739,0.6596638655462185,0.8895587135927715
0.6470588235294117,0.6596638655462185,0.8927554399755485
0.6554621848739496,0.6596638655462185,0.895870468271045
0.6638655462184874,0.6596638655462185,0.8989052631469343
0.6722689075630252,0.6596638655462185,0.9018612997042962
0.680672268907563,0.6596638655462185,0.9047400608096515
0.6890756302521008,0.6596638655462185,0.907543034564391
0.6974789915966386,0.6596638655462185,0.9102717119100117
0.7058823529411764,0.6596638655462185,0.9129275843671517
0.7142857142857143,0.6596638655462185,0.9155121419060488
0.7226890756302521,0.6596638655462185,0.9180268709457163
0.7310924369747899,0.6596638655462185,0.9204732524788467
0.7394957983193277,0.6596638655462185,0.9228527603192074
0.7478991596638656,0.6596638655462185,0.9251668594680783
0.7563025210084033,0.6596638655462185,0.9274170045961149
0.7647058823529411,0.6596638655462185,0.9296046386368688
0.7731092436974789,0.6596638655462185,0.9317311914880908
0.7815126050420168,0.6596638655462185,0.9337980788168583
0.7899159663865546,0.6596638655462185,0.9358067009645032
0.7983193277310924,0.6596638655462185,0.9377584419472904
0.8067226890756303,0.6596638655462185,0.9396546685487743
0.8151260504201681,0.6596638655462185,0.9414967294997731
0.8235294117647058,0.6596638655462185,0.9432859547419156
0.8319327731092436,0.6596638655462185,0.945023654770765
0.8403361344537815,0.6596638655462185,0.9467111200545644
0.8487394957983193,0.6596638655462185,0.9483496205247184
0.8571428571428571,0.6596638655462185,0.9499404051342047
0.8655462184873949,0.6596638655462185,0.9514847014801846
0.8739495798319328,0.6596638655462185,0.9529837154871797
0.8823529411764706,0.6596638655462185,0.9544386311472817
0.8907563025210083,0.6596638655462185,0.9558506103139598
0.8991596638655461,0.6596638655462185,0.9572207925461468
0.907563025210084,0.6596638655462185,0.958550294999391
0.9159663865546218,0.6596638655462185,0.9598402123609782
0.9243697478991596,0.6596638655462185,0.9610916168260445
0.9327731092436974,0.6596638655462185,0.9623055581118167
0.9411764705882353,0.6596638655462185,0.9634830635072342
0.9495798319327731,0.6596638655462185,0.9646251379553271
0.9579831932773109,0.6596638655462185,0.965732764165836
0.9663865546218487,0.6596638655462185,0.9668069027556808
0.9747899159663865,0.6596638655462185,0.9678484924149932
0.9831932773109243,0.6596638655462185,0.9688584500965435
0.9915966386554621,0.6596638655462185,0.9698376712265022
1.0,0.6596638655462185,0.9707870299345793
0.0,0.6638655462184874,0.3968349247684044
0.008403361344537815,0.6638655462184874,0.4047222838572544
0.01680672268907563,0.6638655462184874,0.4126591566740485
0.025210084033613446,0.6638655462184874,0.42064169159665926
0.03361344537815126,0.6638655462184874,0.42866594305150074
0.04201680672268907,0.6638655462184874,0.4367278789141177
0.05042016806722689,0.6638655462184874,0.44482338828575685
0.058823529411764705,0.6638655462184874,0.4529482896157091
0.06722689075630252,0.6638655462184874,0.46109833913663467
0.07563025210084033,0.6638655462184874,0.4692692395777312
0.08403361344537814,0.6638655462184874,0.47745664911848945
0.09243697478991596,0.6638655462184874,0.485656190543937
0.10084033613445378,0.6638655462184874,0.4938634605607096
0.1092436974789916,0.6638655462184874,0.5020740392320447
0.11764705882352941,0.6638655462184874,0.5102834994888558
0.12605042016806722,0.6638655462184874,0.518487416673456
0.13445378151260504,0.6638655462184874,0.5266813780722416
0.14285714285714285,0.6638655462184874,0.5348609923937291
0.15126050420168066,0.6638655462184874,0.5430218991487734
0.15966386554621848,0.6638655462184874,0.5511597778905569
0.1680672268907563,0.6638655462184874,0.5592703572730342
0.1764705882352941,0.6638655462184874,0.5673494238879208
0.18487394957983191,0.6638655462184874,0.5753928308420273
0.19327731092436973,0.6638655462184874,0.5833965060387167
0.20168067226890757,0.6638655462184874,0.5913564601295066
0.21008403361344538,0.6638655462184874,0.5992687941043028
0.2184873949579832,0.6638655462184874,0.6071297064914256
0.226890756302521,0.6638655462184874,0.6149355001414264
0.23529411764705882,0.6638655462184874,0.6226825885716779
0.24369747899159663,0.6638655462184874,0.6303675018518138
0.25210084033613445,0.6638655462184874,0.6379868920132583
0.26050420168067223,0.6638655462184874,0.6455375379693045
0.2689075630252101,0.6638655462184874,0.6530163499354187
0.2773109243697479,0.6638655462184874,0.6604203733426642
0.2857142857142857,0.6638655462184874,0.667746792240289
0.29411764705882354,0.6638655462184874,0.6749929321866158
0.3025210084033613,0.6638655462184874,0.682156262630349
0.31092436974789917,0.6638655462184874,0.6892343987872757
0.31932773109243695,0.6638655462184874,0.696225103020055
0.3277310924369748,0.6638655462184874,0.7031262857313305
0.3361344537815126,0.6638655462184874,0.7099360057827768
0.3445378151260504,0.6638655462184874,0.7166524704548668
0.3529411764705882,0.6638655462184874,0.7232740349641116
0.36134453781512604,0.6638655462184874,0.7297992015562992
0.36974789915966383,0.6638655462184874,0.7362266181957909
0.37815126050420167,0.6638655462184874,0.742555076872275
0.38655462184873945,0.6638655462184874,0.7487835115474795
0.3949579831932773,0.6638655462184874,0.7549109957652494
0.40336134453781514,0.6638655462184874,0.7609367399490772
0.4117647058823529,0.6638655462184874,0.7668600884116579
0.42016806722689076,0.6638655462184874,0.7726805161013346
0.42857142857142855,0.6638655462184874,0.7783976251103939
0.4369747899159664,0.6638655462184874,0.7840111409701119
0.4453781512605042,0.6638655462184874,0.789520908757207
0.453781512605042,0.6638655462184874,0.7949268890359809
0.4621848739495798,0.6638655462184874,0.8002291536599077
0.47058823529411764,0.6638655462184874,0.8054278814557913
0.4789915966386554,0.6638655462184874,0.81052335381286
0.48739495798319327,0.6638655462184874,0.8155159501983231
0.49579831932773105,0.6638655462184874,0.8204061436199918
0.5042016806722689,0.6638655462184874,0.8251944960555707
0.5126050420168067,0.6638655462184874,0.8298816538671777
0.5210084033613445,0.6638655462184874,0.8344683432185627
0.5294117647058824,0.6638655462184874,0.8389553655113721
0.5378151260504201,0.6638655462184874,0.8433435928556637
0.5462184873949579,0.6638655462184874,0.8476339635887308
0.5546218487394958,0.6638655462184874,0.8518274778551342
0.5630252100840336,0.6638655462184874,0.8559251932597143
0.5714285714285714,0.6638655462184874,0.8599282206042062
0.5798319327731092,0.6638655462184874,0.8638377197170015
0.5882352941176471,0.6638655462184874,0.8676548953845092
0.5966386554621849,0.6638655462184874,0.8713809933915343
0.6050420168067226,0.6638655462184874,0.8750172966770928
0.6134453781512604,0.6638655462184874,0.8785651216111227
0.6218487394957983,0.6638655462184874,0.8820258143966311
0.6302521008403361,0.6638655462184874,0.8854007476009639
0.6386554621848739,0.6638655462184874,0.8886913168190566
0.6470588235294117,0.6638655462184874,0.8918989374707674
0.6554621848739496,0.6638655462184874,0.8950250417336765
0.6638655462184874,0.6638655462184874,0.8980710756120701
0.6722689075630252,0.6638655462184874,0.9010384961422246
0.680672268907563,0.6638655462184874,0.9039287687335307
0.6890756302521008,0.6638655462184874,0.9067433646444985
0.6974789915966386,0.6638655462184874,0.9094837585922123
0.7058823529411764,0.6638655462184874,0.9121514264933887
0.7142857142857143,0.6638655462184874,0.9147478433348161
0.7226890756302521,0.6638655462184874,0.9172744811706282
0.7310924369747899,0.6638655462184874,0.9197328072435685
0.7394957983193277,0.6638655462184874,0.9221242822271573
0.7478991596638656,0.6638655462184874,0.9244503585854534
0.7563025210084033,0.6638655462184874,0.9267124790469307
0.7647058823529411,0.6638655462184874,0.9289120751888291
0.7731092436974789,0.6638655462184874,0.9310505661282372
0.7815126050420168,0.6638655462184874,0.93312935731606
0.7899159663865546,0.6638655462184874,0.9351498394299661
0.7983193277310924,0.6638655462184874,0.9371133873623726
0.8067226890756303,0.6638655462184874,0.9390213592994904
0.8151260504201681,0.6638655462184874,0.9408750958874722
0.8235294117647058,0.6638655462184874,0.942675919481703
0.8319327731092436,0.6638655462184874,0.9444251334753199
0.8403361344537815,0.6638655462184874,0.9461240217030857
0.8487394957983193,0.6638655462184874,0.9477738479168031
0.8571428571428571,0.6638655462184874,0.9493758553285256
0.8655462184873949,0.6638655462184874,0.9509312662178995
0.8739495798319328,0.6638655462184874,0.9524412816000569
0.8823529411764706,0.6638655462184874,0.9539070809505807
0.8907563025210083,0.6638655462184874,0.9553298219841485
0.8991596638655461,0.6638655462184874,0.9567106404835816
0.907563025210084,0.6638655462184874,0.9580506501761235
0.9159663865546218,0.6638655462184874,0.9593509426538842
0.9243697478991596,0.6638655462184874,0.9606125873355023
0.9327731092436974,0.6638655462184874,0.9618366314661871
0.9411764705882353,0.6638655462184874,0.96302410015342
0.9495798319327731,0.6638655462184874,0.9641759964357065
0.9579831932773109,0.6638655462184874,0.9652933013818834
0.9663865546218487,0.6638655462184874,0.9663769742186034
0.9747899159663865,0.6638655462184874,0.967427952483721
0.9831932773109243,0.6638655462184874,0.968447152203426
0.9915966386554621,0.6638655462184874,0.9694354680910621
1.0,0.6638655462184874,0.9703937737656902
0.0,0.6680672268907563,0.3968349247684044
0.008403361344537815,0.6680672268907563,0.4046943917239318
0.01680672268907563,0.6680672268907563,0.41260303731779163
0.025210084033613446,0.6680672268907563,0.4205570510195565
0.03361344537815126,0.6680672268907563,0.42855252961454054
0.04201680672268907,0.6680672268907563,0.43658548447152973
0.05042016806722689,0.6680672268907563,0.4446518491789152
0.058823529411764705,0.6680672268907563,0.4527474875197886
0.06722689075630252,0.6680672268907563,0.4608682017540484
0.07563025210084033,0.6680672268907563,0.46900974117327937
0.08403361344537814,0.6680672268907563,0.4771678108921009
0.09243697478991596,0.6680672268907563,0.4853380808378832
0.10084033613445378,0.6680672268907563,0.4935161948992064
0.1092436974789916,0.6680672268907563,0.5016977801922122
0.11764705882352941,0.6680672268907563,0.5098784564030842
0.12605042016806722,0.6680672268907563,0.5180538451642968
0.13445378151260504,0.6680672268907563,0.5262195794220171
0.14285714285714285,0.6680672268907563,0.5343713127521064
0.15126050420168066,0.6680672268907563,0.5425047285825695
0.15966386554621848,0.6680672268907563,0.5506155492810297
0.1680672268907563,0.6680672268907563,0.558699545066851
0.1764705882352941,0.6680672268907563,0.5667525427088782
0.18487394957983191,0.6680672268907563,0.574770433971406
0.19327731092436973,0.6680672268907563,0.5827491837729061
0.20168067226890757,0.6680672268907563,0.590684838024188
0.21008403361344538,0.6680672268907563,0.5985735311150678
0.2184873949579832,0.6680672268907563,0.6064114930211902
0.226890756302521,0.6680672268907563,0.6141950560054044
0.23529411764705882,0.6680672268907563,0.6219206608909827
0.24369747899159663,0.6680672268907563,0.6295848628869679
0.25210084033613445,0.6680672268907563,0.6371843369490087
0.26050420168067223,0.6680672268907563,0.6447158826621674
0.2689075630252101,0.6680672268907563,0.6521764286353158
0.2773109243697479,0.6680672268907563,0.6595630363998561
0.2857142857142857,0.6680672268907563,0.6668729038085898
0.29411764705882354,0.6680672268907563,0.674103367933553
0.3025210084033613,0.6680672268907563,0.6812519074645623
0.31092436974789917,0.6680672268907563,0.6883161446130031
0.31932773109243695,0.6680672268907563,0.6952938465280472
0.3277310924369748,0.6680672268907563,0.7021829262349921
0.3361344537815126,0.6680672268907563,0.7089814431077337
0.3445378151260504,0.6680672268907563,0.7156876028895267
0.3529411764705882,0.6680672268907563,0.7222997572781329
0.36134453781512604,0.6680672268907563,0.7288164030931994
0.36974789915966383,0.6680672268907563,0.735236181045237
0.37815126050420167,0.6680672268907563,0.7415578741268976
0.38655462184873945,0.6680672268907563,0.7477804056483578
0.3949579831932773,0.6680672268907563,0.753902836939519
0.40336134453781514,0.6680672268907563,0.7599243647424339
0.4117647058823529,0.6680672268907563,0.765844318317871
0.42016806722689076,0.6680672268907563,0.771662156290239
0.42857142857142855,0.6680672268907563,0.777377463255221
0.4369747899159664,0.6680672268907563,0.7829899461744294
0.4453781512605042,0.6680672268907563,0.7884994305811927
0.453781512605042,0.6680672268907563,0.7939058566212345
0.4621848739495798,0.6680672268907563,0.79920927495153
0.47058823529411764,0.6680672268907563,0.8044098425200158
0.4789915966386554,0.6680672268907563,0.8095078182481241
0.48739495798319327,0.6680672268907563,0.8145035586373055
0.49579831932773105,0.6680672268907563,0.8193975133198218
0.5042016806722689,0.6680672268907563,0.8241902205731322
0.5126050420168067,0.6680672268907563,0.8288823028161912
0.5210084033613445,0.6680672268907563,0.833474462104924
0.5294117647058824,0.6680672268907563,0.8379674756430566
0.5378151260504201,0.6680672268907563,0.8423621913233749
0.5462184873949579,0.6680672268907563,0.8466595233133699
0.5546218487394958,0.6680672268907563,0.8508604476981054
0.5630252100840336,0.6680672268907563,0.8549659981920286
0.5714285714285714,0.6680672268907563,0.8589772619303513
0.5798319327731092,0.6680672268907563,0.8628953753495473
0.5882352941176471,0.6680672268907563,0.8667215201654568
0.5966386554621849,0.6680672268907563,0.8704569194564774
0.6050420168067226,0.6680672268907563,0.874102833858333
0.6134453781512604,0.6680672268907563,0.8776605578759682
0.6218487394957983,0.6680672268907563,0.8811314163172227
0.6302521008403361,0.6680672268907563,0.8845167608520844
0.6386554621848739,0.6680672268907563,0.8878179667005088
0.6470588235294117,0.6680672268907563,0.8910364294510464
0.6554621848739496,0.6680672268907563,0.8941735620118033
0.6638655462184874,0.6680672268907563,0.8972307916946052
0.6722689075630252,0.6680672268907563,0.9002095574326313
0.680672268907563,0.6680672268907563,0.9031113071312153
0.6890756302521008,0.6680672268907563,0.9059374951510123
0.6974789915966386,0.6680672268907563,0.9086895799222547
0.7058823529411764,0.6680672268907563,0.9113690216884095
0.7142857142857143,0.6680672268907563,0.9139772803771687
0.7226890756302521,0.6680672268907563,0.9165158135963765
0.7310924369747899,0.6680672268907563,0.9189860747521982
0.7394957983193277,0.6680672268907563,0.9213895112865892
0.7478991596638656,0.6680672268907563,0.9237275630308949
0.7563025210084033,0.6680672268907563,0.9260016606722329
0.7647058823529411,0.6680672268907563,0.9282132243291565
0.7731092436974789,0.6680672268907563,0.93036366223297
0.7815126050420168,0.6680672268907563,0.9324543695109764
0.7899159663865546,0.6680672268907563,0.9344867270678617
0.7983193277310924,0.6680672268907563,0.9364621005613785
0.8067226890756303,0.6680672268907563,0.9383818394684584
0.8151260504201681,0.6680672268907563,0.9402472762378851
0.8235294117647058,0.6680672268907563,0.9420597255256602
0.8319327731092436,0.6680672268907563,0.9438204835092326
0.8403361344537815,0.6680672268907563,0.9455308272767905
0.8487394957983193,0.6680672268907563,0.9471920142878767
0.8571428571428571,0.6680672268907563,0.9488052819016518
0.8655462184873949,0.6680672268907563,0.9503718469691979
0.8739495798319328,0.6680672268907563,0.9518929054863422
0.8823529411764706,0.6680672268907563,0.953369632303569
0.8907563025210083,0.6680672268907563,0.9548031808896802
0.8991596638655461,0.6680672268907563,0.9561946831459672
0.907563025210084,0.6680672268907563,0.9575452492677587
0.9159663865546218,0.6680672268907563,0.9588559676503187
0.9243697478991596,0.6680672268907563,0.9601279048361697
0.9327731092436974,0.6680672268907563,0.9613621055010411
0.9411764705882353,0.6680672268907563,0.9625595924757335
0.9495798319327731,0.6680672268907563,0.9637213668013219
0.9579831932773109,0.6680672268907563,0.9648484078152133
0.9663865546218487,0.6680672268907563,0.9659416732656991
0.9747899159663865,0.6680672268907563,0.9670020994527384
0.9831932773109243,0.6680672268907563,0.9680306013928256
0.9915966386554621,0.6680672268907563,0.9690280730058962
1.0,0.6680672268907563,0.9699953873223257
0.0,0.6722689075630253,0.3968349247684044
0.008403361344537815,0.6722689075630253,0.40466650020611933
0.01680672268907563,0.6722689075630253,0.4125469202328112
0.025210084033613446,0.6722689075630253,0.4204724151131649
0.03361344537815126,0.6722689075630253,0.4284391236823396
0.04201680672268907,0.6722689075630253,0.4364431004827745
0.05042016806722689,0.6722689075630253,0.4444803232619455
0.058823529411764705,0.6722689075630253,0.45254670080237974
0.06722689075630252,0.6722689075630253,0.46063808105280335
0.07563025210084033,0.6722689075630253,0.4687502595270566
0.08403361344537814,0.6722689075630253,0.4768789879354113
0.09243697478991596,0.6722689075630253,0.4850199830111617
0.10084033613445378,0.6722689075630253,0.49316893549387714
0.1092436974789916,0.6722689075630253,0.5013215192294981
0.11764705882352941,0.6722689075630253,0.509473400346566
0.12605042016806722,0.6722689075630253,0.5176202464672794
0.13445378151260504,0.6722689075630253,0.5257577359118091
0.14285714285714285,0.6722689075630253,0.5338815668543475
0.15126050420168066,0.6722689075630253,0.5419874663897508
0.15966386554621848,0.6722689075630253,0.5500711994703131
0.1680672268907563,0.6722689075630253,0.5581285776732181
0.1764705882352941,0.6722689075630253,0.5661554677605029
0.18487394957983191,0.6722689075630253,0.5741477999949508
0.19327731092436973,0.6722689075630253,0.5821015761771686
0.20168067226890757,0.6722689075630253,0.5900128773711856
0.21008403361344538,0.6722689075630253,0.597877871288217
0.2184873949579832,0.6722689075630253,0.6056928193007282
0.226890756302521,0.6722689075630253,0.6134540830615965
0.23529411764705882,0.6722689075630253,0.621158130705967
0.24369747899159663,0.6722689075630253,0.6288015426163052
0.25210084033613445,0.6722689075630253,0.6363810167341288
0.26050420168067223,0.6722689075630253,0.643893373404937
0.2689075630252101,0.6722689075630253,0.6513355597458982
0.2773109243697479,0.6722689075630253,0.6587046535288988
0.2857142857142857,0.6722689075630253,0.66599786657455
0.29411764705882354,0.6722689075630253,0.6732125476556866
0.3025210084033613,0.6722689075630253,0.6803461849117302
0.31092436974789917,0.6722689075630253,0.6873964077780246
0.31932773109243695,0.6722689075630253,0.694360988436849
0.3277310924369748,0.6722689075630253,0.7012378427992624
0.3361344537815126,0.6722689075630253,0.7080250310292147
0.3445378151260504,0.6722689075630253,0.7147207576234706
0.3529411764705882,0.6722689075630253,0.7213233710628011
0.36134453781512604,0.6722689075630253,0.7278313630516219
0.36974789915966383,0.6722689075630253,0.7342433673647787
0.37815126050420167,0.6722689075630253,0.7405581583214903
0.38655462184873945,0.6722689075630253,0.7467746489075727
0.3949579831932773,0.6722689075630253,0.7528918885679796
0.40336134453781514,0.6722689075630253,0.7589090606923978
0.4117647058823529,0.6722689075630253,0.764825479817161
0.42016806722689076,0.6722689075630253,0.7706405885670699
0.42857142857142855,0.6722689075630253,0.776353954360866
0.4369747899159664,0.6722689075630253,0.7819652659040928
0.4453781512605042,0.6722689075630253,0.7874743294929053
0.453781512605042,0.6722689075630253,0.7928810651520855
0.4621848739495798,0.6722689075630253,0.7981855026300625
0.47058823529411764,0.6722689075630253,0.8033877772731863
0.4789915966386554,0.6722689075630253,0.808488125800819
0.48739495798319327,0.6722689075630253,0.8134868820020499
0.49579831932773105,0.6722689075630253,0.818384472373994
0.5042016806722689,0.6722689075630253,0.8231814117207147
0.5126050420168067,0.6722689075630253,0.8278782987308453
0.5210084033613445,0.6722689075630253,0.8324758115509642
0.5294117647058824,0.6722689075630253,0.8369747033707343
0.5378151260504201,0.6722689075630253,0.8413757980347397
0.5462184873949579,0.6722689075630253,0.8456799856948748
0.5546218487394958,0.6722689075630253,0.8498882185160468
0.5630252100840336,0.6722689075630253,0.8540015064468713
0.5714285714285714,0.6722689075630253,0.8580209130659681
0.5798319327731092,0.6722689075630253,0.8619475515134103
0.5882352941176471,0.6722689075630253,0.8657825805158521
0.5966386554621849,0.6722689075630253,0.8695272005128598
0.6050420168067226,0.6722689075630253,0.8731826498910129
0.6134453781512604,0.6722689075630253,0.8767502013314049
0.6218487394957983,0.6722689075630253,0.8802311582753022
0.6302521008403361,0.6722689075630253,0.8836268515118663
0.6386554621848739,0.6722689075630253,0.8869386358910614
0.6470588235294117,0.6722689075630253,0.8901678871641112
0.6554621848739496,0.6722689075630253,0.893315998953174
0.6638655462184874,0.6722689075630253,0.8963843798512541
0.6722689075630252,0.6722689075630253,0.8993744506527572
0.680672268907563,0.6722689075630253,0.9022876417145509
0.6890756302521008,0.6722689075630253,0.9051253904468695
0.6974789915966386,0.6722689075630253,0.9078891389329524
0.7058823529411764,0.6722689075630253,0.9105803316758706
0.7142857142857143,0.6722689075630253,0.9132004134706342
0.7226890756302521,0.6722689075630253,0.9157508273993265
0.7310924369747899,0.6722689075630253,0.9182330129467225
0.7394957983193277,0.6722689075630253,0.9206484042335865
0.7478991596638656,0.6722689075630253,0.9229984283646219
0.7563025210084033,0.6722689075630253,0.9252845038878594
0.7647058823529411,0.6722689075630253,0.9275080393621057
0.7731092436974789,0.6722689075630253,0.9296704320289547
0.7815126050420168,0.6722689075630253,0.9317730665857518
0.7899159663865546,0.6722689075630253,0.9338173140558349
0.7983193277310924,0.6722689075630253,0.9358045307523154
0.8067226890756303,0.6722689075630253,0.9377360573316355
0.8151260504201681,0.6722689075630253,0.939613217933122
0.8235294117647058,0.6722689075630253,0.9414373194007658
0.8319327731092436,0.6722689075630253,0.9432096505834723
0.8403361344537815,0.6722689075630253,0.9449314817100685
0.8487394957983193,0.6722689075630253,0.946604063835395
0.8571428571428571,0.6722689075630253,0.9482286283538748
0.8655462184873949,0.6722689075630253,0.9498063865770147
0.8739495798319328,0.6722689075630253,0.9513385293713764
0.8823529411764706,0.6722689075630253,0.9528262268536363
0.8907563025210083,0.6722689075630253,0.9542706281394416
0.8991596638655461,0.6722689075630253,0.9556728611428712
0.907563025210084,0.6722689075630253,0.9570340324234029
0.9159663865546218,0.6722689075630253,0.958355227077394
0.9243697478991596,0.6722689075630253,0.9596375086711918
0.9327731092436974,0.6722689075630253,0.9608819192130844
0.9411764705882353,0.6722689075630253,0.9620894791614261
0.9495798319327731,0.6722689075630253,0.9632611874663671
0.9579831932773109,0.6722689075630253,0.9643980216427311
0.9663865546218487,0.6722689075630253,0.9655009378716893
0.9747899159663865,0.6722689075630253,0.9665708711289874
0.9831932773109243,0.6722689075630253,0.9676087353375857
0.9915966386554621,0.6722689075630253,0.9686154235426745
1.0,0.6722689075630253,0.9695918081071295
0.0,0.6764705882352942,0.3968349247684044
0.008403361344537815,0.6764705882352942,0.4046386093039834
0.01680672268907563,0.6764705882352942,0.4124908054204735
0.025210084033613446,0.6764705882352942,0.42038778388220244
0.03361344537815126,0.6764705882352942,0.42832572526631196
0.04201680672268907,0.6764705882352942,0.43630072697055383
0.05042016806722689,0.6764705882352942,0.44430881057470434
0.058823529411764705,0.6764705882352942,0.4523459295276442
0.06722689075630252,0.6764705882352942,0.460407977129777
0.07563025210084033,0.6764705882352942,0.46849079477828365
0.08403361344537814,0.6764705882352942,0.4765901804407566
0.09243697478991596,0.6764705882352942,0.48470189732104285
0.10084033613445378,0.6764705882352942,0.49282168267966825
0.1092436974789916,0.6764705882352942,0.5009452567700432
0.11764705882352941,0.6764705882352942,0.5090683318507628
0.12605042016806722,0.6764705882352942,0.5171866212337303
0.13445378151260504,0.6764705882352942,0.5252958483275584
0.14285714285714285,0.6764705882352942,0.5333917556357409
0.15126050420168066,0.6764705882352942,0.5414701136694311
0.15966386554621848,0.6764705882352942,0.5495267297353191
0.1680672268907563,0.6764705882352942,0.5575574565600578
0.1764705882352941,0.6764705882352942,0.5655582007139214
0.18487394957983191,0.6764705882352942,0.5735249307979053
0.19327731092436973,0.6764705882352942,0.5814536853602429
0.20168067226890757,0.6764705882352942,0.5893405805103245
0.21008403361344538,0.6764705882352942,0.5971818172002279
0.2184873949579832,0.6764705882352942,0.6049736881464833
0.226890756302521,0.6764705882352942,0.6127125843672635
0.23529411764705882,0.6764705882352942,0.6203950013129055
0.24369747899159663,0.6764705882352942,0.6280175445704883
0.25210084033613445,0.6764705882352942,0.6355769351260742
0.26050420168067223,0.6764705882352942,0.6430700141711765
0.2689075630252101,0.6764705882352942,0.6504937474429722
0.2773109243697479,0.6764705882352942,0.6578452290907292
0.2857142857142857,0.6764705882352942,0.6651216850638468
0.29411764705882354,0.6764705882352942,0.6723204760197586
0.3025210084033613,0.6764705882352942,0.6794390997527229
0.31092436974789917,0.6764705882352942,0.6864751931471992
0.31932773109243695,0.6764705882352942,0.6934265336620465
0.3277310924369748,0.6764705882352942,0.7002910403541804
0.3361344537815126,0.6764705882352942,0.7070667744525659
0.3445378151260504,0.6764705882352942,0.7137519394954948
0.3529411764705882,0.6764705882352942,0.7203448810459782
0.36134453781512604,0.6764705882352942,0.7268440860017915
0.36974789915966383,0.6764705882352942,0.7332481815182066
0.37815126050420167,0.6764705882352942,0.7395559335627571
0.38655462184873945,0.6764705882352942,0.7457662451224897
0.3949579831932773,0.6764705882352942,0.7518781540850726
0.40336134453781514,0.6764705882352942,0.757890830815841
0.4117647058823529,0.6764705882352942,0.7638035754534048
0.42016806722689076,0.6764705882352942,0.7696158149467869
0.42857142857142855,0.6764705882352942,0.7753270998572388
0.4369747899159664,0.6764705882352942,0.7809371009478984
0.4453781512605042,0.6764705882352942,0.7864456055843149
0.453781512605042,0.6764705882352942,0.7918525139685851
0.4621848739495798,0.6764705882352942,0.7971578352294335
0.47058823529411764,0.6764705882352942,0.8023616833900469
0.4789915966386554,0.6764705882352942,0.8074642732348277
0.48739495798319327,0.6764705882352942,0.8124659160955174
0.49579831932773105,0.6764705882352942,0.8173670155763193
0.5042016806722689,0.6764705882352942,0.8221680632367842
0.5126050420168067,0.6764705882352942,0.8268696342502833
0.5210084033613445,0.6764705882352942,0.8314723830549137
0.5294117647058824,0.6764705882352942,0.8359770390126685
0.5378151260504201,0.6764705882352942,0.8403844020916695
0.5462184873949579,0.6764705882352942,0.8446953385852034
0.5546218487394958,0.6764705882352942,0.8489107768802451
0.5630252100840336,0.6764705882352942,0.8530317032871003
0.5714285714285714,0.6764705882352942,0.8570591579407507
0.5798319327731092,0.6764705882352942,0.8609942307834557
0.5882352941176471,0.6764705882352942,0.8648380576371613
0.5966386554621849,0.6764705882352942,0.8685918163732886
0.6050420168067226,0.6764705882352942,0.8722567231865287
0.6134453781512604,0.6764705882352942,0.8758340289783567
0.6218487394957983,0.6764705882352942,0.8793250158551177
0.6302521008403361,0.6764705882352942,0.8827309937446982
0.6386554621848739,0.6764705882352942,0.8860532971350218
0.6470588235294117,0.6764705882352942,0.8892932819368625
0.6554621848739496,0.6764705882352942,0.8924523224727796
0.6638655462184874,0.6764705882352942,0.8955318085933307
0.6722689075630252,0.6764705882352942,0.8985331429211187
0.680672268907563,0.6764705882352942,0.9014577382226805
0.6890756302521008,0.6764705882352942,0.9043070149077066
0.6974789915966386,0.6764705882352942,0.9070823986546307
0.7058823529411764,0.6764705882352942,0.9097853181611976
0.7142857142857143,0.6764705882352942,0.9124172030182461
0.7226890756302521,0.6764705882352942,0.9149794817046052
0.7310924369747899,0.6764705882352942,0.9174735797006998
0.7394957983193277,0.6764705882352942,0.9199009177182054
0.7478991596638656,0.6764705882352942,0.922262910042862
0.7563025210084033,0.6764705882352942,0.9245609629873605
0.7647058823529411,0.6764705882352942,0.9267964734510591
0.7731092436974789,0.6764705882352942,0.9289708275831478
0.7815126050420168,0.6764705882352942,0.9310853995457712
0.7899159663865546,0.6764705882352942,0.9331415503735475
0.7983193277310924,0.6764705882352942,0.9351406269258477
0.8067226890756303,0.6764705882352942,0.9370839609281775
0.8151260504201681,0.6764705882352942,0.9389728680989728
0.8235294117647058,0.6764705882352942,0.9408086473581306
0.8319327731092436,0.6764705882352942,0.942592580113601
0.8403361344537815,0.6764705882352942,0.9443259296224068
0.8487394957983193,0.6764705882352942,0.9460099404224904
0.8571428571428571,0.6764705882352942,0.947645837831848
0.8655462184873949,0.6764705882352942,0.9492348275114688
0.8739495798319328,0.6764705882352942,0.9507780950886745
0.8823529411764706,0.6764705882352942,0.9522768058375293
0.8907563025210083,0.6764705882352942,0.9537321044130792
0.8991596638655461,0.6764705882352942,0.9551451146362707
0.907563025210084,0.6764705882352942,0.9565169393264883
0.9159663865546218,0.6764705882352942,0.9578486601787608
0.9243697478991596,0.6764705882352942,0.959141337682773
0.9327731092436974,0.6764705882352942,0.9603960110809371
0.9411764705882353,0.6764705882352942,0.9616136983628689
0.9495798319327731,0.6764705882352942,0.9627953962937296
0.9579831932773109,0.6764705882352942,0.9639420804739914
0.9663865546218487,0.6764705882352942,0.9650547054282969
0.9747899159663865,0.6764705882352942,0.9661342047211766
0.9831932773109243,0.6764705882352942,0.9671814910975004
0.9915966386554621,0.6764705882352942,0.9681974566456338
1.0,0.6764705882352942,0.9691829729813717
0.0,0.680672268907563,0.3968349247684044
0.008403361344537815,0.680672268907563,0.40461071901769063
0.01680672268907563,0.680672268907563,0.4124346928821449
0.025210084033613446,0.680672268907563,0.42030315733138573
0.03361344537815126,0.680672268907563,0.42821233437786893
0.04201680672268907,0.680672268907563,0.43615836395756274
0.05042016806722689,0.680672268907563,0.4441373111570365
0.058823529411764705,0.680672268907563,0.45214517375972346
0.06722689075630252,0.680672268907563,0.46017789008181836
0.07563025210084033,0.680672268907563,0.4682313470661449
0.08403361344537814,0.680672268907563,0.476301388600432
0.09243697478991596,0.680672268907563,0.4843838240247571
0.10084033613445378,0.680672268907563,0.49247443679150016
0.1092436974789916,0.680672268907563,0.5005689932399955
0.11764705882352941,0.680672268907563,0.5086632514472027
0.12605042016806722,0.680672268907563,0.5167529701151352
0.13445378151260504,0.680672268907563,0.5248339174555068
0.14285714285714285,0.680672268907563,0.5329018800320776
0.15126050420168066,0.680672268907563,0.540952671521502
0.15966386554621848,0.680672268907563,0.5489821413541027
0.1680672268907563,0.680672268907563,0.5569861831969078
0.1764705882352941,0.680672268907563,0.5649607432424716
0.18487394957983191,0.680672268907563,0.5729018282684649
0.19327731092436973,0.680672268907563,0.5808055134347219
0.20168067226890757,0.680672268907563,0.5886679497863687
0.21008403361344538,0.680672268907563,0.5964853714338041
0.2184873949579832,0.680672268907563,0.6042541023826332
0.226890756302521,0.680672268907563,0.611970562989147
0.23529411764705882,0.680672268907563,0.6196312760195576
0.24369747899159663,0.680672268907563,0.6272328722939395
0.25210084033613445,0.680672268907563,0.6347720958986194
0.26050420168067223,0.680672268907563,0.642245808953626
0.2689075630252101,0.680672268907563,0.6496509959246817
0.2773109243697479,0.680672268907563,0.6569847674720953
0.2857142857142857,0.680672268907563,0.6642443638317546
0.29411764705882354,0.680672268907563,0.6714271577262059
0.3025210084033613,0.680672268907563,0.6785306568065125
0.31092436974789917,0.680672268907563,0.6855525056281926
0.31932773109243695,0.680672268907563,0.6924904871670231
0.3277310924369748,0.680672268907563,0.6993425238828448
0.3361344537815126,0.680672268907563,0.7061066783417048
0.3445378151260504,0.680672268907563,0.7127811534087033
0.3529411764705882,0.680672268907563,0.7193642920257708
0.36134453781512604,0.680672268907563,0.7258545765902812
0.36974789915966383,0.680672268907563,0.7322506279518924
0.37815126050420167,0.680672268907563,0.7385512040463096
0.38655462184873945,0.680672268907563,0.7447551981857614
0.3949579831932773,0.680672268907563,0.7508616370269148
0.40336134453781514,0.680672268907563,0.7568696782376615
0.4117647058823529,0.680672268907563,0.762778607884773
0.42016806722689076,0.680672268907563,0.7685878375647789
0.42857142857142855,0.680672268907563,0.7742969013006288
0.4369747899159664,0.680672268907563,0.7799054522267409
0.4453781512605042,0.680672268907563,0.7854132590849237
0.453781512605042,0.680672268907563,0.7908202025534182
0.4621848739495798,0.680672268907563,0.7961262714309231
0.47058823529411764,0.680672268907563,0.8013315586969785
0.4789915966386554,0.680672268907563,0.8064362574694772
0.48739495798319327,0.680672268907563,0.8114406568793964
0.49579831932773105,0.680672268907563,0.816345137882052
0.5042016806722689,0.680672268907563,0.8211501690233591
0.5126050420168067,0.680672268907563,0.8258563021786673
0.5210084033613445,0.680672268907563,0.8304641682808076
0.5294117647058824,0.680672268907563,0.8349744730530027
0.5378151260504201,0.680672268907563,0.8393879927612936
0.5462184873949579,0.680672268907563,0.8437055700001075
0.5546218487394958,0.680672268907563,0.8479281095235724
0.5630252100840336,0.680672268907563,0.8520565741341507
0.5714285714285714,0.680672268907563,0.8560919806391503
0.5798319327731092,0.680672268907563,0.860035395884661
0.5882352941176471,0.680672268907563,0.8638879328754918
0.5966386554621849,0.680672268907563,0.8676507469887125
0.6050420168067226,0.680672268907563,0.8713250322874898
0.6134453781512604,0.680672268907563,0.8749120179410098
0.6218487394957983,0.680672268907563,0.8784129647554183
0.6302521008403361,0.680672268907563,0.8818291618199064
0.6386554621848739,0.680672268907563,0.8851619232712863
0.6470588235294117,0.680672268907563,0.8884125851796751
0.6554621848739496,0.680672268907563,0.8915825025572244
0.6638655462184874,0.680672268907563,0.894673046491182
0.6722689075630252,0.680672268907563,0.8976856014019899
0.680672268907563,0.680672268907563,0.9006215624265647
0.6890756302521008,0.680672268907563,0.9034823329263998
0.6974789915966386,0.680672268907563,0.9062693221196745
0.7058823529411764,0.680672268907563,0.9089839428361258
0.7142857142857143,0.680672268907563,0.9116276093930656
0.7226890756302521,0.680672268907563,0.9142017355905865
0.7310924369747899,0.680672268907563,0.9167077328236942
0.7394957983193277,0.680672268907563,0.9191470083088472
0.7478991596638656,0.680672268907563,0.9215209634221414
0.7563025210084033,0.680672268907563,0.9238309921461964
0.7647058823529411,0.680672268907563,0.9260784796226141
0.7731092436974789,0.680672268907563,0.9282648008067597
0.7815126050420168,0.680672268907563,0.9303913192214869
0.7899159663865546,0.680672268907563,0.9324593858063537
0.7983193277310924,0.680672268907563,0.9344703378588068
0.8067226890756303,0.680672268907563,0.9364254980637703
0.8151260504201681,0.680672268907563,0.9383261736080448
0.8235294117647058,0.680672268907563,0.9401736553759324
0.8319327731092436,0.680672268907563,0.9419692172224939
0.8403361344537815,0.680672268907563,0.9437141153208821
0.8487394957983193,0.680672268907563,0.9454095875802255
0.8571428571428571,0.680672268907563,0.9470568531305926
0.8655462184873949,0.680672268907563,0.9486571118716115
0.8739495798319328,0.680672268907563,0.9502115440814036
0.8823529411764706,0.680672268907563,0.9517213100825528
0.8907563025210083,0.680672268907563,0.9531875499619167
0.8991596638655461,0.680672268907563,0.9546113833411757
0.907563025210084,0.680672268907563,0.9559939091951012
0.9159663865546218,0.680672268907563,0.957336205714625
0.9243697478991596,0.680672268907563,0.9586393302118852
0.9327731092436974,0.680672268907563,0.9599043190645254
0.9411764705882353,0.680672268907563,0.9611321876966238
0.9495798319327731,0.680672268907563,0.9623239305937337
0.9579831932773109,0.680672268907563,0.9634805213496132
0.9663865546218487,0.680672268907563,0.9646029127423312
0.9747899159663865,0.680672268907563,0.9656920368375296
0.9831932773109243,0.680672268907563,0.966748805116728
0.9915966386554621,0.680672268907563,0.9677741086286564
1.0,0.680672268907563,0.968768818161689
0.0,0.6848739495798319,0.3968349247684044
0.008403361344537815,0.6848739495798319,0.4045828293474075
0.01680672268907563,0.6848739495798319,0.4123785826191911
0.025210084033613446,0.6848739495798319,0.42021853546543075
0.03361344537815126,0.6848739495798319,0.4280989510284184
0.04201680672268907,0.6848739495798319,0.4360160114664893
0.05042016806722689,0.6848739495798319,0.4439658250487736
0.058823529411764705,0.6848739495798319,0.45194443356273895
0.06722689075630252,0.6848739495798319,0.4599478200057475
0.07563025210084033,0.6848739495798319,0.4679719165297881
0.08403361344537814,0.6848739495798319,0.47601261260669026
0.09243697478991596,0.6848739495798319,0.4840657633794951
0.10084033613445378,0.6848739495798319,0.4921271981642668
0.1092436974789916,0.6848739495798319,0.5001927290655075
0.11764705882352941,0.6848739495798319,0.5082581596674752
0.12605042016806722,0.6848739495798319,0.5163192937631357
0.13445378151260504,0.6848739495798319,0.5243719440821923
0.14285714285714285,0.6848739495798319,0.5324119409796443
0.15126050420168066,0.6848739495798319,0.5404351410466239
0.15966386554621848,0.6848739495798319,0.5484374356058502
0.1680672268907563,0.6848739495798319,0.5564147590549061
0.1764705882352941,0.6848739495798319,0.5643630970216849
0.18487394957983191,0.6848739495798319,0.5722784942977536
0.19327731092436973,0.6848739495798319,0.5801570625170254
0.20168067226890757,0.6848739495798319,0.5879949875489907
0.21008403361344538,0.6848739495798319,0.5957885365778395
0.2184873949579832,0.6848739495798319,0.6035340648410489
0.226890756302521,0.6848739495798319,0.6112280220034245
0.23529411764705882,0.6848739495798319,0.6188669581451169
0.24369747899159663,0.6848739495798319,0.6264475293447863
0.25210084033613445,0.6848739495798319,0.6339665028418021
0.26050420168067223,0.6848739495798319,0.641420761764142
0.2689075630252101,0.6848739495798319,0.6488073094114488
0.2773109243697479,0.6848739495798319,0.656123273085497
0.2857142857142857,0.6848739495798319,0.6633659074630882
0.29411764705882354,0.6848739495798319,0.67053259750911
0.3025210084033613,0.6848739495798319,0.6776208609301299
0.31092436974789917,0.6848739495798319,0.684628350171446
0.31932773109243695,0.6848739495798319,0.6915528539629447
0.3277310924369748,0.6848739495798319,0.6983922984214187
0.3361344537815126,0.6848739495798319,0.7051447477191504
0.3445378151260504,0.6848739495798319,0.711808404330571
0.3529411764705882,0.6848739495798319,0.7183816088706276
0.36134453781512604,0.6848739495798319,0.7248628395401489
0.36974789915966383,0.6848739495798319,0.7312507111949761
0.37815126050420167,0.6848739495798319,0.7375439740569109
0.38655462184873945,0.6848739495798319,0.743741512085634
0.3949579831932773,0.6848739495798319,0.7498423410316748
0.40336134453781514,0.6848739495798319,0.7558456061912394
0.4117647058823529,0.6848739495798319,0.7617505798842708
0.42016806722689076,0.6848739495798319,0.7675566586774957
0.42857142857142855,0.6848739495798319,0.7732633603744399
0.4369747899159664,0.6848739495798319,0.7788703207944557
0.4453781512605042,0.6848739495798319,0.7843772903627247
0.453781512605042,0.6848739495798319,0.7897841305329841
0.4621848739495798,0.6848739495798319,0.7950908100643723
0.47058823529411764,0.6848739495798319,0.800297401173344
0.4789915966386554,0.6848739495798319,0.8054040755810244
0.48739495798319327,0.6848739495798319,0.810411100475735
0.49579831932773105,0.6848739495798319,0.8153188344096757
0.5042016806722689,0.6848739495798319,0.820127723147953
0.5126050420168067,0.6848739495798319,0.8248382954872775
0.5210084033613445,0.6848739495798319,0.8294511590607461
0.5294117647058824,0.6848739495798319,0.8339669961441842
0.5378151260504201,0.6848739495798319,0.8383865594785451
0.5462184873949579,0.6848739495798319,0.8427106681218814
0.5546218487394958,0.6848739495798319,0.8469402033433981
0.5630252100840336,0.6848739495798319,0.851076104571107
0.5714285714285714,0.6848739495798319,0.8551193654036019
0.5798319327731092,0.6848739495798319,0.8590710296954985
0.5882352941176471,0.6848739495798319,0.8629321877251233
0.5966386554621849,0.6848739495798319,0.8667039724520926
0.6050420168067226,0.6848739495798319,0.8703875558715263
0.6134453781512604,0.6848739495798319,0.8739841454707487
0.6218487394957983,0.6848739495798319,0.8774949807935074
0.6302521008403361,0.6848739495798319,0.8809213301159182
0.6386554621848739,0.6848739495798319,0.8842644872376036
0.6470588235294117,0.6848739495798319,0.8875257683907511
0.6554621848739496,0.6848739495798319,0.8907065092691585
0.6638655462184874,0.6848739495798319,0.8938080621786857
0.6722689075630252,0.6848739495798319,0.896831793309953
0.680672268907563,0.6848739495798319,0.8997790801335696
0.6890756302521008,0.6848739495798319,0.9026513089176803
0.6974789915966386,0.6848739495798319,0.905449872367156
0.7058823529411764,0.6848739495798319,0.9081761673833272
0.7142857142857143,0.6848739495798319,0.9108315929427903
0.7226890756302521,0.6848739495798319,0.9134175480934685
0.7310924369747899,0.6848739495798319,0.9159354300658092
0.7394957983193277,0.6848739495798319,0.9183866324967277
0.7478991596638656,0.6848739495798319,0.9207725437636803
0.7563025210084033,0.6848739495798319,0.9230945454260394
0.7647058823529411,0.6848739495798319,0.9253540107707797
0.7731092436974789,0.6848739495798319,0.9275523034593328
0.7815126050420168,0.6848739495798319,0.9296907762723602
0.7899159663865546,0.6848739495798319,0.9317707699490924
0.7983193277310924,0.6848739495798319,0.9337936121178221
0.8067226890756303,0.6848739495798319,0.935760616314084
0.8151260504201681,0.6848739495798319,0.9376730810830275
0.8235294117647058,0.6848739495798319,0.9395322891624786
0.8319327731092436,0.6848739495798319,0.9413395067431869
0.8403361344537815,0.6848739495798319,0.9430959828027813
0.8487394957983193,0.6848739495798319,0.9448029485099764
0.8571428571428571,0.6848739495798319,0.9464616166956311
0.8655462184873949,0.6848739495798319,0.9480731813873005
0.8739495798319328,0.6848739495798319,0.949638817403991
0.8823529411764706,0.6848739495798319,0.9511596800079009
0.8907563025210083,0.6848739495798319,0.9526369046099984
0.8991596638655461,0.6848739495798319,0.9540716065263799
0.907563025210084,0.6848739495798319,0.9554648807824276
0.9159663865546218,0.6848739495798319,0.9568178019618909
0.9243697478991596,0.6848739495798319,0.9581314240980954
0.9327731092436974,0.6848739495798319,0.9594067806045885
0.9411764705882353,0.6848739495798319,0.960644884242625
0.9495798319327731,0.6848739495798319,0.9618467271229961
0.9579831932773109,0.6848739495798319,0.9630132807398032
0.9663865546218487,0.6848739495798319,0.9641454960338756
0.9747899159663865,0.6848739495798319,0.9652443034836353
0.9831932773109243,0.6848739495798319,0.966310613221303
0.9915966386554621,0.6848739495798319,0.9673453151724396
1.0,0.6848739495798319,0.9683492792169124
0.0,0.6890756302521008,0.3968349247684044
0.008403361344537815,0.6890756302521008,0.4045549402933007
0.01680672268907563,0.6890756302521008,0.4123224746329779
0.025210084033613446,0.6890756302521008,0.4201339182890519
0.03361344537815126,0.6890756302521008,0.42798557522936514
0.04201680672268907,0.6890756302521008,0.43587366952001466
0.05042016806722689,0.6890756302521008,0.44379435228973513
0.058823529411764705,0.6890756302521008,0.45174370900079197
0.06722689075630252,0.6890756302521008,0.459717766998356
0.07563025210084033,0.6890756302521008,0.46771250330832365
0.08403361344537814,0.6890756302521008,0.4757238526517424
0.09243697478991596,0.6890756302521008,0.4837477156424063
0.10084033613445378,0.6890756302521008,0.491779967132834
0.1092436974789916,0.6890756302521008,0.49981646467273483
0.11764705882352941,0.6890756302521008,0.5078530570432301
0.12605042016806722,0.6890756302521008,0.5158855928295255
0.13445378151260504,0.6890756302521008,0.5239099289944434
0.14285714285714285,0.6890756302521008,0.5319219394152157
0.15126050420168066,0.6890756302521008,0.5399175233462168
0.15966386554621848,0.6890756302521008,0.5478926137708675
0.1680672268907563,0.6890756302521008,0.5558431856067758
0.1764705882352941,0.6890756302521008,0.5637652637292667
0.18487394957983191,0.6890756302521008,0.571654930779803
0.19327731092436973,0.6890756302521008,0.5795083347273754
0.20168067226890757,0.6890756302521008,0.5873216961527403
0.21008403361344538,0.6890756302521008,0.5950913152273827
0.2184873949579832,0.6890756302521008,0.602813578361254
0.226890756302521,0.6890756302521008,0.6104849644956639
0.23529411764705882,0.6890756302521008,0.6181020510201619
0.24369747899159663,0.6890756302521008,0.6256615192948081
0.25210084033613445,0.6890756302521008,0.6331601597618649
0.26050420168067223,0.6890756302521008,0.6405948766336391
0.2689075630252101,0.6890756302521008,0.6479626921459134
0.2773109243697479,0.6890756302521008,0.6552607503691256
0.2857142857142857,0.6890756302521008,0.6624863205721457
0.29411764705882354,0.6890756302521008,0.6696368001361442
0.3025210084033613,0.6890756302521008,0.6767097170186198
0.31092436974789917,0.6890756302521008,0.6837027317701425
0.31932773109243695,0.6890756302521008,0.6906136391087433
0.3277310924369748,0.6890756302521008,0.697440369059133
0.3361344537815126,0.6890756302521008,0.7041809876660509
0.3445378151260504,0.6890756302521008,0.7108336972929999
0.3529411764705882,0.6890756302521008,0.717396836519432
0.36134453781512604,0.6890756302521008,0.7238688796510745
0.36974789915966383,0.6890756302521008,0.7302484358595496
0.37815126050420167,0.6890756302521008,0.7365342479687141
0.38655462184873945,0.6890756302521008,0.7427251909062483
0.3949579831932773,0.6890756302521008,0.7488202698399444
0.40336134453781514,0.6890756302521008,0.7548186180188846
0.4117647058823529,0.6890756302521008,0.7607194943402711
0.42016806722689076,0.6890756302521008,0.7665222806630761
0.42857142857142855,0.6890756302521008,0.7722264788899172
0.4369747899159664,0.6890756302521008,0.7778317078386544
0.4453781512605042,0.6890756302521008,0.7833376999251541
0.453781512605042,0.6890756302521008,0.7887442976784709
0.4621848739495798,0.6890756302521008,0.7940514501093879
0.47058823529411764,0.6890756302521008,0.7992592089528309
0.4789915966386554,0.6890756302521008,0.8043677248041418
0.48739495798319327,0.6890756302521008,0.8093772431685751
0.49579831932773105,0.6890756302521008,0.8142881004426871
0.5042016806722689,0.6890756302521008,0.8191007198455146
0.5126050420168067,0.6890756302521008,0.8238156073166137
0.5210084033613445,0.6890756302521008,0.8284333473971602
0.5294117647058824,0.6890756302521008,0.8329545991093941
0.5378151260504201,0.6890756302521008,0.8373800918487588
0.5462184873949579,0.6890756302521008,0.8417106213021244
0.5546218487394958,0.6890756302521008,0.8459470454045148
0.5630252100840336,0.6890756302521008,0.8500902803457915
0.5714285714285714,0.6890756302521008,0.8541412966377754
0.5798319327731092,0.6890756302521008,0.8581011152513406
0.5882352941176471,0.6890756302521008,0.8619708038320627
0.5966386554621849,0.6890756302521008,0.8657514730021068
0.6050420168067226,0.6890756302521008,0.8694442727551299
0.6134453781512604,0.6890756302521008,0.87305038895013
0.6218487394957983,0.6890756302521008,0.8765710399093398
0.6302521008403361,0.6890756302521008,0.8800074731244736
0.6386554621848739,0.6890756302521008,0.8833609620748918
0.6470588235294117,0.6890756302521008,0.8866328031605292
0.6554621848739496,0.6890756302521008,0.889824312751768
0.6638655462184874,0.6890756302521008,0.8929368243578106
0.6722689075630252,0.6890756302521008,0.8959716859145158
0.680672268907563,0.6890756302521008,0.8989302571921292
0.6890756302521008,0.6890756302521008,0.9018139073228275
0.6974789915966386,0.6890756302521008,0.9046240124475439
0.7058823529411764,0.6890756302521008,0.9073619534811209
0.7142857142857143,0.6890756302521008,0.9100291139944527
0.7226890756302521,0.6890756302521008,0.9126268782119468
0.7310924369747899,0.6890756302521008,0.9151566291223149
0.7394957983193277,0.6890756302521008,0.9176197467004497
0.7478991596638656,0.6890756302521008,0.9200176062378908
0.7563025210084033,0.6890756302521008,0.9223515767791874
0.7647058823529411,0.6890756302521008,0.9246230196612876
0.7731092436974789,0.6890756302521008,0.9268332871529332
0.7815126050420168,0.6890756302521008,0.928983721190923
0.7899159663865546,0.6890756302521008,0.9310756522100023
0.7983193277310924,0.6890756302521008,0.9331103980630727
0.8067226890756303,0.6890756302521008,0.9350892630283513
0.8151260504201681,0.6890756302521008,0.9370135369000843
0.8235294117647058,0.6890756302521008,0.9388844941593952
0.8319327731092436,0.6890756302521008,0.9407033932218523
0.8403361344537815,0.6890756302521008,0.9424714757583532
0.8487394957983193,0.6890756302521008,0.9441899660859464
0.8571428571428571,0.6890756302521008,0.9458600706252539
0.8655462184873949,0.6890756302521008,0.9474829774212079
0.8739495798319328,0.6890756302521008,0.9490598557238611
0.8823529411764706,0.6890756302521008,0.9505918556261148
0.8907563025210083,0.6890756302521008,0.9520801077552628
0.8991596638655461,0.6890756302521008,0.9535257230153381
0.907563025210084,0.6890756302521008,0.95492979237733
0.9159663865546218,0.6890756302521008,0.9562933867144247
0.9243697478991596,0.6890756302521008,0.9576175566795133
0.9327731092436974,0.6890756302521008,0.9589033326223062
0.9411764705882353,0.6890756302521008,0.9601517245434806
0.9495798319327731,0.6890756302521008,0.9613637220833958
0.9579831932773109,0.6890756302521008,0.962540294542989
0.9663865546218487,0.6890756302521008,0.9636823909345815
0.9747899159663865,0.6890756302521008,0.964790940060402
0.9831932773109243,0.6890756302521008,0.9658668506167446
0.9915966386554621,0.6890756302521008,0.9669110113217604
1.0,0.6890756302521008,0.9679242910649856
0.0,0.6932773109243697,0.3968349247684044
0.008403361344537815,0.6932773109243697,0.40452705185553645
0.01680672268907563,0.6932773109243697,0.41226636892487056
0.025210084033613446,0.6932773109243697,0.4200493058069627
0.03361344537815126,0.6932773109243697,0.42787220699211104
0.04201680672268907,0.6932773109243697,0.43573133814081333
0.05042016806722689,0.6932773109243697,0.44362289291972756
0.058823529411764705,0.6932773109243697,0.4515430001379634
0.06722689075630252,0.6932773109243697,0.45948773115640607
0.07563025210084033,0.6932773109243697,0.4674531075408249
0.08403361344537814,0.6932773109243697,0.4754351089277562
0.09243697478991596,0.6932773109243697,0.48342968107059875
0.10084033613445378,0.6932773109243697,0.4914327440320383
0.1092436974789916,0.6932773109243697,0.4994402004878341
0.11764705882352941,0.6932773109243697,0.5074479441061742
0.12605042016806722,0.6932773109243697,0.5154518679662463
0.13445378151260504,0.6932773109243697,0.5234478729793736
0.14285714285714285,0.6932773109243697,0.5314318762760482
0.15126050420168066,0.6932773109243697,0.5393998195224508
0.15966386554621848,0.6932773109243697,0.5473476771305679
0.1680672268907563,0.6932773109243697,0.5552714643268102
0.1764705882352941,0.6932773109243697,0.56316724504508
0.18487394957983191,0.6932773109243697,0.5710311396115295
0.19327731092436973,0.6932773109243697,0.5788593321897684
0.20168067226890757,0.6932773109243697,0.5866480779570136
0.21008403361344538,0.6932773109243697,0.594393709983602
0.2184873949579832,0.6932773109243697,0.6020926457903852
0.226890756302521,0.6932773109243697,0.609741393560778
0.23529411764705882,0.6932773109243697,0.6173365579866054
0.24369747899159663,0.6932773109243697,0.6248748457293807
0.25210084033613445,0.6932773109243697,0.6323530704811969
0.26050420168067223,0.6932773109243697,0.6397681576120274
0.2689075630252101,0.6932773109243697,0.6471171483928694
0.2773109243697479,0.6932773109243697,0.6543972037868017
0.2857142857142857,0.6932773109243697,0.6616056078026488
0.29411764705882354,0.6932773109243697,0.6687397704085195
0.3025210084033613,0.6932773109243697,0.6757972300049951
0.31092436974789917,0.6932773109243697,0.6827756554601737
0.31932773109243695,0.6932773109243697,0.6896728477110959
0.3277310924369748,0.6932773109243697,0.6964867409382857
0.3361344537815126,0.6932773109243697,0.7032154033222077
0.3445378151260504,0.6932773109243697,0.7098570373923724
0.3529411764705882,0.6932773109243697,0.716409979981591
0.36134453781512604,0.6932773109243697,0.7228727017994896
0.36974789915966383,0.6932773109243697,0.7292438066408358
0.37815126050420167,0.6932773109243697,0.7355220302454956
0.38655462184873945,0.6932773109243697,0.7417062388279355
0.3949579831932773,0.6932773109243697,0.7477954272951044
0.40336134453781514,0.6932773109243697,0.7537887171722797
0.4117647058823529,0.6932773109243697,0.7596853542570428
0.42016806722689076,0.6932773109243697,0.7654847060219684
0.42857142857142855,0.6932773109243697,0.7711862587868692
0.4369747899159664,0.6932773109243697,0.7767896146815557
0.4453781512605042,0.6932773109243697,0.7822944884200368
0.453781512605042,0.6932773109243697,0.7877007039069266
0.4621848739495798,0.6932773109243697,0.7930081906965433
0.47058823529411764,0.6932773109243697,0.7982169803247878
0.4789915966386554,0.6932773109243697,0.8033272025333974
0.48739495798319327,0.6932773109243697,0.8083390814055812
0.49579831932773105,0.6932773109243697,0.8132529314313813
0.5042016806722689,0.6932773109243697,0.8180691535203706
0.5126050420168067,0.6932773109243697,0.8227882309785003
0.5210084033613445,0.6932773109243697,0.8274107254650799
0.5294117647058824,0.6932773109243697,0.8319372729449827
0.5378151260504201,0.6932773109243697,0.8363685796502723
0.5462184873949579,0.6932773109243697,0.840705418064511
0.5546218487394958,0.6932773109243697,0.844948622942077
0.5630252100840336,0.6932773109243697,0.8490990873738687
0.5714285714285714,0.6932773109243697,0.8531577589098424
0.5798319327731092,0.6932773109243697,0.8571256357478856
0.5882352941176471,0.6932773109243697,0.8610037629976277
0.5966386554621849,0.6932773109243697,0.8647932290268789
0.6050420168067226,0.6932773109243697,0.8684951618975296
0.6134453781512604,0.6932773109243697,0.8721107258968921
0.6218487394957983,0.6932773109243697,0.8756411181696603
0.6302521008403361,0.6932773109243697,0.8790875654548808
0.6386554621848739,0.6932773109243697,0.882451320931601
0.6470588235294117,0.6932773109243697,0.8857336611761459
0.6554621848739496,0.6932773109243697,0.8889358832333247
0.6638655462184874,0.6932773109243697,0.8920593018032394
0.6722689075630252,0.6932773109243697,0.8951052465447973
0.680672268907563,0.6932773109243697,0.8980750594964807
0.6890756302521008,0.6932773109243697,0.9009700926144376
0.6974789915966386,0.6932773109243697,0.903791705427494
0.7058823529411764,0.6932773109243697,0.9065412628082706
0.7142857142857143,0.6932773109243697,0.9092201328592109
0.7226890756302521,0.6932773109243697,0.9118296849119782
0.7310924369747899,0.6932773109243697,0.9143712876383772
0.7394957983193277,0.6932773109243697,0.9168463072706776
0.7478991596638656,0.6932773109243697,0.9192561059289849
0.7563025210084033,0.6932773109243697,0.9216020400530847
0.7647058823529411,0.6932773109243697,0.9238854589360136
0.7731092436974789,0.6932773109243697,0.9261077033564588
0.7815126050420168,0.6932773109243697,0.9282701043069551
0.7899159663865546,0.6932773109243697,0.9303739818147562
0.7983193277310924,0.6932773109243697,0.9324206438521664
0.8067226890756303,0.6932773109243697,0.9344113853330733
0.8151260504201681,0.6932773109243697,0.9363474871923713
0.8235294117647058,0.6932773109243697,0.9382302155449488
0.8319327731092436,0.6932773109243697,0.9400608209209083
0.8403361344537815,0.6932773109243697,0.9418405375736926
0.8487394957983193,0.6932773109243697,0.9435705828578139
0.8571428571428571,0.6932773109243697,0.9452521566729191
0.8655462184873949,0.6932773109243697,0.9468864409709612
0.8739495798319328,0.6932773109243697,0.9484745993233094
0.8823529411764706,0.6932773109243697,0.950017776544679
0.8907563025210083,0.6932773109243697,0.9515170983708475
0.8991596638655461,0.6932773109243697,0.9529736711871757
0.907563025210084,0.6932773109243697,0.9543885818050521
0.9159663865546218,0.6932773109243697,0.9557628972834491
0.9243697478991596,0.6932773109243697,0.9570976647928686
0.9327731092436974,0.6932773109243697,0.9583939115190501
0.9411764705882353,0.6932773109243697,0.9596526446038944
0.9495798319327731,0.6932773109243697,0.9608748511211587
0.9579831932773109,0.6932773109243697,0.9620614980845675
0.9663865546218487,0.6932773109243697,0.9632135324860753
0.9747899159663865,0.6932773109243697,0.9643318813621177
0.9831932773109243,0.6932773109243697,0.9654174518857703
0.9915966386554621,0.6932773109243697,0.9664711314828383
1.0,0.6932773109243697,0.967493787969978
0.0,0.6974789915966386,0.3968349247684044
0.008403361344537815,0.6974789915966386,0.40449916403428127
0.01680672268907563,0.6974789915966386,0.41221026549623435
0.025210084033613446,0.6974789915966386,0.4199646980238757
0.03361344537815126,0.6974789915966386,0.42775884632805466
0.04201680672268907,0.6974789915966386,0.43558901735155264
0.05042016806722689,0.6974789915966386,0.443451446978545
0.058823529411764705,0.6974789915966386,0.45134230703831396
0.06722689075630252,0.6974789915966386,0.45925771257663106
0.07563025210084033,0.6974789915966386,0.4671937293663275
0.08403361344537814,0.6974789915966386,0.47514638162685624
0.09243697478991596,0.6974789915966386,0.48311165992113736
0.10084033613445378,0.6974789915966386,0.49108552919668574
0.1092436974789916,0.6974789915966386,0.4990639369369608
0.11764705882352941,0.6974789915966386,0.5070428213880682
0.12605042016806722,0.6974789915966386,0.515018119825384
0.13445378151260504,0.6974789915966386,0.5229857768243767
0.14285714285714285,0.6974789915966386,0.5309417524998719
0.15126050420168066,0.6974789915966386,0.5388820306782366
0.15966386554621848,0.6974789915966386,0.5468026269674604
0.1680672268907563,0.6974789915966386,0.5546995966908582
0.1764705882352941,0.6974789915966386,0.5625690426511253
0.18487394957983191,0.6974789915966386,0.570407122692712
0.19327731092436973,0.6974789915966386,0.5782100570319493
0.20168067226890757,0.6974789915966386,0.5859741353260217
0.21008403361344538,0.6974789915966386,0.5936957234537477
0.2184873949579832,0.6974789915966386,0.6013712699831497
0.226890756302521,0.6974789915966386,0.6089973123029779
0.23529411764705882,0.6974789915966386,0.6165704823976428
0.24369747899159663,0.6974789915966386,0.6240875122474214
0.25210084033613445,0.6974789915966386,0.6315452388382752
0.26050420168067223,0.6974789915966386,0.638940608768152
0.2689075630252101,0.6974789915966386,0.6462706824392032
0.2773109243697479,0.6974789915966386,0.6535326378279124
0.2857142857142857,0.6974789915966386,0.6607237738276815
0.29411764705882354,0.6974789915966386,0.6678415131609281
0.3025210084033613,0.6974789915966386,0.674883404860188
0.31092436974789917,0.6974789915966386,0.6818471263201004
0.31932773109243695,0.6974789915966386,0.6887304849244025
0.3277310924369748,0.6974789915966386,0.6955314192542377
0.3361344537815126,0.6974789915966386,0.7022479998860952
0.3445378151260504,0.6974789915966386,0.7088784297896017
0.3529411764705882,0.6974789915966386,0.7154210443371203
0.36134453781512604,0.6974789915966386,0.7218743109387027
0.36974789915966383,0.6974789915966386,0.728236828317361
0.37815126050420167,0.6974789915966386,0.7345073254408837
0.38655462184873945,0.6974789915966386,0.7406846601275076
0.3949579831932773,0.6974789915966386,0.746767817343683
0.40336134453781514,0.6974789915966386,0.7527559072129164
0.4117647058823529,0.6974789915966386,0.7586481627552726
0.42016806722689076,0.6974789915966386,0.7644439373775441
0.42857142857142855,0.6974789915966386,0.7701427021343826
0.4369747899159664,0.6974789915966386,0.7757440427808092
0.4453781512605042,0.6974789915966386,0.7812476566365274
0.453781512605042,0.6974789915966386,0.7866533492823222
0.4621848739495798,0.6974789915966386,0.791961031108574
0.47058823529411764,0.6974789915966386,0.7971707137355578
0.4789915966386554,0.6974789915966386,0.8022825063247326
0.48739495798319327,0.6974789915966386,0.8072966117996679
0.49579831932773105,0.6974789915966386,0.8122133229946337
0.5042016806722689,0.6974789915966386,0.8170330187481688
0.5126050420168067,0.6974789915966386,0.8217561599581921
0.5210084033613445,0.6974789915966386,0.8263832856144069
0.5294117647058824,0.6974789915966386,0.8309150088229111
0.5378151260504201,0.6974789915966386,0.8353520128370396
0.5462184873949579,0.6974789915966386,0.839695047107575
0.5546218487394958,0.6974789915966386,0.8439449233645537
0.5630252100840336,0.6974789915966386,0.8481025117419678
0.5714285714285714,0.6974789915966386,0.8521687369557625
0.5798319327731092,0.6974789915966386,0.8561445745446102
0.5882352941176471,0.6974789915966386,0.860031047182055
0.5966386554621849,0.6974789915966386,0.8638292210677424
0.6050420168067226,0.6974789915966386,0.8675402024045993
0.6134453781512604,0.6974789915966386,0.8711651339680037
0.6218487394957983,0.6974789915966386,0.8747051917721821
0.6302521008403361,0.6974789915966386,0.8781615818383188
0.6386554621848739,0.6974789915966386,0.8815355370681293
0.6470588235294117,0.6974789915966386,0.8848283142259548
0.6554621848739496,0.6974789915966386,0.8880411910317934
0.6638655462184874,0.6974789915966386,0.8911754633670571
0.6722689075630252,0.6974789915966386,0.8942324425942814
0.680672268907563,0.6974789915966386,0.89721345299147
0.6890756302521008,0.6974789915966386,0.9001198293012718
0.6974789915966386,0.6974789915966386,0.9029529143947216
0.7058823529411764,0.6974789915966386,0.9057140570488685
0.7142857142857143,0.6974789915966386,0.9084046098372264
0.7226890756302521,0.6974789915966386,0.9110259271316444
0.7310924369747899,0.6974789915966386,0.9135793632138848
0.7394957983193277,0.6974789915966386,0.9160662704949148
0.7478991596638656,0.6974789915966386,0.9184879978396864
0.7563025210084033,0.6974789915966386,0.9208458889949553
0.7647058823529411,0.6974789915966386,0.9231412811175167
0.7731092436974789,0.6974789915966386,0.9253755034000672
0.7815126050420168,0.6974789915966386,0.9275498757917884
0.7899159663865546,0.6974789915966386,0.9296657078106223
0.7983193277310924,0.6974789915966386,0.9317242974441439
0.8067226890756303,0.6974789915966386,0.933726930135854
0.8151260504201681,0.6974789915966386,0.9356748778536882
0.8235294117647058,0.6974789915966386,0.937569398237499
0.8319327731092436,0.6974789915966386,0.9394117338222614
0.8403361344537815,0.6974789915966386,0.9412031113337586
0.8487394957983193,0.6974789915966386,0.9429447410535169
0.8571428571428571,0.6974789915966386,0.9446378162497882
0.8655462184873949,0.6974789915966386,0.9462835126714217
0.8739495798319328,0.6974789915966386,0.9478829881015095
0.8823529411764706,0.6974789915966386,0.9494373819677492
0.8907563025210083,0.6974789915966386,0.9509478150065318
0.8991596638655461,0.6974789915966386,0.9524153889778333
0.907563025210084,0.6974789915966386,0.953841186428058
0.9159663865546218,0.6974789915966386,0.9552262704980685
0.9243697478991596,0.6974789915966386,0.9565716847737148
0.9327731092436974,0.6974789915966386,0.957878453176263
0.9411764705882353,0.6974789915966386,0.959147579890211
0.9495798319327731,0.6974789915966386,0.9603800493260691
0.9579831932773109,0.6974789915966386,0.9615768261157714
0.9663865546218487,0.6974789915966386,0.9627388551384791
0.9747899159663865,0.6974789915966386,0.9638670615746208
0.9831932773109243,0.6974789915966386,0.9649623509861157
0.9915966386554621,0.6974789915966386,0.9660256094208017
1.0,0.6974789915966386,0.9670577035391941
0.0,0.7016806722689075,0.3968349247684044
0.008403361344537815,0.7016806722689075,0.4044712768297017
0.01680672268907563,0.7016806722689075,0.41215416434843427
0.025210084033613446,0.7016806722689075,0.41988009494450207
0.03361344537815126,0.7016806722689075,0.42764549324859125
0.04201680672268907,0.7016806722689075,0.4354467071748932
0.05042016806722689,0.7016806722689075,0.4432800145059686
0.058823529411764705,0.7016806722689075,0.45114162976588396
0.06722689075630252,0.7016806722689075,0.4590277113557349
0.07563025210084033,0.7016806722689075,0.46693436892382895
0.08403361344537814,0.7016806722689075,0.4748576709411232
0.09243697478991596,0.7016806722689075,0.482793652451044
0.10084033613445378,0.7016806722689075,0.49073832296155023
0.1092436974789916,0.7016806722689075,0.49868767444626766
0.11764705882352941,0.7016806722689075,0.5066376894207243
0.12605042016806722,0.7016806722689075,0.5145843490591644
0.13445378151260504,0.7016806722689075,0.5225236413171209
0.14285714285714285,0.7016806722689075,0.530451569024884
0.15126050420168066,0.7016806722689075,0.5383641579172167
0.15966386554621848,0.7016806722689075,0.546257464565138
0.1680672268907563,0.7016806722689075,0.5541275841763096
0.1764705882352941,0.7016806722689075,0.5619706582315231
0.18487394957983191,0.7016806722689075,0.5697828819259698
0.19327731092436973,0.7016806722689075,0.5775605113853848
0.20168067226890757,0.7016806722689075,0.58529987062876
0.21008403361344538,0.7016806722689075,0.5929973582511171
0.2184873949579832,0.7016806722689075,0.6006494538017845
0.226890756302521,0.7016806722689075,0.6082527238357276
0.23529411764705882,0.7016806722689075,0.6158038276177027
0.24369747899159663,0.7016806722689075,0.6232995224613334
0.25210084033613445,0.7016806722689075,0.6307366686876044
0.26050420168067223,0.7016806722689075,0.638112234189729
0.2689075630252101,0.7016806722689075,0.6454232985938274
0.2773109243697479,0.7016806722689075,0.6526670570073464
0.2857142857142857,0.7016806722689075,0.6598408233496289
0.29411764705882354,0.7016806722689075,0.6669420332614853
0.3025210084033613,0.7016806722689075,0.6739682465929993
0.31092436974789917,0.7016806722689075,0.6809171494711135
0.31932773109243695,0.7016806722689075,0.6877865559507603
0.3277310924369748,0.7016806722689075,0.6945744092554069
0.3361344537815126,0.7016806722689075,0.7012787826148784
0.3445378151260504,0.7016806722689075,0.7078978797101771
0.3529411764705882,0.7016806722689075,0.7144300347367243
0.36134453781512604,0.7016806722689075,0.7208737120990214
0.36974789915966383,0.7016806722689075,0.7272275057511252
0.37815126050420167,0.7016806722689075,0.7334901381985812
0.38655462184873945,0.7016806722689075,0.7396604591785411
0.3949579831932773,0.7016806722689075,0.7457374440357102
0.40336134453781514,0.7016806722689075,0.7517201918125266
0.4117647058823529,0.7016806722689075,0.757607923072579
0.42016806722689076,0.7016806722689075,0.7633999774767072
0.42857142857142855,0.7016806722689075,0.7690958111315319
0.4369747899159664,0.7016806722689075,0.7746949937303124
0.4453781512605042,0.7016806722689075,0.7801972055060442
0.453781512605042,0.7016806722689075,0.7856022340166109
0.4621848739495798,0.7016806722689075,0.7909099707815672
0.47058823529411764,0.7016806722689075,0.7961204077898081
0.4789915966386554,0.7016806722689075,0.8012336338969358
0.48739495798319327,0.7016806722689075,0.8062498311306251
0.49579831932773105,0.7016806722689075,0.8111692709216808
0.5042016806722689,0.7016806722689075,0.8159923102778199
0.5126050420168067,0.7016806722689075,0.8207193879164815
0.5210084033613445,0.7016806722689075,0.8253510203721913
0.5294117647058824,0.7016806722689075,0.8298877980931985
0.5378151260504201,0.7016806722689075,0.8343303815412486
0.5462184873949579,0.7016806722689075,0.8386794973074994
0.5546218487394958,0.7016806722689075,0.8429359342566933
0.5630252100840336,0.7016806722689075,0.847100539710817
0.5714285714285714,0.7016806722689075,0.8511742156825906
0.5798319327731092,0.7016806722689075,0.855157915168239
0.5882352941176471,0.7016806722689075,0.8590526385081334
0.5966386554621849,0.7016806722689075,0.8628594298230293
0.6050420168067226,0.7016806722689075,0.8665793735327998
0.6134453781512604,0.7016806722689075,0.8702135909637481
0.6218487394957983,0.7016806722689075,0.873763237049808
0.6302521008403361,0.7016806722689075,0.8772294971321852
0.6386554621848739,0.7016806722689075,0.880613583861288
0.6470588235294117,0.7016806722689075,0.8839167342040964
0.6554621848739496,0.7016806722689075,0.8871402065595
0.6638655462184874,0.7016806722689075,0.8902852779835014
0.6722689075630252,0.7016806722689075,0.8933532415256392
0.680672268907563,0.7016806722689075,0.8963454036774332
0.6890756302521008,0.7016806722689075,0.8992630819331787
0.6974789915966386,0.7016806722689075,0.9021076024629562
0.7058823529411764,0.7016806722689075,0.9048802978973055
0.7142857142857143,0.7016806722689075,0.9075825052226368
0.7226890756302521,0.7016806722689075,0.9102155637861075
0.7310924369747899,0.7016806722689075,0.9127808134083769
0.7394957983193277,0.7016806722689075,0.9152795926023869
0.7478991596638656,0.7016806722689075,0.9177132368960521
0.7563025210084033,0.7016806722689075,0.920083077256549
0.7647058823529411,0.7016806722689075,0.922390438613691
0.7731092436974789,0.7016806722689075,0.9246366384797214
0.7815126050420168,0.7016806722689075,0.9268229856627264
0.7899159663865546,0.7016806722689075,0.9289507790707492
0.7983193277310924,0.7016806722689075,0.9310213066036118
0.8067226890756303,0.7016806722689075,0.9330358441293661
0.8151260504201681,0.7016806722689075,0.9349956545422635
0.8235294117647058,0.7016806722689075,0.9369019868990878
0.8319327731092436,0.7016806722689075,0.9387560756306862
0.8403361344537815,0.7016806722689075,0.9405591398255343
0.8487394957983193,0.7016806722689075,0.9423123825821751
0.8571428571428571,0.7016806722689075,0.9440169904274042
0.8655462184873949,0.7016806722689075,0.9456741327971028
0.8739495798319328,0.7016806722689075,0.9472849615766656
0.8823529411764706,0.7016806722689075,0.9488506106980232
0.8907563025210083,0.7016806722689075,0.9503721957903168
0.8991596638655461,0.7016806722689075,0.9518508138813487
0.907563025210084,0.7016806722689075,0.9532875431470068
0.9159663865546218,0.7016806722689075,0.9546834427059303
0.9243697478991596,0.7016806722689075,0.956039552456769
0.9327731092436974,0.7016806722689075,0.9573568929554677
0.9411764705882353,0.7016806722689075,0.9586364653300922
0.9495798319327731,0.7016806722689075,0.9598792512308029
0.9579831932773109,0.7016806722689075,0.9610862128126603
0.9663865546218487,0.7016806722689075,0.9622582927490508
0.9747899159663865,0.7016806722689075,0.9633964142735899
0.9831932773109243,0.7016806722689075,0.9645014812484657
0.9915966386554621,0.7016806722689075,0.9655743782572613
1.0,0.7016806722689075,0.9666159707203872
0.0,0.7058823529411764,0.3968349247684044
0.008403361344537815,0.7058823529411764,0.4044433902419641
0.01680672268907563,0.7058823529411764,0.4120980654828351
0.025210084033613446,0.7058823529411764,0.41979549657355225
0.03361344537815126,0.7058823529411764,0.4275321477651133
0.04201680672268907,0.7058823529411764,0.43530440763348843
0.05042016806722689,0.7058823529411764,0.4431085955417669
0.058823529411764705,0.7058823529411764,0.4509409683846929
0.06722689075630252,0.7058823529411764,0.45879772759039195
0.07563025210084033,0.7058823529411764,0.4666750263522886
0.08403361344537814,0.7058823529411764,0.4745689770625934
0.09243697478991596,0.7058823529411764,0.48247565891729594
0.10084033613445378,0.7058823529411764,0.49039112566137255
0.1092436974789916,0.7058823529411764,0.4983114134419026
0.11764705882352941,0.7058823529411764,0.5062325487360034
0.12605042016806722,0.7058823529411764,0.5141505563199499
0.13445378151260504,0.7058823529411764,0.5220614672455435
0.14285714285714285,0.7058823529411764,0.5299613267897417
0.15126050420168066,0.7058823529411764,0.5378462023437561
0.15966386554621848,0.7058823529411764,0.5457121912082656
0.1680672268907563,0.7058823529411764,0.5535554282620796
0.1764705882352941,0.7058823529411764,0.5613720934724954
0.18487394957983191,0.7058823529411764,0.5691584192167404
0.19327731092436973,0.7058823529411764,0.5769106973852365
0.20168067226890757,0.7058823529411764,0.5846252862389759
0.21008403361344538,0.7058823529411764,0.5922986169950181
0.2184873949579832,0.7058823529411764,0.599927200116015
0.226890756302521,0.7058823529411764,0.6075076312816956
0.23529411764705882,0.7058823529411764,0.6150365970223929
0.24369747899159663,0.7058823529411764,0.6225108799969487
0.25210084033613445,0.7058823529411764,0.629927363899657
0.26050420168067223,0.7058823529411764,0.6372830379832833
0.2689075630252101,0.7058823529411764,0.6445750011876177
0.2773109243697479,0.7058823529411764,0.6518004658654295
0.2857142857142857,0.7058823529411764,0.6589567611001117
0.29411764705882354,0.7058823529411764,0.6660413356116706
0.3025210084033613,0.7058823529411764,0.6730517602500453
0.31092436974789917,0.7058823529411764,0.6799857300769918
0.31932773109243695,0.7058823529411764,0.686841066039936
0.3277310924369748,0.7058823529411764,0.6936157162432584
0.3361344537815126,0.7058823529411764,0.7003077568244263
0.3445378151260504,0.7058823529411764,0.7069153924442062
0.3529411764705882,0.7058823529411764,0.7134369564018723
0.36134453781512604,0.7058823529411764,0.7198709103878681
0.36974789915966383,0.7058823529411764,0.7262158438877634
0.37815126050420167,0.7058823529411764,0.7324704732525827
0.38655462184873945,0.7058823529411764,0.7386336404516566
0.3949579831932773,0.7058823529411764,0.7447043115250651
0.40336134453781514,0.7058823529411764,0.7506815747535058
0.4117647058823529,0.7058823529411764,0.7565646385640231
0.42016806722689076,0.7058823529411764,0.7623528291904945
0.42857142857142855,0.7058823529411764,0.7680455881080811
0.4369747899159664,0.7058823529411764,0.7736424692610231
0.4453781512605042,0.7058823529411764,0.7791431361031976
0.453781512605042,0.7058823529411764,0.7845473584707806
0.4621848739495798,0.7058823529411764,0.7898550093061474
0.47058823529411764,0.7058823529411764,0.7950660612518528
0.4789915966386554,0.7058823529411764,0.8001805831331125
0.48739495798319327,0.7058823529411764,0.8051987363467393
0.49579831932773105,0.7058823529411764,0.8101207711739002
0.5042016806722689,0.7058823529411764,0.8149470230334389
0.5126050420168067,0.7058823529411764,0.8196779086918077
0.5210084033613445,0.7058823529411764,0.8243139224449099
0.5294117647058824,0.7058823529411764,0.8288556322863724
0.5378151260504201,0.7058823529411764,0.8333036760759487
0.5462184873949579,0.7058823529411764,0.8376587577209202
0.5546218487394958,0.7058823529411764,0.841921643382501
0.5630252100840336,0.7058823529411764,0.8460931577183969
0.5714285714285714,0.7058823529411764,0.8501741801717997
0.5798319327731092,0.7058823529411764,0.8541656413162387
0.5882352941176471,0.7058823529411764,0.8580685192648633
0.5966386554621849,0.7058823529411764,0.861883836151891
0.6050420168067226,0.7058823529411764,0.8656126546931517
0.6134453781512604,0.7058823529411764,0.8692560748318455
0.6218487394957983,0.7058823529411764,0.8728152304748916
0.6302521008403361,0.7058823529411764,0.8762912863244887
0.6386554621848739,0.7058823529411764,0.8796854348088152
0.6470588235294117,0.7058823529411764,0.8829988931151249
0.6554621848739496,0.7058823529411764,0.8862329003278566
0.6638655462184874,0.7058823529411764,0.8893887146737772
0.6722689075630252,0.7058823529411764,0.8924676108756198
0.680672268907563,0.7058823529411764,0.8954708776151492
0.6890756302521008,0.7058823529411764,0.898399815106099
0.6974789915966386,0.7058823529411764,0.901255732776979
0.7058823529411764,0.7058823529411764,0.9040399470633286
0.7142857142857143,0.7058823529411764,0.9067537793086193
0.7226890756302521,0.7058823529411764,0.9093985537726633
0.7310924369747899,0.7058823529411764,0.9119755957460715
0.7394957983193277,0.7058823529411764,0.914486229769029
0.7478991596638656,0.7058823529411764,0.916931777952405
0.7563025210084033,0.7058823529411764,0.9193135583989995
0.7647058823529411,0.7058823529411764,0.921632883722538
0.7731092436974789,0.7058823529411764,0.9238910596618571
0.7815126050420168,0.7058823529411764,0.9260893837875955
0.7899159663865546,0.7058823529411764,0.9282291442985795
0.7983193277310924,0.7058823529411764,0.9303116189050058
0.8067226890756303,0.7058823529411764,0.9323380737954501
0.8151260504201681,0.7058823529411764,0.9343097626846729
0.8235294117647058,0.7058823529411764,0.9362279259391646
0.8319327731092436,0.7058823529411764,0.9380937897773439
0.8403361344537815,0.7058823529411764,0.9399085655413231
0.8487394957983193,0.7058823529411764,0.9416734490371554
0.8571428571428571,0.7058823529411764,0.9433896199405097
0.8655462184873949,0.7058823529411764,0.945058241264731
0.8739495798319328,0.7058823529411764,0.946680458888302
0.8823529411764706,0.7058823529411764,0.9482574011387553
0.8907563025210083,0.7058823529411764,0.9497901784301501
0.8991596638655461,0.7058823529411764,0.9512798829512822
0.907563025210084,0.7058823529411764,0.9527275884018702
0.9159663865546218,0.7058823529411764,0.9541343497740243
0.9243697478991596,0.7058823529411764,0.9555012031763871
0.9327731092436974,0.7058823529411764,0.9568291656984121
0.9411764705882353,0.7058823529411764,0.9581192353123237
0.9495798319327731,0.7058823529411764,0.9593723908103918
0.9579831932773109,0.7058823529411764,0.9605895917752347
0.9663865546218487,0.7058823529411764,0.9617717785809482
0.9747899159663865,0.7058823529411764,0.962919872422949
0.9831932773109243,0.7058823529411764,0.9640347753745029
0.9915966386554621,0.7058823529411764,0.965117370467995
1.0,0.7058823529411764,0.9661685217990803
0.0,0.7100840336134454,0.3968349247684044
0.008403361344537815,0.7100840336134454,0.40441550427123485
0.01680672268907563,0.7100840336134454,0.41204196890080125
0.025210084033613446,0.7100840336134454,0.4197109029157353
0.03361344537815126,0.7100840336134454,0.42741880988900977
0.04201680672268907,0.7100840336134454,0.4351621187499851
0.05042016806722689,0.7100840336134454,0.44293719012569566
0.058823529411764705,0.7100840336134454,0.45074032295874034
0.06722689075630252,0.7100840336134454,0.4585677613772469
0.07563025210084033,0.7100840336134454,0.466415701790627
0.08403361344537814,0.7100840336134454,0.4742803001832581
0.09243697478991596,0.7100840336134454,0.4821576795768255
0.10084033613445378,0.7100840336134454,0.4900439376308593
0.1092436974789916,0.7100840336134454,0.497935154350007
0.11764705882352941,0.7100840336134454,0.505827399865812
0.12605042016806722,0.7100840336134454,0.5137167422602351
0.13445378151260504,0.7100840336134454,0.5215992553978457
0.14285714285714285,0.7100840336134454,0.529471026733555
0.15126050420168066,0.7100840336134454,0.5373281650629321
0.15966386554621848,0.7100840336134454,0.5451668081825678
0.1680672268907563,0.7100840336134454,0.5529831304285937
0.1764705882352941,0.7100840336134454,0.5607733500623469
0.18487394957983191,0.7100840336134454,0.5685337364732563
0.19327731092436973,0.7100840336134454,0.5762606171703346
0.20168067226890757,0.7100840336134454,0.5839503845351381
0.21008403361344538,0.7100840336134454,0.5915995023107319
0.2184873949579832,0.7100840336134454,0.599204511803013
0.226890756302521,0.7100840336134454,0.6067620377727097
0.23529411764705882,0.7100840336134454,0.6142687939984491
0.24369747899159663,0.7100840336134454,0.6217215884934717
0.25210084033613445,0.7100840336134454,0.6291173283608117
0.26050420168067223,0.7100840336134454,0.6364530242740837
0.2689075630252101,0.7100840336134454,0.6437257945733444
0.2773109243697479,0.7100840336134454,0.6509328689678565
0.2857142857142857,0.7100840336134454,0.6580715918399221
0.29411764705882354,0.7100840336134454,0.6651394251462652
0.3025210084033613,0.7100840336134454,0.672133950915704
0.31092436974789917,0.7100840336134454,0.6790528733440567
0.31932773109243695,0.7100840336134454,0.6858940204893338
0.3277310924369748,0.7100840336134454,0.6926553455722908
0.3361344537815126,0.7100840336134454,0.699334927889321
0.3445378151260504,0.7100840336134454,0.7059309733464529
0.3529411764705882,0.7100840336134454,0.7124418146248708
0.36134453781512604,0.7100840336134454,0.7188659109898925
0.36974789915966383,0.7100840336134454,0.7252018477567059
0.37815126050420167,0.7100840336134454,0.7314483354273871
0.38655462184873945,0.7100840336134454,0.7376042085147906
0.3949579831932773,0.7100840336134454,0.7436684240698171
0.40336134453781514,0.7100840336134454,0.7496400599293312
0.4117647058823529,0.7100840336134454,0.7555183127026089
0.42016806722689076,0.7100840336134454,0.7613024955146712
0.42857142857142855,0.7100840336134454,0.7669920355251796
0.4369747899159664,0.7100840336134454,0.7725864712417635
0.4453781512605042,0.7100840336134454,0.7780854496467118
0.453781512605042,0.7100840336134454,0.7834887231559002
0.4621848739495798,0.7100840336134454,0.7887961464286546
0.47058823529411764,0.7100840336134454,0.7940076730469721
0.4789915966386554,0.7100840336134454,0.7991233520821499
0.48739495798319327,0.7100840336134454,0.8041433245664122
0.49579831932773105,0.7100840336134454,0.8090678198865879
0.5042016806722689,0.7100840336134454,0.813897152116287
0.5126050420168067,0.7100840336134454,0.8186317163023652
0.5210084033613445,0.7100840336134454,0.8232719847207467
0.5294117647058824,0.7100840336134454,0.8278185031159262
0.5378151260504201,0.7100840336134454,0.8322718869376833
0.5462184873949579,0.7100840336134454,0.8366328175877358
0.5546218487394958,0.7100840336134454,0.8409020386882268
0.5630252100840336,0.7100840336134454,0.8450803523831052
0.5714285714285714,0.7100840336134454,0.8491686156826234
0.5798319327731092,0.7100840336134454,0.8531677368603333
0.5882352941176471,0.7100840336134454,0.8570786719111394
0.5966386554621849,0.7100840336134454,0.8609024210781451
0.6050420168067226,0.7100840336134454,0.8646400254552425
0.6134453781512604,0.7100840336134454,0.8682925636716108
0.6218487394957983,0.7100840336134454,0.8718611486635413
0.6302521008403361,0.7100840336134454,0.8753469245382867
0.6386554621848739,0.7100840336134454,0.8787510635339407
0.6470588235294117,0.7100840336134454,0.882074763078688
0.6554621848739496,0.7100840336134454,0.8853192429521479
0.6638655462184874,0.7100840336134454,0.8884857425509346
0.6722689075630252,0.7100840336134454,0.8915755182600078
0.680672268907563,0.7100840336134454,0.8945898409308661
0.6890756302521008,0.7100840336134454,0.8975299934671442
0.6974789915966386,0.7100840336134454,0.9003972685177433
0.7058823529411764,0.7100840336134454,0.9031929662771871
0.7142857142857143,0.7100840336134454,0.9059183923925449
0.7226890756302521,0.7100840336134454,0.9085748559758935
0.7310924369747899,0.7100840336134454,0.9111636677209948
0.7394957983193277,0.7100840336134454,0.9136861381225792
0.7478991596638656,0.7100840336134454,0.9161435757963738
0.7563025210084033,0.7100840336134454,0.9185372858977985
0.7647058823529411,0.7100840336134454,0.9208685686370551
0.7731092436974789,0.7100840336134454,0.9231387178881714
0.7815126050420168,0.7100840336134454,0.9253490198894169
0.7899159663865546,0.7100840336134454,0.9275007520323912
0.7983193277310924,0.7100840336134454,0.9295951817369864
0.8067226890756303,0.7100840336134454,0.9316335654093469
0.8151260504201681,0.7100840336134454,0.9336171474798958
0.8235294117647058,0.7100840336134454,0.935547159518453
0.8319327731092436,0.7100840336134454,0.9374248194234438
0.8403361344537815,0.7100840336134454,0.9392513306821914
0.8487394957983193,0.7100840336134454,0.9410278816992815
0.8571428571428571,0.7100840336134454,0.9427556451900121
0.8655462184873949,0.7100840336134454,0.9444357776359554
0.8739495798319328,0.7100840336134454,0.9460694187997049
0.8823529411764706,0.7100840336134454,0.947657691295914
0.8907563025210083,0.7100840336134454,0.9492017002157936
0.8991596638655461,0.7100840336134454,0.9507025328022851
0.907563025210084,0.7100840336134454,0.9521612581731923
0.9159663865546218,0.7100840336134454,0.9535789270896257
0.9243697478991596,0.7100840336134454,0.9549565717671815
0.9327731092436974,0.7100840336134454,0.9562952057273544
0.9411764705882353,0.7100840336134454,0.957595823686759
0.9495798319327731,0.7100840336134454,0.9588594014818234
0.9579831932773109,0.7100840336134454,0.9600868960266848
0.9663865546218487,0.7100840336134454,0.9612792453021191
0.9747899159663865,0.7100840336134454,0.962437368373398
0.9831932773109243,0.7100840336134454,0.9635621654350724
0.9915966386554621,0.7100840336134454,0.9646545178807462
1.0,0.7100840336134454,0.9657152883959954
0.0,0.7142857142857143,0.3968349247684044
0.008403361344537815,0.7142857142857143,0.40438761891768044
0.01680672268907563,0.7142857142857143,0.41198587460369707
0.025210084033613446,0.7142857142857143,0.4196263139757592
0.03361344537815126,0.7142857142857143,0.42730547963166665
0.04201680672268907,0.7142857142857143,0.43501984054702286
0.05042016806722689,0.7142857142857143,0.4427657982974977
0.058823529411764705,0.7142857142857143,0.4505396935520045
0.06722689075630252,0.7142857142857143,0.45833781281291475
0.07563025210084033,0.7142857142857143,0.4661563953777266
0.08403361344537814,0.7142857142857143,0.4739916404950636
0.09243697478991596,0.7142857142857143,0.48183971468651887
0.10084033613445378,0.7142857142857143,0.48969675920468103
0.1092436974789916,0.7142857142857143,0.4975588975967133
0.11764705882352941,0.7142857142857143,0.5054222433420998
0.12605042016806722,0.7142857142857143,0.5132829075326429
0.13445378151260504,0.7142857142857143,0.5211370065624871
0.14285714285714285,0.7142857142857143,0.5289806697958788
0.15126050420168066,0.7142857142857143,0.536810047180526
0.15966386554621848,0.7142857142857143,0.5446213167748175
0.1680672268907563,0.7142857142857143,0.5524106921577737
0.1764705882352941,0.7142857142857143,0.5601744296914464
0.18487394957983191,0.7142857142857143,0.5679088356065235
0.19327731092436973,0.7142857142857143,0.5756102728831498
0.20168067226890757,0.7142857142857143,0.5832751679004037
0.21008403361344538,0.7142857142857143,0.5909000168294762
0.2184873949579832,0.7142857142857143,0.5984813917473545
0.226890756302521,0.7142857142857143,0.6060159464497081
0.23529411764705882,0.7142857142857143,0.6135004219436833
0.24369747899159663,0.7142857142857143,0.6209316516034215
0.25210084033613445,0.7142857142857143,0.628306565973292
0.26050420168067223,0.7142857142857143,0.6356221972060774
0.2689075630252101,0.7142857142857143,0.6428756831256062
0.2773109243697479,0.7142857142857143,0.6500642709056236
0.2857142857142857,0.7142857142857143,0.6571853203589567
0.29411764705882354,0.7142857142857143,0.6642363068332897
0.3025210084033613,0.7142857142857143,0.6712148237120579
0.31092436974789917,0.7142857142857143,0.6781185845211256
0.31932773109243695,0.7142857142857143,0.6849454246439629
0.3277310924369748,0.7142857142857143,0.6916933026500217
0.3361344537815126,0.7142857142857143,0.6983603012428656
0.3445378151260504,0.7142857142857143,0.7049446278363716
0.3529411764705882,0.7142857142857143,0.7114446147689305
0.36134453781512604,0.7142857142857143,0.7178587191670783
0.36974789915966383,0.7142857142857143,0.7241855224713307
0.37815126050420167,0.7142857142857143,0.7304237296382036
0.38655462184873945,0.7142857142857143,0.7365721680334634
0.3949579831932773,0.7142857142857143,0.7426297860325616
0.40336134453781514,0.7142857142857143,0.7485956513449727
0.4117647058823529,0.7142857142857143,0.7544689490797796
0.42016806722689076,0.7142857142857143,0.7602489795703187
0.42857142857142855,0.7142857142857143,0.7659351559760506
0.4369747899159664,0.7142857142857143,0.7715270016800172
0.4453781512605042,0.7142857142857143,0.7770241475003387
0.453781512605042,0.7142857142857143,0.7824263287341608
0.4621848739495798,0.7142857142857143,0.7877333820523178
0.47058823529411764,0.7142857142857143,0.7929452422627262
0.4789915966386554,0.7142857142857143,0.7980619389601786
0.48739495798319327,0.7142857142857143,0.803083593079776
0.49579831932773105,0.7142857142857143,0.8080104133707323
0.5042016806722689,0.7142857142857143,0.8128426928067108
0.5126050420168067,0.7142857142857143,0.8175808049482145
0.5210084033613445,0.7142857142857143,0.8222252002718784
0.5294117647058824,0.7142857142857143,0.826776402480779
0.5378151260504201,0.7142857142857143,0.8312350048091282
0.5462184873949579,0.7142857142857143,0.8356016663339277
0.5546218487394958,0.7142857142857143,0.8398771083053673
0.5630252100840336,0.7142857142857143,0.8440621105069386
0.5714285714285714,0.7142857142857143,0.8481575076554143
0.5798319327731092,0.7142857142857143,0.8521641858500385
0.5882352941176471,0.7142857142857143,0.8560830790794601
0.5966386554621849,0.7142857142857143,0.8599151657941507
0.6050420168067226,0.7142857142857143,0.8636614655512646
0.6134453781512604,0.7142857142857143,0.8673230357381474
0.6218487394957983,0.7142857142857143,0.8709009683799592
0.6302521008403361,0.7142857142857143,0.874396387036168
0.6386554621848739,0.7142857142857143,0.8778104437899987
0.6470588235294117,0.7142857142857143,0.8811443163342612
0.6554621848739496,0.7142857142857143,0.8843992051563739
0.6638655462184874,0.7142857142857143,0.8875763308248115
0.6722689075630252,0.7142857142857143,0.8906769313786526
0.680672268907563,0.7142857142857143,0.8937022598214015
0.6890756302521008,0.7142857142857143,0.896653581719757
0.6974789915966386,0.7142857142857143,0.8995321729075773
0.7058823529411764,0.7142857142857143,0.9023393172948663
0.7142857142857143,0.7142857142857143,0.9050763047812296
0.7226890756302521,0.7142857142857143,0.9077444292729138
0.7310924369747899,0.7142857142857143,0.9103449868022153
0.7394957983193277,0.7142857142857143,0.9128792737477802
0.7478991596638656,0.7142857142857143,0.9153485851540476
0.7563025210084033,0.7142857142857143,0.9177542131478842
0.7647058823529411,0.7142857142857143,0.9200974454502454
0.7731092436974789,0.7142857142857143,0.922379563980537
0.7815126050420168,0.7142857142857143,0.9246018435512079
0.7899159663865546,0.7142857142857143,0.9267655506499728
0.7983193277310924,0.7142857142857143,0.9288719423069688
0.8067226890756303,0.7142857142857143,0.9309222650440695
0.8151260504201681,0.7142857142857143,0.9329177539035133
0.8235294117647058,0.7142857142857143,0.9348596315529575
0.8319327731092436,0.7142857142857143,0.9367491074640458
0.8403361344537815,0.7142857142857143,0.9385873771615555
0.8487394957983193,0.7142857142857143,0.9403756215401899
0.8571428571428571,0.7142857142857143,0.942115006246096
0.8655462184873949,0.7142857142857143,0.9438066811202026
0.8739495798319328,0.7142857142857143,0.9454517797005091
0.8823529411764706,0.7142857142857143,0.9470514187804917
0.8907563025210083,0.7142857142857143,0.9486066980208445
0.8991596638655461,0.7142857142857143,0.9501186996118192
0.907563025210084,0.7142857142857143,0.9515884879834976
0.9159663865546218,0.7142857142857143,0.953017109561384
0.9243697478991596,0.7142857142857143,0.9544055925647824
0.9327731092436974,0.7142857142857143,0.955754946845488
0.9411764705882353,0.7142857142857143,0.9570661637644056
0.9495798319327731,0.7142857142857143,0.9583402161037751
0.9579831932773109,0.7142857142857143,0.9595780580127721
0.9663865546218487,0.7142857142857143,0.9607806249843246
0.9747899159663865,0.7142857142857143,0.9619488338610728
0.9831932773109243,0.7142857142857143,0.9630835828684751
0.9915966386554621,0.7142857142857143,0.9641857516731468
1.0,0.7142857142857143,0.9652562014646011
0.0,0.7184873949579832,0.3968349247684044
0.008403361344537815,0.7184873949579832,0.4043597341814672
0.01680672268907563,0.7184873949579832,0.41192978259288643
0.025210084033613446,0.7184873949579832,0.4195417297583311
0.03361344537815126,0.7184873949579832,0.4271921570044668
0.04201680672268907,0.7184873949579832,0.4348775730472345
0.05042016806722689,0.7184873949579832,0.4425944200969031
0.058823529411764705,0.7184873949579832,0.4503390802284433
0.06722689075630252,0.7184873949579832,0.45810788199398067
0.07563025210084033,0.7184873949579832,0.46589710725242983
0.08403361344537814,0.7184873949579832,0.47370299818990985
0.09243697478991596,0.7184873949579832,0.4815217645032158
0.10084033613445378,0.7184873949579832,0.48934959071747136
0.1092436974789916,0.7184873949579832,0.4971826436081434
0.11764705882352941,0.7184873949579832,0.5050170796968566
0.12605042016806722,0.7184873949579832,0.5128490527899212
0.13445378151260504,0.7184873949579832,0.5206747215281808
0.14285714285714285,0.7184873949579832,0.5284902569167071
0.15126050420168066,0.7184873949579832,0.5362918498030135
0.15966386554621848,0.7184873949579832,0.5440757182728234
0.1680672268907563,0.7184873949579832,0.5518381149330212
0.1764705882352941,0.7184873949579832,0.5595753340522086
0.18487394957983191,0.7184873949579832,0.5672837185302979
0.19327731092436973,0.7184873949579832,0.5749596666697673
0.20168067226890757,0.7184873949579832,0.5825996387225876
0.21008403361344538,0.7184873949579832,0.5902001631883691
0.2184873949579832,0.7184873949579832,0.5977578428409772
0.226890756302521,0.7184873949579832,0.6052693604626921
0.23529411764705882,0.7184873949579832,0.6127314842669287
0.24369747899159663,0.7184873949579832,0.6201410729925734
0.25210084033613445,0.7184873949579832,0.6274950806551032
0.26050420168067223,0.7184873949579832,0.634790560941824
0.2689075630252101,0.7184873949579832,0.6420246712407613
0.2773109243697479,0.7184873949579832,0.649194676294959
0.2857142857142857,0.7184873949579832,0.6562979514761476
0.29411764705882354,0.7184873949579832,0.6633319856739377
0.3025210084033613,0.7184873949579832,0.6702943837988342
0.31092436974789917,0.7184873949579832,0.6771828688994617
0.31932773109243695,0.7184873949579832,0.6839952838964006
0.3277310924369748,0.7184873949579832,0.6907295929369671
0.3361344537815126,0.7184873949579832,0.6973838823770862
0.3445378151260504,0.7184873949579832,0.7039563613981372
0.3529411764705882,0.7184873949579832,0.7104453622682295
0.36134453781512604,0.7184873949579832,0.7168493402588457
0.36974789915966383,0.7184873949579832,0.7231668732291118
0.37815126050420167,0.7184873949579832,0.7293966608911525
0.38655462184873945,0.7184873949579832,0.73553752377104
0.3949579831932773,0.7184873949579832,0.7415884018807477
0.40336134453781514,0.7184873949579832,0.7475483531172983
0.4117647058823529,0.7184873949579832,0.7534165514059065
0.42016806722689076,0.7184873949579832,0.7591922846044155
0.42857142857142855,0.7184873949579832,0.7648749521866733
0.4369747899159664,0.7184873949579832,0.7704640627227212
0.4453781512605042,0.7184873949579832,0.7759592311737674
0.453781512605042,0.7184873949579832,0.7813601760199076
0.4621848739495798,0.7184873949579832,0.7866667162384217
0.47058823529411764,0.7184873949579832,0.7918787681502629
0.4789915966386554,0.7184873949579832,0.7969963421520282
0.48739495798319327,0.7184873949579832,0.8020195393503025
0.49579831932773105,0.7184873949579832,0.8069485481147867
0.5042016806722689,0.7184873949579832,0.8117836405660813
0.5126050420168067,0.7184873949579832,0.8165251690133911
0.5210084033613445,0.7184873949579832,0.8211735623567572
0.5294117647058824,0.7184873949579832,0.8257293224677396
0.5378151260504201,0.7184873949579832,0.830193020561739
0.5462184873949579,0.7184873949579832,0.834565293574388
0.5546218487394958,0.7184873949579832,0.8388468405536766
0.5630252100840336,0.7184873949579832,0.8430384190786873
0.5714285714285714,0.7184873949579832,0.8471408417150216
0.5798319327731092,0.7184873949579832,0.8511549725162171
0.5882352941176471,0.7184873949579832,0.8550817235796574
0.5966386554621849,0.7184873949579832,0.8589220516647132
0.6050420168067226,0.7184873949579832,0.8626769548800846
0.6134453781512604,0.7184873949579832,0.8663474694465777
0.6218487394957983,0.7184873949579832,0.8699346665408276
0.6302521008403361,0.7184873949579832,0.8734396492247807
0.6386554621848739,0.7184873949579832,0.8768635494650908
0.6470588235294117,0.7184873949579832,0.8802075252459347
0.6554621848739496,0.7184873949579832,0.8834727577781524
0.6638655462184874,0.7184873949579832,0.8866604488070374
0.6722689075630252,0.7184873949579832,0.8897718180205625
0.680672268907563,0.7184873949579832,0.8928081005593164
0.6890756302521008,0.7184873949579832,0.895770544628947
0.6974789915966386,0.7184873949579832,0.8986604092154734
0.7058823529411764,0.7184873949579832,0.9014789619034097
0.7142857142857143,0.7184873949579832,0.9042274767962756
0.7226890756302521,0.7184873949579832,0.9069072325387209
0.7310924369747899,0.7184873949579832,0.90951951043918
0.7394957983193277,0.7184873949579832,0.9120655926916884
0.7478991596638656,0.7184873949579832,0.9145467606952413
0.7563025210084033,0.7184873949579832,0.9169642934688494
0.7647058823529411,0.7184873949579832,0.9193194661602481
0.7731092436974789,0.7184873949579832,0.9216135486460404
0.7815126050420168,0.7184873949579832,0.9238478042209128
0.7899159663865546,0.7184873949579832,0.9260234883734266
0.7983193277310924,0.7184873949579832,0.9281418476457871
0.8067226890756303,0.7184873949579832,0.9302041185749123
0.8151260504201681,0.7184873949579832,0.9322115267120457
0.8235294117647058,0.7184873949579832,0.9341652857181165
0.8319327731092436,0.7184873949579832,0.9360665965320134
0.8403361344537815,0.7184873949579832,0.9379166466089175
0.8487394957983193,0.7184873949579832,0.9397166092258369
0.8571428571428571,0.7184873949579832,0.9414676428514878
0.8655462184873949,0.7184873949579832,0.9431708905776862
0.8739495798319328,0.7184873949579832,0.9448274796094402
0.8823529411764706,0.7184873949579832,0.9464385208109675
0.8907563025210083,0.7184873949579832,0.9480051083049043
0.8991596638655461,0.7184873949579832,0.9495283191220256
0.907563025210084,0.7184873949579832,0.951009212898851
0.9159663865546218,0.7184873949579832,0.952448831620563
0.9243697478991596,0.7184873949579832,0.953848199406748
0.9327731092436974,0.7184873949579832,0.9552083223375168
0.9411764705882353,0.7184873949579832,0.9565301883176527
0.9495798319327731,0.7184873949579832,0.9578147669764947
0.9579831932773109,0.7184873949579832,0.9590630096013497
0.9663865546218487,0.7184873949579832,0.9602758491022979
0.9747899159663865,0.7184873949579832,0.9614542000063362
0.9831932773109243,0.7184873949579832,0.9625989584788859
0.9915966386554621,0.7184873949579832,0.9637110023707605
1.0,0.7184873949579832,0.9647911912887808
0.0,0.7226890756302521,0.3968349247684044
0.008403361344537815,0.7226890756302521,0.4043318500627616
0.01680672268907563,0.7226890756302521,0.4118736928697332
0.025210084033613446,0.7226890756302521,0.4194571502681568
0.03361344537815126,0.7226890756302521,0.4270788420187898
0.04201680672268907,0.7226890756302521,0.43473531627324563
0.05042016806722689,0.7226890756302521,0.44242305556362904
0.058823529411764705,0.7226890756302521,0.45013848305199367
0.06722689075630252,0.7226890756302521,0.45787796901699945
0.07563025210084033,0.7226890756302521,0.4656378375535401
0.08403361344537814,0.7226890756302521,0.47341437345965054
0.09243697478991596,0.7226890756302521,0.48120382928370803
0.10084033613445378,0.7226890756302521,0.4890024325038254
0.1092436974789916,0.7226890756302521,0.49680639281040667
0.11764705882352941,0.7226890756302521,0.5046119094621094
0.12605042016806722,0.7226890756302521,0.512415178684938
0.13445378151260504,0.7226890756302521,0.5202124010838872
0.14285714285714285,0.7226890756302521,0.5279997890364648
0.15126050420168066,0.7226890756302521,0.5357735740375544
0.15966386554621848,0.7226890756302521,0.5435300139654182
0.1680672268907563,0.7226890756302521,0.5512654002392035
0.1764705882352941,0.7226890756302521,0.5589760648390752
0.18487394957983191,0.7226890756302521,0.5666583871610632
0.19327731092436973,0.7226890756302521,0.5743088006798593
0.20168067226890757,0.7226890756302521,0.5819237993941294
0.21008403361344538,0.7226890756302521,0.5894999440303904
0.2184873949579832,0.7226890756302521,0.5970338679831378
0.226890756302521,0.7226890756302521,0.6045222829706782
0.23529411764705882,0.7226890756302521,0.6119619843879875
0.24369747899159663,0.7226890756302521,0.6193498563399011
0.25210084033613445,0.7226890756302521,0.6266828763399696
0.26050420168067223,0.7226890756302521,0.6339581196624287
0.2689075630252101,0.7226890756302521,0.6411727633368576
0.2773109243697479,0.7226890756302521,0.648324089777252
0.2857142857142857,0.7226890756302521,0.6554094900393925
0.29411764705882354,0.7226890756302521,0.6624264667025104
0.3025210084033613,0.7226890756302521,0.6693726363733449
0.31092436974789917,0.7226890756302521,0.6762457318127223
0.31932773109243695,0.7226890756302521,0.6830436036867529
0.3277310924369748,0.7226890756302521,0.6897642219466199
0.3361344537815126,0.7226890756302521,0.6964056768427309
0.3445378151260504,0.7226890756302521,0.7029661795806713
0.3529411764705882,0.7226890756302521,0.7094440626279728
0.36134453781512604,0.7226890756302521,0.7158377796821488
0.36974789915966383,0.7226890756302521,0.7221459053117615
0.37815126050420167,0.7226890756302521,0.7283671342834609
0.38655462184873945,0.7226890756302521,0.734500280588984
0.3949579831932773,0.7226890756302521,0.7405442761870021
0.40336134453781514,0.7226890756302521,0.7464981694754711
0.4117647058823529,0.7226890756302521,0.7523611235107702
0.42016806722689076,0.7226890756302521,0.7581324139904106
0.42857142857142855,0.7226890756302521,0.7638114270164568
0.4369747899159664,0.7226890756302521,0.7693976566570478
0.4453781512605042,0.7226890756302521,0.7748907023235243
0.453781512605042,0.7226890756302521,0.780290265980668
0.4621848739495798,0.7226890756302521,0.7855961492074673
0.47058823529411764,0.7226890756302521,0.7908082501256191
0.4789915966386554,0.7226890756302521,0.7959265602126787
0.48739495798319327,0.7226890756302521,0.8009511610164125
0.49579831932773105,0.7226890756302521,0.8058822207864369
0.5042016806722689,0.7226890756302521,0.8107199910387302
0.5126050420168067,0.7226890756302521,0.8154648030680156
0.5210084033613445,0.7226890756302521,0.8201170644223994
0.5294117647058824,0.7226890756302521,0.8246772553539737
0.5378151260504201,0.7226890756302521,0.8291459252583998
0.5462184873949579,0.7226890756302521,0.8335236891157558
0.5546218487394958,0.7226890756302521,0.8378112239441882
0.5630252100840336,0.7226890756302521,0.8420092652771414
0.5714285714285714,0.7226890756302521,0.8461186036741822
0.5798319327731092,0.7226890756302521,0.8501400812746558
0.5882352941176471,0.7226890756302521,0.854074588402653
0.5966386554621849,0.7226890756302521,0.857923060231014
0.6050420168067226,0.7226890756302521,0.861686473511345
0.6134453781512604,0.7226890756302521,0.8653658433763074
0.6218487394957983,0.7226890756302521,0.8689622202197286
0.6302521008403361,0.7226890756302521,0.8724766866594021
0.6386554621848739,0.7226890756302521,0.875910354586797
0.6470588235294117,0.7226890756302521,0.8792643623072567
0.6554621848739496,0.7226890756302521,0.8825398717736804
0.6638655462184874,0.7226890756302521,0.8857380659161045
0.6722689075630252,0.7226890756302521,0.8888601460690708
0.680672268907563,0.7226890756302521,0.8919073294981614
0.6890756302521008,0.7226890756302521,0.8948808470266092
0.6974789915966386,0.7226890756302521,0.8977819407624579
0.7058823529411764,0.7226890756302521,0.9006118619263319
0.7142857142857143,0.7226890756302521,0.9033718687795086
0.7226890756302521,0.7226890756302521,0.9060632246516396
0.7310924369747899,0.7226890756302521,0.9086871960671533
0.7394957983193277,0.7226890756302521,0.9112450509690918
0.7478991596638656,0.7226890756302521,0.9137380570388751
0.7563025210084033,0.7226890756302521,0.9161674801102644
0.7647058823529411,0.7226890756302521,0.9185345826755918
0.7731092436974789,0.7226890756302521,0.920840622482147
0.7815126050420168,0.7226890756302521,0.9230868512164637
0.7899159663865546,0.7226890756302521,0.9252745132741117
0.7983193277310924,0.7226890756302521,0.9274048446125003
0.8067226890756303,0.7226890756302521,0.9294790716841013
0.8151260504201681,0.7226890756302521,0.9314984104474343
0.8235294117647058,0.7226890756302521,0.9334640654531
0.8319327731092436,0.7226890756302521,0.9353772290021122
0.8403361344537815,0.7226890756302521,0.9372390803737518
0.8487394957983193,0.7226890756302521,0.939050785120158
0.8571428571428571,0.7226890756302521,0.9408134944248736
0.8655462184873949,0.7226890756302521,0.942528344522571
0.8739495798319328,0.7226890756302521,0.9441964561772125
0.8823529411764706,0.7226890756302521,0.9458189342159246
0.8907563025210083,0.7226890756302521,0.9473968671159083
0.8991596638655461,0.7226890756302521,0.9489313266417537
0.907563025210084,0.7226890756302521,0.950423367530573
0.9159663865546218,0.7226890756302521,0.9518740272224342
0.9243697478991596,0.7226890756302521,0.9532843256336292
0.9327731092436974,0.7226890756302521,0.9546552649703791
0.9411764705882353,0.7226890756302521,0.9559878295806504
0.9495798319327731,0.7226890756302521,0.9572829858418234
0.9579831932773109,0.7226890756302521,0.958541682082029
0.9663865546218487,0.7226890756302521,0.959764848533043
0.9747899159663865,0.7226890756302521,0.960953397312706
0.9831932773109243,0.7226890756302521,0.962108222434908
0.9915966386554621,0.7226890756302521,0.9632301998452562
1.0,0.7226890756302521,0.9643201874806218
0.0,0.726890756302521,0.3968349247684044
0.008403361344537815,0.726890756302521,0.4043039665617299
0.01680672268907563,0.726890756302521,0.41181760543560103
0.025210084033613446,0.726890756302521,0.419372575509941
0.03361344537815126,0.726890756302521,0.42696553468601217
0.04201680672268907,0.726890756302521,0.43459307024767485
0.05042016806722689,0.726890756302521,0.44225170473737974
0.058823529411764705,0.726890756302521,0.44993790208657164
0.06722689075630252,0.726890756302521,0.4576480739784955
0.07563025210084033,0.726890756302521,0.4653785864198211
0.08403361344537814,0.726890756302521,0.47312576649609267
0.09243697478991596,0.726890756302521,0.48088590928473923
0.10084033613445378,0.726890756302521,0.4886552848982989
0.1092436974789916,0.726890756302521,0.4964301456295982
0.11764705882352941,0.726890756302521,0.5042067331699202
0.12605042016806722,0.726890756302521,0.5119812858706783
0.13445378151260504,0.726890756302521,0.5197500460188093
0.14285714285714285,0.726890756302521,0.5275092670960009
0.15126050420168066,0.726890756302521,0.5352552209919847
0.15966386554621848,0.726890756302521,0.542984205142447
0.1680672268907563,0.726890756302521,0.5506925495626385
0.1764705882352941,0.726890756302521,0.558376623748496
0.18487394957983191,0.726890756302521,0.5660328434180077
0.19327731092436973,0.726890756302521,0.5736576770666573
0.20168067226890757,0.726890756302521,0.5812476523120619
0.21008403361344538,0.726890756302521,0.5887993620043455
0.2184873949579832,0.726890756302521,0.59630947008037
0.226890756302521,0.726890756302521,0.6037747171416492
0.23529411764705882,0.726890756302521,0.6111919257375769
0.24369747899159663,0.726890756302521,0.6185580053375168
0.25210084033613445,0.726890756302521,0.62586995697727
0.26050420168067223,0.726890756302521,0.6331248775674745
0.2689075630252101,0.726890756302521,0.6403199638535623
0.2773109243697479,0.726890756302521,0.6474525160189811
0.2857142857142857,0.726890756302521,0.6545199409254839
0.29411764705882354,0.726890756302521,0.6615197549863472
0.3025210084033613,0.726890756302521,0.668449586670423
0.31092436974789917,0.726890756302521,0.6753071786369051
0.31932773109243695,0.726890756302521,0.6820903895026118
0.3277310924369748,0.726890756302521,0.6887971952454243
0.3361344537815126,0.726890756302521,0.6954256902492669
0.3445378151260504,0.726890756302521,0.701974087997665
0.3529411764705882,0.726890756302521,0.7084407214244453
0.36134453781512604,0.726890756302521,0.7148240429315683
0.36974789915966383,0.726890756302521,0.721122624085369
0.37815126050420167,0.726890756302521,0.7273351550036514
0.38655462184873945,0.726890756302521,0.7334604434471081
0.3949579831932773,0.726890756302521,0.7394974136294443
0.40336134453781514,0.726890756302521,0.7454451047613412
0.4117647058823529,0.726890756302521,0.751302669344036
0.42016806722689076,0.726890756302521,0.7570693712287916
0.42857142857142855,0.726890756302521,0.7627445834589077
0.4369747899159664,0.726890756302521,0.7683277859111836
0.4453781512605042,0.726890756302521,0.7738185627538673
0.453781512605042,0.726890756302521,0.7792165997381706
0.4621848739495798,0.726890756302521,0.7845216813403271
0.47058823529411764,0.726890756302521,0.7897336877710178
0.4789915966386554,0.726890756302521,0.7948525918687053
0.48739495798319327,0.726890756302521,0.7998784558930753
0.49579831932773105,0.726890756302521,0.8048114282343685
0.5042016806722689,0.726890756302521,0.8096517400538837
0.5126050420168067,0.726890756302521,0.8143997018704018
0.5210084033613445,0.726890756302521,0.819055700106673
0.5294117647058824,0.726890756302521,0.8236201936094751
0.5378151260504201,0.726890756302521,0.8280937101560804
0.5462184873949579,0.726890756302521,0.8324768429592607
0.5546218487394958,0.726890756302521,0.8367702471822469
0.5630252100840336,0.726890756302521,0.840974636474314
0.5714285714285714,0.726890756302521,0.8450907795369317
0.5798319327731092,0.726890756302521,0.8491194967296596
0.5882352941176471,0.726890756302521,0.8530616567242366
0.5966386554621849,0.726890756302521,0.856918173214568
0.6050420168067226,0.726890756302521,0.8606900016895956
0.6134453781512604,0.726890756302521,0.8643781362753269
0.6218487394957983,0.726890756302521,0.8679836066516076
0.6302521008403361,0.726890756302521,0.8715074750485559
0.6386554621848739,0.726890756302521,0.8749508333269364
0.6470588235294117,0.726890756302521,0.8783148001461267
0.6554621848739496,0.726890756302521,0.8816005182227531
0.6638655462184874,0.726890756302521,0.8848091516824983
0.6722689075630252,0.726890756302521,0.8879418835070684
0.680672268907563,0.726890756302521,0.8909999130777992
0.6890756302521008,0.726890756302521,0.8939844538169184
0.6974789915966386,0.726890756302521,0.8968967309270477
0.7058823529411764,0.726890756302521,0.8997379792291182
0.7142857142857143,0.726890756302521,0.9025094410985096
0.7226890756302521,0.726890756302521,0.9052123644988685
0.7310924369747899,0.726890756302521,0.907848001112764
0.7394957983193277,0.726890756302521,0.910417604568038
0.7478991596638656,0.726890756302521,0.9129224287584686
0.7563025210084033,0.726890756302521,0.9153637262571214
0.7647058823529411,0.726890756302521,0.9177427468205717
0.7731092436974789,0.726890756302521,0.9200607359819951
0.7815126050420168,0.726890756302521,0.9223189337309727
0.7899159663865546,0.726890756302521,0.924518573277718
0.7983193277310924,0.726890756302521,0.926660879899333
0.8067226890756303,0.726890756302521,0.928747069865589
0.8151260504201681,0.726890756302521,0.9307783494416714
0.8235294117647058,0.726890756302521,0.9327559139652581
0.8319327731092436,0.726890756302521,0.9346809469952626
0.8403361344537815,0.726890756302521,0.9365546195295457
0.8487394957983193,0.726890756302521,0.9383780892888827
0.8571428571428571,0.726890756302521,0.9401525000644749
0.8655462184873949,0.726890756302521,0.9418789811262955
0.8739495798319328,0.726890756302521,0.9435586466895834
0.8823529411764706,0.726890756302521,0.9451925954368281
0.8907563025210083,0.726890756302521,0.9467819100926141
0.8991596638655461,0.726890756302521,0.948327657048745
0.907563025210084,0.726890756302521,0.9498308860371129
0.9159663865546218,0.726890756302521,0.9512926298478278
0.9243697478991596,0.726890756302521,0.9527139040901883
0.9327731092436974,0.726890756302521,0.954095706994127
0.9411764705882353,0.726890756302521,0.9554390192498409
0.9495798319327731,0.726890756302521,0.9567448038833725
0.9579831932773109,0.726890756302521,0.9580140061659909
0.9663865546218487,0.726890756302521,0.9592475535552796
0.9747899159663865,0.726890756302521,0.9604463556659256
0.9831932773109243,0.726890756302521,0.9616113042682641
0.9915966386554621,0.726890756302521,0.9627432733127178
1.0,0.726890756302521,0.9638431189783384
0.0,0.7310924369747899,0.3968349247684044
0.008403361344537815,0.7310924369747899,0.4042760836785384
0.01680672268907563,0.7310924369747899,0.41176152029185314
0.025210084033613446,0.7310924369747899,0.41928800548838735
0.03361344537815126,0.7310924369747899,0.4268522350175071
0.04201680672268907,0.7310924369747899,0.4344508349931341
0.05042016806722689,0.7310924369747899,0.4420803676578463
0.058823529411764705,0.7310924369747899,0.4497373373960725
0.06722689075630252,0.7310924369747899,0.45741819697496316
0.07563025210084033,0.7310924369747899,0.46511935398999643
0.08403361344537814,0.7310924369747899,0.4728371774909954
0.09243697478991596,0.7310924369747899,0.4805680047630035
0.10084033613445378,0.7310924369747899,0.48830814823540636
0.1092436974789916,0.7310924369747899,0.4960539024917963
0.11764705882352941,0.7310924369747899,0.5038015513523825
0.12605042016806722,0.7310924369747899,0.5115473750002396
0.13445378151260504,0.7310924369747899,0.519287657122387
0.14285714285714285,0.7310924369747899,0.527018692036581
0.15126050420168066,0.7310924369747899,0.534736791774806
0.15966386554621848,0.7310924369747899,0.5424382930947541
0.1680672268907563,0.7310924369747899,0.5501195643910786
0.1764705882352941,0.7310924369747899,0.5577770124789104
0.18487394957983191,0.7310924369747899,0.5654070892230021
0.19327731092436973,0.7310924369747899,0.5730062979869256
0.20168067226890757,0.7310924369747899,0.5805711998779783
0.21008403361344538,0.7310924369747899,0.5880984197648267
0.2184873949579832,0.7310924369747899,0.5955846520464398
0.226890756302521,0.7310924369747899,0.6030266661525056
0.23529411764705882,0.7310924369747899,0.6104213117572737
0.24369747899159663,0.7310924369747899,0.6177655236906116
0.25210084033613445,0.7310924369747899,0.625056326531974
0.26050420168067223,0.7310924369747899,0.6322908388749532
0.2689075630252101,0.7310924369747899,0.6394662772520899
0.2773109243697479,0.7310924369747899,0.646579959711641
0.2857142857142857,0.7310924369747899,0.6536293090400355
0.29411764705882354,0.7310924369747899,0.6606118556257553
0.3025210084033613,0.7310924369747899,0.6675252399623578
0.31092436974789917,0.7310924369747899,0.6743672147902899
0.31932773109243695,0.7310924369747899,0.6811356468790124
0.3277310924369748,0.7310924369747899,0.687828518452747
0.3361344537815126,0.7310924369747899,0.6944439282648714
0.3445378151260504,0.7310924369747899,0.7009800923275965
0.3529411764705882,0.7310924369747899,0.7074353443050635
0.36134453781512604,0.7310924369747899,0.713808135579399
0.36974789915966383,0.7310924369747899,0.7200970350005319
0.37815126050420167,0.7310924369747899,0.7263007283317269
0.38655462184873945,0.7310924369747899,0.732418017403816
0.3949579831932773,0.7310924369747899,0.7384478189919964
0.40336134453781514,0.7310924369747899,0.7443891634298303
0.4117647058823529,0.7310924369747899,0.7502411929757209
0.42016806722689076,0.7310924369747899,0.7560031599476418
0.42857142857142855,0.7310924369747899,0.7616744246422898
0.4369747899159664,0.7310924369747899,0.7672544530550944
0.4453781512605042,0.7310924369747899,0.7727428144176722
0.453781512605042,0.7310924369747899,0.7781391785693584
0.4621848739495798,0.7310924369747899,0.7834433131793892
0.47058823529411764,0.7310924369747899,0.7886550808361572
0.4789915966386554,0.7310924369747899,0.7937744360197183
0.48739495798319327,0.7310924369747899,0.7988014219734081
0.49579831932773105,0.7310924369747899,0.8037361674900267
0.5042016806722689,0.7310924369747899,0.8085788836275956
0.5126050420168067,0.7310924369747899,0.8133298603691649
0.5210084033613445,0.7310924369747899,0.8179894632405842
0.5294117647058824,0.7310924369747899,0.8225581298995372
0.5378151260504201,0.7310924369747899,0.8270363667084962
0.5462184873949579,0.7310924369747899,0.8314247453035731
0.5546218487394958,0.7310924369747899,0.8357238991705518
0.5630252100840336,0.7310924369747899,0.8399345202386737
0.5714285714285714,0.7310924369747899,0.8440573555020268
0.5798319327731092,0.7310924369747899,0.8480932036776654
0.5882352941176471,0.7310924369747899,0.8520429119088666
0.5966386554621849,0.7310924369747899,0.8559073725212085
0.6050420168067226,0.7310924369747899,0.8596875198384567
0.6134453781512604,0.7310924369747899,0.8633843270645455
0.6218487394957983,0.7310924369747899,0.866998803237273
0.6302521008403361,0.7310924369747899,0.8705319902586695
0.6386554621848739,0.7310924369747899,0.8739849600063747
0.6470588235294117,0.7310924369747899,0.8773588115297453
0.6554621848739496,0.7310924369747899,0.8806546683338426
0.6638655462184874,0.7310924369747899,0.8838736757538945
0.6722689075630252,0.7310924369747899,0.8870169984223057
0.680672268907563,0.7310924369747899,0.8900858178297989
0.6890756302521008,0.7310924369747899,0.8930813299818041
0.6974789915966386,0.7310924369747899,0.8960047431507895
0.7058823529411764,0.7310924369747899,0.8988572757248168
0.7142857142857143,0.7310924369747899,0.9016401541522409
0.7226890756302521,0.7310924369747899,0.9043546109821274
0.7310924369747899,0.7310924369747899,0.9070018829996543
0.7394957983193277,0.7310924369747899,0.9095832094554726
0.7478991596638656,0.7310924369747899,0.9120998303877508
0.7563025210084033,0.7310924369747899,0.9145529850353991
0.7647058823529411,0.7310924369747899,0.9169439103407508
0.7731092436974789,0.7310924369747899,0.9192738395398178
0.7815126050420168,0.7310924369747899,0.9215440008380597
0.7899159663865546,0.7310924369747899,0.9237556161694823
0.7983193277310924,0.7310924369747899,0.9259099000367621
0.8067226890756303,0.7310924369747899,0.9280080584299926
0.8151260504201681,0.7310924369747899,0.9300512878215764
0.8235294117647058,0.7310924369747899,0.9320407742347201
0.8319327731092436,0.7310924369747899,0.9339776923829448
0.8403361344537815,0.7310924369747899,0.9358632048779961
0.8487394957983193,0.7310924369747899,0.9376984615035077
0.8571428571428571,0.7310924369747899,0.9394845985517847
0.8655462184873949,0.7310924369747899,0.9412227382210553
0.8739495798319328,0.7310924369747899,0.9429139880705744
0.8823529411764706,0.7310924369747899,0.9445594405309674
0.8907563025210083,0.7310924369747899,0.9461601724672497
0.8991596638655461,0.7310924369747899,0.9477172447919836
0.907563025210084,0.7310924369747899,0.9492317021260862
0.9159663865546218,0.7310924369747899,0.9507045725048477
0.9243697478991596,0.7310924369747899,0.9521368671267808
0.9327731092436974,0.7310924369747899,0.9535295801429667
0.9411764705882353,0.7310924369747899,0.954883688484647
0.9495798319327731,0.7310924369747899,0.9562001517268537
0.9579831932773109,0.7310924369747899,0.9574799119859525
0.9663865546218487,0.7310924369747899,0.9587238938490369
0.9747899159663865,0.7310924369747899,0.95993300433318
0.9831932773109243,0.7310924369747899,0.9611081328726293
0.9915966386554621,0.7310924369747899,0.9622501513320901
1.0,0.7310924369747899,0.9633599140443279
0.0,0.7352941176470589,0.3968349247684044
0.008403361344537815,0.7352941176470589,0.4042482014133535
0.01680672268907563,0.7352941176470589,0.4117054374398527
0.025210084033613446,0.7352941176470589,0.4192034402081987
0.03361344537815126,0.7352941176470589,0.42673894302464466
0.04201680672268907,0.7352941176470589,0.43430861053222775
0.05042016806722689,0.7352941176470589,0.4419090443647072
0.058823529411764705,0.7352941176470589,0.4495367890443701
0.06722689075630252,0.7352941176470589,0.4571883381028658
0.07563025210084033,0.7352941176470589,0.4648601404027494
0.08403361344537814,0.7352941176470589,0.47254860663607023
0.09243697478991596,0.7352941176470589,0.48025011597514494
0.10084033613445378,0.7352941176470589,0.48796102284962034
0.1092436974789916,0.7352941176470589,0.4956776638230616
0.11764705882352941,0.7352941176470589,0.5033963645416191
0.12605042016806722,0.7352941176470589,0.5111134467268282
0.13445378151260504,0.7352941176470589,0.5188252351842919
0.14285714285714285,0.7352941176470589,0.5265280647998806
0.15126050420168066,0.7352941176470589,0.534218287495177
0.15966386554621848,0.7352941176470589,0.5418922791141724
0.1680672268907563,0.7352941176470589,0.5495464462136966
0.1764705882352941,0.7352941176470589,0.5571772327307284
0.18487394957983191,0.7352941176470589,0.5647811265005757
0.19327731092436973,0.7352941176470589,0.5723546656009328
0.20168067226890757,0.7352941176470589,0.5798944444980002
0.21008403361344538,0.7352941176470589,0.5873971199721767
0.2184873949579832,0.7352941176470589,0.5948594168023035
0.226890756302521,0.7352941176470589,0.6022781331890164
0.23529411764705882,0.7352941176470589,0.6096501458994601
0.24369747899159663,0.7352941176470589,0.6169724151173949
0.25210084033613445,0.7352941176470589,0.6242419889845753
0.26050420168067223,0.7352941176470589,0.6314560078211957
0.2689075630252101,0.7352941176470589,0.63861170801513
0.2773109243697479,0.7352941176470589,0.6457064255716672
0.2857142857142857,0.7352941176470589,0.6527375993174077
0.29411764705882354,0.7352941176470589,0.6597027737539373
0.3025210084033613,0.7352941176470589,0.6665996015588268
0.31092436974789917,0.7352941176470589,0.6734258457333808
0.31932773109243695,0.7352941176470589,0.6801793813983835
0.3277310924369748,0.7352941176470589,0.6868581972408456
0.3361344537815126,0.7352941176470589,0.6934603966164212
0.3445378151260504,0.7352941176470589,0.6999841983137455
0.3529411764705882,0.7352941176470589,0.7064279369884193
0.36134453781512604,0.7352941176470589,0.7127900632757338
0.36974789915966383,0.7352941176470589,0.7190691435924828
0.37815126050420167,0.7352941176470589,0.7252638596393474
0.38655462184873945,0.7352941176470589,0.7313730076163384
0.3949579831932773,0.7352941176470589,0.7373954971646856
0.40336134453781514,0.7352941176470589,0.7433303500493083
0.4117647058823529,0.7352941176470589,0.7491766985966541
0.42016806722689076,0.7352941176470589,0.7549337839031947
0.42857142857142855,0.7352941176470589,0.7606009538302757
0.4369747899159664,0.7352941176470589,0.76617766080129
0.4453781512605042,0.7352941176470589,0.7716634594173112
0.453781512605042,0.7352941176470589,0.7770580039073938
0.4621848739495798,0.7352941176470589,0.7823610454297005
0.47058823529411764,0.7352941176470589,0.7875724292394934
0.4789915966386554,0.7352941176470589,0.7926920917397983
0.48739495798319327,0.7352941176470589,0.7977200574302666
0.49579831932773105,0.7352941176470589,0.802656435769374
0.5042016806722689,0.7352941176470589,0.8075014179646751
0.5126050420168067,0.7352941176470589,0.8122552737053275
0.5210084033613445,0.7352941176470589,0.8169183478505678
0.5294117647058824,0.7352941176470589,0.8214910570872295
0.5378151260504201,0.7352941176470589,0.8259738865687741
0.5462184873949579,0.7352941176470589,0.8303673865476614
0.5546218487394958,0.7352941176470589,0.8346721690122066
0.5630252100840336,0.7352941176470589,0.8388889043383904
0.5714285714285714,0.7352941176470589,0.8430183179663874
0.5798319327731092,0.7352941176470589,0.847061187110876
0.5882352941176471,0.7352941176470589,0.8510183375134932
0.5966386554621849,0.7352941176470589,0.8548906402450961
0.6050420168067226,0.7352941176470589,0.8586790085648099
0.6134453781512604,0.7352941176470589,0.8623843948421608
0.6218487394957983,0.7352941176470589,0.8660077875479362
0.6302521008403361,0.7352941176470589,0.8695502083187772
0.6386554621848739,0.7352941176470589,0.8730127090998819
0.6470588235294117,0.7352941176470589,0.8763963693696145
0.6554621848739496,0.7352941176470589,0.8797022934492326
0.6638655462184874,0.7352941176470589,0.8829316079004176
0.6722689075630252,0.7352941176470589,0.8860854590127634
0.680672268907563,0.7352941176470589,0.8891650103829051
0.6890756302521008,0.7352941176470589,0.8921714405865043
0.6974789915966386,0.7352941176470589,0.8951059409438861
0.7058823529411764,0.7352941176470589,0.8979697133797193
0.7142857142857143,0.7352941176470589,0.9007639683767689
0.7226890756302521,0.7352941176470589,0.9034899230234046
0.7310924369747899,0.7352941176470589,0.9061487991542387
0.7394957983193277,0.7352941176470589,0.9087418215829883
0.7478991596638656,0.7352941176470589,0.9112702164263856
0.7563025210084033,0.7352941176470589,0.9137352095177473
0.7647058823529411,0.7352941176470589,0.9161380249085885
0.7731092436974789,0.7352941176470589,0.9184798834564966
0.7815126050420168,0.7352941176470589,0.9207620014973139
0.7899159663865546,0.7352941176470589,0.9229855895995396
0.7983193277310924,0.7352941176470589,0.9251518513987431
0.8067226890756303,0.7352941176470589,0.9272619825096804
0.8151260504201681,0.7352941176470589,0.9293171695137233
0.8235294117647058,0.7352941176470589,0.9313185890191459
0.8319327731092436,0.7352941176470589,0.9332674067917611
0.8403361344537815,0.7352941176470589,0.935164776953366
0.8487394957983193,0.7352941176470589,0.9370118412454321
0.8571428571428571,0.7352941176470589,0.9388097283554642
0.8655462184873949,0.7352941176470589,0.9405595533034522
0.8739495798319328,0.7352941176470589,0.942262416885854
0.8823529411764706,0.7352941176470589,0.9439194051745621
0.8907563025210083,0.7352941176470589,0.9455315890683349
0.8991596638655461,0.7352941176470589,0.9471000238942132
0.907563025210084,0.7352941176470589,0.9486257490564778
0.9159663865546218,0.7352941176470589,0.9501097877307509
0.9243697478991596,0.7352941176470589,0.9515531466009013
0.9327731092436974,0.7352941176470589,0.9529568156364604
0.9411764705882353,0.7352941176470589,0.9543217679083239
0.9495798319327731,0.7352941176470589,0.9556489594405697
0.9579831932773109,0.7352941176470589,0.95693932909629
0.9663865546218487,0.7352941176470589,0.9581937984954012
0.9747899159663865,0.7352941176470589,0.9594132719624641
0.9831932773109243,0.7352941176470589,0.9605986365026133
0.9915966386554621,0.7352941176470589,0.9617507618037691
1.0,0.7352941176470589,0.9628705002633647
0.0,0.7394957983193278,0.3968349247684044
0.008403361344537815,0.7394957983193278,0.4042203197663416
0.01680672268907563,0.7394957983193278,0.41164935688096255
0.025210084033613446,0.7394957983193278,0.41911887967407624
0.03361344537815126,0.7394957983193278,0.42662565871879177
0.04201680672268907,0.7394957983193278,0.4341663968875535
0.05042016806722689,0.7394957983193278,0.44173773489762747
0.058823529411764705,0.7394957983193278,0.4493362570953174
0.06722689075630252,0.7394957983193278,0.45695849745863637
0.07563025210084033,0.7394957983193278,0.46460094579672273
0.08403361344537814,0.7394957983193278,0.47226005412298017
0.09243697478991596,0.7394957983193278,0.4799322431777567
0.10084033613445378,0.7394957983193278,0.48761390907537
0.1092436974789916,0.7394957983193278,0.49530143004943405
0.11764705882352941,0.7394957983193278,0.5029911732697787
0.12605042016806722,0.7394957983193278,0.5106795017037556
0.13445378151260504,0.7394957983193278,0.518362780994422
0.14285714285714285,0.7394957983193278,0.5260373863279778
0.15126050420168066,0.7394957983193278,0.533699709262903
0.15966386554621848,0.7394957983193278,0.5413461644935099
0.1680672268907563,0.7394957983193278,0.5489731965210697
0.1764705882352941,0.7394957983193278,0.5565772862063121
0.18487394957983191,0.7394957983193278,0.5641549571778944
0.19327731092436973,0.7394957983193278,0.5717027820724253
0.20168067226890757,0.7394957983193278,0.5792173885827444
0.21008403361344538,0.7394957983193278,0.5866954652924491
0.2184873949579832,0.7394957983193278,0.594133767276063
0.226890756302521,0.7394957983193278,0.6015291214457696
0.23529411764705882,0.7394957983193278,0.6088784316272694
0.24369747899159663,0.7394957983193278,0.6161786833490341
0.25210084033613445,0.7394957983193278,0.6234269483310275
0.26050420168067223,0.7394957983193278,0.6306203886608025
0.2689075630252101,0.7394957983193278,0.6377562606467732
0.2773109243697479,0.7394957983193278,0.644831918340362
0.2857142857142857,0.7394957983193278,0.6518448167206321
0.29411764705882354,0.7394957983193278,0.6587925145369175
0.3025210084033613,0.7394957983193278,0.665672676806827
0.31092436974789917,0.7394957983193278,0.6724830769688431
0.31932773109243695,0.7394957983193278,0.6792215986904977
0.3277310924369748,0.7394957983193278,0.6858862373348336
0.3361344537815126,0.7394957983193278,0.6924751010894765
0.3445378151260504,0.7394957983193278,0.6989864117642034
0.3529411764705882,0.7394957983193278,0.7054185052643221
0.36134453781512604,0.7394957983193278,0.7117698317485394
0.36974789915966383,0.7394957983193278,0.7180389554812118
0.37815126050420167,0.7394957983193278,0.724224554390003
0.38655462184873945,0.7394957983193278,0.730325419340964
0.3949579831932773,0.7394957983193278,0.7363404531439406
0.40336134453781514,0.7394957983193278,0.7422686693019644
0.4117647058823529,0.7394957983193278,0.7481091905189303
0.42016806722689076,0.7394957983193278,0.7538612469803758
0.42857142857142855,0.7394957983193278,0.7595241744225917
0.4369747899159664,0.7394957983193278,0.7650974120055752
0.4453781512605042,0.7394957983193278,0.7705805000055244
0.453781512605042,0.7394957983193278,0.7759730773426556
0.4621848739495798,0.7394957983193278,0.781274878960098
0.47058823529411764,0.7394957983193278,0.7864857330695172
0.4789915966386554,0.7394957983193278,0.7916055582789221
0.48739495798319327,0.7394957983193278,0.7966343606178324
0.49579831932773105,0.7394957983193278,0.8015722304746441
0.5042016806722689,0.7394957983193278,0.8064193394606134
0.5126050420168067,0.7394957983193278,0.8111759372144242
0.5210084033613445,0.7394957983193278,0.815842348160775
0.5294117647058824,0.7394957983193278,0.8204189682358732
0.5378151260504201,0.7394957983193278,0.8249062615921199
0.5462184873949579,0.7394957983193278,0.8293047572936562
0.5546218487394958,0.7394957983193278,0.8336150460137803
0.5630252100840336,0.7394957983193278,0.8378377767445933
0.5714285714285714,0.7394957983193278,0.84197365352855
0.5798319327731092,0.7394957983193278,0.8460234322209096
0.5882352941176471,0.7394957983193278,0.849987917291403
0.5966386554621849,0.7394957983193278,0.8538679586727548
0.6050420168067226,0.7394957983193278,0.8576644486630217
0.6134453781512604,0.7394957983193278,0.8613783188880618
0.6218487394957983,0.7394957983193278,0.8650105373297898
0.6302521008403361,0.7394957983193278,0.8685621054252652
0.6386554621848739,0.7394957983193278,0.8720340552410362
0.6470588235294117,0.7394957983193278,0.8754274467265923
0.6554621848739496,0.7394957983193278,0.878743365050213
0.6638655462184874,0.7394957983193278,0.8819829180199633
0.6722689075630252,0.7394957983193278,0.8851472335920902
0.680672268907563,0.7394957983193278,0.8882374574685804
0.6890756302521008,0.7394957983193278,0.8912547507851991
0.6974789915966386,0.7394957983193278,0.8942002878909051
0.7058823529411764,0.7394957983193278,0.8970752542191328
0.7142857142857143,0.7394957983193278,0.8998808442510826
0.7226890756302521,0.7394957983193278,0.9026182595708049
0.7310924369747899,0.7394957983193278,0.9052887070115655
0.7394957983193277,0.7394957983193278,0.9078933968926884
0.7478991596638656,0.7394957983193278,0.9104335413458162
0.7563025210084033,0.7394957983193278,0.9129103527292969
0.7647058823529411,0.7394957983193278,0.9153250421291963
0.7731092436974789,0.7394957983193278,0.9176788179452479
0.7815126050420168,0.7394957983193278,0.9199728845598936
0.7899159663865546,0.7394957983193278,0.9222084410884201
0.7983193277310924,0.7394957983193278,0.9243866802080852
0.8067226890756303,0.7394957983193278,0.9265087870640066
0.8151260504201681,0.7394957983193278,0.9285759382495211
0.8235294117647058,0.7394957983193278,0.930589300858637
0.8319327731092436,0.7394957983193278,0.9325500316081562
0.8403361344537815,0.7394957983193278,0.9344592760270011
0.8487394957983193,0.7394957983193278,0.9363181677102552
0.8571428571428571,0.7394957983193278,0.9381278276354095
0.8655462184873949,0.7394957983193278,0.9398893635383092
0.8739495798319328,0.7394957983193278,0.9416038693462928
0.8823529411764706,0.7394957983193278,0.9432724246660407
0.8907563025210083,0.7394957983193278,0.9448960943236668
0.8991596638655461,0.7394957983193278,0.9464759279546228
0.907563025210084,0.7394957983193278,0.9480129596410164
0.9159663865546218,0.7394957983193278,0.9495082075939968
0.9243697478991596,0.7394957983193278,0.9509626738788987
0.9327731092436974,0.7394957983193278,0.9523773441808973
0.9411764705882353,0.7394957983193278,0.9537531876089749
0.9495798319327731,0.7394957983193278,0.9550911565360692
0.9579831932773109,0.7394957983193278,0.9563921864733224
0.9663865546218487,0.7394957983193278,0.9576571959764244
0.9747899159663865,0.7394957983193278,0.9588870865821053
0.9831932773109243,0.7394957983193278,0.9600827427728948
0.9915966386554621,0.7394957983193278,0.9612450319683413
1.0,0.7394957983193278,0.9623748045409417
0.0,0.7436974789915967,0.3968349247684044
0.008403361344537815,0.7436974789915967,0.4041924387376688
0.01680672268907563,0.7436974789915967,0.4115932786165454
0.025210084033613446,0.7436974789915967,0.41903432389072054
0.03361344537815126,0.7436974789915967,0.42651238211131226
0.04201680672268907,0.7436974789915967,0.43402419408170195
0.05042016806722689,0.7436974789915967,0.4415664392962594
0.058823529411764705,0.7436974789915967,0.4491357416127461
0.06722689075630252,0.7436974789915967,0.45672867513867654
0.07563025210084033,0.7436974789915967,0.4643417703105182
0.08403361344537814,0.7436974789915967,0.47197152014333926
0.09243697478991596,0.7436974789915967,0.4796143866273805
0.10084033613445378,0.7436974789915967,0.4872668072470392
0.1092436974789916,0.7436974789915967,0.49492520159693115
0.11764705882352941,0.7436974789915967,0.5025859780690338
0.12605042016806722,0.7436974789915967,0.5102455405844339
0.13445378151260504,0.7436974789915967,0.5179002953428959
0.14285714285714285,0.7436974789915967,0.5255466575633456
0.15126050420168066,0.7436974789915967,0.5331810581884276
0.15966386554621848,0.7436974789915967,0.5407999505265388
0.1680672268907563,0.7436974789915967,0.5483998168051651
0.1764705882352941,0.7436974789915967,0.5559771746099561
0.18487394957983191,0.7436974789915967,0.5635285831847369
0.19327731092436973,0.7436974789915967,0.5710506495685984
0.20168067226890757,0.7436974789915967,0.5785400345472906
0.21008403361344538,0.7436974789915967,0.5859934583973712
0.2184873949579832,0.7436974789915967,0.5934077064029224
0.226890756302521,0.7436974789915967,0.6007796341261226
0.23529411764705882,0.7436974789915967,0.608106172414528
0.24369747899159663,0.7436974789915967,0.6153843321295931
0.25210084033613445,0.7436974789915967,0.6226112085826759
0.26050420168067223,0.7436974789915967,0.6297839856665713
0.2689075630252101,0.7436974789915967,0.636899939672436
0.2773109243697479,0.7436974789915967,0.643956442783815
0.2857142857142857,0.7436974789915967,0.6509509662413338
0.29411764705882354,0.7436974789915967,0.657881083173466
0.3025210084033613,0.7436974789915967,0.664744471090603
0.31092436974789917,0.7436974789915967,0.6715389140414398
0.31932773109243695,0.7436974789915967,0.6782623044324184
0.3277310924369748,0.7436974789915967,0.6849126445126414
0.3361344537815126,0.7436974789915967,0.6914880475282639
0.3445378151260504,0.7436974789915967,0.6979867385518791
0.3529411764705882,0.7436974789915967,0.7044070549938339
0.36134453781512604,0.7436974789915967,0.7107474468037311
0.36974789915966383,0.7436974789915967,0.7170064763715812
0.37815126050420167,0.7436974789915967,0.7231828181391795
0.38655462184873945,0.7436974789915967,0.7292752579332632
0.3949579831932773,0.7436974789915967,0.7352826920328815
0.40336134453781514,0.7436974789915967,0.7412041259841697
0.4117647058823529,0.7436974789915967,0.7470386731763544
0.42016806722689076,0.7436974789915967,0.7527855531933407
0.42857142857142855,0.7436974789915967,0.7584440899556537
0.4369747899159664,0.7436974789915967,0.764013709667795
0.4453781512605042,0.7436974789915967,0.7694939385862818
0.453781512605042,0.7436974789915967,0.7748844006237295
0.4621848739495798,0.7436974789915967,0.7801848148043329
0.47058823529411764,0.7436974789915967,0.7853949925860224
0.4789915966386554,0.7436974789915967,0.7905148350643842
0.48739495798319327,0.7436974789915967,0.7955443300731945
0.49579831932773105,0.7436974789915967,0.8004835491960883
0.5042016806722689,0.7436974789915967,0.8053326447035049
0.5126050420168067,0.7436974789915967,0.8100918464286035
0.5210084033613445,0.7436974789915967,0.8147614585953609
0.5294117647058824,0.7436974789915967,0.8193418566115197
0.5378151260504201,0.7436974789915967,0.8238334838384911
0.5462184873949579,0.7436974789915967,0.8282368483497181
0.5546218487394958,0.7436974789915967,0.8325525196883741
0.5630252100840336,0.7436974789915967,0.8367811256346382
0.5714285714285714,0.7436974789915967,0.8409233489921367
0.5798319327731092,0.7436974789915967,0.8449799244024683
0.5882352941176471,0.7436974789915967,0.8489516351960851
0.5966386554621849,0.7436974789915967,0.8528393102871317
0.6050420168067226,0.7436974789915967,0.8566438211191932
0.6134453781512604,0.7436974789915967,0.8603660786682651
0.6218487394957983,0.7436974789915967,0.8640070305086224
0.6302521008403361,0.7436974789915967,0.8675676579466598
0.6386554621848739,0.7436974789915967,0.8710489732271751
0.6470588235294117,0.7436974789915967,0.874452016816
0.6554621848739496,0.7436974789915967,0.8777778547623311
0.6638655462184874,0.7436974789915967,0.8810275761435846
0.6722689075630252,0.7436974789915967,0.8842022905951121
0.680672268907563,0.7436974789915967,0.8873031259266229
0.6890756302521008,0.7436974789915967,0.890331225826724
0.6974789915966386,0.7436974789915967,0.8932877476565744
0.7058823529411764,0.7436974789915967,0.896173860333242
0.7142857142857143,0.7436974789915967,0.8989907423030068
0.7226890756302521,0.7436974789915967,0.9017395796045027
0.7310924369747899,0.7436974789915967,0.9044215640212899
0.7394957983193277,0.7436974789915967,0.9070378913231613
0.7478991596638656,0.7436974789915967,0.9095897595952261
0.7563025210084033,0.7436974789915967,0.9120783676535893
0.7647058823529411,0.7436974789915967,0.9145049135462215
0.7731092436974789,0.7436974789915967,0.9168705931374423
0.7815126050420168,0.7436974789915967,0.9191765987742614
0.7899159663865546,0.7436974789915967,0.9214241180326852
0.7983193277310924,0.7436974789915967,0.9236143325419709
0.8067226890756303,0.7436974789915967,0.9257484168846982
0.8151260504201681,0.7436974789915967,0.9278275375704487
0.8235294117647058,0.7436974789915967,0.9298528520808009
0.8319327731092436,0.7436974789915967,0.9318255079833002
0.8403361344537815,0.7436974789915967,0.9337466421120123
0.8487394957983193,0.7436974789915967,0.9356173798122419
0.8571428571428571,0.7436974789915967,0.9374388342469846
0.8655462184873949,0.7436974789915967,0.9392121057626589
0.8739495798319328,0.7436974789915967,0.9409382813116877
0.8823529411764706,0.7436974789915967,0.9426184339294906
0.8907563025210083,0.7436974789915967,0.9442536222634854
0.8991596638655461,0.7436974789915967,0.9458448901517099
0.907563025210084,0.7436974789915967,0.947393266248723
0.9159663865546218,0.7436974789915967,0.9488997636964716
0.9243697478991596,0.7436974789915967,0.9503653798378647
0.9327731092436974,0.7436974789915967,0.9517910959708361
0.9411764705882353,0.7436974789915967,0.9531778771407395
0.9495798319327731,0.7436974789915967,0.9545266719689697
0.9579831932773109,0.7436974789915967,0.955838412515763
0.9663865546218487,0.7436974789915967,0.9571140141751944
0.9747899159663865,0.7436974789915967,0.9583543756004492
0.9831932773109243,0.7436974789915967,0.9595603786575118
0.9915966386554621,0.7436974789915967,0.9607328884054768
1.0,0.7436974789915967,0.9618727531017587
0.0,0.7478991596638656,0.3968349247684044
0.008403361344537815,0.7478991596638656,0.4041645583275015
0.01680672268907563,0.7478991596638656,0.4115372026479634
0.025210084033613446,0.7478991596638656,0.4189497728628308
0.03361344537815126,0.7478991596638656,0.42639911321356655
0.04201680672268907,0.7478991596638656,0.43388200213725653
0.05042016806722689,0.7478991596638656,0.44139515760024195
0.058823529411764705,0.7478991596638656,0.4489352426604666
0.06722689075630252,0.7478991596638656,0.4564988712393571
0.07563025210084033,0.7478991596638656,0.46408261408269613
0.08403361344537814,0.7478991596638656,0.47168300488871207
0.09243697478991596,0.7478991596638656,0.47929654658050486
0.10084033613445378,0.7478991596638656,0.4869197176989663
0.1092436974789916,0.7478991596638656,0.49454897889154703
0.11764705882352941,0.7478991596638656,0.5021807794715774
0.12605042016806722,0.7478991596638656,0.5098115640223727
0.13445378151260504,0.7478991596638656,0.5174377790200478
0.14285714285714285,0.7478991596638656,0.5250558794488452
0.15126050420168066,0.7478991596638656,0.5326623353828228
0.15966386554621848,0.7478991596638656,0.5402536385079827
0.1680672268907563,0.7478991596638656,0.5478263085593233
0.1764705882352941,0.7478991596638656,0.5553768996478695
0.18487394957983191,0.7478991596638656,0.5629020064534717
0.19327731092436973,0.7478991596638656,0.5703982702600695
0.20168067226890757,0.7478991596638656,0.5778623848111487
0.21008403361344538,0.7478991596638656,0.5852911019643051
0.2184873949579832,0.7478991596638656,0.5926812371251442
0.226890756302521,0.7478991596638656,0.6000296744421514
0.23529411764705882,0.7478991596638656,0.6073333717457012
0.24369747899159663,0.7478991596638656,0.61458936521597
0.25210084033613445,0.7478991596638656,0.6217947737661907
0.26050420168067223,0.7478991596638656,0.6289468031294255
0.2689075630252101,0.7478991596638656,0.6360427496387854
0.2773109243697479,0.7478991596638656,0.643080003692827
0.2857142857142857,0.7478991596638656,0.6500560528996517
0.29411764705882354,0.7478991596638656,0.6569684848950209
0.3025210084033613,0.7478991596638656,0.6638149898315734
0.31092436974789917,0.7478991596638656,0.6705933625379656
0.31932773109243695,0.7478991596638656,0.6773015043484432
0.3277310924369748,0.7478991596638656,0.683937424604976
0.3361344537815126,0.7478991596638656,0.6904992418356521
0.3445378151260504,0.7478991596638656,0.6969851846145011
0.3529411764705882,0.7478991596638656,0.703393592109303
0.36134453781512604,0.7478991596638656,0.7097229143252402
0.36974789915966383,0.7478991596638656,0.7159717120534367
0.37815126050420167,0.7478991596638656,0.7221386565345188
0.38655462184873945,0.7478991596638656,0.7282225288483049
0.3949579831932773,0.7478991596638656,0.7342222190416013
0.40336134453781514,0.7478991596638656,0.7401367250068337
0.4117647058823529,0.7478991596638656,0.7459651511248802
0.42016806722689076,0.7478991596638656,0.7517067066860028
0.42857142857142855,0.7478991596638656,0.7573607041031953
0.4369747899159664,0.7478991596638656,0.7629265569325727
0.4453781512605042,0.7478991596638656,0.7684037777156396
0.453781512605042,0.7478991596638656,0.7737919756583886
0.4621848739495798,0.7478991596638656,0.7790908541621896
0.47058823529411764,0.7478991596638656,0.7843002082213678
0.4789915966386554,0.7478991596638656,0.789419921702212
0.48739495798319327,0.7478991596638656,0.7944499645179227
0.49579831932773105,0.7478991596638656,0.7993903897137207
0.5042016806722689,0.7478991596638656,0.8042413304759661
0.5126050420168067,0.7478991596638656,0.8090029970787278
0.5210084033613445,0.7478991596638656,0.8136756737807708
0.5294117647058824,0.7478991596638656,0.8182597156854287
0.5378151260504201,0.7478991596638656,0.8227555455752715
0.5462184873949579,0.7478991596638656,0.8271636507329134
0.5546218487394958,0.7478991596638656,0.8314845797586987
0.5630252100840336,0.7478991596638656,0.8357189393953879
0.5714285714285714,0.7478991596638656,0.8398673913693382
0.5798319327731092,0.7478991596638656,0.8439306492570247
0.5882352941176471,0.7478991596638656,0.8479094753851176
0.5966386554621849,0.7478991596638656,0.8518046777716831
0.6050420168067226,0.7478991596638656,0.85561710711544
0.6134453781512604,0.7478991596638656,0.8593476538393846
0.6218487394957983,0.7478991596638656,0.8629972451944724
0.6302521008403361,0.7478991596638656,0.8665668424284565
0.6386554621848739,0.7478991596638656,0.8700574380243954
0.6470588235294117,0.7478991596638656,0.8734700530127801
0.6554621848739496,0.7478991596638656,0.8768057343607
0.6638655462184874,0.7478991596638656,0.8800655524409384
0.6722689075630252,0.7478991596638656,0.8832505985834066
0.680672268907563,0.7478991596638656,0.8863619827108562
0.6890756302521008,0.7478991596638656,0.8894008310603612
0.6974789915966386,0.7478991596638656,0.8923682839916621
0.7058823529411764,0.7478991596638656,0.8952654938830626
0.7142857142857143,0.7478991596638656,0.898093623115215
0.7226890756302521,0.7478991596638656,0.9008538421427936
0.7310924369747899,0.7478991596638656,0.9035473276537526
0.7394957983193277,0.7478991596638656,0.9061752608155683
0.7478991596638656,0.7478991596638656,0.9087388256076215
0.7563025210084033,0.7478991596638656,0.9112392072386346
0.7647058823529411,0.7478991596638656,0.913677590647862
0.7731092436974789,0.7478991596638656,0.9160551590885585
0.7815126050420168,0.7478991596638656,0.9183730927920635
0.7899159663865546,0.7478991596638656,0.9206325677107097
0.7983193277310924,0.7478991596638656,0.9228347543376251
0.8067226890756303,0.7478991596638656,0.9249808166013934
0.8151260504201681,0.7478991596638656,0.9270719108334465
0.8235294117647058,0.7478991596638656,0.9291091848059808
0.8319327731092436,0.7478991596638656,0.931093776838136
0.8403361344537815,0.7478991596638656,0.9330268149681241
0.8487394957983193,0.7478991596638656,0.9349094161889593
0.8571428571428571,0.7478991596638656,0.9367426857454264
0.8655462184873949,0.7478991596638656,0.9385277164899036
0.8739495798319328,0.7478991596638656,0.940265588294665
0.8823529411764706,0.7478991596638656,0.941957367518288
0.8907563025210083,0.7478991596638656,0.9436041065238122
0.8991596638655461,0.7478991596638656,0.9452068432463205
0.907563025210084,0.7478991596638656,0.9467666008076384
0.9159663865546218,0.7478991596638656,0.9482843871758923
0.9243697478991596,0.7478991596638656,0.9497611948677006
0.9327731092436974,0.7478991596638656,0.9511980006908258
0.9411764705882353,0.7478991596638656,0.9525957655251571
0.9495798319327731,0.7478991596638656,0.9539554341399555
0.9579831932773109,0.7478991596638656,0.9552779350453424
0.9663865546218487,0.7478991596638656,0.9565641803760749
0.9747899159663865,0.7478991596638656,0.9578150658057087
0.9831932773109243,0.7478991596638656,0.959031470489316
0.9915966386554621,0.7478991596638656,0.9602142570329814
1.0,0.7478991596638656,0.9613642714883675
0.0,0.7521008403361344,0.3968349247684044
0.008403361344537815,0.7521008403361344,0.4041366785360058
0.01680672268907563,0.7521008403361344,0.41148112897657896
0.025210084033613446,0.7521008403361344,0.41886522659510517
0.03361344537815126,0.7521008403361344,0.426285852036912
0.04201680672268907,0.7521008403361344,0.43373982107679354
0.05042016806722689,0.7521008403361344,0.44122388984920097
0.058823529411764705,0.7521008403361344,0.4487347603022679
0.06722689075630252,0.7521008403361344,0.45626908585701764
0.07563025210084033,0.7521008403361344,0.46382347725177586
0.08403361344537814,0.7521008403361344,0.4713945085506134
0.09243697478991596,0.7521008403361344,0.4789787232935656
0.10084033613445378,0.7521008403361344,0.48657264076544193
0.1092436974789916,0.7521008403361344,0.494172762359249
0.11764705882352941,0.7521008403361344,0.5017755780096202
0.12605042016806722,0.7521008403361344,0.5093775726711738
0.13445378151260504,0.7521008403361344,0.516975232816422
0.14285714285714285,0.7521008403361344,0.5245650529277189
0.15126050420168066,0.7521008403361344,0.532143541957779
0.15966386554621848,0.7521008403361344,0.5397072297335044
0.1680672268907563,0.7521008403361344,0.5472526732782445
0.1764705882352941,0.7521008403361344,0.5547764630281559
0.18487394957983191,0.7521008403361344,0.5622752289190341
0.19327731092436973,0.7521008403361344,0.5697456463208503
0.20168067226890757,0.7521008403361344,0.577184441798225
0.21008403361344538,0.7521008403361344,0.5845883986762098
0.2184873949579832,0.7521008403361344,0.5919543623920035
0.226890756302521,0.7521008403361344,0.5992792456146009
0.23529411764705882,0.7521008403361344,0.606560033115836
0.24369747899159663,0.7521008403361344,0.613793786377834
0.25210084033613445,0.7521008403361344,0.6209776479234987
0.26050420168067223,0.7521008403361344,0.6281088453583413
0.2689075630252101,0.7521008403361344,0.6351846951136616
0.2773109243697479,0.7521008403361344,0.6422026058828294
0.2857142857142857,0.7521008403361344,0.6491600817441593
0.29411764705882354,0.7521008403361344,0.6560547249656091
0.3025210084033613,0.7521008403361344,0.6628842384882546
0.31092436974789917,0.7521008403361344,0.6696464280871763
0.31932773109243695,0.7521008403361344,0.6763392042100456
0.3277310924369748,0.7521008403361344,0.6829605834952752
0.3361344537815126,0.7521008403361344,0.6895086899731276
0.3445378151260504,0.7521008403361344,0.6959817559546156
0.3529411764705882,0.7521008403361344,0.7023781226143887
0.36134453781512604,0.7521008403361344,0.7086962402750753
0.36974789915966383,0.7521008403361344,0.7149346684017119
0.37815126050420167,0.7521008403361344,0.7210920753159729
0.38655462184873945,0.7521008403361344,0.727167237640868
0.3949579831932773,0.7521008403361344,0.7331590394874419
0.40336134453781514,0.7521008403361344,0.7390664713957515
0.4117647058823529,0.7521008403361344,0.7448886290430398
0.42016806722689076,0.7521008403361344,0.7506247117325542
0.42857142857142855,0.7521008403361344,0.756274020676889
0.4369747899159664,0.7521008403361344,0.761835957090038
0.4453781512605042,0.7521008403361344,0.767310020102585
0.453781512605042,0.7521008403361344,0.7726958045145679
0.4621848739495798,0.7521008403361344,0.7779929984005934
0.47058823529411764,0.7521008403361344,0.7832013805817312
0.4789915966386554,0.7521008403361344,0.7883208179785715
0.48739495798319327,0.7521008403361344,0.7933512628596372
0.49579831932773105,0.7521008403361344,0.7982927499990531
0.5042016806722689,0.7521008403361344,0.803145393757049
0.5126050420168067,0.7521008403361344,0.8079093850964693
0.5210084033613445,0.7521008403361344,0.8125849885480263
0.5294117647058824,0.7521008403361344,0.8171725391365484
0.5378151260504201,0.7521008403361344,0.8216724392799488
0.5462184873949579,0.7521008403361344,0.8260851556720922
0.5546218487394958,0.7521008403361344,0.8304112161601573
0.5630252100840336,0.7521008403361344,0.8346512066265006
0.5714285714285714,0.7521008403361344,0.838805767884409
0.5798319327731092,0.7521008403361344,0.8428755925965223
0.5882352941176471,0.7521008403361344,0.8468614222240742
0.5966386554621849,0.7521008403361344,0.8507640440144825
0.6050420168067226,0.7521008403361344,0.8545842880342004
0.6134453781512604,0.7521008403361344,0.8583230242531327
0.6218487394957983,0.7521008403361344,0.8619811596863175
0.6302521008403361,0.7521008403361344,0.8655596355979929
0.6386554621848739,0.7521008403361344,0.8690594247725981
0.6470588235294117,0.7521008403361344,0.8724815288567069
0.6554621848739496,0.7521008403361344,0.8758269757753662
0.6638655462184874,0.7521008403361344,0.8790968172257976
0.6722689075630252,0.7521008403361344,0.8822921262509471
0.680672268907563,0.7521008403361344,0.8854139948948949
0.6890756302521008,0.7521008403361344,0.8884635319417128
0.6974789915966386,0.7521008403361344,0.8914418607389429
0.7058823529411764,0.7521008403361344,0.8943501171064865
0.7142857142857143,0.7521008403361344,0.8971894473313364
0.7226890756302521,0.7521008403361344,0.8999610062482518
0.7310924369747899,0.7521008403361344,0.9026659554061677
0.7394957983193277,0.7521008403361344,0.9053054613198477
0.7478991596638656,0.7521008403361344,0.9078806938060312
0.7563025210084033,0.7521008403361344,0.9103928244030922
0.7647058823529411,0.7521008403361344,0.912843024873011
0.7731092436974789,0.7521008403361344,0.9152324657842739
0.7815126050420168,0.7521008403361344,0.9175623151741461
0.7899159663865546,0.7521008403361344,0.9198337372886098
0.7983193277310924,0.7521008403361344,0.9220478913981354
0.8067226890756303,0.7521008403361344,0.9242059306873368
0.8151260504201681,0.7521008403361344,0.9263090012164689
0.8235294117647058,0.7521008403361344,0.9283582409526451
0.8319327731092436,0.7521008403361344,0.9303547788685905
0.8403361344537815,0.7521008403361344,0.9322997341066938
0.8487394957983193,0.7521008403361344,0.9341942152060825
0.8571428571428571,0.7521008403361344,0.9360393193904267
0.8655462184873949,0.7521008403361344,0.9378361319141545
0.8739495798319328,0.7521008403361344,0.9395857254647615
0.8823529411764706,0.7521008403361344,0.9412891596189045
0.8907563025210083,0.7521008403361344,0.9429474803499742
0.8991596638655461,0.7521008403361344,0.9445617195848717
0.907563025210084,0.7521008403361344,0.946132894807734
0.9159663865546218,0.7521008403361344,0.9476620087083895
0.9243697478991596,0.7521008403361344,0.9491500488733658
0.9327731092436974,0.7521008403361344,0.9505979875173057
0.9411764705882353,0.7521008403361344,0.9520067812527089
0.9495798319327731,0.7521008403361344,0.9533773708959522
0.9579831932773109,0.7521008403361344,0.9547106813076073
0.9663865546218487,0.7521008403361344,0.9560076212651207
0.9747899159663865,0.7521008403361344,0.9572690833659865
0.9831932773109243,0.7521008403361344,0.9584959439595961
0.9915966386554621,0.7521008403361344,0.9596890631060129
1.0,0.7521008403361344,0.9608492845599766
0.0,0.7563025210084033,0.3968349247684044
0.008403361344537815,0.7563025210084033,0.4041087993633482
0.01680672268907563,0.7563025210084033,0.4114250576037538
0.025210084033613446,0.7563025210084033,0.41878068509224087
0.03361344537815126,0.7563025210084033,0.42617259859270273
0.04201680672268907,0.7563025210084033,0.4335976509228824
0.05042016806722689,0.7563025210084033,0.44105263608274914
0.058823529411764705,0.7563025210084033,0.4485342946019175
0.06722689075630252,0.7563025210084033,0.4560393190879661
0.07563025210084033,0.7563025210084033,0.46356435995623463
0.08403361344537814,0.7563025210084033,0.4711060313205073
0.09243697478991596,0.7563025210084033,0.4786609170229439
0.10084033613445378,0.7563025210084033,0.4862255767807083
0.1092436974789916,0.7563025210084033,0.49379655242597725
0.11764705882352941,0.7563025210084033,0.5013703742153883
0.12605042016806722,0.7563025210084033,0.5089435671845292
0.13445378151260504,0.7563025210084033,0.5165126575227672
0.14285714285714285,0.7563025210084033,0.524074178943582
0.15126050420168066,0.7563025210084033,0.5316246790255966
0.15966386554621848,0.7563025210084033,0.5391607254996943
0.1680672268907563,0.7563025210084033,0.5466789124579716
0.1764705882352941,0.7563025210084033,0.5541758664607953
0.18487394957983191,0.7563025210084033,0.5616482525189036
0.19327731092436973,0.7563025210084033,0.5690927799283176
0.20168067226890757,0.7563025210084033,0.57650620793679
0.21008403361344538,0.7563025210084033,0.5838853512216016
0.2184873949579832,0.7563025210084033,0.5912270851597449
0.226890756302521,0.7563025210084033,0.5985283508728334
0.23529411764705882,0.7563025210084033,0.6057861600305036
0.24369747899159663,0.7563025210084033,0.6129975993975643
0.25210084033613445,0.7563025210084033,0.620159835111715
0.26050420168067223,0.7563025210084033,0.6272701166802734
0.2689075630252101,0.7563025210084033,0.6343257806860003
0.2773109243697479,0.7563025210084033,0.6413242541938032
0.2857142857142857,0.7563025210084033,0.6482630578517806
0.29411764705882354,0.7563025210084033,0.6551398086817647
0.3025210084033613,0.7563025210084033,0.6619522225561839
0.31092436974789917,0.7563025210084033,0.6686981163597183
0.31932773109243695,0.7563025210084033,0.6753754098358123
0.3277310924369748,0.7563025210084033,0.68198212711966
0.3361344537815126,0.7563025210084033,0.6885163979607639
0.3445378151260504,0.7563025210084033,0.6949764586395791
0.3529411764705882,0.7563025210084033,0.7013606525840864
0.36134453781512604,0.7563025210084033,0.7076674306933821
0.36974789915966383,0.7563025210084033,0.713895351376528
0.37815126050420167,0.7563025210084033,0.7200430803159512
0.38655462184873945,0.7563025210084033,0.7261093899656449
0.3949579831932773,0.7563025210084033,0.732093158795263
0.40336134453781514,0.7563025210084033,0.7379933702919471
0.4117647058823529,0.7563025210084033,0.7438091117323661
0.42016806722689076,0.7563025210084033,0.7495395727379784
0.42857142857142855,0.7563025210084033,0.7551840436269558
0.4369747899159664,0.7563025210084033,0.7607419135765466
0.4453781512605042,0.7563025210084033,0.7662126686098751
0.453781512605042,0.7563025210084033,0.7715958894213277
0.4621848739495798,0.7563025210084033,0.7768912490547123
0.47058823529411764,0.7563025210084033,0.7820985104483543
0.4789915966386554,0.7563025210084033,0.7872175238611681
0.48739495798319327,0.7563025210084033,0.79224822419357
0.49579831932773105,0.7563025210084033,0.7971906282168292
0.5042016806722689,0.7563025210084033,0.80204483172415
0.5126050420168067,0.7563025210084033,0.8068110066164037
0.5210084033613445,0.7563025210084033,0.8114893979350082
0.5294117647058824,0.7563025210084033,0.8160803208539934
0.5378151260504201,0.7563025210084033,0.8205841576427934
0.5462184873949579,0.7563025210084033,0.8250013546107712
0.5546218487394958,0.7563025210084033,0.8293324190439358
0.5630252100840336,0.7563025210084033,0.8335779161437292
0.5714285714285714,0.7563025210084033,0.8377384659771763
0.5798319327731092,0.7563025210084033,0.8418147404470946
0.5882352941176471,0.7563025210084033,0.8458074602904506
0.5966386554621849,0.7563025210084033,0.8497173921123534
0.6050420168067226,0.7563025210084033,0.8535453454625695
0.6134453781512604,0.7563025210084033,0.8572921699608539
0.6218487394957983,0.7563025210084033,0.8609587524768019
0.6302521008403361,0.7563025210084033,0.8645460143693605
0.6386554621848739,0.7563025210084033,0.8680549087905804
0.6470588235294117,0.7563025210084033,0.8714864180576499
0.6554621848739496,0.7563025210084033,0.8748415510967303
0.6638655462184874,0.7563025210084033,0.8781213409616236
0.6722689075630252,0.7563025210084033,0.8813268424298141
0.680672268907563,0.7563025210084033,0.8844591296779815
0.6890756302521008,0.7563025210084033,0.887519294038652
0.6974789915966386,0.7563025210084033,0.8905084418392482
0.7058823529411764,0.7563025210084033,0.8934276923244163
0.7142857142857143,0.7563025210084033,0.896278175662163
0.7226890756302521,0.7563025210084033,0.8990610310339894
0.7310924369747899,0.7563025210084033,0.9017774048089208
0.7394957983193277,0.7563025210084033,0.9044284488010331
0.7478991596638656,0.7563025210084033,0.907015318609829
0.7563025210084033,0.7563025210084033,0.9095391720425804
0.7647058823529411,0.7563025210084033,0.9120011676175337
0.7731092436974789,0.7563025210084033,0.9144024631466928
0.7815126050420168,0.7563025210084033,0.9167442143967168
0.7899159663865546,0.7563025210084033,0.919027573826319
0.7983193277310924,0.7563025210084033,0.9212536893984253
0.8067226890756303,0.7563025210084033,0.9234237034652304
0.8151260504201681,0.7563025210084033,0.9255387517241949
0.8235294117647058,0.7563025210084033,0.9275999622429435
0.8319327731092436,0.7563025210084033,0.9296084545509581
0.8403361344537815,0.7563025210084033,0.9315653387959021
0.8487394957983193,0.7563025210084033,0.933471714962379
0.8571428571428571,0.7563025210084033,0.9353286721508908
0.8655462184873949,0.7563025210084033,0.9371372879147496
0.8739495798319328,0.7563025210084033,0.9388986276526866
0.8823529411764706,0.7563025210084033,0.9406137440549017
0.8907563025210083,0.7563025210084033,0.9422836766003111
0.8991596638655461,0.7563025210084033,0.9439094511027609
0.907563025210084,0.7563025210084033,0.945492079304007
0.9159663865546218,0.7563025210084033,0.9470325585112817
0.9243697478991596,0.7563025210084033,0.9485318712773125
0.9327731092436974,0.7563025210084033,0.949990985120693
0.9411764705882353,0.7563025210084033,0.9514108522845472
0.9495798319327731,0.7563025210084033,0.952792409531487
0.9579831932773109,0.7563025210084033,0.9541365779729005
0.9663865546218487,0.7563025210084033,0.9554442629306698
0.9747899159663865,0.7563025210084033,0.9567163538294723
0.9831932773109243,0.7563025210084033,0.9579537241178718
0.9915966386554621,0.7563025210084033,0.9591572312164669
1.0,0.7563025210084033,0.9603277164914239
0.0,0.7605042016806722,0.3968349247684044
0.008403361344537815,0.7605042016806722,0.4040809208096947
0.01680672268907563,0.7605042016806722,0.4113689885308498
0.025210084033613446,0.7605042016806722,0.41869614835893365
0.03361344537815126,0.7605042016806722,0.4260593528922896
0.04201680672268907,0.7605042016806722,0.4334554916980851
0.05042016806722689,0.7605042016806722,0.4408813963404862
0.058823529411764705,0.7605042016806722,0.4483338456231616
0.06722689075630252,0.7605042016806722,0.4558095710284789
0.07563025210084033,0.7605042016806722,0.4633052623345074
0.08403361344537814,0.7605042016806722,0.470817573389807
0.09243697478991596,0.7605042016806722,0.47834312802496587
0.10084033613445378,0.7605042016806722,0.48587852607895754
0.1092436974789916,0.7605042016806722,0.49342034951764135
0.11764705882352941,0.7605042016806722,0.5009651686211196
0.12605042016806722,0.7605042016806722,0.5085095482162154
0.13445378151260504,0.7605042016806722,0.5160500539300319
0.14285714285714285,0.7605042016806722,0.5235832584404168
0.15126050420168066,0.7605042016806722,0.5311057476991756
0.15966386554621848,0.7605042016806722,0.5386141271040575
0.1680672268907563,0.7605042016806722,0.5461050275958762
0.1764705882352941,0.7605042016806722,0.5535751116576243
0.18487394957983191,0.7605042016806722,0.5610210791930785
0.19327731092436973,0.7605042016806722,0.568439673263187
0.20168067226890757,0.7605042016806722,0.5758276856594441
0.21008403361344538,0.7605042016806722,0.5831819622945156
0.2184873949579832,0.7605042016806722,0.5904994083915364
0.226890756302521,0.7605042016806722,0.5977769934547783
0.23529411764705882,0.7605042016806722,0.6050117560057428
0.24369747899159663,0.7605042016806722,0.6122008080701838
0.25210084033613445,0.7605042016806722,0.6193413394030732
0.26050420168067223,0.7605042016806722,0.6264306214400805
0.2689075630252101,0.7605042016806722,0.6334660109657534
0.2773109243697479,0.7605042016806722,0.6404449534901974
0.2857142857142857,0.7605042016806722,0.6473649863277093
0.29411764705882354,0.7605042016806722,0.6542237413724463
0.3025210084033613,0.7605042016806722,0.6610189475678384
0.31092436974789917,0.7605042016806722,0.6677484330680542
0.31932773109243695,0.7605042016806722,0.6744101270913798
0.3277310924369748,0.7605042016806722,0.6810020614668837
0.3361344537815126,0.7605042016806722,0.6875223718771885
0.3445378151260504,0.7605042016806722,0.6939692988015493
0.3529411764705882,0.7605042016806722,0.7003411881647436
0.36134453781512604,0.7605042016806722,0.7066364916984944
0.36974789915966383,0.7605042016806722,0.7128537670232866
0.37815126050420167,0.7605042016806722,0.7189916774594636
0.38655462184873945,0.7605042016806722,0.7250489915774404
0.3949579831932773,0.7605042016806722,0.7310245824977029
0.40336134453781514,0.7605042016806722,0.7369174269520045
0.4117647058823529,0.7605042016806722,0.7427266041178081
0.42016806722689076,0.7605042016806722,0.7484512942385537
0.42857142857142855,0.7605042016806722,0.7540907770427707
0.4369747899159664,0.7605042016806722,0.759644429975392
0.4453781512605042,0.7605042016806722,0.7651117262548649
0.453781512605042,0.7605042016806722,0.7704922327698108
0.4621848739495798,0.7605042016806722,0.7757856078290494
0.47058823529411764,0.7605042016806722,0.7809915987787814
0.4789915966386554,0.7605042016806722,0.7861100395006374
0.48739495798319327,0.7605042016806722,0.7911408478041193
0.49579831932773105,0.7605042016806722,0.796084022726748
0.5042016806722689,0.7605042016806722,0.8009396417549135
0.5126050420168067,0.7605042016806722,0.8057078579780991
0.5210084033613445,0.7605042016806722,0.8103888971887371
0.5294117647058824,0.7605042016806722,0.8149830549395237
0.5378151260504201,0.7605042016806722,0.8194906935695395
0.5462184873949579,0.7605042016806722,0.8239122392100227
0.5546218487394958,0.7605042016806722,0.8282481787800986
0.5630252100840336,0.7605042016806722,0.8324990569822289
0.5714285714285714,0.7605042016806722,0.8366654733065609
0.5798319327731092,0.7605042016806722,0.8407480790527984
0.5882352941176471,0.7605042016806722,0.8447475743776103
0.5966386554621849,0.7605042016806722,0.8486647053750247
0.6050420168067226,0.7605042016806722,0.8525002611966632
0.6134453781512604,0.7605042016806722,0.8562550712180912
0.6218487394957983,0.7605042016806722,0.8599300022569991
0.6302521008403361,0.7605042016806722,0.8635259558483596
0.6386554621848739,0.7605042016806722,0.8670438655811742
0.6470588235294117,0.7605042016806722,0.8704846945008854
0.6554621848739496,0.7605042016806722,0.873849432581028
0.6638655462184874,0.7605042016806722,0.8771390942672018
0.6722689075630252,0.7605042016806722,0.8803547160959759
0.680672268907563,0.7605042016806722,0.8834973543908996
0.6890756302521008,0.7605042016806722,0.8865680830373545
0.6974789915966386,0.7605042016806722,0.8895679913376032
0.7058823529411764,0.7605042016806722,0.892498181946995
0.7142857142857143,0.7605042016806722,0.8953597688919519
0.7226890756302521,0.7605042016806722,0.8981538756700201
0.7310924369747899,0.7605042016806722,0.9008816334319761
0.7394957983193277,0.7605042016806722,0.9035441792456872
0.7478991596638656,0.7605042016806722,0.906142654441178
0.7563025210084033,0.7605042016806722,0.9086782030361109
0.7647058823529411,0.7605042016806722,0.9111519702406782
0.7731092436974789,0.7605042016806722,0.9135651010407131
0.7815126050420168,0.7605042016806722,0.9159187388576501
0.7899159663865546,0.7605042016806722,0.9182140242838132
0.7983193277310924,0.7605042016806722,0.9204520938913799
0.8067226890756303,0.7605042016806722,0.9226340791132437
0.8151260504201681,0.7605042016806722,0.9247611051939055
0.8235294117647058,0.7605042016806722,0.9268342902084316
0.8319327731092436,0.7605042016806722,0.9288547441474534
0.8403361344537815,0.7605042016806722,0.9308235680661193
0.8487394957983193,0.7605042016806722,0.9327418532948701
0.8571428571428571,0.7605042016806722,0.9346106807098779
0.8655462184873949,0.7605042016806722,0.9364311200609584
0.8739495798319328,0.7605042016806722,0.938204229354773
0.8823529411764706,0.7605042016806722,0.9399310542911111
0.8907563025210083,0.7605042016806722,0.9416126277500723
0.8991596638655461,0.7605042016806722,0.9432499693279653
0.907563025210084,0.7605042016806722,0.9448440849197708
0.9159663865546218,0.7605042016806722,0.9463959663460368
0.9243697478991596,0.7605042016806722,0.9479065910221136
0.9327731092436974,0.7605042016806722,0.9493769216676596
0.9411764705882353,0.7605042016806722,0.9508079060544117
0.9495798319327731,0.7605042016806722,0.9522004767902341
0.9579831932773109,0.7605042016806722,0.9535555511375271
0.9663865546218487,0.7605042016806722,0.9548740308641205
0.9747899159663865,0.7605042016806722,0.9561568021248227
0.9831932773109243,0.7605042016806722,0.9574047353718679
0.9915966386554621,0.7605042016806722,0.9586186852925388
1.0,0.7605042016806722,0.9597994907723173
0.0,0.7647058823529411,0.3968349247684044
0.008403361344537815,0.7647058823529411,0.4040530428752116
0.01680672268907563,0.7647058823529411,0.4113129217592283
0.025210084033613446,0.7647058823529411,0.41861161639987854
0.03361344537815126,0.7647058823529411,0.42594611494702034
0.04201680672268907,0.7647058823529411,0.4333133434249567
0.05042016806722689,0.7647058823529411,0.440710170661998
0.058823529411764705,0.7647058823529411,0.44813341342972446
0.06722689075630252,0.7647058823529411,0.4555798417748012
0.07563025210084033,0.7647058823529411,0.4630461845249872
0.08403361344537814,0.7647058823529411,0.4705291349498742
0.09243697478991596,0.7647058823529411,0.47802535655590184
0.10084033613445378,0.7647058823529411,0.4855314889943307
0.1092436974789916,0.7647058823529411,0.4930441540601194
0.11764705882352941,0.7647058823529411,0.5005599617590617
0.12605042016806722,0.7647058823529411,0.5080755164200904
0.13445378151260504,0.7647058823529411,0.515587422829358
0.14285714285714285,0.7647058823529411,0.5230922923625643
0.15126050420168066,0.7647058823529411,0.5305867490920066
0.15966386554621848,0.7647058823529411,0.538067435845002
0.1680672268907563,0.7647058823529411,0.5455310201906421
0.1764705882352941,0.7647058823529411,0.5529742003323169
0.18487394957983191,0.7647058823529411,0.5603937108840552
0.19327731092436973,0.7647058823529411,0.5677863285094829
0.20168067226890757,0.7647058823529411,0.5751488774030851
0.21008403361344538,0.7647058823529411,0.5824782345944663
0.2184873949579832,0.7647058823529411,0.589771335057425
0.226890756302521,0.7647058823529411,0.5970251766068796
0.23529411764705882,0.7647058823529411,0.6042368245680013
0.24369747899159663,0.7647058823529411,0.611403416203298
0.25210084033613445,0.7647058823529411,0.6185221648848552
0.26050420168067223,0.7647058823529411,0.6255903640004504
0.2689075630252101,0.7647058823529411,0.632605390583809
0.2773109243697479,0.7647058823529411,0.6395647086608449
0.2857142857142857,0.7647058823529411,0.6464658723053206
0.29411764705882354,0.7647058823529411,0.6533065283989514
0.3025210084033613,0.7647058823529411,0.6600844190925533
0.31092436974789917,0.7647058823529411,0.6667973839663862
0.31932773109243695,0.7647058823529411,0.6734433618893656
0.3277310924369748,0.7647058823529411,0.6800203925782765
0.3361344537815126,0.7647058823529411,0.6865266178595457
0.3445378151260504,0.7647058823529411,0.6929602826374693
0.3529411764705882,0.7647058823529411,0.699319735574074
0.36134453781512604,0.7647058823529411,0.7056034294869812
0.36974789915966383,0.7647058823529411,0.711809921472758
0.37815126050420167,0.7647058823529411,0.717937872764255
0.38655462184873945,0.7647058823529411,0.7239860483313606
0.3949579831932773,0.7647058823529411,0.7299533162354325
0.40336134453781514,0.7647058823529411,0.7358386467483954
0.4117647058823529,0.7647058823529411,0.7416411112481354
0.42016806722689076,0.7647058823529411,0.747359880902349
0.42857142857142855,0.7647058823529411,0.7529942251534545
0.4369747899159664,0.7647058823529411,0.7585435100175083
0.4453781512605042,0.7647058823529411,0.7640071962103288
0.453781512605042,0.7647058823529411,0.7693848371141894
0.4621848739495798,0.7647058823529411,0.7746760765985247
0.47058823529411764,0.7647058823529411,0.7798806467080887
0.4789915966386554,0.7647058823529411,0.7849983652319295
0.48739495798319327,0.7647058823529411,0.7900291331663973
0.49579831932773105,0.7647058823529411,0.7949729320851842
0.5042016806722689,0.7647058823529411,0.7998298214291308
0.5126050420168067,0.7647058823529411,0.804599935728201
0.5210084033613445,0.7647058823529411,0.8092834817676532
0.5294117647058824,0.7647058823529411,0.8138807357100221
0.5378151260504201,0.7647058823529411,0.8183920401840667
0.5462184873949579,0.7647058823529411,0.8228178013513622
0.5546218487394958,0.7647058823529411,0.8271584859606915
0.5630252100840336,0.7647058823529411,0.8314146183998739
0.5714285714285714,0.7647058823529411,0.835586777754109
0.5798319327731092,0.7647058823529411,0.8396755948793616
0.5882352941176471,0.7647058823529411,0.8436817494987473
0.5966386554621849,0.7647058823529411,0.8476059673293086
0.6050420168067226,0.7647058823529411,0.8514490172460053
0.6134453781512604,0.7647058823529411,0.8552117084891802
0.6218487394957983,0.7647058823529411,0.8588948879212093
0.6302521008403361,0.7647058823529411,0.8624994373374932
0.6386554621848739,0.7647058823529411,0.8660262708364278
0.6470588235294117,0.7647058823529411,0.8694763322524621
0.6554621848739496,0.7647058823529411,0.8728505926558654
0.6638655462184874,0.7647058823529411,0.8761500479223373
0.6722689075630252,0.7647058823529411,0.8793757163751351
0.680672268907563,0.7647058823529411,0.8825286365019585
0.6890756302521008,0.7647058823529411,0.8856098647484085
0.6974789915966386,0.7647058823529411,0.8886204733894498
0.7058823529411764,0.7647058823529411,0.891561548479924
0.7142857142857143,0.7647058823529411,0.8944341878848274
0.7226890756302521,0.7647058823529411,0.8972394993897268
0.7310924369747899,0.7647058823529411,0.8999785988913925
0.7394957983193277,0.7647058823529411,0.9026526086684522
0.7478991596638656,0.7647058823529411,0.9052626557315967
0.7563025210084033,0.7647058823529411,0.9078098702526549
0.7647058823529411,0.7647058823529411,0.9102953840716203
0.7731092436974789,0.7647058823529411,0.9127203292805327
0.7815126050420168,0.7647058823529411,0.9150858368829363
0.7899159663865546,0.7647058823529411,0.9173930355274856
0.7983193277310924,0.7647058823529411,0.9196430503141292
0.8067226890756303,0.7647058823529411,0.9218370016711862
0.8151260504201681,0.7647058823529411,0.9239760043015248
0.8235294117647058,0.7647058823529411,0.9260611661959626
0.8319327731092436,0.7647058823529411,0.9280935877119393
0.8403361344537815,0.7647058823529411,0.9300743607154489
0.8487394957983193,0.7647058823529411,0.9320045677841741
0.8571428571428571,0.7647058823529411,0.9338852814697253
0.8655462184873949,0.7647058823529411,0.9357175636168698
0.8739495798319328,0.7647058823529411,0.9375024647376149
0.8823529411764706,0.7647058823529411,0.9392410234380065
0.8907563025210083,0.7647058823529411,0.9409342658955082
0.8991596638655461,0.7647058823529411,0.9425832053848353
0.907563025210084,0.7647058823529411,0.9441888418501354
0.9159663865546218,0.7647058823529411,0.9457521615214329
0.9243697478991596,0.7647058823529411,0.9472741365732819
0.9327731092436974,0.7647058823529411,0.948755724823605
0.9411764705882353,0.7647058823529411,0.9501978694707416
0.9495798319327731,0.7647058823529411,0.9516014988667547
0.9579831932773109,0.7647058823529411,0.9529675263251137
0.9663865546218487,0.7647058823529411,0.9542968499608985
0.9747899159663865,0.7647058823529411,0.9555903525617273
0.9831932773109243,0.7647058823529411,0.956848901487673
0.9915966386554621,0.7647058823529411,0.9580733485984659
1.0,0.7647058823529411,0.9592645302063548
0.0,0.76890756302521,0.3968349247684044
0.008403361344537815,0.76890756302521,0.40402516556006524
0.01680672268907563,0.76890756302521,0.41125685729025047
0.025210084033613446,0.76890756302521,0.4185270892197693
0.03361344537815126,0.76890756302521,0.4258328847682394
0.04201680672268907,0.76890756302521,0.4331712061260452
0.05042016806722689,0.76890756302521,0.440538959086858
0.058823529411764705,0.76890756302521,0.4479329980853089
0.06722689075630252,0.76890756302521,0.45535013142314545
0.07563025210084033,0.76890756302521,0.462787126666024
0.08403361344537814,0.76890756302521,0.4702407161920187
0.09243697478991596,0.76890756302521,0.4777076028719657
0.10084033613445378,0.76890756302521,0.4851844658609162
0.1092436974789916,0.76890756302521,0.4926679664792556
0.11764705882352941,0.76890756302521,0.5001547541614692
0.12605042016806722,0.76890756302521,0.5076414724500896
0.13445378151260504,0.76890756302521,0.5151247650120763
0.14285714285714285,0.76890756302521,0.5226012816547174
0.15126050420168066,0.76890756302521,0.5300676843181612
0.15966386554621848,0.76890756302521,0.5375206530218269
0.1680672268907563,0.76890756302521,0.5449568917422509
0.1764705882352941,0.76890756302521,0.5523731342003662
0.18487394957983191,0.76890756302521,0.5597661495368024
0.19327731092436973,0.76890756302521,0.5671327478545116
0.20168067226890757,0.76890756302521,0.574469785608874
0.21008403361344538,0.76890756302521,0.5817741708264091
0.2184873949579832,0.76890756302521,0.5890428681342905
0.226890756302521,0.76890756302521,0.5962729035840447
0.23529411764705882,0.76890756302521,0.6034613692540783
0.24369747899159663,0.76890756302521,0.6106054276170273
0.25210084033613445,0.76890756302521,0.6177023156593205
0.26050420168067223,0.76890756302521,0.6247493487418223
0.2689075630252101,0.76890756302521,0.6317439241919106
0.2773109243697479,0.76890756302521,0.6386835246188791
0.2857142857142857,0.76890756302521,0.6455657209460869
0.29411764705882354,0.76890756302521,0.6523881751548317
0.3025210084033613,0.76890756302521,0.659148642736438
0.31092436974789917,0.76890756302521,0.6658449748505774
0.31932773109243695,0.76890756302521,0.6724751201892984
0.3277310924369748,0.76890756302521,0.6790371265476883
0.3361344537815126,0.76890756302521,0.6855291421034557
0.3445378151260504,0.76890756302521,0.6919494164090488
0.3529411764705882,0.76890756302521,0.6982963011011661
0.36134453781512604,0.76890756302521,0.70456825033369
0.36974789915966383,0.76890756302521,0.7107638209411641
0.37815126050420167,0.76890756302521,0.7168816723409354
0.38655462184873945,0.76890756302521,0.722920566182999
0.3949579831932773,0.76890756302521,0.728879365757403
0.40336134453781514,0.76890756302521,0.7347570351697965
0.4117647058823529,0.76890756302521,0.7405526382963374
0.42016806722689076,0.76890756302521,0.7462653375297121
0.42857142857142855,0.76890756302521,0.7518943923284617
0.4369747899159664,0.76890756302521,0.7574391575821626
0.4453781512605042,0.76890756302521,0.7628990818052694
0.453781512605042,0.76890756302521,0.7682737051726016
0.4621848739495798,0.76890756302521,0.7735626574095518
0.47058823529411764,0.76890756302521,0.7787656555501029
0.4789915966386554,0.76890756302521,0.7838825015756852
0.48739495798319327,0.76890756302521,0.7889130799477684
0.49579831932773105,0.76890756302521,0.7938573550468986
0.5042016806722689,0.76890756302521,0.798715368530632
0.5126050420168067,0.76890756302521,0.8034872366225128
0.5210084033613445,0.76890756302521,0.8081731473438892
0.5294117647058824,0.76890756302521,0.8127733576999698
0.5378151260504201,0.76890756302521,0.8172881908310824
0.5462184873949579,0.76890756302521,0.8217180331396435
0.5546218487394958,0.76890756302521,0.8260633314028478
0.5630252100840336,0.76890756302521,0.8303245898805817
0.5714285714285714,0.76890756302521,0.834502367427535
0.5798319327731092,0.76890756302521,0.8385972746179466
0.5882352941176471,0.76890756302521,0.8426099708908704
0.5966386554621849,0.76890756302521,0.8465411617233003
0.6050420168067226,0.76890756302521,0.8503915958379434
0.6134453781512604,0.76890756302521,0.8541620624518765
0.6218487394957983,0.76890756302521,0.8578533885717927
0.6302521008403361,0.76890756302521,0.8614664363410013
0.6386554621848739,0.76890756302521,0.8650021004428359
0.6470588235294117,0.76890756302521,0.8684613055646144
0.6554621848739496,0.76890756302521,0.8718450039258097
0.6638655462184874,0.76890756302521,0.8751541728736154
0.6722689075630252,0.76890756302521,0.8783898125486427
0.680672268907563,0.76890756302521,0.8815529436230519
0.6890756302521008,0.76890756302521,0.8846446051130057
0.6974789915966386,0.76890756302521,0.8876658522669529
0.7058823529411764,0.76890756302521,0.8906177545308742
0.7142857142857143,0.76890756302521,0.89350139359128
0.7226890756302521,0.76890756302521,0.8963178614964324
0.7310924369747899,0.76890756302521,0.8990682588559539
0.7394957983193277,0.76890756302521,0.9017536931187172
0.7478991596638656,0.76890756302521,0.9043752769286477
0.7563025210084033,0.76890756302521,0.9069341265578353
0.7647058823529411,0.76890756302521,0.9094313604161429
0.7731092436974789,0.76890756302521,0.9118680976362977
0.7815126050420168,0.76890756302521,0.9142454567332814
0.7899159663865546,0.76890756302521,0.9165645543366763
0.7983193277310924,0.76890756302521,0.9188265039944884
0.8067226890756303,0.76890756302521,0.9210324150468397
0.8151260504201681,0.76890756302521,0.9231833915678289
0.8235294117647058,0.76890756302521,0.9252805313737547
0.8319327731092436,0.76890756302521,0.9273249250958306
0.8403361344537815,0.76890756302521,0.929317655315453
0.8487394957983193,0.76890756302521,0.9312597957600318
0.8571428571428571,0.76890756302521,0.9331524105573618
0.8655462184873949,0.76890756302521,0.9349965535464736
0.8739495798319328,0.76890756302521,0.9367932676429005
0.8823529411764706,0.76890756302521,0.9385435842562716
0.8907563025210083,0.76890756302521,0.9402485227581565
0.8991596638655461,0.76890756302521,0.941909089998087
0.907563025210084,0.76890756302521,0.9435262798656918
0.9159663865546218,0.76890756302521,0.9451010728969147
0.9243697478991596,0.76890756302521,0.9466344359222939
0.9327731092436974,0.76890756302521,0.9481273217553291
0.9411764705882353,0.76890756302521,0.9495806689189863
0.9495798319327731,0.76890756302521,0.9509954014084366
0.9579831932773109,0.76890756302521,0.9523724284881627
0.9663865546218487,0.76890756302521,0.9537126445216184
0.9747899159663865,0.76890756302521,0.9550169288316678
0.9831932773109243,0.76890756302521,0.9562861455900867
0.9915966386554621,0.76890756302521,0.9575211437344557
1.0,0.76890756302521,0.9587227569108292
0.0,0.7731092436974789,0.3968349247684044
0.008403361344537815,0.7731092436974789,0.40399728886442154
0.01680672268907563,0.7731092436974789,0.4112007951252774
0.025210084033613446,0.7731092436974789,0.4184425668232985
0.03361344537815126,0.7731092436974789,0.4257196623672881
0.04201680672268907,0.7731092436974789,0.43302907982389127
0.05042016806722689,0.7731092436974789,0.44036776165462527
0.058823529411764705,0.7731092436974789,0.44773259965359563
0.06722689075630252,0.7731092436974789,0.45512044006969293
0.07563025210084033,0.7731092436974789,0.4625280888959252
0.08403361344537814,0.7731092436974789,0.46995231730749754
0.09243697478991596,0.7731092436974789,0.47738986722931315
0.10084033613445378,0.7731092436974789,0.4848374570127486
0.1092436974789916,0.7731092436974789,0.4922917872008588
0.11764705882352941,0.7731092436974789,0.49974954636059965
0.12605042016806722,0.7731092436974789,0.5072074169602216
0.13445378151260504,0.7731092436974789,0.5146620812697003
0.14285714285714285,0.7731092436974789,0.5221102272619141
0.15126050420168066,0.7731092436974789,0.5295485544922823
0.15966386554621848,0.7731092436974789,0.536973779934709
0.1680672268907563,0.7731092436974789,0.5443826437519654
0.1764705882352941,0.7731092436974789,0.5517719149790642
0.18487394957983191,0.7731092436974789,0.5591383970987394
0.19327731092436973,0.7731092436974789,0.5664789334888322
0.20168067226890757,0.7731092436974789,0.5737904127222013
0.21008403361344538,0.7731092436974789,0.5810697737006997
0.2184873949579832,0.7731092436974789,0.5883140106058009
0.226890756302521,0.7731092436974789,0.5955201776495922
0.23529411764705882,0.7731092436974789,0.6026853936110651
0.24369747899159663,0.7731092436974789,0.6098068461439438
0.25210084033613445,0.7731092436974789,0.616881795843635
0.26050420168067223,0.7731092436974789,0.6239075800623107
0.2689075630252101,0.7731092436974789,0.6308816164625748
0.2773109243697479,0.7731092436974789,0.6378014063016463
0.2857142857142857,0.7731092436974789,0.6446645374394884
0.29411764705882354,0.7731092436974789,0.6514686870658015
0.3025210084033613,0.7731092436974789,0.6582116241422891
0.31092436974789917,0.7731092436974789,0.6648912115580697
0.31932773109243695,0.7731092436974789,0.6715054079975451
0.3277310924369748,0.7731092436974789,0.6780522695214275
0.3361344537815126,0.7731092436974789,0.6845299508629702
0.3445378151260504,0.7731092436974789,0.6909367064427414
0.3529411764705882,0.7731092436974789,0.6972708911064863
0.36134453781512604,0.7731092436974789,0.7035309605917821
0.36974789915966383,0.7731092436974789,0.7097154717302531
0.37815126050420167,0.7731092436974789,0.7158230823931023
0.38655462184873945,0.7731092436974789,0.7218525511886127
0.3949579831932773,0.7731092436974789,0.7278027369210851
0.40336134453781514,0.7731092436974789,0.7336725978213995
0.4117647058823529,0.7731092436974789,0.7394611905600134
0.42016806722689076,0.7731092436974789,0.7451676690537469
0.42857142857142855,0.7731092436974789,0.7507912830781557
0.4369747899159664,0.7731092436974789,0.7563313766976406
0.4453781512605042,0.7731092436974789,0.7617873865257212
0.453781512605042,0.7731092436974789,0.7671588398280818
0.4621848739495798,0.7731092436974789,0.7724453524811012
0.47058823529411764,0.7731092436974789,0.7776466267986153
0.4789915966386554,0.7731092436974789,0.7827624492396018
0.48739495798319327,0.7731092436974789,0.7877926880093818
0.49579831932773105,0.7731092436974789,0.7927372905667441
0.5042016806722689,0.7731092436974789,0.7975962810491726
0.5126050420168067,0.7731092436974789,0.8023697576280707
0.5210084033613445,0.7731092436974789,0.8070578898055434
0.5294117647058824,0.7731092436974789,0.8116609156639211
0.5378151260504201,0.7731092436974789,0.8161791390788032
0.5462184873949579,0.7731092436974789,0.820612926905953
0.5546218487394958,0.7731092436974789,0.8249627061519025
0.5630252100840336,0.7731092436974789,0.829228961137645
0.5714285714285714,0.7731092436974789,0.8334122306642765
0.5798319327731092,0.7731092436974789,0.8375131051889269
0.5882352941176471,0.7731092436974789,0.8415322240187996
0.5966386554621849,0.7731092436974789,0.8454702725305983
0.6050420168067226,0.7731092436974789,0.8493279794220887
0.6134453781512604,0.7731092436974789,0.8531061140020119
0.6218487394957983,0.7731092436974789,0.8568054835240378
0.6302521008403361,0.7731092436974789,0.8604269305699335
0.6386554621848739,0.7731092436974789,0.8639713304866107
0.6470588235294117,0.7731092436974789,0.867439588881227
0.6554621848739496,0.7731092436974789,0.8708326391780369
0.6638655462184874,0.7731092436974789,0.8741514402402195
0.6722689075630252,0.7731092436974789,0.8773969740594811
0.680672268907563,0.7731092436974789,0.8805702435157908
0.6890756302521008,0.7731092436974789,0.8836722702092098
0.6974789915966386,0.7731092436974789,0.8867040923653959
0.7058823529411764,0.7731092436974789,0.8896667628159902
0.7142857142857143,0.7731092436974789,0.8925613470547644
0.7226890756302521,0.7731092436974789,0.8953889213700787
0.7310924369747899,0.7731092436974789,0.8981505710539059
0.7394957983193277,0.7731092436974789,0.9008473886874038
0.7478991596638656,0.7731092436974789,0.903480472502752
0.7563025210084033,0.7731092436974789,0.9060509248207518
0.7647058823529411,0.7731092436974789,0.9085598505634526
0.7731092436974789,0.7731092436974789,0.9110083558408923
0.7815126050420168,0.7731092436974789,0.9133975466108498
0.7899159663865546,0.7731092436974789,0.9157285274103536
0.7983193277310924,0.7731092436974789,0.9180024001575582
0.8067226890756303,0.7731092436974789,0.9202202630224586
0.8151260504201681,0.7731092436974789,0.9223832093648247
0.8235294117647058,0.7731092436974789,0.9244923267376299
0.8319327731092436,0.7731092436974789,0.9265486959541773
0.8403361344537815,0.7731092436974789,0.9285533902170579
0.8487394957983193,0.7731092436974789,0.9305074743070223
0.8571428571428571,0.7731092436974789,0.9324120038298088
0.8655462184873949,0.7731092436974789,0.9342680245189343
0.8739495798319328,0.7731092436974789,0.9360765715924398
0.8823529411764706,0.7731092436974789,0.9378386691615654
0.8907563025210083,0.7731092436974789,0.9395553296893306
0.8991596638655461,0.7731092436974789,0.9412275534969958
0.907563025210084,0.7731092436974789,0.942856328316397
0.9159663865546218,0.7731092436974789,0.9444426288861587
0.9243697478991596,0.7731092436974789,0.9459874165898167
0.9327731092436974,0.7731092436974789,0.9474916391339077
0.9411764705882353,0.7731092436974789,0.9489562302641208
0.9495798319327731,0.7731092436974789,0.9503821095176341
0.9579831932773109,0.7731092436974789,0.9517701820098078
0.9663865546218487,0.7731092436974789,0.9531213382534448
0.9747899159663865,0.7731092436974789,0.9544364540088742
0.9831932773109243,0.7731092436974789,0.955716390163163
0.9915966386554621,0.7731092436974789,0.9569619926368089
1.0,0.7731092436974789,0.9581740923163189
0.0,0.7773109243697479,0.3968349247684044
0.008403361344537815,0.7773109243697479,0.40396941278844684
0.01680672268907563,0.7773109243697479,0.41114473526566986
0.025210084033613446,0.7773109243697479,0.4183580492151578
0.03361344537815126,0.7773109243697479,0.4256064477555044
0.04201680672268907,0.7773109243697479,0.4328869645410283
0.05042016806722689,0.7773109243697479,0.4401965784048464
0.058823529411764705,0.7773109243697479,0.447532218198244
0.06722689075630252,0.7773109243697479,0.45489076781059196
0.07563025210084033,0.7773109243697479,0.4622690713529545
0.08403361344537814,0.7773109243697479,0.4696639384875152
0.09243697478991596,0.7773109243697479,0.4770721498840424
0.10084033613445378,0.7773109243697479,0.4844904627838077
0.1092436974789916,0.7773109243697479,0.49191561665069977
0.11764705882352941,0.7773109243697479,0.49934433888871266
0.12605042016806722,0.7773109243697479,0.5067733506045649
0.13445378151260504,0.7773109243697479,0.5141993723939214
0.14285714285714285,0.7773109243697479,0.5216191301295295
0.15126050420168066,0.7773109243697479,0.529029360729575
0.15966386554621848,0.7773109243697479,0.5364268178846917
0.1680672268907563,0.7773109243697479,0.543808277722315
0.1764705882352941,0.7773109243697479,0.5511705443874833
0.18487394957983191,0.7773109243697479,0.558510455519711
0.19327731092436973,0.7773109243697479,0.5658248876062288
0.20168067226890757,0.7773109243697479,0.573110761192654
0.21008403361344538,0.7773109243697479,0.5803650459330547
0.2184873949579832,0.7773109243697479,0.5875847654623652
0.226890756302521,0.7773109243697479,0.5947670020751994
0.23529411764705882,0.7773109243697479,0.6019089011962864
0.24369747899159663,0.7773109243697479,0.6090076756290047
0.25210084033613445,0.7773109243697479,0.6160606095697984
0.26050420168067223,0.7773109243697479,0.6230650623776275
0.2689075630252101,0.7773109243697479,0.6300184720890076
0.2773109243697479,0.7773109243697479,0.6369183586706202
0.2857142857142857,0.7773109243697479,0.6437623270029241
0.29411764705882354,0.7773109243697479,0.6505480695896506
0.3025210084033613,0.7773109243697479,0.6572733689895017
0.31092436974789917,0.7773109243697479,0.6639360999678002
0.31932773109243695,0.7773109243697479,0.6705342313672344
0.3277310924369748,0.7773109243697479,0.6770658276981958
0.3361344537815126,0.7773109243697479,0.6835290504505233
0.3445378151260504,0.7773109243697479,0.6899221591297168
0.3529411764705882,0.7773109243697479,0.6962435120218791
0.36134453781512604,0.7773109243697479,0.7024915666927652
0.36974789915966383,0.7773109243697479,0.7086648802273714
0.37815126050420167,0.7773109243697479,0.7147621092174579
0.38655462184873945,0.7773109243697479,0.7207820095052927
0.3949579831932773,0.7773109243697479,0.7267234356927006
0.40336134453781514,0.7773109243697479,0.7325853404252143
0.4117647058823529,0.7773109243697479,0.7383667734617528
0.42016806722689076,0.7773109243697479,0.7440668805407835
0.42857142857142855,0.7773109243697479,0.7496849020543764
0.4369747899159664,0.7773109243697479,0.7552201715419197
0.4453781512605042,0.7773109243697479,0.7606721140155406
0.453781512605042,0.7773109243697479,0.7660402441294778
0.4621848739495798,0.7773109243697479,0.7713241642057572
0.47058823529411764,0.7773109243697479,0.7765235621285809
0.4789915966386554,0.7773109243697479,0.7816382091197908
0.48739495798319327,0.7773109243697479,0.7866679574076944
0.49579831932773105,0.7773109243697479,0.7916127378013622
0.5042016806722689,0.7773109243697479,0.7964725571823122
0.5126050420168067,0.7773109243697479,0.8012474959252143
0.5210084033613445,0.7773109243697479,0.8059377052589459
0.5294117647058824,0.7773109243697479,0.8105434045789737
0.5378151260504201,0.7773109243697479,0.8150648787216374
0.5462184873949579,0.7773109243697479,0.8195024752105058
0.5546218487394958,0.7773109243697479,0.8238566014845056
0.5630252100840336,0.7773109243697479,0.8281277221170704
0.5714285714285714,0.7773109243697479,0.8323163560350565
0.5798319327731092,0.7773109243697479,0.8364230737456757
0.5882352941176471,0.7773109243697479,0.8404484945791838
0.5966386554621849,0.7773109243697479,0.8443932839545456
0.6050420168067226,0.7773109243697479,0.8482581506747806
0.6134453781512604,0.7773109243697479,0.8520438442581788
0.6218487394957983,0.7773109243697479,0.855751152311062
0.6302521008403361,0.7773109243697479,0.8593808979472625
0.6386554621848739,0.7773109243697479,0.8629339372589995
0.6470588235294117,0.7773109243697479,0.8664111568433484
0.6554621848739496,0.7773109243697479,0.8698134713880328
0.6638655462184874,0.7773109243697479,0.8731418213198122
0.6722689075630252,0.7773109243697479,0.876397170518311
0.680672268907563,0.7773109243697479,0.8795805040977065
0.6890756302521008,0.7773109243697479,0.8826928262583058
0.6974789915966386,0.7773109243697479,0.8857351582096573
0.7058823529411764,0.7773109243697479,0.8887085361664844
0.7142857142857143,0.7773109243697479,0.8916140094183954
0.7226890756302521,0.7773109243697479,0.8944526384740061
0.7310924369747899,0.7773109243697479,0.8972254932798096
0.7394957983193277,0.7773109243697479,0.899933651513868
0.7478991596638656,0.7773109243697479,0.9025781969541262
0.7563025210084033,0.7773109243697479,0.9051602179209343
0.7647058823529411,0.7773109243697479,0.9076808057931329
0.7731092436974789,0.7773109243697479,0.9101410535968737
0.7815126050420168,0.7773109243697479,0.912542054666162
0.7899159663865546,0.7773109243697479,0.9148849013739521
0.7983193277310924,0.7773109243697479,0.9171706839324858
0.8067226890756303,0.7773109243697479,0.9194004892614347
0.8151260504201681,0.7773109243697479,0.9215753999223011
0.8235294117647058,0.7773109243697479,0.9236964931174326
0.8319327731092436,0.7773109243697479,0.9257648397519292
0.8403361344537815,0.7773109243697479,0.9277815035566492
0.8487394957983193,0.7773109243697479,0.9297475402704651
0.8571428571428571,0.7773109243697479,0.9316639968798774
0.8655462184873949,0.7773109243697479,0.9335319109140612
0.8739495798319328,0.7773109243697479,0.9353523097933926
0.8823529411764706,0.7773109243697479,0.9371262102294918
0.8907563025210083,0.7773109243697479,0.9388546176748115
0.8991596638655461,0.7773109243697479,0.9405385258197982
0.907563025210084,0.7773109243697479,0.9421789161356675
0.9159663865546218,0.7773109243697479,0.9437767574608441
0.9243697478991596,0.7773109243697479,0.9453330056291421
0.9327731092436974,0.7773109243697479,0.9468486031377813
0.9411764705882353,0.7773109243697479,0.9483244788533701
0.9495798319327731,0.7773109243697479,0.9497615477540189
0.9579831932773109,0.7773109243697479,0.9511607107057799
0.9663865546218487,0.7773109243697479,0.9525228542716603
0.9747899159663865,0.7773109243697479,0.9538488505514872
0.9831932773109243,0.7773109243697479,0.9551395570509558
0.9915966386554621,0.7773109243697479,0.956395816578238
1.0,0.7773109243697479,0.9576184571665746
0.0,0.7815126050420168,0.3968349247684044
0.008403361344537815,0.7815126050420168,0.4039415373323072
0.01680672268907563,0.7815126050420168,0.4110886777127882
0.025210084033613446,0.7815126050420168,0.41827353640003756
0.03361344537815126,0.7815126050420168,0.4254932409442232
0.04201680672268907,0.7815126050420168,0.43274486029998294
0.05042016806722689,0.7815126050420168,0.4400254093770543
0.058823529411764705,0.7815126050420168,0.44733185378289103
0.06722689075630252,0.7815126050420168,0.4546611147419591
0.07563025210084033,0.7815126050420168,0.4620100741753322
0.08403361344537814,0.7815126050420168,0.4693755799232225
0.09243697478991596,0.7815126050420168,0.4767544510921919
0.10084033613445378,0.7815126050420168,0.4841434835080167
0.1092436974789916,0.7815126050420168,0.4915394552545101
0.11764705882352941,0.7815126050420168,0.49893913227806536
0.12605042016806722,0.7815126050420168,0.506339274037263
0.13445378151260504,0.7815126050420168,0.5137366391766034
0.14285714285714285,0.7815126050420168,0.5211279912032687
0.15126050420168066,0.7815126050420168,0.5285101041457967
0.15966386554621848,0.7815126050420168,0.5358797681736719
0.1680672268907563,0.7815126050420168,0.5432337951570799
0.1764705882352941,0.7815126050420168,0.5505690241464558
0.18487394957983191,0.7815126050420168,0.5578823267519649
0.19327731092436973,0.7815126050420168,0.5651706124036814
0.20168067226890757,0.7815126050420168,0.5724308334739806
0.21008403361344538,0.7815126050420168,0.5796599902445128
0.2184873949579832,0.7815126050420168,0.5868551357010882
0.226890756302521,0.7815126050420168,0.5940133801408496
0.23529411764705882,0.7815126050420168,0.6011318955772402
0.24369747899159663,0.7815126050420168,0.6082079199294866
0.25210084033613445,0.7815126050420168,0.6152387609845714
0.26050420168067223,0.7815126050420168,0.6222218001210016
0.2689075630252101,0.7815126050420168,0.6291544957850214
0.2773109243697479,0.7815126050420168,0.6360343867113127
0.2857142857142857,0.7815126050420168,0.6428590948816204
0.29411764705882354,0.7815126050420168,0.6496263282161502
0.3025210084033613,0.7815126050420168,0.6563338829939797
0.31092436974789917,0.7815126050420168,0.6629796460001154
0.31932773109243695,0.7815126050420168,0.6695615963981774
0.3277310924369748,0.7815126050420168,0.6760778073290218
0.3361344537815126,0.7815126050420168,0.68252644723688
0.3445378151260504,0.7815126050420168,0.688905780925829
0.3529411764705882,0.7815126050420168,0.6952141703505594
0.36134453781512604,0.7815126050420168,0.701450075146519
0.36974789915966383,0.7815126050420168,0.7076120529055276
0.37815126050420167,0.7815126050420168,0.7136987592039187
0.38655462184873945,0.7815126050420168,0.719708947391128
0.3949579831932773,0.7815126050420168,0.7256414681474478
0.40336134453781514,0.7815126050420168,0.7314952688203625
0.4117647058823529,0.7815126050420168,0.7372693925495096
0.42016806722689076,0.7815126050420168,0.7429629771908393
0.42857142857142855,0.7815126050420168,0.7485752540509989
0.4369747899159664,0.7815126050420168,0.7541055464433355
0.4453781512605042,0.7815126050420168,0.7595532680771891
0.453781512605042,0.7815126050420168,0.7649179212923611
0.4621848739495798,0.7815126050420168,0.7701990951507626
0.47058823529411764,0.7815126050420168,0.7753964633973127
0.4789915966386554,0.7815126050420168,0.7805097823021281
0.48739495798319327,0.7815126050420168,0.7855388883959842
0.49579831932773105,0.7815126050420168,0.7904836961108714
0.5042016806722689,0.7815126050420168,0.7953441953372874
0.5126050420168067,0.7815126050420168,0.8001204489096484
0.5210084033613445,0.7815126050420168,0.8048125900309226
0.5294117647058824,0.7815126050420168,0.8094208196472388
0.5378151260504201,0.7815126050420168,0.813945403782865
0.5462184873949579,0.7815126050420168,0.8183866708455445
0.5546218487394958,0.7815126050420168,0.8227450089117444
0.5630252100840336,0.7815126050420168,0.8270208630009233
0.5714285714285714,0.7815126050420168,0.8312147323474569
0.5798319327731092,0.7815126050420168,0.8353271676783695
0.5882352941176471,0.7815126050420168,0.8393587685045331
0.5966386554621849,0.7815126050420168,0.8433101804324927
0.6050420168067226,0.7815126050420168,0.8471820925035761
0.6134453781512604,0.7815126050420168,0.8509752345664454
0.6218487394957983,0.7815126050420168,0.8546903746887468
0.6302521008403361,0.7815126050420168,0.8583283166130339
0.6386554621848739,0.7815126050420168,0.8618898972616446
0.6470588235294117,0.7815126050420168,0.8653759842947526
0.6554621848739496,0.7815126050420168,0.8687874737253497
0.6638655462184874,0.7815126050420168,0.8721252875944766
0.6722689075630252,0.7815126050420168,0.8753903717095868
0.680672268907563,0.7815126050420168,0.8785836934485292
0.6890756302521008,0.7815126050420168,0.8817062396312269
0.6974789915966386,0.7815126050420168,0.8847590144607769
0.7058823529411764,0.7815126050420168,0.8877430375353242
0.7142857142857143,0.7815126050420168,0.8906593419317436
0.7226890756302521,0.7815126050420168,0.8935089723618416
0.7310924369747899,0.7815126050420168,0.896292983401502
0.7394957983193277,0.7815126050420168,0.8990124377929233
0.7478991596638656,0.7815126050420168,0.9016684048198463
0.7563025210084033,0.7815126050420168,0.9042619587554316
0.7647058823529411,0.7815126050420168,0.9067941773822369
0.7731092436974789,0.7815126050420168,0.9092661405835489
0.7815126050420168,0.7815126050420168,0.9116789290051396
0.7899159663865546,0.7815126050420168,0.9140336227863671
0.7983193277310924,0.7815126050420168,0.9163313003593886
0.8067226890756303,0.7815126050420168,0.9185730373151316
0.8151260504201681,0.7815126050420168,0.9207599053345535
0.8235294117647058,0.7815126050420168,0.9228929711836241
0.8319327731092436,0.7815126050420168,0.9249732957703837
0.8403361344537815,0.7815126050420168,0.9270019332623531
0.8487394957983193,0.7815126050420168,0.9289799302625178
0.8571428571428571,0.7815126050420168,0.9309083250420608
0.8655462184873949,0.7815126050420168,0.9327881468279798
0.8739495798319328,0.7815126050420168,0.9346204151437002
0.8823529411764706,0.7815126050420168,0.9364061392007739
0.8907563025210083,0.7815126050420168,0.9381463173397511
0.8991596638655461,0.7815126050420168,0.9398419365183035
0.907563025210084,0.7815126050420168,0.9414939718446863
0.9159663865546218,0.7815126050420168,0.9431033861546385
0.9243697478991596,0.7815126050420168,0.9446711296298392
0.9327731092436974,0.7815126050420168,0.9461981394560548
0.9411764705882353,0.7815126050420168,0.947685339519148
0.9495798319327731,0.7815126050420168,0.9491336401371433
0.9579831932773109,0.7815126050420168,0.9505439378265832
0.9663865546218487,0.7815126050420168,0.9519171151014444
0.9747899159663865,0.7815126050420168,0.9532540403029266
0.9831932773109243,0.7815126050420168,0.9545555674584689
0.9915966386554621,0.7815126050420168,0.9558225361683915
1.0,0.7815126050420168,0.9570557715186095
0.0,0.7857142857142857,0.3968349247684044
0.008403361344537815,0.7857142857142857,0.4039136624961689
0.01680672268907563,0.7857142857142857,0.4110326224679929
0.025210084033613446,0.7857142857142857,0.41818902838262706
0.03361344537815126,0.7857142857142857,0.42538004194477597
0.04201680672268907,0.7857142857142857,0.43260276712327406
0.05042016806722689,0.7857142857142857,0.4398542546107683
0.058823529411764705,0.7857142857142857,0.44713150647115196
0.06722689075630252,0.7857142857142857,0.45443148095987784
0.07563025210084033,0.7857142857142857,0.46175109750123516
0.08403361344537814,0.7857142857142857,0.4690872418057162
0.09243697478991596,0.7857142857142857,0.47643677110974025
0.10084033613445378,0.7857142857142857,0.483796519519241
0.1092436974789916,0.7857142857142857,0.49116330343798
0.11764705882352941,0.7857142857142857,0.4985339270609111
0.12605042016806722,0.7857142857142857,0.505905187912521
0.13445378151260504,0.7857142857142857,0.5132738824097766
0.14285714285714285,0.7857142857142857,0.5206368114291599
0.15126050420168066,0.7857142857142857,0.5279907858572476
0.15966386554621848,0.7857142857142857,0.5353326321043886
0.1680672268907563,0.7857142857142857,0.5426591975612753
0.1764705882352941,0.7857142857142857,0.5499673559785565
0.18487394957983191,0.7857142857142857,0.5572540127501275
0.19327731092436973,0.7857142857142857,0.5645161100813373
0.20168067226890757,0.7857142857142857,0.5717506320240572
0.21008403361344538,0.7857142857142857,0.5789546093613928
0.2184873949579832,0.7857142857142857,0.5861251243257235
0.226890756302521,0.7857142857142857,0.5932593151347788
0.23529411764705882,0.7857142857142857,0.6003543803315389
0.24369747899159663,0.7857142857142857,0.6074075829149176
0.25210084033613445,0.7857142857142857,0.6144162542494028
0.26050420168067223,0.7857142857142857,0.6213777977431009
0.2689075630252101,0.7857142857142857,0.6282896922849481
0.2773109243697479,0.7857142857142857,0.6351494954331836
0.2857142857142857,0.7857142857142857,0.641954846348538
0.29411764705882354,0.7857142857142857,0.6487034684669597
0.3025210084033613,0.7857142857142857,0.6553931719080419
0.31092436974789917,0.7857142857142857,0.6620218556166803
0.31932773109243695,0.7857142857142857,0.6685875092367864
0.3277310924369748,0.7857142857142857,0.6750882147171885
0.3361344537815126,0.7857142857142857,0.6815221476510802
0.3445378151260504,0.7857142857142857,0.6878875783515808
0.3529411764705882,0.7857142857142857,0.6941828726671044
0.36134453781512604,0.7857142857142857,0.7004064925413163
0.36974789915966383,0.7857142857142857,0.7065569963234517
0.37815126050420167,0.7857142857142857,0.7126330388357195
0.38655462184873945,0.7857142857142857,0.7186333712053609
0.3949579831932773,0.7857142857142857,0.7245568404697178
0.40336134453781514,0.7857142857142857,0.7304023889633643
0.4117647058823529,0.7857142857142857,0.7361690534969657
0.42016806722689076,0.7857142857142857,0.7418559643380701
0.42857142857142855,0.7857142857142857,0.7474623440044811
0.4369747899159664,0.7857142857142857,0.7529875058812366
0.4453781512605042,0.7857142857142857,0.7584308526725048
0.453781512605042,0.7857142857142857,0.7637918746999247
0.4621848739495798,0.7857142857142857,0.7690701480590547
0.47058823529411764,0.7857142857142857,0.7742653326456633
0.4789915966386554,0.7857142857142857,0.7793771700635908
0.48739495798319327,0.7857142857142857,0.7844054814258563
0.49579831932773105,0.7857142857142857,0.7893501650605491
0.5042016806722689,0.7857142857142857,0.7942111941328761
0.5126050420168067,0.7857142857142857,0.7989886141945028
0.5210084033613445,0.7857142857142857,0.8036825406710514
0.5294117647058824,0.7857142857142857,0.8082931562983046
0.5378151260504201,0.7857142857142857,0.8128207085173164
0.5462184873949579,0.7857142857142857,0.8172655068382372
0.5546218487394958,0.7857142857142857,0.8216279201822637
0.5630252100840336,0.7857142857142857,0.8259083742106778
0.5714285714285714,0.7857142857142857,0.8301073486494993
0.5798319327731092,0.7857142857142857,0.8342253746178008
0.5882352941176471,0.7857142857142857,0.8382630319672645
0.5966386554621849,0.7857142857142857,0.8422209466400761
0.6050420168067226,0.7857142857142857,0.8460997880517622
0.6134453781512604,0.7857142857142857,0.8499002665050952
0.6218487394957983,0.7857142857142857,0.8536231306407039
0.6302521008403361,0.7857142857142857,0.8572691649295536
0.6386554621848739,0.7857142857142857,0.8608391872119859
0.6470588235294117,0.7857142857142857,0.8643340462875502
0.6554621848739496,0.7857142857142857,0.8677546195594167
0.6638655462184874,0.7857142857142857,0.8711018107367147
0.6722689075630252,0.7857142857142857,0.8743765475977371
0.680672268907563,0.7857142857142857,0.8775797798165367
0.6890756302521008,0.7857142857142857,0.8807124768550606
0.6974789915966386,0.7857142857142857,0.8837756259226041
0.7058823529411764,0.7857142857142857,0.8867702300040115
0.7142857142857143,0.7857142857142857,0.8896973059577277
0.7226890756302521,0.7857142857142857,0.8925578826844912
0.7310924369747899,0.7857142857142857,0.8953529993671718
0.7394957983193277,0.7857142857142857,0.8980837037819808
0.7478991596638656,0.7857142857142857,0.9007510506810363
0.7563025210084033,0.7857142857142857,0.9033561002460289
0.7647058823529411,0.7857142857142857,0.905899916612518
0.7731092436974789,0.7857142857142857,0.9083835664642003
0.7815126050420168,0.7857142857142857,0.9108081176963039
0.7899159663865546,0.7857142857142857,0.913174638147108
0.7983193277310924,0.7857142857142857,0.9154841943964432
0.8067226890756303,0.7857142857142857,0.9177378506298887
0.8151260504201681,0.7857142857142857,0.919936667567284
0.8235294117647058,0.7857142857142857,0.9220817014540609
0.8319327731092436,0.7857142857142857,0.9241740031138211
0.8403361344537815,0.7857142857142857,0.9262146170605084
0.8487394957983193,0.7857142857142857,0.9282045806684672
0.8571428571428571,0.7857142857142857,0.9301449233986268
0.8655462184873949,0.7857142857142857,0.9320366660790069
0.8739495798319328,0.7857142857142857,0.9338808202377241
0.8823529411764706,0.7857142857142857,0.9356783874866378
0.8907563025210083,0.7857142857142857,0.9374303589537833
0.8991596638655461,0.7857142857142857,0.9391377147627187
0.907563025210084,0.7857142857142857,0.9408014235569248
0.9159663865546218,0.7857142857142857,0.9424224420674016
0.9243697478991596,0.7857142857142857,0.9440017147216218
0.9327731092436974,0.7857142857142857,0.9455401732920187
0.9411764705882353,0.7857142857142857,0.9470387365822148
0.9495798319327731,0.7857142857142857,0.9484983101492239
0.9579831932773109,0.7857142857142857,0.9499197860598905
0.9663865546218487,0.7857142857142857,0.9513040426798681
0.9747899159663865,0.7857142857142857,0.9526519444934776
0.9831932773109243,0.7857142857142857,0.9539643419528229
0.9915966386554621,0.7857142857142857,0.95524207135459
1.0,0.7857142857142857,0.9564859547429936
0.0,0.7899159663865546,0.3968349247684044
0.008403361344537815,0.7899159663865546,0.40388578828019794
0.01680672268907563,0.7899159663865546,0.4109765695326437
0.025210084033613446,0.7899159663865546,0.41810452516761454
0.03361344537815126,0.7899159663865546,0.42526685076849097
0.04201680672268907,0.7899159663865546,0.4324606850334137
0.05042016806722689,0.7899159663865546,0.4396831141454945
0.058823529411764705,0.7899159663865546,0.4469311763266197
0.06722689075630252,0.7899159663865546,0.4542018665603994
0.07563025210084033,0.7899159663865546,0.4614921414687954
0.08403361344537814,0.7899159663865546,0.46879892432603837
0.09243697478991596,0.7899159663865546,0.4761191101926051
0.10084033613445378,0.7899159663865546,0.4834495711512876
0.1092436974789916,0.7899159663865546,0.4907871616267557
0.11764705882352941,0.7899159663865546,0.498128723769495
0.12605042016806722,0.7899159663865546,0.5054710928846022
0.13445378151260504,0.7899159663865546,0.5128111028856327
0.14285714285714285,0.7899159663865546,0.5201455917535468
0.15126050420168066,0.7899159663865546,0.5274714069807611
0.15966386554621848,0.7899159663865546,0.5347854109804095
0.1680672268907563,0.7899159663865546,0.5420844864411363
0.1764705882352941,0.7899159663865546,0.549365541608081
0.18487394957983191,0.7899159663865546,0.5566255154711804
0.19327731092436973,0.7899159663865546,0.5638613828424824
0.20168067226890757,0.7899159663865546,0.5710701593048539
0.21008403361344538,0.7899159663865546,0.5782489060152554
0.2184873949579832,0.7899159663865546,0.5853947343466275
0.226890756302521,0.7899159663865546,0.5925048103534226
0.23529411764705882,0.7899159663865546,0.5995763590468474
0.24369747899159663,0.7899159663865546,0.6066066684670113
0.25210084033613445,0.7899159663865546,0.6135930935403544
0.26050420168067223,0.7899159663865546,0.6205330597119508
0.2689075630252101,0.7899159663865546,0.6274240663435549
0.2773109243697479,0.7899159663865546,0.6342636898695507
0.2857142857142857,0.7899159663865546,0.6410495867042784
0.29411764705882354,0.7899159663865546,0.6477794958955307
0.3025210084033613,0.7899159663865546,0.654451241520328
0.31092436974789917,0.7899159663865546,0.6610627348203887
0.31932773109243695,0.7899159663865546,0.6676119760759891
0.3277310924369748,0.7899159663865546,0.6740970562181597
0.3361344537815126,0.7899159663865546,0.6805161581803784
0.3445378151260504,0.7899159663865546,0.6868675579920824
0.3529411764705882,0.7899159663865546,0.6931496256174359
0.36134453781512604,0.7899159663865546,0.6993608255438378
0.36974789915966383,0.7899159663865546,0.7054997171256469
0.37815126050420167,0.7899159663865546,0.7115649546895112
0.38655462184873945,0.7899159663865546,0.7175552874085371
0.3949579831932773,0.7899159663865546,0.7234695589533043
0.40336134453781514,0.7899159663865546,0.7293067069284154
0.4117647058823529,0.7899159663865546,0.7350657621038863
0.42016806722689076,0.7899159663865546,0.7407458474512134
0.42857142857142855,0.7899159663865546,0.7463461769944039
0.4369747899159664,0.7899159663865546,0.7518660544866302
0.4453781512605042,0.7899159663865546,0.7573048719234647
0.453781512605042,0.7899159663865546,0.7626621079038726
0.4621848739495798,0.7899159663865546,0.7679373258502911
0.47058823529411764,0.7899159663865546,0.7731301720991975
0.4789915966386554,0.7899159663865546,0.7782403738735882
0.48739495798319327,0.7899159663865546,0.7832677371487385
0.49579831932773105,0.7899159663865546,0.7882121444225012
0.5042016806722689,0.7899159663865546,0.7930735524012547
0.5126050420168067,0.7899159663865546,0.797851989612381
0.5210084033613445,0.7899159663865546,0.8025475539539147
0.5294117647058824,0.7899159663865546,0.807160410191699
0.5378151260504201,0.7899159663865546,0.8116907874140498
0.5462184873949579,0.7899159663865546,0.8161389764535755
0.5546218487394958,0.7899159663865546,0.820505327285392
0.5630252100840336,0.7899159663865546,0.8247902464105731
0.5714285714285714,0.7899159663865546,0.8289941942332348
0.5798319327731092,0.7899159663865546,0.8331176824392039
0.5882352941176471,0.7899159663865546,0.837161271383766
0.5966386554621849,0.7899159663865546,0.8411255674955194
0.6050420168067226,0.7899159663865546,0.8450112207028909
0.6134453781512604,0.7899159663865546,0.8488189218893984
0.6218487394957983,0.7899159663865546,0.8525494003832763
0.6302521008403361,0.7899159663865546,0.8562034214866142
0.6386554621848739,0.7899159663865546,0.8597817840487056
0.6470588235294117,0.7899159663865546,0.8632853180878473
0.6554621848739496,0.7899159663865546,0.866714882465403
0.6638655462184874,0.7899159663865546,0.8700713626155107
0.6722689075630252,0.7899159663865546,0.8733556683334116
0.680672268907563,0.7899159663865546,0.876568731624977
0.6890756302521008,0.7899159663865546,0.8797115046196338
0.6974789915966386,0.7899159663865546,0.8827849575485334
0.7058823529411764,0.7899159663865546,0.8857900767894529
0.7142857142857143,0.7899159663865546,0.8887278629796077
0.7226890756302521,0.7899159663865546,0.891599329197238
0.7310924369747899,0.7899159663865546,0.8944054992125481
0.7394957983193277,0.7899159663865546,0.8971474058083092
0.7478991596638656,0.7899159663865546,0.8998260891701837
0.7563025210084033,0.7899159663865546,0.9024425953466014
0.7647058823529411,0.7899159663865546,0.904997974777801
0.7731092436974789,0.7899159663865546,0.9074932808934564
0.7815126050420168,0.7899159663865546,0.9099295687781267
0.7899159663865546,0.7899159663865546,0.9123078939036113
0.7983193277310924,0.7899159663865546,0.9146293109271395
0.8067226890756303,0.7899159663865546,0.916894872554197
0.8151260504201681,0.7899159663865546,0.9191056284646805
0.8235294117647058,0.7899159663865546,0.9212626243009561
0.8319327731092436,0.7899159663865546,0.9233669007163287
0.8403361344537815,0.7899159663865546,0.9254194924823347
0.8487394957983193,0.7899159663865546,0.927421427653221
0.8571428571428571,0.7899159663865546,0.9293737267859127
0.8655462184873949,0.7899159663865546,0.9312774022137307
0.8739495798319328,0.7899159663865546,0.9331334573720945
0.8823529411764706,0.7899159663865546,0.9349428861744135
0.8907563025210083,0.7899159663865546,0.936706672436357
0.8991596638655461,0.7899159663865546,0.9384257893466951
0.907563025210084,0.7899159663865546,0.9401011989828864
0.9159663865546218,0.7899159663865546,0.94173385186961
0.9243697478991596,0.7899159663865546,0.9433246865784416
0.9327731092436974,0.7899159663865546,0.9448746293668931
0.9411764705882353,0.7899159663865546,0.9463845938550608
0.9495798319327731,0.7899159663865546,0.9478554807381482
0.9579831932773109,0.7899159663865546,0.9492881775331617
0.9663865546218487,0.7899159663865546,0.9506835583581142
0.9747899159663865,0.7899159663865546,0.9520424837420972
0.9831932773109243,0.7899159663865546,0.9533658004646378
0.9915966386554621,0.7899159663865546,0.9546543414227767
1.0,0.7899159663865546,0.955908925524365
0.0,0.7941176470588236,0.3968349247684044
0.008403361344537815,0.7941176470588236,0.4038579146845604
0.01680672268907563,0.7941176470588236,0.4109205189081008
0.025210084033613446,0.7941176470588236,0.4180200267596872
0.03361344537815126,0.7941176470588236,0.42515366742669347
0.04201680672268907,0.7941176470588236,0.4323186140529068
0.05042016806722689,0.7941176470588236,0.4395119880207252
0.058823529411764705,0.7941176470588236,0.4467308634128653
0.06722689075630252,0.7941176470588236,0.4539722716395421
0.07563025210084033,0.7941176470588236,0.46123320621610103
0.08403361344537814,0.7941176470588236,0.4685106276751764
0.09243697478991596,0.7941176470588236,0.47580146859664296
0.10084033613445378,0.7941176470588236,0.48310263873790305
0.1092436974789916,0.7941176470588236,0.4904110302464389
0.11764705882352941,0.7941176470588236,0.49772352293605293
0.12605042016806722,0.7941176470588236,0.505036989607823
0.13445378151260504,0.7941176470588236,0.5123483013965198
0.14285714285714285,0.7941176470588236,0.5196543331230816
0.15126050420168066,0.7941176470588236,0.5269519686336948
0.15966386554621848,0.7941176470588236,0.5342381061061197
0.1680672268907563,0.7941176470588236,0.5415096633041016
0.1764705882352941,0.7941176470588236,0.5487635827610284
0.18487394957983191,0.7941176470588236,0.5559968368744362
0.19327731092436973,0.7941176470588236,0.5632064328935126
0.20168067226890757,0.7941176470588236,0.5703894177824
0.21008403361344538,0.7941176470588236,0.5775428829428612
0.2184873949579832,0.7941176470588236,0.5846639687807116
0.226890756302521,0.7941176470588236,0.5917498691013625
0.23529411764705882,0.7941176470588236,0.5987978353208241
0.24369747899159663,0.7941176470588236,0.6058051804795976
0.25210084033613445,0.7941176470588236,0.6127692830480268
0.26050420168067223,0.7941176470588236,0.6196875905128527
0.2689075630252101,0.7941176470588236,0.6265576227359546
0.2773109243697479,0.7941176470588236,0.6333769750774974
0.2857142857142857,0.7941176470588236,0.6401433212769875
0.29411764705882354,0.7941176470588236,0.6468544160870101
0.3025210084033613,0.7941176470588236,0.6535080976557003
0.31092436974789917,0.7941176470588236,0.6601022896552686
0.31932773109243695,0.7941176470588236,0.6666350031551419
0.3277310924369748,0.7941176470588236,0.6731043382395019
0.3361344537815126,0.7941176470588236,0.6795084853701804
0.3445378151260504,0.7941176470588236,0.6858457264970086
0.3529411764705882,0.7941176470588236,0.6921144359188011
0.36134453781512604,0.7941176470588236,0.6983130808991829
0.36974789915966383,0.7941176470588236,0.7044402220424377
0.37815126050420167,0.7941176470588236,0.71049451343545
0.38655462184873945,0.7941176470588236,0.7164747025626471
0.3949579831932773,0.7941176470588236,0.7223796300016051
0.40336134453781514,0.7941176470588236,0.7282082289076581
0.4117647058823529,0.7941176470588236,0.7339595242964675
0.42016806722689076,0.7941176470588236,0.7396326321340205
0.42857142857142855,0.7941176470588236,0.7452267582439994
0.4369747899159664,0.7941176470588236,0.7507411970428176
0.4453781512605042,0.7941176470588236,0.7561753301129363
0.453781512605042,0.7941176470588236,0.7615286246252974
0.4621848739495798,0.7941176470588236,0.7668006316218635
0.47058823529411764,0.7941176470588236,0.7719909841693536
0.4789915966386554,0.7941176470588236,0.7770993953952798
0.48739495798319327,0.7941176470588236,0.7821256564173664
0.49579831932773105,0.7941176470588236,0.787069634177327
0.5042016806722689,0.7941176470588236,0.7919312691898464
0.5126050420168067,0.7941176470588236,0.7967105732174037
0.5210084033613445,0.7941176470588236,0.8014076268813468
0.5294117647058824,0.7941176470588236,0.8060225772193446
0.5378151260504201,0.7941176470588236,0.8105556351990253
0.5462184873949579,0.7941176470588236,0.8150070731972727
0.5546218487394958,0.7941176470588236,0.8193772224542677
0.5630252100840336,0.7941176470588236,0.823666470510973
0.5714285714285714,0.7941176470588236,0.8278752586383407
0.5798319327731092,0.7941176470588236,0.8320040792660913
0.5882352941176471,0.7941176470588236,0.8360534734184722
0.5966386554621849,0.7941176470588236,0.840024028163949
0.6050420168067226,0.7941176470588236,0.843916374085336
0.6134453781512604,0.7941176470588236,0.8477311827764055
0.6218487394957983,0.7941176470588236,0.8514691643705671
0.6302521008403361,0.7941176470588236,0.855131065106755
0.6386554621848739,0.7941176470588236,0.858717664937216
0.6470588235294117,0.7941176470588236,0.8622297751814498
0.6554621848739496,0.7941176470588236,0.8656682362301347
0.6638655462184874,0.7941176470588236,0.8690339153024474
0.6722689075630252,0.7941176470588236,0.872327704259792
0.680672268907563,0.7941176470588236,0.87555051747856
0.6890756302521008,0.7941176470588236,0.8787032897841756
0.6974789915966386,0.7941176470588236,0.8817869744483241
0.7058823529411764,0.7941176470588236,0.8848025412509227
0.7142857142857143,0.7941176470588236,0.8877509746080755
0.7226890756302521,0.7941176470588236,0.8906332717669452
0.7310924369747899,0.7941176470588236,0.8934504410681995
0.7394957983193277,0.7941176470588236,0.8962035002764159
0.7478991596638656,0.7941176470588236,0.8988934749785821
0.7563025210084033,0.7941176470588236,0.9015213970506007
0.7647058823529411,0.7941176470588236,0.9040883031914949
0.7731092436974789,0.7941176470588236,0.9065952335248106
0.7815126050420168,0.7941176470588236,0.909043230266539
0.7899159663865546,0.7941176470588236,0.9114333364587147
0.7983193277310924,0.7941176470588236,0.9137665947677026
0.8067226890756303,0.7941176470588236,0.9160440463460511
0.8151260504201681,0.7941176470588236,0.9182667297566746
0.8235294117647058,0.7941176470588236,0.9204356799580241
0.8319327731092436,0.7941176470588236,0.9225519273488135
0.8403361344537815,0.7941176470588236,0.9246164968707942
0.8487394957983193,0.7941176470588236,0.9266304071679986
0.8571428571428571,0.7941176470588236,0.9285946698008276
0.8655462184873949,0.7941176470588236,0.9305102885133026
0.8739495798319328,0.7941176470588236,0.9323782585517735
0.8823529411764706,0.7941176470588236,0.9341995660333476
0.8907563025210083,0.7941176470588236,0.935975187362285
0.8991596638655461,0.7941176470588236,0.9377060886925963
0.907563025210084,0.7941176470588236,0.9393932254350764
0.9159663865546218,0.7941176470588236,0.9410375418070122
0.9243697478991596,0.7941176470588236,0.9426399704228104
0.9327731092436974,0.7941176470588236,0.9442014319238037
0.9411764705882353,0.7941176470588236,0.9457228346455191
0.9495798319327731,0.7941176470588236,0.9472050743207115
0.9579831932773109,0.7941176470588236,0.9486490338164933
0.9663865546218487,0.7941176470588236,0.9500555829039229
0.9747899159663865,0.7941176470588236,0.9514255780584491
0.9831932773109243,0.7941176470588236,0.9527598622896436
0.9915966386554621,0.7941176470588236,0.9540592649986926
1.0,0.7941176470588236,0.9553246018621596
0.0,0.7983193277310925,0.3968349247684044
0.008403361344537815,0.7983193277310925,0.4038300417094225
0.01680672268907563,0.7983193277310925,0.4108644705957234
0.025210084033613446,0.7983193277310925,0.41793553316353094
0.03361344537815126,0.7983193277310925,0.42504049193070526
0.04201680672268907,0.7983193277310925,0.43217655420425055
0.05042016806722689,0.7983193277310925,0.4393408762759394
0.058823529411764705,0.7983193277310925,0.4465305677934371
0.06722689075630252,0.7983193277310925,0.45374269629329117
0.07563025210084033,0.7983193277310925,0.4609742918811953
0.08403361344537814,0.7983193277310925,0.46822235204406204
0.09243697478991596,0.7983193277310925,0.4754838465776473
0.10084033613445378,0.7983193277310925,0.482755722612772
0.1092436974789916,0.7983193277310925,0.4900349097225835
0.11764705882352941,0.7983193277310925,0.49731832509280727
0.12605042016806722,0.7983193277310925,0.5046028787365496
0.13445378151260504,0.7983193277310925,0.5118854787349363
0.14285714285714285,0.7983193277310925,0.5191630364847174
0.15126050420168066,0.7983193277310925,0.52643247193392
0.15966386554621848,0.7983193277310925,0.5336907187867085
0.1680672268907563,0.7983193277310925,0.5409347296587986
0.1764705882352941,0.7983193277310925,0.54816148116508
0.18487394957983191,0.7983193277310925,0.5553679789215147
0.19327731092436973,0.7983193277310925,0.562551262443905
0.20168067226890757,0.7983193277310925,0.5697084099267494
0.21008403361344538,0.7983193277310925,0.5768365428861314
0.2184873949579832,0.7983193277310925,0.5839328306513961
0.226890756302521,0.7983193277310925,0.5909944946912714
0.23529411764705882,0.7983193277310925,0.5980188127610581
0.24369747899159663,0.7983193277310925,0.6050031228585557
0.25210084033613445,0.7983193277310925,0.6119448269774839
0.26050420168067223,0.7983193277310925,0.6188413946483025
0.2689075630252101,0.7983193277310925,0.6256903662575193
0.2773109243697479,0.7983193277310925,0.6324893561377787
0.2857142857142857,0.7983193277310925,0.6392360554222589
0.29411764705882354,0.7983193277310925,0.6459282346581402
0.3025210084033613,0.7983193277310925,0.6525637461751458
0.31092436974789917,0.7983193277310925,0.6591405262063854
0.31932773109243695,0.7983193277310925,0.6656565967599387
0.3277310924369748,0.7983193277310925,0.6721100672408029
0.3361344537815126,0.7983193277310925,0.6784991358239756
0.3445378151260504,0.7983193277310925,0.6848220905805477
0.3529411764705882,0.7983193277310925,0.6910773103597473
0.36134453781512604,0.7983193277310925,0.6972632654308737
0.36974789915966383,0.7983193277310925,0.7033785178900094
0.37815126050420167,0.7983193277310925,0.7094217218372828
0.38655462184873945,0.7983193277310925,0.7153916233312618
0.3949579831932773,0.7983193277310925,0.7212870601278152
0.40336134453781514,0.7983193277310925,0.7271069612114416
0.4117647058823529,0.7983193277310925,0.732850346127673
0.42016806722689076,0.7983193277310925,0.7385163241256817
0.42857142857142855,0.7983193277310925,0.7441040931206717
0.4369747899159664,0.7983193277310925,0.7496129384860191
0.4453781512605042,0.7983193277310925,0.7550422316854184
0.453781512605042,0.7983193277310925,0.7603914287555469
0.4621848739495798,0.7983193277310925,0.7656600686499027
0.47058823529411764,0.7983193277310925,0.7708477714545949
0.4789915966386554,0.7983193277310925,0.775954236486884
0.48739495798319327,0.7983193277310925,0.7809792402872606
0.49579831932773105,0.7983193277310925,0.7859226345157709
0.5042016806722689,0.7983193277310925,0.7907843437631609
0.5126050420168067,0.7983193277310925,0.7955643632872446
0.5210084033613445,0.7983193277310925,0.8002627566846718
0.5294117647058824,0.7983193277310925,0.8048796535080118
0.5378151260504201,0.7983193277310925,0.8094152468377749
0.5462184873949579,0.7983193277310925,0.81386979081866
0.5546218487394958,0.7983193277310925,0.8182435981689673
0.5630252100840336,0.7983193277310925,0.8225370376717297
0.5714285714285714,0.7983193277310925,0.8267505316557235
0.5798319327731092,0.7983193277310925,0.8308845534740992
0.5882352941176471,0.7983193277310925,0.8349396249879545
0.5966386554621849,0.7983193277310925,0.8389163140617304
0.6050420168067226,0.7983193277310925,0.8428152320768737
0.6134453781512604,0.7983193277310925,0.8466370314697695
0.6218487394957983,0.7983193277310925,0.8503824032995017
0.6302521008403361,0.7983193277310925,0.85405207485056
0.6386554621848739,0.7983193277310925,0.8576468072751864
0.6470588235294117,0.7983193277310925,0.8611673932796168
0.6554621848739496,0.7983193277310925,0.8646146548580644
0.6638655462184874,0.7983193277310925,0.8679894410778852
0.6722689075630252,0.7983193277310925,0.8712926259189689
0.680672268907563,0.7983193277310925,0.874525106170024
0.6890756302521008,0.7983193277310925,0.8776877993840577
0.6974789915966386,0.7983193277310925,0.8807816418950035
0.7058823529411764,0.7983193277310925,0.8838075868971172
0.7142857142857143,0.7983193277310925,0.8867666025884443
0.7226890756302521,0.7983193277310925,0.8896596703793664
0.7310924369747899,0.7983193277310925,0.8924877831669478
0.7394957983193277,0.7983193277310925,0.8952519436755471
0.7478991596638656,0.7983193277310925,0.8979531628639015
0.7563025210084033,0.7983193277310925,0.9005924583986765
0.7647058823529411,0.7983193277310925,0.9031708531942467
0.7731092436974789,0.7983193277310925,0.9056893740182894
0.7815126050420168,0.7983193277310925,0.9081490501625904
0.7899159663865546,0.7983193277310925,0.9105509121782932
0.7983193277310924,0.7983193277310925,0.9128959906746855
0.8067226890756303,0.7983193277310925,0.9151853151804733
0.8151260504201681,0.7983193277310925,0.9174199130663826
0.8235294117647058,0.7983193277310925,0.9196008085278171
0.8319327731092436,0.7983193277310925,0.9217290216262138
0.8403361344537815,0.7983193277310925,0.9238055673876552
0.8487394957983193,0.7983193277310925,0.9258314549572274
0.8571428571428571,0.7983193277310925,0.927807686807562
0.8655462184873949,0.7983193277310925,0.9297352579999432
0.8739495798319328,0.7983193277310925,0.9316151554963347
0.8823529411764706,0.7983193277310925,0.9334483575206431
0.8907563025210083,0.7983193277310925,0.935235832967521
0.8991596638655461,0.7983193277310925,0.9369785408569943
0.907563025210084,0.7983193277310925,0.9386774298331994
0.9159663865546218,0.7983193277310925,0.9403334377055117
0.9243697478991596,0.7983193277310925,0.941947491030354
0.9327731092436974,0.7983193277310925,0.9435205047319892
0.9411764705882353,0.7983193277310925,0.9450533817606133
0.9495798319327731,0.7983193277310925,0.9465470127860915
0.9579831932773109,0.7983193277310925,0.9480022759257012
0.9663865546218487,0.7983193277310925,0.9494200365042748
0.9747899159663865,0.7983193277310925,0.9508011468451693
0.9831932773109243,0.7983193277310925,0.952146446090521
0.9915966386554621,0.7983193277310925,0.9534567600492815
1.0,0.7983193277310925,0.9547329010715686
0.0,0.8025210084033614,0.3968349247684044
0.008403361344537815,0.8025210084033614,0.40380216935495017
0.01680672268907563,0.8025210084033614,0.4108084245968711
0.025210084033613446,0.8025210084033614,0.41785104438383075
0.03361344537815126,0.8025210084033614,0.42492732429184477
0.04201680672268907,0.8025210084033614,0.43203450550993533
0.05042016806722689,0.8025210084033614,0.4391697789506026
0.058823529411764705,0.8025210084033614,0.44633028953186166
0.06722689075630252,0.8025210084033614,0.45351314061759856
0.07563025210084033,0.8025210084033614,0.4607153986020765
0.08403361344537814,0.8025210084033614,0.4679340976235711
0.09243697478991596,0.8025210084033614,0.47516624439134875
0.10084033613445378,0.8025210084033614,0.4824088231095168
0.1092436974789916,0.8025210084033614,0.4896588004806945
0.11764705882352941,0.8025210084033614,0.49691313077196503
0.12605042016806722,0.8025210084033614,0.5041687609251946
0.13445378151260504,0.8025210084033614,0.511422635693526
0.14285714285714285,0.8025210084033614,0.518671702785701
0.15126050420168066,0.8025210084033614,0.5259129179998131
0.15966386554621848,0.8025210084033614,0.5331432503281576
0.1680672268907563,0.8025210084033614,0.5403596870150272
0.1764705882352941,0.8025210084033614,0.5475592385495811
0.18487394957983191,0.8025210084033614,0.5547389435763191
0.19327731092436973,0.8025210084033614,0.5618958737061881
0.20168067226890757,0.8025210084033614,0.569027138211946
0.21008403361344538,0.8025210084033614,0.576129888592106
0.2184873949579832,0.8025210084033614,0.5832013229885621
0.226890756302521,0.8025210084033614,0.5902386904438596
0.23529411764705882,0.8025210084033614,0.5972392949850087
0.24369747899159663,0.8025210084033614,0.6042004995217438
0.25210084033613445,0.8025210084033614,0.6111197295481762
0.26050420168067223,0.8025210084033614,0.6179944766379066
0.2689075630252101,0.8025210084033614,0.6248223017237903
0.2773109243697479,0.8025210084033614,0.6316008381547272
0.2857142857142857,0.8025210084033614,0.6383277945230348
0.29411764705882354,0.8025210084033614,0.6450009572571578
0.3025210084033613,0.8025210084033614,0.6516181929756744
0.31092436974789917,0.8025210084033614,0.6581774505997436
0.31932773109243695,0.8025210084033614,0.6646767632223171
0.3277310924369748,0.8025210084033614,0.6711142497335879
0.3361344537815126,0.8025210084033614,0.6774881162032663
0.3445378151260504,0.8025210084033614,0.6837966570213495
0.3529411764705882,0.8025210084033614,0.6900382558000919
0.36134453781512604,0.8025210084033614,0.696211386040854
0.36974789915966383,0.8025210084033614,0.7023146115704436
0.37815126050420167,0.8025210084033614,0.7083465867524238
0.38655462184873945,0.8025210084033614,0.7143060564796588
0.3949579831932773,0.8025210084033614,0.7201918559551136
0.40336134453781514,0.8025210084033614,0.7260029102685743
0.4117647058823529,0.8025210084033614,0.7317382337775642
0.42016806722689076,0.8025210084033614,0.7373969293012385
0.42857142857142855,0.8025210084033614,0.742978187136505
0.4369747899159664,0.8025210084033614,0.7484812839059886
0.4453781512605042,0.8025210084033614,0.7539055812477718
0.453781512605042,0.8025210084033614,0.7592505243570818
0.4621848739495798,0.8025210084033614,0.7645156403902709
0.47058823529411764,0.8025210084033614,0.7697005367415497
0.4789915966386554,0.8025210084033614,0.7748048992029742
0.48739495798319327,0.8025210084033614,0.7798284900181909
0.49579831932773105,0.8025210084033614,0.7847711458403658
0.5042016806722689,0.8025210084033614,0.7896327756046253
0.5126050420168067,0.8025210084033614,0.7944133583251579
0.5210084033613445,0.8025210084033614,0.7991129408269368
0.5294117647058824,0.8025210084033614,0.8037316354217645
0.5378151260504201,0.8025210084033614,0.8082696175380709
0.5462184873949579,0.8025210084033614,0.8127271233135817
0.5546218487394958,0.8025210084033614,0.8171044471596328
0.5630252100840336,0.8025210084033614,0.8214019393055505
0.5714285714285714,0.8025210084033614,0.8256200033311282
0.5798319327731092,0.8025210084033614,0.8297590936948409
0.5882352941176471,0.8025210084033614,0.8338197132650234
0.5966386554621849,0.8025210084033614,0.837802410860818
0.6050420168067226,0.8025210084033614,0.8417077788092799
0.6134453781512604,0.8025210084033614,0.8455364505245927
0.6218487394957983,0.8025210084033614,0.8492890981149184
0.6302521008403361,0.8025210084033614,0.8529664300219885
0.6386554621848739,0.8025210084033614,0.8565691886981108
0.6470588235294117,0.8025210084033614,0.8600981483248574
0.6554621848739496,0.8025210084033614,0.863554112577292
0.6638655462184874,0.8025210084033614,0.8669379124371972
0.6722689075630252,0.8025210084033614,0.8702504040583819
0.680672268907563,0.8025210084033614,0.8734924666867687
0.6890756302521008,0.8025210084033614,0.8766650006376125
0.6974789915966386,0.8025210084033614,0.8797689253318574
0.7058823529411764,0.8025210084033614,0.8828051773933001
0.7142857142857143,0.8025210084033614,0.8857747088079377
0.7226890756302521,0.8025210084033614,0.888678485146562
0.7310924369747899,0.8025210084033614,0.8915174838513957
0.7394957983193277,0.8025210084033614,0.8942926925873078
0.7478991596638656,0.8025210084033614,0.8970051076578853
0.7563025210084033,0.8025210084033614,0.8996557324864324
0.7647058823529411,0.8025210084033614,0.9022455761617381
0.7731092436974789,0.8025210084033614,0.9047756520482702
0.7815126050420168,0.8025210084033614,0.9072469764602703
0.7899159663865546,0.8025210084033614,0.9096605673990612
0.7983193277310924,0.8025210084033614,0.91201744335273
0.8067226890756303,0.8025210084033614,0.9143186221572187
0.8151260504201681,0.8025210084033614,0.9165651199177295
0.8235294117647058,0.8025210084033614,0.918757949989249
0.8319327731092436,0.8025210084033614,0.9208981220149012
0.8403361344537815,0.8025210084033614,0.9229866410207553
0.8487394957983193,0.8025210084033614,0.9250245065656474
0.8571428571428571,0.8025210084033614,0.92701271194451
0.8655462184873949,0.8025210084033614,0.9289522434436625
0.8739495798319328,0.8025210084033614,0.9308440796464654
0.8823529411764706,0.8025210084033614,0.9326891907877197
0.8907563025210083,0.8025210084033614,0.9344885381551619
0.8991596638655461,0.8025210084033614,0.9362430735363961
0.907563025210084,0.8025210084033614,0.9379537387095942
0.9159663865546218,0.8025210084033614,0.93962146497629
0.9243697478991596,0.8025210084033614,0.9412471727346062
0.9327731092436974,0.8025210084033614,0.9428317710912514
0.9411764705882353,0.8025210084033614,0.9443761575106465
0.9495798319327731,0.8025210084033614,0.9458812174995601
0.9579831932773109,0.8025210084033614,0.9473478243256458
0.9663865546218487,0.8025210084033614,0.9487768387683121
0.9747899159663865,0.8025210084033614,0.9501691089003746
0.9831932773109243,0.8025210084033614,0.9515254698989812
0.9915966386554621,0.8025210084033614,0.9528467438843294
1.0,0.8025210084033614,0.9541337397847299
0.0,0.8067226890756303,0.3968349247684044
0.008403361344537815,0.8067226890756303,0.4037742976213095
0.01680672268907563,0.8067226890756303,0.41075238091290284
0.025210084033613446,0.8067226890756303,0.4177665604252702
0.03361344537815126,0.8067226890756303,0.4248141645214275
0.04201680672268907,0.8067226890756303,0.431892467992444
0.05042016806722689,0.8067226890756303,0.4389986960841664
0.058823529411764705,0.8067226890756303,0.4461300286916428
0.06722689075630252,0.8067226890756303,0.45328360470838325
0.07563025210084033,0.8067226890756303,0.46045652651669733
0.08403361344537814,0.8067226890756303,0.4676458646045226
0.09243697478991596,0.8067226890756303,0.4748486622934134
0.10084033613445378,0.8067226890756303,0.4820619405616959
0.1092436974789916,0.8067226890756303,0.4892827029462258
0.11764705882352941,0.8067226890756303,0.4965079405057145
0.12605042016806722,0.8067226890756303,0.5037346368282116
0.13445378151260504,0.8067226890756303,0.510959773065072
0.14285714285714285,0.8067226890756303,0.5181803329735659
0.15126050420168066,0.8067226890756303,0.525393307950245
0.15966386554621848,0.8067226890756303,0.5325957020372288
0.1680672268907563,0.8067226890756303,0.5397845368837446
0.1764705882352941,0.8067226890756303,0.5469568566455206
0.18487394957983191,0.8067226890756303,0.5541097328050119
0.19327731092436973,0.8067226890756303,0.5612402688959137
0.20168067226890757,0.8067226890756303,0.5683456051159894
0.21008403361344538,0.8067226890756303,0.5754229228129036
0.2184873949579832,0.8067226890756303,0.5824694488285043
0.226890756302521,0.8067226890756303,0.5894824596878199
0.23529411764705882,0.8067226890756303,0.5964592856199431
0.24369747899159663,0.8067226890756303,0.6033973143989302
0.25210084033613445,0.8067226890756303,0.6102939949938647
0.26050420168067223,0.8067226890756303,0.6171468410182988
0.2689075630252101,0.8067226890756303,0.6239534339703873
0.2773109243697479,0.8067226890756303,0.6307114262561566
0.2857142857142857,0.8067226890756303,0.6374185439895058
0.29411764705882354,0.8067226890756303,0.6440725895636913
0.3025210084033613,0.8067226890756303,0.6506714439902147
0.31092436974789917,0.8067226890756303,0.6572130690021842
0.31932773109243695,0.8067226890756303,0.6636955089203623
0.3277310924369748,0.8067226890756303,0.6701168922812311
0.3361344537815126,0.8067226890756303,0.6764754332274915
0.3445378151260504,0.8067226890756303,0.6827694326624671
0.3529411764705882,0.8067226890756303,0.6889972791708869
0.36134453781512604,0.8067226890756303,0.6951574497094832
0.36974789915966383,0.8067226890756303,0.7012485100717465
0.37815126050420167,0.8067226890756303,0.7072691151320252
0.38655462184873945,0.8067226890756303,0.7132180088749441
0.3949579831932773,0.8067226890756303,0.7190940242168403
0.40336134453781514,0.8067226890756303,0.7248960826265696
0.4117647058823529,0.8067226890756303,0.7306231935536184
0.42016806722689076,0.8067226890756303,0.7362744536719897
0.42857142857142855,0.8067226890756303,0.7418490459487624
0.4369747899159664,0.8067226890756303,0.747346238546618
0.4453781512605042,0.8067226890756303,0.7527653835699378
0.453781512605042,0.8067226890756303,0.7581059156643197
0.4621848739495798,0.8067226890756303,0.7633673504795433
0.47058823529411764,0.8067226890756303,0.7685492830061391
0.4789915966386554,0.8067226890756303,0.7736513857957682
0.48739495798319327,0.8067226890756303,0.778673407075631
0.49579831932773105,0.8067226890756303,0.7836151687670663
0.5042016806722689,0.8067226890756303,0.7884765644184046
0.5126050420168067,0.8067226890756303,0.7932575570619963
0.5210084033613445,0.8067226890756303,0.797958177005138
0.5294117647058824,0.8067226890756303,0.8025785195643997
0.5378151260504201,0.8067226890756303,0.8071187427525877
0.5462184873949579,0.8067226890756303,0.8115790649272869
0.5546218487394958,0.8067226890756303,0.8159597624096012
0.5630252100840336,0.8067226890756303,0.820261167081367
0.5714285714285714,0.8067226890756303,0.8244836639687535
0.5798319327731092,0.8067226890756303,0.8286276888197732
0.5882352941176471,0.8067226890756303,0.8326937256828433
0.5966386554621849,0.8067226890756303,0.8366823044931228
0.6050420168067226,0.8067226890756303,0.8405939986729519
0.6134453781512604,0.8067226890756303,0.8444294227522966
0.6218487394957983,0.8067226890756303,0.8481892300146889
0.6302521008403361,0.8067226890756303,0.8518741101737431
0.6386554621848739,0.8067226890756303,0.8554847870849167
0.6470588235294117,0.8067226890756303,0.8590220164967753
0.6554621848739496,0.8067226890756303,0.8624865838456354
0.6638655462184874,0.8067226890756303,0.8658793020970615
0.6722689075630252,0.8067226890756303,0.8692010096373245
0.680672268907563,0.8067226890756303,0.8724525682175618
0.6890756302521008,0.8067226890756303,0.8756348609530299
0.6974789915966386,0.8067226890756303,0.8787487903795015
0.7058823529411764,0.8067226890756303,0.8817952765685397
0.7142857142857143,0.8067226890756303,0.8847752553030755
0.7226890756302521,0.8067226890756303,0.8876896763144186
0.7310924369747899,0.8067226890756303,0.8905395015815658
0.7394957983193277,0.8067226890756303,0.8933257036934057
0.7478991596638656,0.8067226890756303,0.8960492642741774
0.7563025210084033,0.8067226890756303,0.8987111724723188
0.7647058823529411,0.8067226890756303,0.9013124235126254
0.7731092436974789,0.8067226890756303,0.9038540173114484
0.7815126050420168,0.8067226890756303,0.906336957154484
0.7899159663865546,0.8067226890756303,0.9087622484365371
0.7983193277310924,0.8067226890756303,0.9111308974625019
0.8067226890756303,0.8067226890756303,0.9134439103086567
0.8151260504201681,0.8067226890756303,0.9157022917432587
0.8235294117647058,0.8067226890756303,0.917907044205312
0.8319327731092436,0.8067226890756303,0.9200591668402841
0.8403361344537815,0.8067226890756303,0.9221596545914701
0.8487394957983193,0.8067226890756303,0.9242094973456217
0.8571428571428571,0.8067226890756303,0.9262096791314064
0.8655462184873949,0.8067226890756303,0.9281611773692019
0.8739495798319328,0.8067226890756303,0.9300649621706927
0.8823529411764706,0.8067226890756303,0.9319219956867055
0.8907563025210083,0.8067226890756303,0.9337332315016856
0.8991596638655461,0.8067226890756303,0.9354996140732083
0.907563025210084,0.8067226890756303,0.9372220782149036
0.9159663865546218,0.8067226890756303,0.9389015486211681
0.9243697478991596,0.8067226890756303,0.9405389394320446
0.9327731092436974,0.8067226890756303,0.9421351538366476
0.9411764705882353,0.8067226890756303,0.9436910837135364
0.9495798319327731,0.8067226890756303,0.9452076093064454
0.9579831932773109,0.8067226890756303,0.9466855989338046
0.9663865546218487,0.8067226890756303,0.9481259087305082
0.9747899159663865,0.8067226890756303,0.9495293824204141
0.9831932773109243,0.8067226890756303,0.9508968511180899
0.9915966386554621,0.8067226890756303,0.9522291331583493
1.0,0.8067226890756303,0.9535270339521599
0.0,0.8109243697478992,0.3968349247684044
0.008403361344537815,0.8109243697478992,0.40374642650866666
0.01680672268907563,0.8109243697478992,0.4106963395451776
0.025210084033613446,0.8109243697478992,0.4176820812925321
0.03361344537815126,0.8109243697478992,0.42470101263076543
0.04201680672268907,0.8109243697478992,0.4317504416742523
0.05042016806722689,0.8109243697478992,0.4388276277160689
0.058823529411764705,0.8109243697478992,0.44592978533626176
0.06722689075630252,0.8109243697478992,0.4530540886615304
0.07563025210084033,0.8109243697478992,0.4601976757629653
0.08403361344537814,0.8109243697478992,0.46735765317767886
0.09243697478991596,0.8109243697478992,0.47453110053944286
0.10084033613445378,0.8109243697478992,0.4817150753028018
0.1092436974789916,0.8109243697478992,0.48890661754457826
0.11764705882352941,0.8109243697478992,0.4961027548262226
0.12605042016806722,0.8109243697478992,0.5033005071000928
0.13445378151260504,0.8109243697478992,0.5104968916424921
0.14285714285714285,0.8109243697478992,0.5176889279961248
0.15126050420168066,0.8109243697478992,0.5248736429045724
0.15966386554621848,0.8109243697478992,0.532048075221451
0.1680672268907563,0.8109243697478992,0.5392092807770491
0.1764705882352941,0.8109243697478992,0.5463543371855121
0.18487394957983191,0.8109243697478992,0.5534803485759906
0.19327731092436973,0.8109243697478992,0.5605844502316272
0.20168067226890757,0.8109243697478992,0.5676638131207997
0.21008403361344538,0.8109243697478992,0.5747156483056801
0.2184873949579832,0.8109243697478992,0.5817372112138827
0.226890756302521,0.8109243697478992,0.5887258057597732
0.23529411764705882,0.8109243697478992,0.5956787883028736
0.24369747899159663,0.8109243697478992,0.6025935714317238
0.25210084033613445,0.8109243697478992,0.6094676275625427
0.26050420168067223,0.8109243697478992,0.6162984923430549
0.2689075630252101,0.8109243697478992,0.6230837678529176
0.2773109243697479,0.8109243697478992,0.6298211255932649
0.2857142857142857,0.8109243697478992,0.6365083092590093
0.29411764705882354,0.8109243697478992,0.6431431372886558
0.3025210084033613,0.8109243697478992,0.6497235051875093
0.31092436974789917,0.8109243697478992,0.6562473876212818
0.31932773109243695,0.8109243697478992,0.6627128402782078
0.3277310924369748,0.8109243697478992,0.6691180014988642
0.3361344537815126,0.8109243697478992,0.675461093673949
0.3445378151260504,0.8109243697478992,0.6817404244112951
0.3529411764705882,0.8109243697478992,0.6879543874743794
0.36134453781512604,0.8109243697478992,0.694101463495524
0.36974789915966383,0.8109243697478992,0.7001802204678707
0.37815126050420167,0.8109243697478992,0.7061893140210407
0.38655462184873945,0.8109243697478992,0.7121274874861631
0.3949579831932773,0.8109243697478992,0.7179935717566676
0.40336134453781514,0.8109243697478992,0.7237864849518794
0.4117647058823529,0.8109243697478992,0.7295052318910396
0.42016806722689076,0.8109243697478992,0.7351489033858857
0.42857142857142855,0.8109243697478992,0.7407166753603769
0.4369747899159664,0.8109243697478992,0.74620780780653
0.4453781512605042,0.8109243697478992,0.751621643585647
0.453781512605042,0.8109243697478992,0.7569576070844694
0.4621848739495798,0.8109243697478992,0.7622152027359783
0.47058823529411764,0.8109243697478992,0.7673940134146954
0.4789915966386554,0.8109243697478992,0.7724936987163997
0.48739495798319327,0.8109243697478992,0.7775139931322023
0.49579831932773105,0.8109243697478992,0.7824547041268695
0.5042016806722689,0.8109243697478992,0.7873157101312129
0.5126050420168067,0.8109243697478992,0.7920969584582206
0.5210084033613445,0.8109243697478992,0.7967984631524365
0.5294117647058824,0.8109243697478992,0.8014203027818816
0.5378151260504201,0.8109243697478992,0.80596261818156
0.5462184873949579,0.8109243697478992,0.81042561015732
0.5546218487394958,0.8109243697478992,0.8148095371585304
0.5630252100840336,0.8109243697478992,0.8191147129277065
0.5714285714285714,0.8109243697478992,0.823341504134871
0.5798319327731092,0.8109243697478992,0.8274903280040654
0.5882352941176471,0.8109243697478992,0.8315616499390581
0.5966386554621849,0.8109243697478992,0.8355559811548938
0.6050420168067226,0.8109243697478992,0.839473876321545
0.6134453781512604,0.8109243697478992,0.8433159312255178
0.6218487394957983,0.8109243697478992,0.8470827804548666
0.6302521008403361,0.8109243697478992,0.850775095112668
0.6386554621848739,0.8109243697478992,0.8543935805636097
0.6470588235294117,0.8109243697478992,0.8579389742179546
0.6554621848739496,0.8109243697478992,0.8614120433567549
0.6638655462184874,0.8109243697478992,0.8648135830018111
0.6722689075630252,0.8109243697478992,0.8681444138335104
0.680672268907563,0.8109243697478992,0.8714053801593149
0.6890756302521008,0.8109243697478992,0.8745973479353272
0.6974789915966386,0.8109243697478992,0.8777212028430389
0.7058823529411764,0.8109243697478992,0.8807778484230377
0.7142857142857143,0.8109243697478992,0.88376820426716
0.7226890756302521,0.8109243697478992,0.8866932042702788
0.7310924369747899,0.8109243697478992,0.8895537949426545
0.7394957983193277,0.8109243697478992,0.8923509337835126
0.7478991596638656,0.8109243697478992,0.8950855877162767
0.7563025210084033,0.8109243697478992,0.8977587315856623
0.7647058823529411,0.8109243697478992,0.9003713467166242
0.7731092436974789,0.8109243697478992,0.9029244195349594
0.7815126050420168,0.8109243697478992,0.9054189402491889
0.7899159663865546,0.8109243697478992,0.9078559015931769
0.7983193277310924,0.8109243697478992,0.9102362976287994
0.8067226890756303,0.8109243697478992,0.9125611226078347
0.8151260504201681,0.8109243697478992,0.9148313698921305
0.8235294117647058,0.8109243697478992,0.9170480309309879
0.8319327731092436,0.8109243697478992,0.9192120942946119
0.8403361344537815,0.8109243697478992,0.9213245447623872
0.8487394957983193,0.8109243697478992,0.9233863624646644
0.8571428571428571,0.8109243697478992,0.9253985220766836
0.8655462184873949,0.8109243697478992,0.9273619920631996
0.8739495798319328,0.8109243697478992,0.9292777339723364
0.8823529411764706,0.8109243697478992,0.9311467017771595
0.8907563025210083,0.8109243697478992,0.932969841263423
0.8991596638655461,0.8109243697478992,0.9347480894619393
0.907563025210084,0.8109243697478992,0.9364823741239916
0.9159663865546218,0.8109243697478992,0.938173613238217
0.9243697478991596,0.8109243697478992,0.939822714587376
0.9327731092436974,0.8109243697478992,0.9414305753434357
0.9411764705882353,0.8109243697478992,0.9429980816994014
0.9495798319327731,0.8109243697478992,0.9445261085363443
0.9579831932773109,0.8109243697478992,0.946015519124095
0.9663865546218487,0.8109243697478992,0.9474671648540882
0.9747899159663865,0.8109243697478992,0.9488818850028746
0.9831932773109243,0.8109243697478992,0.9502605065248414
0.9915966386554621,0.8109243697478992,0.9516038438727124
1.0,0.8109243697478992,0.952912698844432
0.0,0.8151260504201681,0.3968349247684044
0.008403361344537815,0.8151260504201681,0.4037185560171874
0.01680672268907563,0.8151260504201681,0.4106403004950539
0.025210084033613446,0.8151260504201681,0.41759760699029785
0.03361344537815126,0.8151260504201681,0.42458786863116743
0.04201680672268907,0.8151260504201681,0.4316084265778286
0.05042016806722689,0.8151260504201681,0.43865657388573476
0.058823529411764705,0.8151260504201681,0.4457295595291776
0.06722689075630252,0.8151260504201681,0.45282459257289176
0.07563025210084033,0.8151260504201681,0.4599388464787419
0.08403361344537814,0.8151260504201681,0.4670694635337446
0.09243697478991596,0.8151260504201681,0.4742135593849726
0.10084033613445378,0.8151260504201681,0.4813682276662608
0.1092436974789916,0.8151260504201681,0.48853054470109797
0.11764705882352941,0.8151260504201681,0.49569757426563243
0.12605042016806722,0.8151260504201681,0.5028663723953637
0.13445378151260504,0.8151260504201681,0.510033992218833
0.14285714285714285,0.8151260504201681,0.5171974888014619
0.15126050420168066,0.8151260504201681,0.5243539239826277
0.15966386554621848,0.8151260504201681,0.5315003711891084
0.1680672268907563,0.8151260504201681,0.5386339202081646
0.1764705882352941,0.8151260504201681,0.5457516819037733
0.18487394957983191,0.8151260504201681,0.5528507928598638
0.19327731092436973,0.8151260504201681,0.5599284199348381
0.20168067226890757,0.8151260504201681,0.5669817647121825
0.21008403361344538,0.8151260504201681,0.5740080678325873
0.2184873949579832,0.8151260504201681,0.5810046131936752
0.226890756302521,0.8151260504201681,0.5879687320042126
0.23529411764705882,0.8151260504201681,0.5948978066804951
0.24369747899159663,0.8151260504201681,0.6017892745735027
0.25210084033613445,0.8151260504201681,0.608640631516358
0.26050420168067223,0.8151260504201681,0.6154494351826081
0.2689075630252101,0.8151260504201681,0.6222133082468838
0.2773109243697479,0.8151260504201681,0.6289299413405354
0.2857142857142857,0.8151260504201681,0.635597095795926
0.29411764705882354,0.8151260504201681,0.642212606174147
0.3025210084033613,0.8151260504201681,0.6487743825720065
0.31092436974789917,0.8151260504201681,0.6552804127052371
0.31932773109243695,0.8151260504201681,0.6617287637659319
0.3277310924369748,0.8151260504201681,0.6681175840532824
0.3361344537815126,0.8151260504201681,0.6744451043777117
0.3445378151260504,0.8151260504201681,0.6807096392395022
0.3529411764705882,0.8151260504201681,0.6869095877839659
0.36134453781512604,0.8151260504201681,0.6930434345361248
0.36974789915966383,0.8151260504201681,0.6991097499187323
0.37815126050420167,0.8151260504201681,0.7051071905582829
0.38655462184873945,0.8151260504201681,0.7110344993844072
0.3949579831932773,0.8151260504201681,0.716890505528759
0.40336134453781514,0.8151260504201681,0.7226741240301227
0.4117647058823529,0.8151260504201681,0.7283843553530598
0.42016806722689076,0.8151260504201681,0.734020284727912
0.42857142857142855,0.8151260504201681,0.7395810813204271
0.4369747899159664,0.8151260504201681,0.7450659972396605
0.4453781512605042,0.8151260504201681,0.7504743663931156
0.453781512605042,0.8151260504201681,0.755805603198352
0.4621848739495798,0.8151260504201681,0.7610592011604753
0.47058823529411764,0.8151260504201681,0.7662347313250659
0.4789915966386554,0.8151260504201681,0.7713318406161839
0.48739495798319327,0.8151260504201681,0.7763502500691047
0.49579831932773105,0.8151260504201681,0.781289752967428
0.5042016806722689,0.8151260504201681,0.7861502128941142
0.5126050420168067,0.8151260504201681,0.7909315617058996
0.5210084033613445,0.8151260504201681,0.7956337974403678
0.5294117647058824,0.8151260504201681,0.800256982164768
0.5378151260504201,0.8151260504201681,0.8048012397754353
0.5462184873949579,0.8151260504201681,0.809266753756405
0.5546218487394958,0.8151260504201681,0.8136537649055264
0.5630252100840336,0.8151260504201681,0.8179625690360638
0.5714285714285714,0.8151260504201681,0.8221935146614479
0.5798319327731092,0.8151260504201681,0.8263470006704785
0.5882352941176471,0.8151260504201681,0.8304234739999286
0.5966386554621849,0.8151260504201681,0.8344234273111157
0.6050420168067226,0.8151260504201681,0.8383473966766308
0.6134453781512604,0.8151260504201681,0.8421959592830245
0.6218487394957983,0.8151260504201681,0.8459697311548635
0.6302521008403361,0.8151260504201681,0.8496693649051813
0.6386554621848739,0.8151260504201681,0.8532955475169596
0.6470588235294117,0.8151260504201681,0.8568489981598939
0.6554621848739496,0.8151260504201681,0.860330466046324
0.6638655462184874,0.8151260504201681,0.863740728329839
0.6722689075630252,0.8151260504201681,0.8670805880497048
0.680672268907563,0.8151260504201681,0.8703508721239266
0.6890756302521008,0.8151260504201681,0.8735524293933994
0.6974789915966386,0.8151260504201681,0.8766861287193002
0.7058823529411764,0.8151260504201681,0.8797528571355466
0.7142857142857143,0.8151260504201681,0.8827535180578581
0.7226890756302521,0.8151260504201681,0.8856890295506719
0.7310924369747899,0.8151260504201681,0.8885603226528991
0.7394957983193277,0.8151260504201681,0.8913683397632494
0.7478991596638656,0.8151260504201681,0.8941140330856213
0.7563025210084033,0.8151260504201681,0.8967983631348305
0.7647058823529411,0.8151260504201681,0.8994222973027375
0.7731092436974789,0.8151260504201681,0.9019868084846496
0.7815126050420168,0.8151260504201681,0.9044928737656924
0.7899159663865546,0.8151260504201681,0.906941473166674
0.7983193277310924,0.8151260504201681,0.9093335884488363
0.8067226890756303,0.8151260504201681,0.9116702019767249
0.8151260504201681,0.8151260504201681,0.9139522956383086
0.8235294117647058,0.8151260504201681,0.9161808498213556
0.8319327731092436,0.8151260504201681,0.9183568424449808
0.8403361344537815,0.8151260504201681,0.9204812480451919
0.8487394957983193,0.8151260504201681,0.9225550369131805
0.8571428571428571,0.8151260504201681,0.9245791742850463
0.8655462184873949,0.8151260504201681,0.9265546195815813
0.8739495798319328,0.8151260504201681,0.928482325696696
0.8823529411764706,0.8151260504201681,0.9303632383330318
0.8907563025210083,0.8151260504201681,0.9321982953832723
0.8991596638655461,0.8151260504201681,0.9339884263556478
0.907563025210084,0.8151260504201681,0.9357345518421061
0.9159663865546218,0.8151260504201681,0.9374375830276163
0.9243697478991596,0.8151260504201681,0.9390984212390749
0.9327731092436974,0.8151260504201681,0.9407179575322728
0.9411764705882353,0.8151260504201681,0.9422970723154034
0.9495798319327731,0.8151260504201681,0.9438366350075934
0.9579831932773109,0.8151260504201681,0.9453375037309595
0.9663865546218487,0.8151260504201681,0.9468005250347111
0.9747899159663865,0.8151260504201681,0.9482265336498437
0.9831932773109243,0.8151260504201681,0.9496163522729923
0.9915966386554621,0.8151260504201681,0.9509707913780393
1.0,0.8151260504201681,0.9522906490541114
0.0,0.819327731092437,0.3968349247684044
0.008403361344537815,0.819327731092437,0.403690686147038
0.01680672268907563,0.819327731092437,0.41058426376389007
0.025210084033613446,0.819327731092437,0.4175131375232479
0.03361344537815126,0.819327731092437,0.42447473253393897
0.04201680672268907,0.819327731092437,0.43146642272563396
0.05042016806722689,0.819327731092437,0.4384855346325745
0.058823529411764705,0.819327731092437,0.4455293513338264
0.06722689075630252,0.819327731092437,0.45259511653828516
0.07563025210084033,0.819327731092437,0.45968003880184216
0.08403361344537814,0.819327731092437,0.4667812958633666
0.09243697478991596,0.819327731092437,0.473896039085472
0.10084033613445378,0.819327731092437,0.4810213979854314
0.1092436974789916,0.819327731092437,0.48815448484107377
0.11764705882352941,0.819327731092437,0.49529239935606
0.12605042016806722,0.819327731092437,0.5024322333685806
0.13445378151260504,0.819327731092437,0.5095710755872647
0.14285714285714285,0.819327731092437,0.5167060163379265
0.15126050420168066,0.819327731092437,0.5238341523047095
0.15966386554621848,0.819327731092437,0.5309525912492278
0.1680672268907563,0.819327731092437,0.5380584566914245
0.1764705882352941,0.819327731092437,0.5451488925361073
0.18487394957983191,0.819327731092437,0.5522210676294271
0.19327731092436973,0.819327731092437,0.5592721802299914
0.20168067226890757,0.819327731092437,0.5662994623797941
0.21008403361344538,0.819327731092437,0.5733001841607311
0.2184873949579832,0.819327731092437,0.5802716578231288
0.226890756302521,0.819327731092437,0.5872112417734483
0.23529411764705882,0.819327731092437,0.5941163444091222
0.24369747899159663,0.819327731092437,0.6009844277893442
0.25210084033613445,0.819327731092437,0.6078130111315345
0.26050420168067223,0.819327731092437,0.6145996741241615
0.2689075630252101,0.819327731092437,0.6213420600475897
0.2773109243697479,0.819327731092437,0.6280378786956379
0.2857142857142857,0.819327731092437,0.6346849090915755
0.29411764705882354,0.819327731092437,0.641281001993332
0.3025210084033613,0.819327731092437,0.6478240821837502
0.31092436974789917,0.819327731092437,0.6543121505427684
0.31932773109243695,0.819327731092437,0.6607432858994545
0.3277310924369748,0.819327731092437,0.6671156466628461
0.3361344537815126,0.819327731092437,0.6734274722315408
0.3445378151260504,0.819327731092437,0.6796770841829614
0.3529411764705882,0.819327731092437,0.6858628872441438
0.36134453781512604,0.819327731092437,0.6919833700467967
0.36974789915966383,0.819327731092437,0.6980371056702203
0.37815126050420167,0.819327731092437,0.7040227519764728
0.38655462184873945,0.819327731092437,0.7099390517429113
0.3949579831932773,0.819327731092437,0.7157848325979258
0.40336134453781514,0.819327731092437,0.721559006766302
0.4117647058823529,0.819327731092437,0.72726057063123
0.42016806722689076,0.819327731092437,0.7328886041204651
0.42857142857142855,0.819327731092437,0.7384422699246068
0.4369747899159664,0.819327731092437,0.7439208125558294
0.4453781512605042,0.819327731092437,0.7493235572557306
0.453781512605042,0.819327731092437,0.7546499087612123
0.4621848739495798,0.819327731092437,0.7598993499375205
0.47058823529411764,0.819327731092437,0.7650714402877072
0.4789915966386554,0.819327731092437,0.7701658143478668
0.48739495798319327,0.819327731092437,0.7751821799775378
0.49579831932773105,0.819327731092437,0.7801203165546476
0.5042016806722689,0.819327731092437,0.7849800730843114
0.5126050420168067,0.819327731092437,0.7897613662307008
0.5210084033613445,0.819327731092437,0.7944641782810418
0.5294117647058824,0.819327731092437,0.7990885550506291
0.5378151260504201,0.819327731092437,0.8036346037375199
0.5462184873949579,0.819327731092437,0.8081024907353288
0.5546218487394958,0.819327731092437,0.812492439412267
0.5630252100840336,0.819327731092437,0.8168047278642742
0.5714285714285714,0.819327731092437,0.8210396866497746
0.5798319327731092,0.819327731092437,0.8251976965132498
0.5882352941176471,0.819327731092437,0.8292791861044774
0.5966386554621849,0.819327731092437,0.8332846296999176
0.6050420168067226,0.819327731092437,0.8372145449323724
0.6134453781512604,0.819327731092437,0.8410694905346566
0.6218487394957983,0.819327731092437,0.8448500641026524
0.6302521008403361,0.819327731092437,0.8485568998827404
0.6386554621848739,0.819327731092437,0.8521906665882217
0.6470588235294117,0.819327731092437,0.8557520652489785
0.6554621848739496,0.819327731092437,0.8592418270982519
0.6638655462184874,0.819327731092437,0.862660711500059
0.6722689075630252,0.819327731092437,0.866009503920415
0.680672268907563,0.819327731092437,0.8692890139451971
0.6890756302521008,0.819327731092437,0.8725000733471421
0.6974789915966386,0.819327731092437,0.8756435342041661
0.7058823529411764,0.819327731092437,0.8787202670708798
0.7142857142857143,0.819327731092437,0.8817311592048842
0.7226890756302521,0.819327731092437,0.884677112849155
0.7310924369747899,0.819327731092437,0.8875590435715583
0.7394957983193277,0.819327731092437,0.8903778786622911
0.7478991596638656,0.819327731092437,0.893134555589802
0.7563025210084033,0.819327731092437,0.8958300205155357
0.7647058823529411,0.819327731092437,0.8984652268676295
0.7731092436974789,0.819327731092437,0.9010411339735032
0.7815126050420168,0.819327731092437,0.903558705751107
0.7899159663865546,0.819327731092437,0.9060189094584276
0.7983193277310924,0.819327731092437,0.9084227145007013
0.8067226890756303,0.819327731092437,0.9107710912946523
0.8151260504201681,0.819327731092437,0.9130650101889393
0.8235294117647058,0.819327731092437,0.915305440439897
0.8319327731092436,0.819327731092437,0.9174933492415459
0.8403361344537815,0.819327731092437,0.9196297008087627
0.8487394957983193,0.819327731092437,0.9217154555124253
0.8571428571428571,0.819327731092437,0.9237515690652741
0.8655462184873949,0.819327731092437,0.9257389917571828
0.8739495798319328,0.819327731092437,0.9276786677384709
0.8823529411764706,0.819327731092437,0.9295715343498633
0.8907563025210083,0.819327731092437,0.9314185214976564
0.8991596638655461,0.819327731092437,0.9332205510726402
0.907563025210084,0.819327731092437,0.9349785364112938
0.9159663865546218,0.819327731092437,0.9366933817977701
0.9243697478991596,0.819327731092437,0.9383659820051798
0.9327731092436974,0.819327731092437,0.9399972218746756
0.9411764705882353,0.819327731092437,0.9415879759308555
0.9495798319327731,0.819327731092437,0.9431391080320048
0.9579831932773109,0.819327731092437,0.9446514710537122
0.9663865546218487,0.819327731092437,0.9461259066044135
0.9747899159663865,0.819327731092437,0.9475632447714388
0.9831932773109243,0.819327731092437,0.9489643038961582
0.9915966386554621,0.819327731092437,0.9503298903768507
1.0,0.819327731092437,0.9516607984979499
0.0,0.8235294117647058,0.3968349247684044
0.008403361344537815,0.8235294117647058,0.4036628168983844
0.01680672268907563,0.8235294117647058,0.41052822935304445
0.025210084033613446,0.8235294117647058,0.41742867289606167
0.03361344537815126,0.8235294117647058,0.42436160435038234
0.04201680672268907,0.8235294117647058,0.43132443014012206
0.05042016806722689,0.8235294117647058,0.43831450999598504
0.058823529411764705,0.8235294117647058,0.44532916081362167
0.06722689075630252,0.8235294117647058,0.45236566065349454
0.07563025210084033,0.8235294117647058,0.4594212528700351
0.08403361344537814,0.8235294117647058,0.46649315035713274
0.09243697478991596,0.8235294117647058,0.47357853989634274
0.10084033613445378,0.8235294117647058,0.4806745865936028
0.1092436974789916,0.8235294117647058,0.4877784383897361
0.11764705882352941,0.8235294117647058,0.4948872306295917
0.12605042016806722,0.8235294117647058,0.5019980906743252
0.13445378151260504,0.8235294117647058,0.5091081425410752
0.14285714285714285,0.8235294117647058,0.5162145115541248
0.15126050420168066,0.8235294117647058,0.5233143289915732
0.15966386554621848,0.8235294117647058,0.5304047367115658
0.1680672268907563,0.8235294117647058,0.5374828917422568
0.1764705882352941,0.8235294117647058,0.5445459708198824
0.18487394957983191,0.8235294117647058,0.5515911748596383
0.19327731092436973,0.8235294117647058,0.5586157333444373
0.20168067226890757,0.8235294117647058,0.5656169086171056
0.21008403361344538,0.8235294117647058,0.5725920000621313
0.2184873949579832,0.8235294117647058,0.5795383481637116
0.226890756302521,0.8235294117647058,0.5864533384275511
0.23529411764705882,0.8235294117647058,0.5933344051546252
0.24369747899159663,0.8235294117647058,0.6001790350559523
0.25210084033613445,0.8235294117647058,0.6069847706982918
0.26050420168067223,0.8235294117647058,0.6137492137716016
0.2689075630252101,0.8235294117647058,0.6204700281700465
0.2773109243697479,0.8235294117647058,0.6271449428793272
0.2857142857142857,0.8235294117647058,0.6337717546641094
0.29411764705882354,0.8235294117647058,0.6403483305503406
0.3025210084033613,0.8235294117647058,0.646872610098269
0.31092436974789917,0.8235294117647058,0.6533426074629999
0.31932773109243695,0.8235294117647058,0.6597564132404264
0.3277310924369748,0.8235294117647058,0.6661121960973788
0.3361344537815126,0.8235294117647058,0.6724082041857954
0.3445378151260504,0.8235294117647058,0.6786427663416733
0.3529411764705882,0.8235294117647058,0.6848142930704542
0.36134453781512604,0.8235294117647058,0.6909212773213843
0.36974789915966383,0.8235294117647058,0.6969622950542003
0.37815126050420167,0.8235294117647058,0.7029360056022835
0.38655462184873945,0.8235294117647058,0.7088411518371432
0.3949579831932773,0.8235294117647058,0.71467656013977
0.40336134453781514,0.8235294117647058,0.7204411401850135
0.4117647058823529,0.8235294117647058,0.7261338845457017
0.42016806722689076,0.8235294117647058,0.731753868123716
0.42857142857142855,0.8235294117647058,0.7373002474156802
0.4369747899159664,0.8235294117647058,0.7427722596213019
0.4453781512605042,0.8235294117647058,0.7481692216027241
0.453781512605042,0.8235294117647058,0.7534905287035155
0.4621848739495798,0.8235294117647058,0.7587356534361215
0.47058823529411764,0.8235294117647058,0.7639041440467647
0.4789915966386554,0.8235294117647058,0.7689956229668647
0.48739495798319327,0.8235294117647058,0.7740097851601071
0.49579831932773105,0.8235294117647058,0.7789463963742757
0.5042016806722689,0.8235294117647058,0.783805291306925
0.5126050420168067,0.8235294117647058,0.7885863716938679
0.5210084033613445,0.8235294117647058,0.793289604329332
0.5294117647058824,0.8235294117647058,0.7979150190264572
0.5378151260504201,0.8235294117647058,0.8024627065266186
0.5462184873949579,0.8235294117647058,0.8069328163658168
0.5546218487394958,0.8235294117647058,0.8113255547061231
0.5630252100840336,0.8235294117647058,0.8156411821398852
0.5714285714285714,0.8235294117647058,0.8198800114740923
0.5798319327731092,0.8235294117647058,0.8240424055019835
0.5882352941176471,0.8235294117647058,0.8281287747686447
0.5966386554621849,0.8235294117647058,0.8321395753369955
0.6050420168067226,0.8235294117647058,0.8360753065602142
0.6134453781512604,0.8235294117647058,0.8399365088662859
0.6218487394957983,0.8235294117647058,0.8437237615599973
0.6302521008403361,0.8235294117647058,0.8474376806473367
0.6386554621848739,0.8235294117647058,0.8510789166868953
0.6470588235294117,0.8235294117647058,0.8546481526724985
0.6554621848739496,0.8235294117647058,0.8581461019509519
0.6638655462184874,0.8235294117647058,0.861573506178422
0.6722689075630252,0.8235294117647058,0.8649311333186445
0.680672268907563,0.8235294117647058,0.8682197756858089
0.6890756302521008,0.8235294117647058,0.8714402480346511
0.6974789915966386,0.8235294117647058,0.8745933856999731
0.7058823529411764,0.8235294117647058,0.8776800427875107
0.7142857142857143,0.8235294117647058,0.8807010904177784
0.7226890756302521,0.8235294117647058,0.8836574150242553
0.7310924369747899,0.8235294117647058,0.8865499167070064
0.7394957983193277,0.8235294117647058,0.8893795076425951
0.7478991596638656,0.8235294117647058,0.8921471105509052
0.7563025210084033,0.8235294117647058,0.8948536572192761
0.7647058823529411,0.8235294117647058,0.8975000870841471
0.7731092436974789,0.8235294117647058,0.9000873458702203
0.7815126050420168,0.8235294117647058,0.9026163842869722
0.7899159663865546,0.8235294117647058,0.9050881567821825
0.7983193277310924,0.8235294117647058,0.9075036203519976
0.8067226890756303,0.8235294117647058,0.9098637334069117
0.8151260504201681,0.8235294117647058,0.9121694546929227
0.8235294117647058,0.8235294117647058,0.9144217422670038
0.8319327731092436,0.8235294117647058,0.9166215525259405
0.8403361344537815,0.8235294117647058,0.9187698392874822
0.8487394957983193,0.8235294117647058,0.9208675529226847
0.8571428571428571,0.8235294117647058,0.922915639538249
0.8655462184873949,0.8235294117647058,0.9249150402076032
0.8739495798319328,0.8235294117647058,0.9268666902494203
0.8823529411764706,0.8235294117647058,0.9287715185522287
0.8907563025210083,0.8235294117647058,0.9306304469437303
0.8991596638655461,0.8235294117647058,0.9324443896034187
0.907563025210084,0.8235294117647058,0.9342142525170732
0.9159663865546218,0.8235294117647058,0.9359409329716832
0.9243697478991596,0.8235294117647058,0.9376253190893545
0.9327731092436974,0.8235294117647058,0.9392682893987466
0.9411764705882353,0.8235294117647058,0.9408707124425946
0.9495798319327731,0.8235294117647058,0.9424334464198707
0.9579831932773109,0.8235294117647058,0.9439573388611591
0.9663865546218487,0.8235294117647058,0.9454432263358281
0.9747899159663865,0.8235294117647058,0.9468919341896058
0.9831932773109243,0.8235294117647058,0.9483042763111822
0.9915966386554621,0.8235294117647058,0.9496810549264916
1.0,0.8235294117647058,0.9510230604193501
0.0,0.8277310924369747,0.3968349247684044
0.008403361344537815,0.8277310924369747,0.4036349482713925
0.01680672268907563,0.8277310924369747,0.41047219726387474
0.025210084033613446,0.8277310924369747,0.4173442131134172
0.03361344537815126,0.8277310924369747,0.4242484840917965
0.04201680672268907,0.8277310924369747,0.43118244884373946
0.05042016806722689,0.8277310924369747,0.43814350001534985
0.058823529411764705,0.8277310924369747,0.44512898803195383
0.06722689075630252,0.8277310924369747,0.4521362250142698
0.07563025210084033,0.8277310924369747,0.45916248882104277
0.08403361344537814,0.8277310924369747,0.4662050272055722
0.09243697478991596,0.8277310924369747,0.4732610620729183
0.10084033613445378,0.8277310924369747,0.4803277938239935
0.1092436974789916,0.8277310924369747,0.48740240577225463
0.11764705882352941,0.8277310924369747,0.49448206861828153
0.12605042016806722,0.8277310924369747,0.5015639449672017
0.13445378151260504,0.8277310924369747,0.508645193873665
0.14285714285714285,0.8277310924369747,0.5157229753989132
0.15126050420168066,0.8277310924369747,0.5227944551644205
0.15966386554621848,0.8277310924369747,0.5298568088865977
0.1680672268907563,0.8277310924369747,0.5369072268771673
0.1764705882352941,0.8277310924369747,0.5439429184940121
0.18487394957983191,0.8277310924369747,0.5509611165275933
0.19327731092436973,0.8277310924369747,0.5579590815084021
0.20168067226890757,0.8277310924369747,0.5649341059213684
0.21008403361344538,0.8277310924369747,0.5718835183136781
0.2184873949579832,0.8277310924369747,0.5788046872830633
0.226890756302521,0.8277310924369747,0.585695025334297
0.23529411764705882,0.8277310924369747,0.5925519925923659
0.24369747899159663,0.8277310924369747,0.599373100361586
0.25210084033613445,0.8277310924369747,0.6061559145207658
0.26050420168067223,0.8277310924369747,0.6128980587454104
0.2689075630252101,0.8277310924369747,0.619597217548877
0.2773109243697479,0.8277310924369747,0.6262511391353409
0.2857142857142857,0.8277310924369747,0.6328576380584041
0.29411764705882354,0.8277310924369747,0.6394145976801514
0.3025210084033613,0.8277310924369747,0.6459199724264603
0.31092436974789917,0.8277310924369747,0.6523717898353474
0.31932773109243695,0.8277310924369747,0.6587681523961201
0.3277310924369748,0.8277310924369747,0.6651072391780631
0.3361344537815126,0.8277310924369747,0.6713873072483381
0.3445378151260504,0.8277310924369747,0.6776066928796873
0.3529411764705882,0.8277310924369747,0.6837638125494239
0.36134453781512604,0.8277310924369747,0.6898571637320313
0.36974789915966383,0.8277310924369747,0.6958853254885117
0.37815126050420167,0.8277310924369747,0.701846958856376
0.38655462184873945,0.8277310924369747,0.7077408070448867
0.3949579831932773,0.8277310924369747,0.7135656954408225
0.40336134453781514,0.8277310924369747,0.7193205314306458
0.4117647058823529,0.8277310924369747,0.7250043040455001
0.42016806722689076,0.8277310924369747,0.7306160834359648
0.42857142857142855,0.8277310924369747,0.7361550201839296
0.4369747899159664,0.8277310924369747,0.7416203444593338
0.4453781512605042,0.8277310924369747,0.7470113650298332
0.453781512605042,0.8277310924369747,0.7523274681317336
0.4621848739495798,0.8277310924369747,0.7575681162107272
0.47058823529411764,0.8277310924369747,0.7627328465411398
0.4789915966386554,0.8277310924369747,0.7678212697324892
0.48739495798319327,0.8277310924369747,0.7728330681322196
0.49579831932773105,0.8277310924369747,0.7777679941334771
0.5042016806722689,0.8277310924369747,0.7826258683967594
0.5126050420168067,0.8277310924369747,0.7874065779941911
0.5210084033613445,0.8277310924369747,0.7921100744850569
0.5294117647058824,0.8277310924369747,0.7967363719310699
0.5378151260504201,0.8277310924369747,0.8012855448596674
0.5462184873949579,0.8277310924369747,0.8057577261834044
0.5546218487394958,0.8277310924369747,0.8101531050832765
0.5630252100840336,0.8277310924369747,0.8144719248635287
0.5714285714285714,0.8277310924369747,0.8187144807852252
0.5798319327731092,0.8277310924369747,0.8228811178855451
0.5882352941176471,0.8277310924369747,0.8269722287894519
0.5966386554621849,0.8277310924369747,0.8309882515200481
0.6050420168067226,0.8277310924369747,0.8349296673135916
0.6134453781512604,0.8277310924369747,0.8387969984447983
0.6218487394957983,0.8277310924369747,0.8425908060677063
0.6302521008403361,0.8277310924369747,0.8463116880770212
0.6386554621848739,0.8277310924369747,0.8499602769945173
0.6470588235294117,0.8277310924369747,0.8535372378847076
0.6554621848739496,0.8277310924369747,0.857043266303659
0.6638655462184874,0.8277310924369747,0.8604790862844839
0.6722689075630252,0.8277310924369747,0.8638454483627056
0.680672268907563,0.8277310924369747,0.8671431276443764
0.6890756302521008,0.8277310924369747,0.8703729219194968
0.6974789915966386,0.8277310924369747,0.8735356498230015
0.7058823529411764,0.8277310924369747,0.876632149045261
0.7142857142857143,0.8277310924369747,0.8796632745937834
0.7226890756302521,0.8277310924369747,0.8826298971075218
0.7310924369747899,0.8277310924369747,0.88553290122494
0.7394957983193277,0.8277310924369747,0.8883731840067487
0.7478991596638656,0.8277310924369747,0.8911516534139861
0.7563025210084033,0.8277310924369747,0.8938692268419139
0.7647058823529411,0.8277310924369747,0.8965268297099842
0.7731092436974789,0.8277310924369747,0.899125394107953
0.7815126050420168,0.8277310924369747,0.901665857498036
0.7899159663865546,0.8277310924369747,0.9041491614728397
0.7983193277310924,0.8277310924369747,0.9065762505686575
0.8067226890756303,0.8277310924369747,0.9089480711335699
0.8151260504201681,0.8277310924369747,0.9112655702496796
0.8235294117647058,0.8277310924369747,0.9135296947086855
0.8319327731092436,0.8277310924369747,0.915741390039906
0.8403361344537815,0.8277310924369747,0.9179015995897648
0.8487394957983193,0.8277310924369747,0.9200112636516795
0.8571428571428571,0.8277310924369747,0.9220713186452135
0.8655462184873949,0.8277310924369747,0.9240826963432961
0.8739495798319328,0.8277310924369747,0.9260463231462643
0.8823529411764706,0.8277310924369747,0.9279631194014293
0.8907563025210083,0.8277310924369747,0.9298339987668405
0.8991596638655461,0.8277310924369747,0.9316598676178892
0.907563025210084,0.8277310924369747,0.9334416244953694
0.9159663865546218,0.8277310924369747,0.9351801595936025
0.9243697478991596,0.8277310924369747,0.9368763542872159
0.9327731092436974,0.8277310924369747,0.9385310806951721
0.9411764705882353,0.8277310924369747,0.9401452012806303
0.9495798319327731,0.8277310924369747,0.9417195684852439
0.9579831932773109,0.8277310924369747,0.9432550243964933
0.9663865546218487,0.8277310924369747,0.9447524004466789
0.9747899159663865,0.8277310924369747,0.9462125171421991
0.9831932773109243,0.8277310924369747,0.9476361838217815
0.9915966386554621,0.8277310924369747,0.9490241984423311
1.0,0.8277310924369747,0.9503773473911061
0.0,0.8319327731092436,0.3968349247684044
0.008403361344537815,0.8319327731092436,0.40360708026622827
0.01680672268907563,0.8319327731092436,0.4104161674977389
0.025210084033613446,0.8319327731092436,0.41725975817999156
0.03361344537815126,0.8319327731092436,0.42413537176947713
0.04201680672268907,0.8319327731092436,0.431040478858925
0.05042016806722689,0.8319327731092436,0.437972504730038
0.058823529411764705,0.8319327731092436,0.44492883305219094
0.06722689075630252,0.8319327731092436,0.45190680971632646
0.07563025210084033,0.8319327731092436,0.45890374679254
0.08403361344537814,0.8319327731092436,0.46591692659915473
0.09243697478991596,0.8319327731092436,0.47294360587046314
0.10084033613445378,0.8319327731092436,0.47998102000975085
0.1092436974789916,0.8319327731092436,0.4870263874137363
0.11764705882352941,0.8319327731092436,0.4940769138541479
0.12605042016806722,0.8319327731092436,0.5011297969018323
0.13445378151260504,0.8319327731092436,0.5081822303785419
0.14285714285714285,0.8319327731092436,0.5152314088213906
0.15126050420168066,0.8319327731092436,0.522274531944891
0.15966386554621848,0.8319327731092436,0.5293088090855032
0.1680672268907563,0.8319327731092436,0.5363314636137242
0.1764705882352941,0.8319327731092436,0.5433397372989359
0.18487394957983191,0.8319327731092436,0.5503308946125023
0.19327731092436973,0.8319327731092436,0.5573022269549591
0.20168067226890757,0.8319327731092436,0.564251056793578
0.21008403361344538,0.8319327731092436,0.5711747416970915
0.2184873949579832,0.8319327731092436,0.5780706782549468
0.226890756302521,0.8319327731092436,0.5849363058691099
0.23529411764705882,0.8319327731092436,0.591769110407134
0.24369747899159663,0.8319327731092436,0.5985666277059875
0.25210084033613445,0.8319327731092436,0.6053264469169279
0.26050420168067223,0.8319327731092436,0.612046213682576
0.2689075630252101,0.8319327731092436,0.6187236331382189
0.2773109243697479,0.8319327731092436,0.6253564727302966
0.2857142857142857,0.8319327731092436,0.6319425648459515
0.29411764705882354,0.8319327731092436,0.6384798092484802
0.3025210084033613,0.8319327731092436,0.644966175314475
0.31092436974789917,0.8319327731092436,0.6513997040694017
0.31932773109243695,0.8319327731092436,0.6577785100193145
0.3277310924369748,0.8319327731092436,0.6641007827773323
0.3361344537815126,0.8319327731092436,0.6703647884844351
0.3445378151260504,0.8319327731092436,0.6765688710250167
0.3529411764705882,0.8319327731092436,0.6827114530384989
0.36134453781512604,0.8319327731092436,0.688791036729141
0.36974789915966383,0.8319327731092436,0.6948062044769595
0.37815126050420167,0.8319327731092436,0.7007556192534289
0.38655462184873945,0.8319327731092436,0.7066380248463162
0.3949579831932773,0.8319327731092436,0.712452245898671
0.40336134453781514,0.8319327731092436,0.7181971877675714
0.4117647058823529,0.8319327731092436,0.7238718362087853
0.42016806722689076,0.8319327731092436,0.7294752568939834
0.42857142857142855,0.8319327731092436,0.7350065947675891
0.4369747899159664,0.8319327731092436,0.7404650732507113
0.4453781512605042,0.8319327731092436,0.7458499932999508
0.453781512605042,0.8319327731092436,0.7511607323291187
0.4621848739495798,0.8319327731092436,0.7563967430021368
0.47058823529411764,0.8319327731092436,0.7615575519055463
0.4789915966386554,0.8319327731092436,0.7666427581091603
0.48739495798319327,0.8319327731092436,0.7716520316234661
0.49579831932773105,0.8319327731092436,0.7765851117623952
0.5042016806722689,0.8319327731092436,0.7814418054200576
0.5126050420168067,0.8319327731092436,0.7862219852699623
0.5210084033613445,0.8319327731092436,0.790925587895149
0.5294117647058824,0.8319327731092436,0.7955526118575017
0.5378151260504201,0.8319327731092436,0.8001031157143572
0.5462184873949579,0.8319327731092436,0.8045772159903029
0.5546218487394958,0.8319327731092436,0.8089750851118338
0.5630252100840336,0.8319327731092436,0.81329694931229
0.5714285714285714,0.8319327731092436,0.8175430865142107
0.5798319327731092,0.8319327731092436,0.8217138241959611
0.5882352941176471,0.8319327731092436,0.825809537249172
0.5966386554621849,0.8319327731092436,0.829830645833221
0.6050420168067226,0.8319327731092436,0.8337776132326516
0.6134453781512604,0.8319327731092436,0.8376509437230935
0.6218487394957983,0.8319327731092436,0.841451180450911
0.6302521008403361,0.8319327731092436,0.8451789033314592
0.6386554621848739,0.8319327731092436,0.8488347269704917
0.6470588235294117,0.8319327731092436,0.8524192986129202
0.6554621848739496,0.8319327731092436,0.8559332961227939
0.6638655462184874,0.8319327731092436,0.8593774259980282
0.6722689075630252,0.8319327731092436,0.8627524214230938
0.680672268907563,0.8319327731092436,0.8660590403625604
0.6890756302521008,0.8319327731092436,0.8692980636980715
0.6974789915966386,0.8319327731092436,0.8724702934110438
0.7058823529411764,0.8319327731092436,0.8755765508130794
0.7142857142857143,0.8319327731092436,0.8786176748258179
0.7226890756302521,0.8319327731092436,0.8815945203116784
0.7310924369747899,0.8319327731092436,0.8845079564566999
0.7394957983193277,0.8319327731092436,0.8873588652064404
0.7478991596638656,0.8319327731092436,0.8901481397556711
0.7563025210084033,0.8319327731092436,0.8928766830923937
0.7647058823529411,0.8319327731092436,0.8955454065964971
0.7731092436974789,0.8319327731092436,0.8981552286931951
0.7815126050420168,0.8319327731092436,0.9007070735612004
0.7899159663865546,0.8319327731092436,0.9032018698954376
0.7983193277310924,0.8319327731092436,0.9056405497239417
0.8067226890756303,0.8319327731092436,0.9080240472784556
0.8151260504201681,0.8319327731092436,0.9103532979181141
0.8235294117647058,0.8319327731092436,0.9126292371054836
0.8319327731092436,0.8319327731092436,0.9148527994341317
0.8403361344537815,0.8319327731092436,0.9170249177068029
0.8487394957983193,0.8319327731092436,0.9191465220631952
0.8571428571428571,0.8319327731092436,0.9212185391562625
0.8655462184873949,0.8319327731092436,0.9232418913759013
0.8739495798319328,0.8319327731092436,0.9252174961188325
0.8823529411764706,0.8319327731092436,0.9271462651034329
0.8907563025210083,0.8319327731092436,0.9290291037282411
0.8991596638655461,0.8319327731092436,0.9308669104728307
0.907563025210084,0.8319327731092436,0.9326605763397139
0.9159663865546218,0.8319327731092436,0.9344109843359273
0.9243697478991596,0.8319327731092436,0.9361190089929379
0.9327731092436974,0.8319327731092436,0.9377855159234966
0.9411764705882353,0.8319327731092436,0.9394113614140729
0.9495798319327731,0.8319327731092436,0.9409973920515009
0.9579831932773109,0.8319327731092436,0.9425444443824766
0.9663865546218487,0.8319327731092436,0.9440533446045601
0.9747899159663865,0.8319327731092436,0.9455249082873446
0.9831932773109243,0.8319327731092436,0.9469599401224793
0.9915966386554621,0.8319327731092436,0.9483592337012474
1.0,0.8319327731092436,0.949723571318428
0.0,0.8361344537815125,0.3968349247684044
0.008403361344537815,0.8361344537815125,0.40357921288305776
0.01680672268907563,0.8361344537815125,0.410360140055994
0.025210084033613446,0.8361344537815125,0.41717530810046066
0.03361344537815126,0.8361344537815125,0.4240222673947167
0.04201680672268907,0.8361344537815125,0.4308985202081105
0.05042016806722689,0.8361344537815125,0.4378015241794051
0.058823529411764705,0.8361344537815125,0.4447286959376777
0.06722689075630252,0.8361344537815125,0.45167741485534574
0.07563025210084033,0.8361344537815125,0.4586450269221546
0.08403361344537814,0.8361344537815125,0.4656288487282899
0.09243697478991596,0.8361344537815125,0.4726261715441722
0.10084033613445378,0.8361344537815125,0.47963426548394855
0.1092436974789916,0.8361344537815125,0.48665038373922337
0.11764705882352941,0.8361344537815125,0.49367176686917147
0.12605042016806722,0.8361344537815125,0.5006956471328535
0.13445378151260504,0.8361344537815125,0.5077192528493157
0.14285714285714285,0.8361344537815125,0.5147398127708916
0.15126050420168066,0.8361344537815125,0.521754560455052
0.15966386554621848,0.8361344537815125,0.5287607386201552
0.1680672268907563,0.8361344537815125,0.5357556034705421
0.1764705882352941,0.8361344537815125,0.542736428976599
0.18487394957983191,0.8361344537815125,0.5497005110956643
0.19327731092436973,0.8361344537815125,0.5566451719199975
0.20168067226890757,0.8361344537815125,0.5635677637384392
0.21008403361344538,0.8361344537815125,0.5704656729988781
0.2184873949579832,0.8361344537815125,0.5773363241591992
0.226890756302521,0.8361344537815125,0.5841771834150055
0.23529411764705882,0.8361344537815125,0.5909857622930816
0.24369747899159663,0.8361344537815125,0.5977596211003078
0.25210084033613445,0.8361344537815125,0.6044963722185036
0.26050420168067223,0.8361344537815125,0.6111936832365037
0.2689075630252101,0.8361344537815125,0.6178492799116289
0.2773109243697479,0.8361344537815125,0.6244609489535863
0.2857142857142857,0.8361344537815125,0.6310265406247475
0.29411764705882354,0.8361344537815125,0.637543971151663
0.3025210084033613,0.8361344537815125,0.6440112249435987
0.31092436974789917,0.8361344537815125,0.65042635661481
0.31932773109243695,0.8361344537815125,0.6567874928081783
0.3277310924369748,0.8361344537815125,0.6630928338187576
0.3361344537815126,0.8361344537815125,0.6693406550166556
0.3445378151260504,0.8361344537815125,0.6755293080695497
0.3529411764705882,0.8361344537815125,0.6816572219659752
0.36134453781512604,0.8361344537815125,0.6877229038413288
0.36974789915966383,0.8361344537815125,0.6937249396092983
0.37815126050420167,0.8361344537815125,0.6996619944021591
0.38655462184873945,0.8361344537815125,0.7055328128240638
0.3949579831932773,0.8361344537815125,0.7113362190220798
0.40336134453781514,0.8361344537815125,0.7170711165803283
0.4117647058823529,0.8361344537815125,0.7227364882431045
0.42016806722689076,0.8361344537815125,0.7283313954733492
0.42857142857142855,0.8361344537815125,0.7338549778532675
0.4369747899159664,0.8361344537815125,0.7393064523342742
0.4453781512605042,0.8361344537815125,0.7446851123437616
0.453781512605042,0.8361344537815125,0.749990326756462
0.4621848739495798,0.8361344537815125,0.7552215387383938
0.47058823529411764,0.8361344537815125,0.7603782644715503
0.4789915966386554,0.8361344537815125,0.7654600917676053
0.48739495798319327,0.8361344537815125,0.7704666785789887
0.49579831932773105,0.8361344537815125,0.7753977514157027
0.5042016806722689,0.8361344537815125,0.7802531036762422
0.5126050420168067,0.8361344537815125,0.7850325939009214
0.5210084033613445,0.8361344537815125,0.7897361439558133
0.5294117647058824,0.8361344537815125,0.7943637371553856
0.5378151260504201,0.8361344537815125,0.7989154163317507
0.5462184873949579,0.8361344537815125,0.8033912818582569
0.5546218487394958,0.8361344537815125,0.807791489634936
0.5630252100840336,0.8361344537815125,0.8121162490430752
0.5714285714285714,0.8361344537815125,0.8163658208759325
0.5798319327731092,0.8361344537815125,0.8205405152523202
0.5882352941176471,0.8361344537815125,0.8246406895195065
0.5966386554621849,0.8361344537815125,0.8286667461515639
0.6050420168067226,0.8361344537815125,0.8326191306489915
0.6134453781512604,0.8361344537815125,0.8364983294451047
0.6218487394957983,0.8361344537815125,0.840304867824369
0.6302521008403361,0.8361344537815125,0.8440393078575154
0.6386554621848739,0.8361344537815125,0.8477022463579518
0.6470588235294117,0.8361344537815125,0.8512943128636516
0.6554621848739496,0.8361344537815125,0.8548161676483728
0.6638655462184874,0.8361344537815125,0.8582684997657419
0.6722689075630252,0.8361344537815125,0.8616520251294191
0.680672268907563,0.8361344537815125,0.8649674846322503
0.6890756302521008,0.8361344537815125,0.8682156423070102
0.6974789915966386,0.8361344537815125,0.8713972835310548
0.7058823529411764,0.8361344537815125,0.8745132132769077
0.7142857142857143,0.8361344537815125,0.8775642544105463
0.7226890756302521,0.8361344537815125,0.8805512460388843
0.7310924369747899,0.8361344537815125,0.8834750419077039
0.7394957983193277,0.8361344537815125,0.8863365088510512
0.7478991596638656,0.8361344537815125,0.8891365252928911
0.7563025210084033,0.8361344537815125,0.8918759798015975
0.7647058823529411,0.8361344537815125,0.8945557696976632
0.7731092436974789,0.8361344537815125,0.8971767997148261
0.7815126050420168,0.8361344537815125,0.8997399807146343
0.7899159663865546,0.8361344537815125,0.9022462284543082
0.7983193277310924,0.8361344537815125,0.9046964624076175
0.8067226890756303,0.8361344537815125,0.9070916046383428
0.8151260504201681,0.8361344537815125,0.9094325787257761
0.8235294117647058,0.8361344537815125,0.9117203087415896
0.8319327731092436,0.8361344537815125,0.9139557182773107
0.8403361344537815,0.8361344537815125,0.916139729521536
0.8487394957983193,0.8361344537815125,0.918273262385941
0.8571428571428571,0.8361344537815125,0.9203572336790699
0.8655462184873949,0.8361344537815125,0.9223925563268158
0.8739495798319328,0.8361344537815125,0.9243801386384595
0.8823529411764706,0.8361344537815125,0.9263208836170741
0.8907563025210083,0.8361344537815125,0.9282156883130711
0.8991596638655461,0.8361344537815125,0.9300654432196289
0.907563025210084,0.8361344537815125,0.931871031708715
0.9159663865546218,0.8361344537815125,0.9336333295063984
0.9243697478991596,0.8361344537815125,0.9353532042061328
0.9327731092436974,0.8361344537815125,0.9370315148186804
0.9411764705882353,0.8361344537815125,0.9386691113573463
0.9495798319327731,0.8361344537815125,0.9402668344571922
0.9579831932773109,0.8361344537815125,0.9418255150269059
0.9663865546218487,0.8361344537815125,0.9433459739320081
0.9747899159663865,0.8361344537815125,0.9448290217080948
0.9831932773109243,0.8361344537815125,0.9462754583028282
0.9915966386554621,0.8361344537815125,0.947686072845405
1.0,0.8361344537815125,0.9490616434422565
0.0,0.8403361344537815,0.3968349247684044
0.008403361344537815,0.8403361344537815,0.40355134612204674
0.01680672268907563,0.8403361344537815,0.4103041149399975
0.025210084033613446,0.8403361344537815,0.4170908628794993
0.03361344537815126,0.8403361344537815,0.42390917097880426
0.04201680672268907,0.8403361344537815,0.4307565729137202
0.05042016806722689,0.8403361344537815,0.4376305584027929
0.058823529411764705,0.8403361344537815,0.44452857675173585
0.06722689075630252,0.8403361344537815,0.45144804052697407
0.07563025210084033,0.8403361344537815,0.4583863293474664
0.08403361344537814,0.8403361344537815,0.4653407937833267
0.09243697478991596,0.8403361344537815,0.4723087593491694
0.10084033613445378,0.8403361344537815,0.47928753057958645
0.1092436974789916,0.8403361344537815,0.4862743951736923
0.11764705882352941,0.8403361344537815,0.49326662819529193
0.12605042016806722,0.8403361344537815,0.5002614963149121
0.13445378151260504,0.8403361344537815,0.507256262079692
0.14285714285714285,0.8403361344537815,0.5142481881969783
0.15126050420168066,0.8403361344537815,0.5212345418173885
0.15966386554621848,0.8403361344537815,0.5282125988031068
0.1680672268907563,0.8403361344537815,0.5351796479672665
0.1764705882352941,0.8403361344537815,0.5421329952704323
0.18487394957983191,0.8403361344537815,0.5490699679604437
0.19327731092436973,0.8403361344537815,0.5559879186421944
0.20168067226890757,0.8403361344537815,0.5628842292643295
0.21008403361344538,0.8403361344537815,0.5697563150102898
0.2184873949579832,0.8403361344537815,0.5766016280816815
0.226890756302521,0.8403361344537815,0.5834176613625336
0.23529411764705882,0.8403361344537815,0.5902019519536581
0.24369747899159663,0.8403361344537815,0.5969520845670349
0.25210084033613445,0.8403361344537815,0.60366569477089
0.26050420168067223,0.8403361344537815,0.6103404720769253
0.2689075630252101,0.8403361344537815,0.6169741628619816
0.2773109243697479,0.8403361344537815,0.6235645731172713
0.2857142857142857,0.8403361344537815,0.6301095710191809
0.29411764705882354,0.8403361344537815,0.6366070893165386
0.3025210084033613,0.8403361344537815,0.6430551275301318
0.31092436974789917,0.8403361344537815,0.6494517539611527
0.31932773109243695,0.8403361344537815,0.6557951075061498
0.3277310924369748,0.8403361344537815,0.6620833992769346
0.3361344537815126,0.8403361344537815,0.6683149140247638
0.3445378151260504,0.8403361344537815,0.6744880113689561
0.3529411764705882,0.8403361344537815,0.6806011268309226
0.36134453781512604,0.8403361344537815,0.6866527726753728
0.36974789915966383,0.8403361344537815,0.69264153856121
0.37815126050420167,0.8403361344537815,0.6985660920053386
0.38655462184873945,0.8403361344537815,0.704425178663278
0.3949579831932773,0.8403361344537815,0.710217622431102
0.40336134453781514,0.8403361344537815,0.715942325373792
0.4117647058823529,0.8403361344537815,0.7215982674856366
0.42016806722689076,0.8403361344537815,0.7271845062887667
0.42857142857142855,0.8403361344537815,0.7327001762763624
0.4369747899159664,0.8403361344537815,0.7381444882074284
0.4453781512605042,0.8403361344537815,0.7435167282603666
0.453781512605042,0.8403361344537815,0.7488162570528428
0.4621848739495798,0.8403361344537815,0.7540425085356691
0.47058823529411764,0.8403361344537815,0.7591949887685979
0.4789915966386554,0.8403361344537815,0.7642732745860438
0.48739495798319327,0.8403361344537815,0.7692770121608368
0.49579831932773105,0.8403361344537815,0.7742059154741371
0.5042016806722689,0.8403361344537815,0.7790597646996456
0.5126050420168067,0.8403361344537815,0.7838384045101874
0.5210084033613445,0.8403361344537815,0.7885417423146746
0.5294117647058824,0.8403361344537815,0.793169746433327
0.5378151260504201,0.8403361344537815,0.7977224442188882
0.5462184873949579,0.8403361344537815,0.8021999201313963
0.5546218487394958,0.8403361344537815,0.8066023137738603
0.5630252100840336,0.8403361344537815,0.810929817895975
0.5714285714285714,0.8403361344537815,0.8151826763727511
0.5798319327731092,0.8403361344537815,0.8193611821646796
0.5882352941176471,0.8403361344537815,0.8234656752657691
0.5966386554621849,0.8403361344537815,0.8274965406454946
0.6050420168067226,0.8403361344537815,0.8314542061904077
0.6134453781512604,0.8403361344537815,0.8353391406508356
0.6218487394957983,0.8403361344537815,0.8391518515977866
0.6302521008403361,0.8403361344537815,0.8428928833948628
0.6386554621848739,0.8403361344537815,0.8465628151896573
0.6470588235294117,0.8403361344537815,0.8501622589287952
0.6554621848739496,0.8403361344537815,0.853691857400461
0.6638655462184874,0.8403361344537815,0.8571522823079397
0.6722689075630252,0.8403361344537815,0.8605442323773973
0.680672268907563,0.8403361344537815,0.8638684315028113
0.6890756302521008,0.8403361344537815,0.8671256269306854
0.6974789915966386,0.8403361344537815,0.870316587486882
0.7058823529411764,0.8403361344537815,0.873442101847635
0.7142857142857143,0.8403361344537815,0.8765029768565461
0.7226890756302521,0.8403361344537815,0.8795000358890986
0.7310924369747899,0.8403361344537815,0.8824341172659934
0.7394957983193277,0.8403361344537815,0.885306072716368
0.7478991596638656,0.8403361344537815,0.888116765891744
0.7563025210084033,0.8403361344537815,0.8908670709313405
0.7647058823529411,0.8403361344537815,0.8935578710791899
0.7731092436974789,0.8403361344537815,0.8961900573533157
0.7815126050420168,0.8403361344537815,0.898764527267048
0.7899159663865546,0.8403361344537815,0.9012821836024069
0.7983193277310924,0.8403361344537815,0.9037439332353209
0.8067226890756303,0.8403361344537815,0.906150686012321
0.8151260504201681,0.8403361344537815,0.9085033536782203
0.8235294117647058,0.8403361344537815,0.910802848854174
0.8319327731092436,0.8403361344537815,0.913050084065412
0.8403361344537815,0.8403361344537815,0.9152459708178428
0.8487394957983193,0.8403361344537815,0.917391418722641
0.8571428571428571,0.8403361344537815,0.9194873346678558
0.8655462184873949,0.8403361344537815,0.9215346220360143
0.8739495798319328,0.8403361344537815,0.9235341799666341
0.8823529411764706,0.8403361344537815,0.9254869026625097
0.8907563025210083,0.8403361344537815,0.9273936787385965
0.8991596638655461,0.8403361344537815,0.9292553906122821
0.907563025210084,0.8403361344537815,0.9310729139338063
0.9159663865546218,0.8403361344537815,0.932847117055563
0.9243697478991596,0.8403361344537815,0.934578860539018
0.9327731092436974,0.8403361344537815,0.9362689966979448
0.9411764705882353,0.8403361344537815,0.9379183691766921
0.9495798319327731,0.8403361344537815,0.9395278125621862
0.9579831932773109,0.8403361344537815,0.9410981520283808
0.9663865546218487,0.8403361344537815,0.9426302030118688
0.9747899159663865,0.8403361344537815,0.9441247709173833
0.9831932773109243,0.8403361344537815,0.945582650851934
0.9915966386554621,0.8403361344537815,0.9470046273863311
1.0,0.8403361344537815,0.9483914743428786
0.0,0.8445378151260504,0.3968349247684044
0.008403361344537815,0.8445378151260504,0.4035234799833612
0.01680672268907563,0.8445378151260504,0.41024809215110636
0.025210084033613446,0.8445378151260504,0.4170064225217812
0.03361344537815126,0.8445378151260504,0.4237960825330257
0.04201680672268907,0.8445378151260504,0.43061463699817115
0.05042016806722689,0.8445378151260504,0.4374596074395289
0.058823529411764705,0.8445378151260504,0.4443284755576641
0.06722689075630252,0.8445378151260504,0.4512186868268233
0.07563025210084033,0.8445378151260504,0.4581276542060079
0.08403361344537814,0.8445378151260504,0.46505276195455303
0.09243697478991596,0.8445378151260504,0.47199136954050736
0.10084033613445378,0.8445378151260504,0.47894081562958885
0.1092436974789916,0.8445378151260504,0.48589842214205026
0.11764705882352941,0.8445378151260504,0.4928614983644053
0.12605042016806722,0.8445378151260504,0.4998273451026612
0.13445378151260504,0.8445378151260504,0.5067932588634672
0.14285714285714285,0.8445378151260504,0.5137565360494337
0.15126050420168066,0.8445378151260504,0.5207144771547939
0.15966386554621848,0.8445378151260504,0.527664390947579
0.1680672268907563,0.8445378151260504,0.5346035986245572
0.1764705882352941,0.8445378151260504,0.5415294379253334
0.18487394957983191,0.8445378151260504,0.5484392671922446
0.19327731092436973,0.8445378151260504,0.5553304693629836
0.20168067226890757,0.8445378151260504,0.5622004558832641
0.21008403361344538,0.8445378151260504,0.5690466705272809
0.2184873949579832,0.8445378151260504,0.57586659311423
0.226890756302521,0.8445378151260504,0.5826577431097217
0.23529411764705882,0.8445378151260504,0.589417683101545
0.24369747899159663,0.8445378151260504,0.5961440221399176
0.25210084033613445,0.8445378151260504,0.6028344189330741
0.26050420168067223,0.8445378151260504,0.6094865848898076
0.2689075630252101,0.8445378151260504,0.6160982870013728
0.2773109243697479,0.8445378151260504,0.6226673505559753
0.2857142857142857,0.8445378151260504,0.6291916616799186
0.29411764705882354,0.8445378151260504,0.6356691697003313
0.3025210084033613,0.8445378151260504,0.6420978893252657
0.31092436974789917,0.8445378151260504,0.6484759026378213
0.31932773109243695,0.8445378151260504,0.6548013609018141
0.3277310924369748,0.8445378151260504,0.6610724861773634
0.3361344537815126,0.8445378151260504,0.6672875727456096
0.3445378151260504,0.8445378151260504,0.6734449883425901
0.3529411764705882,0.8445378151260504,0.6795431752031049
0.36134453781512604,0.8445378151260504,0.6855806509161544
0.36974789915966383,0.8445378151260504,0.6915560090942771
0.37815126050420167,0.8445378151260504,0.6974679198598004
0.38655462184873945,0.8445378151260504,0.7033151301516758
0.3949579831932773,0.8445378151260504,0.7090964638571808
0.40336134453781514,0.8445378151260504,0.7148108217733389
0.4117647058823529,0.8445378151260504,0.7204571814034216
0.42016806722689076,0.8445378151260504,0.7260345965943795
0.42857142857142855,0.8445378151260504,0.7315421970214595
0.4369747899159664,0.8445378151260504,0.7369791875266479
0.4453781512605042,0.8445378151260504,0.7423448473178956
0.453781512605042,0.8445378151260504,0.7476385290363612
0.4621848739495798,0.8445378151260504,0.7528596576991277
0.47058823529411764,0.8445378151260504,0.7580077295250297
0.4789915966386554,0.8445378151260504,0.7630823106513603
0.48739495798319327,0.8445378151260504,0.7680830357493076
0.49579831932773105,0.8445378151260504,0.7730096065460232
0.5042016806722689,0.8445378151260504,0.7778617902612222
0.5126050420168067,0.8445378151260504,0.782639417966178
0.5210084033613445,0.8445378151260504,0.7873423828729125
0.5294117647058824,0.8445378151260504,0.7919706385612632
0.5378151260504201,0.8445378151260504,0.7965241971513859
0.5462184873949579,0.8445378151260504,0.801003127429078
0.5546218487394958,0.8445378151260504,0.8054075529311207
0.5630252100840336,0.8445378151260504,0.8097376499976255
0.5714285714285714,0.8445378151260504,0.8139936457981342
0.5798319327731092,0.8445378151260504,0.8181758163379698
0.5882352941176471,0.8445378151260504,0.8222844844510726
0.5966386554621849,0.8445378151260504,0.826320017785273
0.6050420168067226,0.8445378151260504,0.83028282678566
0.6134453781512604,0.8445378151260504,0.8341733626814147
0.6218487394957983,0.8445378151260504,0.8379921154811659
0.6302521008403361,0.8445378151260504,0.8417396119816216
0.6386554621848739,0.8445378151260504,0.8454164137939199
0.6470588235294117,0.8445378151260504,0.8490231153918368
0.6554621848739496,0.8445378151260504,0.8525603421856722
0.6638655462184874,0.8445378151260504,0.8560287486253421
0.6722689075630252,0.8445378151260504,0.8594290163358971
0.680672268907563,0.8445378151260504,0.8627618522883949
0.6890756302521008,0.8445378151260504,0.8660279870087721
0.6974789915966386,0.8445378151260504,0.869228172827075
0.7058823529411764,0.8445378151260504,0.8723631821691414
0.7142857142857143,0.8445378151260504,0.8754338058925688
0.7226890756302521,0.8445378151260504,0.8784408516685461
0.7310924369747899,0.8445378151260504,0.8813851424108934
0.7394957983193277,0.8445378151260504,0.8842675147534182
0.7478991596638656,0.8445378151260504,0.8870888175764882
0.7563025210084033,0.8445378151260504,0.8898499105835044
0.7647058823529411,0.8445378151260504,0.892551662927772
0.7731092436974789,0.8445378151260504,0.8951949518900812
0.7815126050420168,0.8445378151260504,0.8977806616071362
0.7899159663865546,0.8445378151260504,0.9003096818508161
0.7983193277310924,0.8445378151260504,0.9027829068581017
0.8067226890756303,0.8445378151260504,0.9052012342113611
0.8151260504201681,0.8445378151260504,0.9075655637685711
0.8235294117647058,0.8445378151260504,0.9098767966429226
0.8319327731092436,0.8445378151260504,0.9121358342311681
0.8403361344537815,0.8445378151260504,0.9143435772899606
0.8487394957983193,0.8445378151260504,0.9165009250593594
0.8571428571428571,0.8445378151260504,0.9186087744325947
0.8655462184873949,0.8445378151260504,0.9206680191711177
0.8739495798319328,0.8445378151260504,0.9226795491639056
0.8823529411764706,0.8445378151260504,0.9246442497299385
0.8907563025210083,0.8445378151260504,0.9265630009627197
0.8991596638655461,0.8445378151260504,0.9284366771156808
0.907563025210084,0.8445378151260504,0.9302661460272716
0.9159663865546218,0.8445378151260504,0.932052268584527
0.9243697478991596,0.8445378151260504,0.9337958982238707
0.9327731092436974,0.8445378151260504,0.93549788046791
0.9411764705882353,0.8445378151260504,0.9371590524969708
0.9495798319327731,0.8445378151260504,0.9387802427541131
0.9579831932773109,0.8445378151260504,0.9403622705823708
0.9663865546218487,0.8445378151260504,0.941905945892971
0.9747899159663865,0.8445378151260504,0.9434120688632848
0.9831932773109243,0.8445378151260504,0.9448814296632858
0.9915966386554621,0.8445378151260504,0.9463148082092997
1.0,0.8445378151260504,0.947712973943848
0.0,0.8487394957983193,0.3968349247684044
0.008403361344537815,0.8487394957983193,0.4034956144671671
0.01680672268907563,0.8487394957983193,0.4101920716906771
0.025210084033613446,0.8487394957983193,0.416921987031979
0.03361344537815126,0.8487394957983193,0.4236830020686635
0.04201680672268907,0.8487394957983193,0.43047271248387275
0.05042016806722689,0.8487394957983193,0.4372886713289269
0.058823529411764705,0.8487394957983193,0.44412839241873786
0.06722689075630252,0.8487394957983193,0.4509893538504707
0.07563025210084033,0.8487394957983193,0.4578690016352628
0.08403361344537814,0.8487394957983193,0.4647647534321956
0.09243697478991596,0.8487394957983193,0.4716740023731664
0.10084033613445378,0.8487394957983193,0.478594120966803
0.1092436974789916,0.8487394957983193,0.4855224650691348
0.11764705882352941,0.8487394957983193,0.49245637790836116
0.12605042016806722,0.8487394957983193,0.49939319415075606
0.13445378151260504,0.8487394957983193,0.5063302439945234
0.14285714285714285,0.8487394957983193,0.5132648572782544
0.15126050420168066,0.8487394957983193,0.5201943675905603
0.15966386554621848,0.8487394957983193,0.5271161163674482
0.1680672268907563,0.8487394957983193,0.534027456964073
0.1764705882352941,0.8487394957983193,0.5409257586876451
0.18487394957983191,0.8487394957983193,0.5478084107784872
0.19327731092436973,0.8487394957983193,0.5546728263265257
0.20168067226890757,0.8487394957983193,0.5615164461108592
0.21008403361344538,0.8487394957983193,0.5683367423504656
0.2184873949579832,0.8487394957983193,0.5751312223546057
0.226890756302521,0.8487394957983193,0.5818974320620159
0.23529411764705882,0.8487394957983193,0.5886329594585898
0.24369747899159663,0.8487394957983193,0.5953354378638929
0.25210084033613445,0.8487394957983193,0.6020025490775481
0.26050420168067223,0.8487394957983193,0.6086320263772609
0.2689075630252101,0.8487394957983193,0.615221657361017
0.2773109243697479,0.8487394957983193,0.6217692866267757
0.2857142857142857,0.8487394957983193,0.6282728182837911
0.29411764705882354,0.8487394957983193,0.6347302182905274
0.3025210084033613,0.8487394957983193,0.6411395166149583
0.31092436974789917,0.8487394957983193,0.6474988092138898
0.31932773109243695,0.8487394957983193,0.6538062598287767
0.3277310924369748,0.8487394957983193,0.6600601015963274
0.3361344537815126,0.8487394957983193,0.6662586384730129
0.3445378151260504,0.8487394957983193,0.6724002464733867
0.3529411764705882,0.8487394957983193,0.6784833747228939
0.36134453781512604,0.8487394957983193,0.6845065463265956
0.36974789915966383,0.8487394957983193,0.6904683590559465
0.37815126050420167,0.8487394957983193,0.6963674858564411
0.38655462184873945,0.8487394957983193,0.7022026751795847
0.3949579831932773,0.8487394957983193,0.7079727511432455
0.40336134453781514,0.8487394957983193,0.7136766135249988
0.4117647058823529,0.8487394957983193,0.7193132375935843
0.42016806722689076,0.8487394957983193,0.7248816737840702
0.42857142857142855,0.8487394957983193,0.7303810472227222
0.4369747899159664,0.8487394957983193,0.7358105571079618
0.4453781512605042,0.8487394957983193,0.7411694759541044
0.453781512605042,0.8487394957983193,0.746457148704859
0.4621848739495798,0.8487394957983193,0.7516729917237827
0.47058823529411764,0.8487394957983193,0.7568164916690795
0.4789915966386554,0.8487394957983193,0.7618872042602592
0.48739495798319327,0.8487394957983193,0.7668847529442718
0.49579831932773105,0.8487394957983193,0.7718088274687804
0.5042016806722689,0.8487394957983193,0.7766591823702522
0.5126050420168067,0.8487394957983193,0.7814356353845164
0.5210084033613445,0.8487394957983193,0.7861380657873828
0.5294117647058824,0.8487394957983193,0.7907664126728131
0.5378151260504201,0.8487394957983193,0.7953206731760216
0.5462184873949579,0.8487394957983193,0.7998009006487211
0.5546218487394958,0.8487394957983193,0.8042072027935555
0.5630252100840336,0.8487394957983193,0.808539739764563
0.5714285714285714,0.8487394957983193,0.8127987222402849
0.5798319327731092,0.8487394957983193,0.8169844094759015
0.5882352941176471,0.8487394957983193,0.8210971073405218
0.5966386554621849,0.8487394957983193,0.8251371663454827
0.6050420168067226,0.8487394957983193,0.8291049796692439
0.6134453781512604,0.8487394957983193,0.8330009811841644
0.6218487394957983,0.8487394957983193,0.836825643490172
0.6302521008403361,0.8487394957983193,0.8405794759600228
0.6386554621848739,0.8487394957983193,0.8442630228005646
0.6470588235294117,0.8487394957983193,0.8478768611341072
0.6554621848739496,0.8487394957983193,0.8514215991037101
0.6638655462184874,0.8487394957983193,0.8548978740059
0.6722689075630252,0.8487394957983193,0.8583063504540451
0.680672268907563,0.8487394957983193,0.8616477185753146
0.6890756302521008,0.8487394957983193,0.8649226922438846
0.6974789915966386,0.8487394957983193,0.868132007352774
0.7058823529411764,0.8487394957983193,0.8712764201264247
0.7142857142857143,0.8487394957983193,0.8743567054758971
0.7226890756302521,0.8487394957983193,0.8773736553982915
0.7310924369747899,0.8487394957983193,0.880328077421783
0.7394957983193277,0.8487394957983193,0.8832207930974255
0.7478991596638656,0.8487394957983193,0.8860526365386656
0.7563025210084033,0.8487394957983193,0.8888244530093109
0.7647058823529411,0.8487394957983193,0.8915370975604937
0.7731092436974789,0.8487394957983193,0.8941914337170048
0.7815126050420168,0.8487394957983193,0.8967883322131858
0.7899159663865546,0.8487394957983193,0.8993286697784262
0.7983193277310924,0.8487394957983193,0.9018133279721546
0.8067226890756303,0.8487394957983193,0.9042431920680752
0.8151260504201681,0.8487394957983193,0.9066191499872859
0.8235294117647058,0.8487394957983193,0.9089420912797861
0.8319327731092436,0.8487394957983193,0.9112129061537865
0.8403361344537815,0.8487394957983193,0.9134324845521314
0.8487394957983193,0.8487394957983193,0.9156017152750616
0.8571428571428571,0.8487394957983193,0.9177214851484672
0.8655462184873949,0.8487394957983193,0.9197926782367118
0.8739495798319328,0.8487394957983193,0.9218161750990463
0.8823529411764706,0.8487394957983193,0.9237928520885857
0.8907563025210083,0.8487394957983193,0.9257235806927652
0.8991596638655461,0.8487394957983193,0.927609226914165
0.907563025210084,0.8487394957983193,0.9294506506905567
0.9159663865546218,0.8487394957983193,0.9312487053529971
0.9243697478991596,0.8487394957983193,0.9330042371207786
0.9327731092436974,0.8487394957983193,0.9347180846320329
0.9411764705882353,0.8487394957983193,0.9363910785087665
0.9495798319327731,0.8487394957983193,0.9380240409551149
0.9579831932773109,0.8487394957983193,0.9396177853875908
0.9663865546218487,0.8487394957983193,0.9411731160961101
0.9747899159663865,0.8487394957983193,0.9426908279345877
0.9831932773109243,0.8487394957983193,0.944171706039899
0.9915966386554621,0.8487394957983193,0.9456165255780277
1.0,0.8487394957983193,0.9470260515162204
0.0,0.8529411764705882,0.3968349247684044
0.008403361344537815,0.8529411764705882,0.40346774957363035
0.01680672268907563,0.8529411764705882,0.41013605356006655
0.025210084033613446,0.8529411764705882,0.416837556414764
0.03361344537815126,0.8529411764705882,0.4235699295969969
0.04201680672268907,0.8529411764705882,0.430330799393227
0.05042016806722689,0.8529411764705882,0.43711775011028664
0.058823529411764705,0.8529411764705882,0.4439283273982093
0.06722689075630252,0.8529411764705882,0.45076004169345785
0.07563025210084033,0.8529411764705882,0.45761037177266645
0.08403361344537814,0.8529411764705882,0.46447676840641877
0.09243697478991596,0.8529411764705882,0.4713566581020536
0.10084033613445378,0.8529411764705882,0.47824744692399807
0.1092436974789916,0.8529411764705882,0.48514652437971106
0.11764705882352941,0.8529411764705882,0.4920512673589597
0.12605042016806722,0.8529411764705882,0.49895904411385067
0.13445378151260504,0.8529411764705882,0.5058672182668228
0.14285714285714285,0.8529411764705882,0.5127731528336428
0.15126050420168066,0.8529411764705882,0.5196742142483689
0.15966386554621848,0.8529411764705882,0.5265677763772332
0.1680672268907563,0.8529411764705882,0.5334512245084555
0.1764705882352941,0.8529411764705882,0.5403219593051369
0.18487394957983191,0.8529411764705882,0.5471774007085823
0.19327731092436973,0.8529411764705882,0.5540149917796793
0.20168067226890757,0.8529411764705882,0.5608322024662965
0.21008403361344538,0.8529411764705882,0.5676265332850753
0.2184873949579832,0.8529411764705882,0.5743955189064448
0.226890756302521,0.8529411764705882,0.5811367316322243
0.23529411764705882,0.8529411764705882,0.5878477847557396
0.24369747899159663,0.8529411764705882,0.5945263357950099
0.25210084033613445,0.8529411764705882,0.601170089590227
0.26050420168067223,0.8529411764705882,0.6077768012574457
0.2689075630252101,0.8529411764705882,0.6143442789911473
0.2773109243697479,0.8529411764705882,0.6208703867090939
0.2857142857142857,0.8529411764705882,0.6273530465336756
0.29411764705882354,0.8529411764705882,0.6337902411047545
0.3025210084033613,0.8529411764705882,0.6401800157198069
0.31092436974789917,0.8529411764705882,0.6465204802979868
0.31932773109243695,0.8529411764705882,0.6528098111655354
0.3277310924369748,0.8529411764705882,0.6590462526607671
0.3361344537815126,0.8529411764705882,0.6652281185576471
0.3445378151260504,0.8529411764705882,0.6713537933077556
0.3529411764705882,0.8529411764705882,0.6774217331011793
0.36134453781512604,0.8529411764705882,0.683430466747591
0.36974789915966383,0.8529411764705882,0.6893785963794894
0.37815126050420167,0.8529411764705882,0.6952647979802126
0.38655462184873945,0.8529411764705882,0.7010878217399796
0.3949579831932773,0.8529411764705882,0.7068464922437956
0.40336134453781514,0.8529411764705882,0.7125397084956001
0.4117647058823529,0.8529411764705882,0.7181664437835461
0.42016806722689076,0.8529411764705882,0.7237257453917499
0.42857142857142855,0.8529411764705882,0.7292167341642686
0.4369747899159664,0.8529411764705882,0.7346386039274311
0.4453781512605042,0.8529411764705882,0.7399906207769624
0.453781512605042,0.8529411764705882,0.745272122236627
0.4621848739495798,0.8529411764705882,0.7504825162953366
0.47058823529411764,0.8529411764705882,0.7556212803298595
0.4789915966386554,0.8529411764705882,0.7606879599204088
0.48739495798319327,0.8529411764705882,0.7656821675664863
0.49579831932773105,0.8529411764705882,0.7706035813104164
0.5042016806722689,0.8529411764705882,0.7754519432760273
0.5126050420168067,0.8529411764705882,0.780227058129923
0.5210084033613445,0.8529411764705882,0.7849287914727273
0.5294117647058824,0.8529411764705882,0.7895570681676144
0.5378151260504201,0.8529411764705882,0.7941118706133116
0.5462184873949579,0.8529411764705882,0.7985932369686307
0.5546218487394958,0.8529411764705882,0.8030012593354116
0.5630252100840336,0.8529411764705882,0.8073360819065734
0.5714285714285714,0.8529411764705882,0.8115978990857655
0.5798319327731092,0.8529411764705882,0.8157869535848734
0.5882352941176471,0.8529411764705882,0.819903534505406
0.5966386554621849,0.8529411764705882,0.8239479754095183
0.6050420168067226,0.8529411764705882,0.8279206523861767
0.6134453781512604,0.8529411764705882,0.8318219821176861
0.6218487394957983,0.8529411764705882,0.835652419951517
0.6302521008403361,0.8529411764705882,0.8394124579820951
0.6386554621848739,0.8529411764705882,0.8431026231469173
0.6470588235294117,0.8529411764705882,0.8467234753410711
0.6554621848739496,0.8529411764705882,0.8502756055539514
0.6638655462184874,0.8529411764705882,0.8537596340316703
0.6722689075630252,0.8529411764705882,0.8571762084683855
0.680672268907563,0.8529411764705882,0.8605260022294827
0.6890756302521008,0.8529411764705882,0.863809712609283
0.6974789915966386,0.8529411764705882,0.8670280591256756
0.7058823529411764,0.8529411764705882,0.8701817818538173
0.7142857142857143,0.8529411764705882,0.8732716398007974
0.7226890756302521,0.8529411764705882,0.8762984093229123
0.7310924369747899,0.8529411764705882,0.8792628825869797
0.7394957983193277,0.8529411764705882,0.8821658660768854
0.7478991596638656,0.8529411764705882,0.8850081791463544
0.7563025210084033,0.8529411764705882,0.887790652618733
0.7647058823529411,0.8529411764705882,0.8905141274343839
0.7731092436974789,0.8529411764705882,0.8931794533461082
0.7815126050420168,0.8529411764705882,0.8957874876628531
0.7899159663865546,0.8529411764705882,0.8983390940417927
0.7983193277310924,0.8529411764705882,0.9008351413287359
0.8067226890756303,0.8529411764705882,0.9032765024466697
0.8151260504201681,0.8529411764705882,0.9056640533321256
0.8235294117647058,0.8529411764705882,0.9079986719189415
0.8319327731092436,0.8529411764705882,0.910281237168881
0.8403361344537815,0.8529411764705882,0.9125126281484821
0.8487394957983193,0.8529411764705882,0.9146937231514162
0.8571428571428571,0.8529411764705882,0.9168253988655616
0.8655462184873949,0.8529411764705882,0.9189085295839244
0.8739495798319328,0.8529411764705882,0.9209439864584811
0.8823529411764706,0.8529411764705882,0.9229326367959607
0.8907563025210083,0.8529411764705882,0.9248753433945377
0.8991596638655461,0.8529411764705882,0.926772963920368
0.907563025210084,0.8529411764705882,0.9286263503228698
0.9159663865546218,0.8529411764705882,0.9304363482876155
0.9243697478991596,0.8529411764705882,0.9322037967256902
0.9327731092436974,0.8529411764705882,0.9339295272983491
0.9411764705882353,0.8529411764705882,0.9356143639757973
0.9495798319327731,0.8529411764705882,0.9372591226289078
0.9579831932773109,0.8529411764705882,0.9388646106526936
0.9663865546218487,0.8529411764705882,0.9404316266203497
0.9747899159663865,0.8529411764705882,0.9419609599666864
0.9831932773109243,0.8529411764705882,0.9434533906997814
0.9915966386554621,0.8529411764705882,0.9449096891396973
1.0,0.8529411764705882,0.9463306156831126
0.0,0.8571428571428572,0.3968349247684044
0.008403361344537815,0.8571428571428572,0.40343988530291663
0.01680672268907563,0.8571428571428572,0.4100800377606307
0.025210084033613446,0.8571428571428572,0.4167531306748065
0.03361344537815126,0.8571428571428572,0.42345686512930186
0.04201680672268907,0.8571428571428572,0.4301888977486288
0.05042016806722689,0.8571428571428572,0.4369468438228939
0.058823529411764705,0.8571428571428572,0.44372828055930724
0.06722689075630252,0.8571428571428572,0.45053075045129165
0.07563025210084033,0.8571428571428572,0.4573517647556055
0.08403361344537814,0.8571428571428572,0.4641888070673246
0.09243697478991596,0.8571428571428572,0.4710393369820027
0.10084033613445378,0.8571428571428572,0.477900793833864
0.1092436974789916,0.8571428571428572,0.4847706004984701
0.11764705882352941,0.8571428571428572,0.49164616724794935
0.12605042016806722,0.8571428571428572,0.49852489564659347
0.13445378151260504,0.8571428571428572,0.5054041824744014
0.14285714285714285,0.8571428571428572,0.5122814236659998
0.15126050420168066,0.8571428571428572,0.51915401825228
0.15966386554621848,0.8571428571428572,0.5260193722920833
0.1680672268907563,0.8571428571428572,0.5328749027813129
0.1764705882352941,0.8571428571428572,0.5397180415269842
0.18487394957983191,0.8571428571428572,0.5465462389739076
0.19327731092436973,0.8571428571428572,0.5533569679719693
0.20168067226890757,0.8571428571428572,0.5601477274722872
0.21008403361344538,0.8571428571428572,0.5669160461409152
0.2184873949579832,0.8571428571428572,0.5736594858792078
0.226890756302521,0.8571428571428572,0.580375645240458
0.23529411764705882,0.8571428571428572,0.5870621627329743
0.24369747899159663,0.8571428571428572,0.5937167200003547
0.25210084033613445,0.8571428571428572,0.6003370448703632
0.26050420168067223,0.8571428571428572,0.6069209142644797
0.2689075630252101,0.8571428571428572,0.6134661569609121
0.2773109243697479,0.8571428571428572,0.6199706562045848
0.2857142857142857,0.8571428571428572,0.6264323521583773
0.29411764705882354,0.8571428571428572,0.6328492441906561
0.3025210084033613,0.8571428571428572,0.6392193929949198
0.31092436974789917,0.8571428571428572,0.6455409225381625
0.31932773109243695,0.8571428571428572,0.6518120218353477
0.3277310924369748,0.8571428571428572,0.658030946548152
0.3361344537815126,0.8571428571428572,0.6641960204069147
0.3445378151260504,0.8571428571428572,0.6703056364554698
0.3529411764705882,0.8571428571428572,0.6763582581192717
0.36134453781512604,0.8571428571428572,0.6823524200979315
0.36974789915966383,0.8571428571428572,0.6882867290839528
0.37815126050420167,0.8571428571428572,0.6941598643101091
0.38655462184873945,0.8571428571428572,0.699970577928509
0.3949579831932773,0.8571428571428572,0.7057176952249766
0.40336134453781514,0.8571428571428572,0.7114001146729032
0.4117647058823529,0.8571428571428572,0.7170168078312257
0.42016806722689076,0.8571428571428572,0.7225668190916367
0.42857142857142855,0.8571428571428572,0.7280492652805366
0.4369747899159664,0.8571428571428572,0.733463335121611
0.4453781512605042,0.8571428571428572,0.7388082885652223
0.453781512605042,0.8571428571428572,0.7440834559910973
0.4621848739495798,0.8571428571428572,0.7492882372910052
0.47058823529411764,0.8571428571428572,0.7544221008383306
0.4789915966386554,0.8571428571428572,0.7594845823515672
0.48739495798319327,0.8571428571428572,0.7644752836588895
0.49579831932773105,0.8571428571428572,0.7693938713710033
0.5042016806722689,0.8571428571428572,0.7742400754695218
0.5126050420168067,0.8571428571428572,0.7790136878180922
0.5210084033613445,0.8571428571428572,0.783714560603469
0.5294117647058824,0.8571428571428572,0.7883426047136477
0.5378151260504201,0.8571428571428572,0.7928977880600733
0.5462184873949579,0.8571428571428572,0.7973801338508131
0.5546218487394958,0.8571428571428572,0.8017897188214188
0.5630252100840336,0.8571428571428572,0.8061266714300369
0.5714285714285714,0.8571428571428572,0.8103911700231188
0.5798319327731092,0.8571428571428572,0.8145834409778772
0.5882352941176471,0.8571428571428572,0.8187037568273986
0.5966386554621849,0.8571428571428572,0.8227524343740777
0.6050420168067226,0.8571428571428572,0.8267298327967912
0.6134453781512604,0.8571428571428572,0.8306363517569573
0.6218487394957983,0.8571428571428572,0.8344724295083656
0.6302521008403361,0.8571428571428572,0.8382385410153768
0.6386554621848739,0.8571428571428572,0.8419351960838224
0.6470588235294117,0.8571428571428572,0.845562937508648
0.6554621848739496,0.8571428571428572,0.8491223392420714
0.6638655462184874,0.8571428571428572,0.852614004585738
0.6722689075630252,0.8571428571428572,0.8560385644100932
0.680672268907563,0.8571428571428572,0.8593966754039102
0.6890756302521008,0.8571428571428572,0.8626890183566504
0.6974789915966386,0.8571428571428572,0.865916296476078
0.7058823529411764,0.8571428571428572,0.8690792337432865
0.7142857142857143,0.8571428571428572,0.8721785733070637
0.7226890756302521,0.8571428571428572,0.8752150759192762
0.7310924369747899,0.8571428571428572,0.8781895184127326
0.7394957983193277,0.8571428571428572,0.8811026922227635
0.7478991596638656,0.8571428571428572,0.8839554019535518
0.7563025210084033,0.8571428571428572,0.8867484639900476
0.7647058823529411,0.8571428571428572,0.8894827051561155
0.7731092436974789,0.8571428571428572,0.8921589614193844
0.7815126050420168,0.8571428571428572,0.894778076643107
0.7899159663865546,0.8571428571428572,0.8973409013851692
0.7983193277310924,0.8571428571428572,0.8998482917442658
0.8067226890756303,0.8571428571428572,0.9023011082530962
0.8151260504201681,0.8571428571428572,0.9047002148183305
0.8235294117647058,0.8571428571428572,0.9070464777069708
0.8319327731092436,0.8571428571428572,0.9093407645786274
0.8403361344537815,0.8571428571428572,0.9115839435631334
0.8487394957983193,0.8571428571428572,0.9137768823828363
0.8571428571428571,0.8571428571428572,0.9159204475188223
0.8655462184873949,0.8571428571428572,0.9180155034202585
0.8739495798319328,0.8571428571428572,0.9200629117559792
0.8823529411764706,0.8571428571428572,0.9220635307073837
0.8907563025210083,0.8571428571428572,0.924018214301664
0.8991596638655461,0.8571428571428572,0.9259278117843445
0.907563025210084,0.8571428571428572,0.9277931670300756
0.9159663865546218,0.8571428571428572,0.929615117990598
0.9243697478991596,0.8571428571428572,0.9313944961787688
0.9327731092436974,0.8571428571428572,0.933132126187525
0.9411764705882353,0.8571428571428572,0.934828825242645
0.9495798319327731,0.8571428571428572,0.936485402788163
0.9579831932773109,0.8571428571428572,0.9381026601032837
0.9663865546218487,0.8571428571428572,0.939681389949648
0.9747899159663865,0.8571428571428572,0.9412223762478014
0.9831932773109243,0.8571428571428572,0.9427263937817261
0.9915966386554621,0.8571428571428572,0.9441942079303034
1.0,0.8571428571428572,0.9456265744245896
0.0,0.8613445378151261,0.3968349247684044
0.008403361344537815,0.8613445378151261,0.4034120216551919
0.01680672268907563,0.8613445378151261,0.41002402429372553
0.025210084033613446,0.8613445378151261,0.41666870981677573
0.03361344537815126,0.8613445378151261,0.4233438086768509
0.04201680672268907,0.8613445378151261,0.4300470075724651
0.05042016806722689,0.8613445378151261,0.4367759525060201
0.058823529411764705,0.8613445378151261,0.44352825196523715
0.06722689075630252,0.8613445378151261,0.4503014802194433
0.07563025210084033,0.8613445378151261,0.45709318072141775
0.08403361344537814,0.8613445378151261,0.46390086960495214
0.09243697478991596,0.8613445378151261,0.47072203926777184
0.10084033613445378,0.8613445378151261,0.4775541620290099
0.1092436974789916,0.8613445378151261,0.4843946938500267
0.11764705882352941,0.8613445378151261,0.4912410781070236
0.12605042016806722,0.8613445378151261,0.4980907494036233
0.13445378151260504,0.8613445378151261,0.5049411374113649
0.14285714285714285,0.8613445378151261,0.5117896707259179
0.15126050420168066,0.8613445378151261,0.5186337807267236
0.15966386554621848,0.8613445378151261,0.5254709054277651
0.1680672268907563,0.8613445378151261,0.5322984933072045
0.1764705882352941,0.8613445378151261,0.5391140071037483
0.18487394957983191,0.8613445378151261,0.545914927567782
0.19327731092436973,0.8613445378151261,0.5526987571555584
0.20168067226890757,0.8613445378151261,0.559463023655035
0.21008403361344538,0.8613445378151261,0.5662052837323224
0.2184873949579832,0.8613445378151261,0.5729231263881295
0.226890756302521,0.8613445378151261,0.5796141763140729
0.23529411764705882,0.8613445378151261,0.5862760971392398
0.24369747899159663,0.8613445378151261,0.5929065945579741
0.25210084033613445,0.8613445378151261,0.599503419330461
0.26050420168067223,0.8613445378151261,0.6060643701483426
0.2689075630252101,0.8613445378151261,0.6125872963582721
0.2773109243697479,0.8613445378151261,0.6190701005370254
0.2857142857142857,0.8613445378151261,0.6255107409125104
0.29411764705882354,0.8613445378151261,0.6319072336257658
0.3025210084033613,0.8613445378151261,0.6382576548297839
0.31092436974789917,0.8613445378151261,0.6445601426217558
0.31932773109243695,0.8613445378151261,0.6508128988060959
0.3277310924369748,0.8613445378151261,0.6570141904863481
0.3361344537815126,0.8613445378151261,0.6631623514848235
0.3445378151260504,0.8613445378151261,0.6692557835895485
0.3529411764705882,0.8613445378151261,0.6752929576288031
0.36134453781512604,0.8613445378151261,0.6812724143742247
0.36974789915966383,0.8613445378151261,0.687192765274106
0.37815126050420167,0.8613445378151261,0.6930526930191458
0.38655462184873945,0.8613445378151261,0.6988509519435149
0.3949579831932773,0.8613445378151261,0.7045863682646499
0.40336134453781514,0.8613445378151261,0.7102578401657256
0.4117647058823529,0.8613445378151261,0.7158643377252302
0.42016806722689076,0.8613445378151261,0.7214049026985216
0.42857142857142855,0.8613445378151261,0.7268786481566374
0.4369747899159664,0.8613445378151261,0.7322847579880023
0.4453781512605042,0.8613445378151261,0.737622486268982
0.453781512605042,0.8613445378151261,0.7428911565095223
0.4621848739495798,0.8613445378151261,0.7480901607803299
0.47058823529411764,0.8613445378151261,0.7532189587282575
0.4789915966386554,0.8613445378151261,0.7582770764866943
0.48739495798319327,0.8613445378151261,0.7632641054878819
0.49579831932773105,0.8613445378151261,0.7681797011841432
0.5042016806722689,0.8613445378151261,0.7730235816850497
0.5126050420168067,0.8613445378151261,0.777795526317556
0.5210084033613445,0.8613445378151261,0.7824953741160922
0.5294117647058824,0.8613445378151261,0.7871230222495468
0.5378151260504201,0.8613445378151261,0.7916784243919783
0.5462184873949579,0.8613445378151261,0.796161589043778
0.5546218487394958,0.8613445378151261,0.8005725778098558
0.5630252100840336,0.8613445378151261,0.8049115036412641
0.5714285714285714,0.8613445378151261,0.809178529046485
0.5798319327731092,0.8613445378151261,0.8133738642784009
0.5882352941176471,0.8613445378151261,0.8174977655027535
0.5966386554621849,0.8613445378151261,0.8215505329536638
0.6050420168067226,0.8613445378151261,0.8255325090815389
0.6134453781512604,0.8613445378151261,0.8294440766984444
0.6218487394957983,0.8613445378151261,0.8332856571257578
0.6302521008403361,0.8613445378151261,0.8370577083486501
0.6386554621848739,0.8613445378151261,0.8407607231816904
0.6470588235294117,0.8613445378151261,0.8443952274495705
0.6554621848739496,0.8613445378151261,0.8479617781867078
0.6638655462184874,0.8613445378151261,0.8514609618591847
0.6722689075630252,0.8613445378151261,0.8548933926122432
0.680672268907563,0.8613445378151261,0.8582597105462665
0.6890756302521008,0.8613445378151261,0.8615605800239367
0.6974789915966386,0.8613445378151261,0.8647966880110001
0.7058823529411764,0.8613445378151261,0.8679687424528185
0.7142857142857143,0.8613445378151261,0.8710774706886572
0.7226890756302521,0.8613445378151261,0.8741236179054208
0.7310924369747899,0.8613445378151261,0.8771079456323296
0.7394957983193277,0.8613445378151261,0.8800312302778116
0.7478991596638656,0.8613445378151261,0.8828942617096873
0.7563025210084033,0.8613445378151261,0.8856978418795245
0.7647058823529411,0.8613445378151261,0.8884427834918575
0.7731092436974789,0.8613445378151261,0.8911299087187902
0.7815126050420168,0.8613445378151261,0.8937600479603404
0.7899159663865546,0.8613445378151261,0.8963340386507206
0.7983193277310924,0.8613445378151261,0.8988527241106203
0.8067226890756303,0.8613445378151261,0.9013169524453998
0.8151260504201681,0.8613445378151261,0.9037275754890016
0.8235294117647058,0.8613445378151261,0.9060854477932541
0.8319327731092436,0.8613445378151261,0.9083914256621466
0.8403361344537815,0.8613445378151261,0.9106463662305485
0.8487394957983193,0.8613445378151261,0.9128511265867681
0.8571428571428571,0.8613445378151261,0.9150065629382549
0.8655462184873949,0.8613445378151261,0.9171135298196874
0.8739495798319328,0.8613445378151261,0.919172879342618
0.8823529411764706,0.8613445378151261,0.9211854604857936
0.8907563025210083,0.8613445378151261,0.9231521184252192
0.8991596638655461,0.8613445378151261,0.9250736939029912
0.907563025210084,0.8613445378151261,0.9269510226338873
0.9159663865546218,0.8613445378151261,0.928784934748673
0.9243697478991596,0.8613445378151261,0.9305762542730595
0.9327731092436974,0.8613445378151261,0.9323257986412247
0.9411764705882353,0.8613445378151261,0.9340343782428002
0.9495798319327731,0.8613445378151261,0.9357027960022116
0.9579831932773109,0.8613445378151261,0.9373318469892586
0.9663865546218487,0.8613445378151261,0.9389223180598146
0.9747899159663865,0.8613445378151261,0.940474987525532
0.9831932773109243,0.8613445378151261,0.9419906248514421
0.9915966386554621,0.8613445378151261,0.9434699903803438
1.0,0.8613445378151261,0.9449138350828937
0.0,0.865546218487395,0.3968349247684044
0.008403361344537815,0.865546218487395,0.4033841586306221
0.01680672268907563,0.865546218487395,0.40996801316070697
0.025210084033613446,0.865546218487395,0.41658429384533974
0.03361344537815126,0.865546218487395,0.4232307602509133
0.04201680672268907,0.865546218487395,0.42990512888711574
0.05042016806722689,0.865546218487395,0.43660507619892297
0.058823529411764705,0.865546218487395,0.44332824167918083
0.06722689075630252,0.865546218487395,0.45007223109334865
0.07563025210084033,0.865546218487395,0.4568346198073911
0.08403361344537814,0.865546218487395,0.4636129562092766
0.09243697478991596,0.865546218487395,0.4704047652140442
0.10084033613445378,0.865546218487395,0.4772075518419633
0.1092436974789916,0.865546218487395,0.4840188048589179
0.11764705882352941,0.865546218487395,0.4908360004678183
0.12605042016806722,0.865546218487395,0.49765660603956563
0.13445378151260504,0.865546218487395,0.5044780838718826
0.14285714285714285,0.865546218487395,0.5112978949641735
0.15126050420168066,0.865546218487395,0.5181135027964896
0.15966386554621848,0.865546218487395,0.5249223771006509
0.1680672268907563,0.865546218487395,0.5317219976116243
0.1764705882352941,0.865546218487395,0.5385098577873567
0.18487394957983191,0.865546218487395,0.5452834684854408
0.19327731092436973,0.865546218487395,0.5520403615852149
0.20168067226890757,0.865546218487395,0.5587780935442002
0.21008403361344538,0.865546218487395,0.5654942488781213
0.2184873949579832,0.865546218487395,0.5721864435541681
0.226890756302521,0.865546218487395,0.5788523282876102
0.23529411764705882,0.865546218487395,0.5854895917323805
0.24369747899159663,0.865546218487395,0.5920959635567992
0.25210084033613445,0.865546218487395,0.5986692173961919
0.26050420168067223,0.865546218487395,0.6052071736747817
0.2689075630252101,0.865546218487395,0.6117077022898963
0.2773109243697479,0.865546218487395,0.618168725152201
0.2857142857142857,0.865546218487395,0.6245882185763767
0.29411764705882354,0.865546218487395,0.6309642155173789
0.3025210084033613,0.865546218487395,0.6372948076481317
0.31092436974789917,0.865546218487395,0.6435781472752561
0.31932773109243695,0.865546218487395,0.6498124490901502
0.3277310924369748,0.865546218487395,0.6559959917534814
0.3361344537815126,0.865546218487395,0.6621271193118541
0.3445378151260504,0.865546218487395,0.6682042424461377
0.3529411764705882,0.865546218487395,0.674225839551619
0.36134453781512604,0.865546218487395,0.6801904576508078
0.36974789915966383,0.865546218487395,0.6860967131403785
0.37815126050420167,0.865546218487395,0.69194329237433
0.38655462184873945,0.865546218487395,0.697728952086043
0.3949579831932773,0.865546218487395,0.7034525196524494
0.40336134453781514,0.865546218487395,0.7091128932040565
0.4117647058823529,0.865546218487395,0.7147090415850358
0.42016806722689076,0.865546218487395,0.7202400041680252
0.42857142857142855,0.865546218487395,0.7257048905286961
0.4369747899159664,0.865546218487395,0.7311028799854871
0.4453781512605042,0.865546218487395,0.736433221010226
0.453781512605042,0.865546218487395,0.7416952305156393
0.4621848739495798,0.865546218487395,0.7468882930259716
0.47058823529411764,0.865546218487395,0.7520118597371477
0.4789915966386554,0.865546218487395,0.7570654474730477
0.48739495798319327,0.865546218487395,0.7620486375445926
0.49579831932773105,0.865546218487395,0.7669610745184114
0.5042016806722689,0.865546218487395,0.7718024649019051
0.5126050420168067,0.865546218487395,0.7765725757515308
0.5210084033613445,0.865546218487395,0.7812712332111089
0.5294117647058824,0.865546218487395,0.7858983209868962
0.5378151260504201,0.865546218487395,0.7904537787660915
0.5462184873949579,0.865546218487395,0.7949376005853329
0.5546218487394958,0.865546218487395,0.7993498331556044
0.5630252100840336,0.865546218487395,0.8036905741498247
0.5714285714285714,0.865546218487395,0.8079599704592129
0.5798319327731092,0.865546218487395,0.812158216424331
0.5882352941176471,0.865546218487395,0.8162855520465033
0.5966386554621849,0.865546218487395,0.8203422611850812
0.6050420168067226,0.865546218487395,0.8243286697457998
0.6134453781512604,0.865546218487395,0.8282451438652255
0.6218487394957983,0.865546218487395,0.8320920880960455
0.6302521008403361,0.865546218487395,0.8358699435976957
0.6386554621848739,0.865546218487395,0.8395791863365687
0.6470588235294117,0.865546218487395,0.8432203252997729
0.6554621848739496,0.865546218487395,0.8467939007261645
0.6638655462184874,0.865546218487395,0.8503004823581035
0.6722689075630252,0.865546218487395,0.8537406677171294
0.680672268907563,0.865546218487395,0.8571150804064994
0.6890756302521008,0.865546218487395,0.8604243684432709
0.6974789915966386,0.865546218487395,0.8636692026223767
0.7058823529411764,0.865546218487395,0.8668502749148879
0.7142857142857143,0.865546218487395,0.8699682969024364
0.7226890756302521,0.865546218487395,0.8730239982495335
0.7310924369747899,0.865546218487395,0.8760181252153121
0.7394957983193277,0.865546218487395,0.8789514392060036
0.7478991596638656,0.865546218487395,0.8818247153692615
0.7563025210084033,0.865546218487395,0.8846387412312554
0.7647058823529411,0.865546218487395,0.8873943153772722
0.7731092436974789,0.865546218487395,0.8900922461763929
0.7815126050420168,0.865546218487395,0.8927333505506505
0.7899159663865546,0.865546218487395,0.8953184527889132
0.7983193277310924,0.865546218487395,0.8978483834056101
0.8067226890756303,0.865546218487395,0.9003239780442652
0.8151260504201681,0.865546218487395,0.9027460764256917
0.8235294117647058,0.865546218487395,0.9051155213405812
0.8319327731092436,0.865546218487395,0.9074331576861125
0.8403361344537815,0.865546218487395,0.909699831546115
0.8487394957983193,0.865546218487395,0.9119163893142224
0.8571428571428571,0.865546218487395,0.9140836768593834
0.8655462184873949,0.865546218487395,0.9162025387330144
0.8739495798319328,0.865546218487395,0.9182738174170181
0.8823529411764706,0.865546218487395,0.9202983526118346
0.8907563025210083,0.865546218487395,0.9222769805636402
0.8991596638655461,0.865546218487395,0.9242105334297653
0.907563025210084,0.865546218487395,0.9260998386813631
0.9159663865546218,0.865546218487395,0.9279457185423323
0.9243697478991596,0.865546218487395,0.9297489894634687
0.9327731092436974,0.865546218487395,0.9315104616307993
0.9411764705882353,0.865546218487395,0.9332309385070366
0.9495798319327731,0.865546218487395,0.934911216405081
0.9579831932773109,0.865546218487395,0.9365520840924861
0.9663865546218487,0.865546218487395,0.938154322425809
0.9747899159663865,0.865546218487395,0.9397187040137529
0.9831932773109243,0.865546218487395,0.9412459929080281
0.9915966386554621,0.865546218487395,0.9427369443208504
1.0,0.865546218487395,0.9441923043680168
0.0,0.8697478991596639,0.3968349247684044
0.008403361344537815,0.8697478991596639,0.40335629622937286
0.01680672268907563,0.8697478991596639,0.4099120043629305
0.025210084033613446,0.8697478991596639,0.41649988276516553
0.03361344537815126,0.8697478991596639,0.4231177198627551
0.04201680672268907,0.8697478991596639,0.42976326171495316
0.05042016806722689,0.8697478991596639,0.4364342149408457
0.058823529411764705,0.8697478991596639,0.4431282497642967
0.06722689075630252,0.8697478991596639,0.44984300316840786
0.07563025210084033,0.8697478991596639,0.4565760821507643
0.08403361344537814,0.8697478991596639,0.46332506707020954
0.09243697478991596,0.8697478991596639,0.4700875150754265
0.10084033613445378,0.8697478991596639,0.47686096360516805
0.1092436974789916,0.8697478991596639,0.4836429339496008
0.11764705882352941,0.8697478991596639,0.4904309348619089
0.12605042016806722,0.8697478991596639,0.49722246620902866
0.13445378151260504,0.8697478991596639,0.5040150226501814
0.14285714285714285,0.8697478991596639,0.5108060973317201
0.15126050420168066,0.8697478991596639,0.5175931855867183
0.15966386554621848,0.8697478991596639,0.5243737886277049
0.1680672268907563,0.8697478991596639,0.5311454172209845
0.1764705882352941,0.8697478991596639,0.5379055953310824
0.18487394957983191,0.8697478991596639,0.5446518637240113
0.19327731092436973,0.8697478991596639,0.5513817835182843
0.20168067226890757,0.8697478991596639,0.5580929396728632
0.21008403361344538,0.8697478991596639,0.5647829444015814
0.2184873949579832,0.8697478991596639,0.5714494405039545
0.226890756302521,0.8697478991596639,0.5780901046027384
0.23529411764705882,0.8697478991596639,0.5847026502790709
0.24369747899159663,0.8697478991596639,0.5912848310965688
0.25210084033613445,0.8697478991596639,0.5978344435063069
0.26050420168067223,0.8697478991596639,0.6043493296252155
0.2689075630252101,0.8697478991596639,0.6108273798810557
0.2773109243697479,0.8697478991596639,0.6172665355177908
0.2857142857142857,0.8697478991596639,0.6236647909558432
0.29411764705882354,0.8697478991596639,0.6300201960024226
0.3025210084033613,0.8697478991596639,0.6363308579078066
0.31092436974789917,0.8697478991596639,0.6425949432641648
0.31932773109243695,0.8697478991596639,0.6488106797442272
0.3277310924369748,0.8697478991596639,0.6549763576777997
0.3361344537815126,0.8697478991596639,0.6610903314648261
0.3445378151260504,0.8697478991596639,0.6671510208243845
0.3529411764705882,0.8697478991596639,0.673156911879668
0.36134453781512604,0.8697478991596639,0.6791065580796549
0.36974789915966383,0.8697478991596639,0.6849985809587933
0.37815126050420167,0.8697478991596639,0.6908316707366253
0.38655462184873945,0.8697478991596639,0.6966045867598465
0.3949579831932773,0.8697478991596639,0.7023161577898316
0.40336134453781514,0.8697478991596639,0.7079652821391619
0.4117647058823529,0.8697478991596639,0.7135509276611561
0.42016806722689076,0.8697478991596639,0.7190721315968408
0.42857142857142855,0.8697478991596639,0.7245280002841811
0.4369747899159664,0.8697478991596639,0.729917708734755
0.4453781512605042,0.8697478991596639,0.7352405000833602
0.453781512605042,0.8697478991596639,0.7404956849163203
0.4621848739495798,0.8697478991596639,0.7456826404844933
0.47058823529411764,0.8697478991596639,0.7508008098071762
0.4789915966386554,0.8697478991596639,0.7558497006732624
0.48739495798319327,0.8697478991596639,0.7608288845461255
0.49579831932773105,0.8697478991596639,0.7657379953787883
0.5042016806722689,0.8697478991596639,0.7705767283459859
0.5126050420168067,0.8697478991596639,0.7753448384997482
0.5210084033613445,0.8697478991596639,0.7800421393551096
0.5294117647058824,0.8697478991596639,0.784668501412512
0.5378151260504201,0.8697478991596639,0.7892238506233942
0.5462184873949579,0.8697478991596639,0.79370816680536
0.5546218487394958,0.8697478991596639,0.798121482013196
0.5630252100840336,0.8697478991596639,0.8024638788718681
0.5714285714285714,0.8697478991596639,0.8067354888774626
0.5798319327731092,0.8697478991596639,0.810936490671849
0.5882352941176471,0.8697478991596639,0.8150671082966582
0.5966386554621849,0.8697478991596639,0.8191276094319453
0.6050420168067226,0.8697478991596639,0.8231183036247005
0.6134453781512604,0.8697478991596639,0.8270395405121228
0.6218487394957983,0.8697478991596639,0.830891708044348
0.6302521008403361,0.8697478991596639,0.8346752307110694
0.6386554621848739,0.8697478991596639,0.8383905677762422
0.6470588235294117,0.8697478991596639,0.8420382115248118
0.6554621848739496,0.8697478991596639,0.8456186855251533
0.6638655462184874,0.8697478991596639,0.8491325429106562
0.6722689075630252,0.8697478991596639,0.8525803646836362
0.680672268907563,0.8697478991596639,0.8559627580445139
0.6890756302521008,0.8697478991596639,0.8592803547489397
0.6974789915966386,0.8697478991596639,0.8625338094953291
0.7058823529411764,0.8697478991596639,0.8657237983450102
0.7142857142857143,0.8697478991596639,0.8688510171769802
0.7226890756302521,0.8697478991596639,0.8719161801790313
0.7310924369747899,0.8697478991596639,0.8749200183768009
0.7394957983193277,0.8697478991596639,0.877863278202093
0.7478991596638656,0.8697478991596639,0.8807467201016195
0.7563025210084033,0.8697478991596639,0.8835711171871228
0.7647058823529411,0.8697478991596639,0.8863372539276629
0.7731092436974789,0.8697478991596639,0.8890459248846815
0.7815126050420168,0.8697478991596639,0.8916979334902893
0.7899159663865546,0.8697478991596639,0.8942940908690842
0.7983193277310924,0.8697478991596639,0.8968352147036495
0.8067226890756303,0.8697478991596639,0.8993221281437622
0.8151260504201681,0.8697478991596639,0.9017556587592063
0.8235294117647058,0.8697478991596639,0.9041366375359836
0.8319327731092436,0.8697478991596639,0.9064658979155931
0.8403361344537815,0.8697478991596639,0.9087442748769681
0.8487394957983193,0.8697478991596639,0.9109726040605571
0.8571428571428571,0.8697478991596639,0.9131517209339672
0.8655462184873949,0.8697478991596639,0.9152824599984989
0.8739495798319328,0.8697478991596639,0.9173656540358551
0.8823529411764706,0.8697478991596639,0.9194021333942279
0.8907563025210083,0.8697478991596639,0.9213927253129326
0.8991596638655461,0.8697478991596639,0.9233382532846999
0.907563025210084,0.8697478991596639,0.9252395364547084
0.9159663865546218,0.8697478991596639,0.9270973890553947
0.9243697478991596,0.8697478991596639,0.9289126198760668
0.9327731092436974,0.8697478991596639,0.930686031766302
0.9411764705882353,0.8697478991596639,0.9324184211721178
0.9495798319327731,0.8697478991596639,0.9341105777038677
0.9579831932773109,0.8697478991596639,0.9357632837348223
0.9663865546218487,0.8697478991596639,0.9373773140293798
0.9747899159663865,0.8697478991596639,0.9389534353998559
0.9831932773109243,0.8697478991596639,0.9404924063907973
0.9915966386554621,0.8697478991596639,0.9419949769897773
1.0,0.8697478991596639,0.9434618883636305
0.0,0.8739495798319328,0.3968349247684044
0.008403361344537815,0.8739495798319328,0.40332843445161015
0.01680672268907563,0.8739495798319328,0.40985599790175137
0.025210084033613446,0.8739495798319328,0.4164154765809186
0.03361344537815126,0.8739495798319328,0.42300468752363884
0.04201680672268907,0.8739495798319328,0.42962140607834187
0.05042016806722689,0.8739495798319328,0.43626336877101773
0.058823529411764705,0.8739495798319328,0.4429282762837192
0.06722689075630252,0.8739495798319328,0.44961379653998546
0.07563025210084033,0.8739495798319328,0.45631756788872607
0.08403361344537814,0.8739495798319328,0.46303720237759793
0.09243697478991596,0.8739495798319328,0.46977028910644847
0.10084033613445378,0.8739495798319328,0.4765143976509839
0.1092436974789916,0.8739495798319328,0.4832670815464507
0.11764705882352941,0.8739495798319328,0.49002588182080764
0.12605042016806722,0.8739495798319328,0.49678833056659916
0.13445378151260504,0.8739495798319328,0.5035519545405415
0.14285714285714285,0.8739495798319328,0.5103142787796797
0.15126050420168066,0.8739495798319328,0.5170728302228902
0.15966386554621848,0.8739495798319328,0.5238251413264714
0.1680672268907563,0.8739495798319328,0.5305687536626011
0.1764705882352941,0.8739495798319328,0.5373012214895239
0.18487394957983191,0.8739495798319328,0.544020115282488
0.19327731092436973,0.8739495798319328,0.5507230252146574
0.20168067226890757,0.8739495798319328,0.5574075645774881
0.21008403361344538,0.8739495798319328,0.5640713731303731
0.2184873949579832,0.8739495798319328,0.5707121203697408
0.226890756302521,0.8739495798319328,0.5773275087081929
0.23529411764705882,0.8739495798319328,0.5839152765547485
0.24369747899159663,0.8739495798319328,0.590473201287751
0.25210084033613445,0.8739495798319328,0.5969991021125506
0.26050420168067223,0.8739495798319328,0.6034908427966371
0.2689075630252101,0.8739495798319328,0.609946334275518
0.2773109243697479,0.8739495798319328,0.616363537123253
0.2857142857142857,0.8739495798319328,0.6227404638822173
0.29411764705882354,0.8739495798319328,0.6290751812473251
0.3025210084033613,0.8739495798319328,0.6353658121006239
0.31092436974789917,0.8739495798319328,0.6416105373928536
0.31932773109243695,0.8739495798319328,0.6478075978692462
0.3277310924369748,0.8739495798319328,0.6539552956375291
0.3361344537815126,0.8739495798319328,0.6600519955767614
0.3445378151260504,0.8739495798319328,0.6660961265863067
0.3529411764705882,0.8739495798319328,0.6720861826748842
0.36134453781512604,0.8739495798319328,0.6780207238902789
0.36974789915966383,0.8739495798319328,0.6838983770908932
0.37815126050420167,0.8739495798319328,0.6897178365609082
0.38655462184873945,0.8739495798319328,0.6954778644713803
0.3949579831932773,0.8739495798319328,0.7011772911901173
0.40336134453781514,0.8739495798319328,0.7068150154436795
0.4117647058823529,0.8739495798319328,0.7123900043353024
0.42016806722689076,0.8739495798319328,0.7179012932229663
0.42857142857142855,0.8739495798319328,0.7233479854622186
0.4369747899159664,0.8739495798319328,0.7287292520187122
0.4453781512605042,0.8739495798319328,0.7340443309557253
0.453781512605042,0.8739495798319328,0.7392925268022067
0.4621848739495798,0.8739495798319328,0.7444732098071245
0.47058823529411764,0.8739495798319328,0.7495858150860933
0.4789915966386554,0.8739495798319328,0.7546298416664149
0.48739495798319327,0.8739495798319328,0.759604851436793
0.49579831932773105,0.8739495798319328,0.7645104680080719
0.5042016806722689,0.8739495798319328,0.7693463754914027
0.5126050420168067,0.8739495798319328,0.7741123172002706
0.5210084033613445,0.8739495798319328,0.7788080942827971
0.5294117647058824,0.8739495798319328,0.7834335642907103
0.5378151260504201,0.8739495798319328,0.7879886396912986
0.5462184873949579,0.8739495798319328,0.7924732863285855
0.5546218487394958,0.8739495798319328,0.7968875218398432
0.5630252100840336,0.8739495798319328,0.8012314140334326
0.5714285714285714,0.8739495798319328,0.8055050792338047
0.5798319327731092,0.8739495798319328,0.8097086805993248
0.5882352941176471,0.8739495798319328,0.8138424264184005
0.5966386554621849,0.8739495798319328,0.8179065683891859
0.6050420168067226,0.8739495798319328,0.8219013998879352
0.6134453781512604,0.8739495798319328,0.8258272542308468
0.6218487394957983,0.8739495798319328,0.8296845029340189
0.6302521008403361,0.8739495798319328,0.8334735539758962
0.6386554621848739,0.8739495798319328,0.8371948500663541
0.6470588235294117,0.8739495798319328,0.8408488669263172
0.6554621848739496,0.8739495798319328,0.8444361115815706
0.6638655462184874,0.8739495798319328,0.8479571206741764
0.6722689075630252,0.8739495798319328,0.8514124587946613
0.680672268907563,0.8739495798319328,0.8548027168379078
0.6890756302521008,0.8739495798319328,0.8581285103854314
0.6974789915966386,0.8739495798319328,0.8613904781165084
0.7058823529411764,0.8739495798319328,0.8645892802503738
0.7142857142857143,0.8739495798319328,0.8677255970215004
0.7226890756302521,0.8739495798319328,0.870800127189743
0.7310924369747899,0.8739495798319328,0.8738135865869313
0.7394957983193277,0.8739495798319328,0.8767667067012866
0.7478991596638656,0.8739495798319328,0.8796602333008472
0.7563025210084033,0.8739495798319328,0.8824949250969049
0.7647058823529411,0.8739495798319328,0.8852715524482709
0.7731092436974789,0.8739495798319328,0.8879908961070303
0.7815126050420168,0.8739495798319328,0.8906537460062794
0.7899159663865546,0.8739495798319328,0.8932609000901907
0.7983193277310924,0.8739495798319328,0.8958131631866154
0.8067226890756303,0.8739495798319328,0.8983113459222922
0.8151260504201681,0.8739495798319328,0.9007562636806133
0.8235294117647058,0.8739495798319328,0.903148735601787
0.8319327731092436,0.8739495798319328,0.9054895836251193
0.8403361344537815,0.8739495798319328,0.9077796315730546
0.8487394957983193,0.8739495798319328,0.9100197042765115
0.8571428571428571,0.8739495798319328,0.9122106267409783
0.8655462184873949,0.8739495798319328,0.9143532233527528
0.8739495798319328,0.8739495798319328,0.9164483171246497
0.8823529411764706,0.8739495798319328,0.9184967289804311
0.8907563025210083,0.8739495798319328,0.9204992770771732
0.8991596638655461,0.8739495798319328,0.9224567761647263
0.907563025210084,0.8739495798319328,0.9243700369813903
0.9159663865546218,0.8739495798319328,0.9262398656848911
0.9243697478991596,0.8739495798319328,0.9280670633177159
0.9327731092436974,0.8739495798319328,0.9298524253058368
0.9411764705882353,0.8739495798319328,0.9315967409898397
0.9495798319327731,0.8739495798319328,0.9333007931874551
0.9579831932773109,0.8739495798319328,0.9349653577864785
0.9663865546218487,0.8739495798319328,0.9365912033670615
0.9747899159663865,0.8739495798319328,0.938179090852352
0.9831932773109243,0.8739495798319328,0.939729773186463
0.9915966386554621,0.8739495798319328,0.9412439950387492
1.0,0.8739495798319328,0.942722492533379
0.0,0.8781512605042017,0.3968349247684044
0.008403361344537815,0.8781512605042017,0.40330057329749963
0.01680672268907563,0.8781512605042017,0.4097999937785248
0.025210084033613446,0.8781512605042017,0.4163310752972639
0.03361344537815126,0.8781512605042017,0.4228916632448239
0.04201680672268907,0.8781512605042017,0.4294795619996393
0.05042016806722689,0.8781512605042017,0.436092537728654
0.058823529411764705,0.8781512605042017,0.4427283213005594
0.06722689075630252,0.8781512605042017,0.44938461130340945
0.07563025210084033,0.8781512605042017,0.45605907715841465
0.08403361344537814,0.8781512605042017,0.46274936232122355
0.09243697478991596,0.8781512605042017,0.4694530875615614
0.10084033613445378,0.8781512605042017,0.4761678543116846
0.1092436974789916,0.8781512605042017,0.48289124807375927
0.11764705882352941,0.8781512605042017,0.4896208418759606
0.12605042016806722,0.8781512605042017,0.49635419976683853
0.13445378151260504,0.8781512605042017,0.5030888803372899
0.14285714285714285,0.8781512605042017,0.509822440259337
0.15126050420168066,0.8781512605042017,0.5165524378308166
0.15966386554621848,0.8781512605042017,0.5232764365150621
0.1680672268907563,0.8781512605042017,0.529992008464676
0.1764705882352941,0.8781512605042017,0.5366967380185855
0.18487394957983191,0.8781512605042017,0.5433882251617066
0.19327731092436973,0.8781512605042017,0.5500640889367411
0.20168067226890757,0.8781512605042017,0.5567219707978849
0.21008403361344538,0.8781512605042017,0.5633595378965242
0.2184873949579832,0.8781512605042017,0.5699744862893489
0.226890756302521,0.8781512605042017,0.5765645440597175
0.23529411764705882,0.8781512605042017,0.5831274743435442
0.24369747899159663,0.8781512605042017,0.5896610782514666
0.25210084033613445,0.8781512605042017,0.5961631976795727
0.26050420168067223,0.8781512605042017,0.6026317180015167
0.2689075630252101,0.8781512605042017,0.6090645706354394
0.2773109243697479,0.8781512605042017,0.6154597354797074
0.2857142857142857,0.8781512605042017,0.621815243212122
0.29411764705882354,0.8781512605042017,0.6281291774478809
0.3025210084033613,0.8781512605042017,0.6343996767522316
0.31092436974789917,0.8781512605042017,0.6406249365044192
0.31932773109243695,0.8781512605042017,0.6468032106101832
0.3277310924369748,0.8781512605042017,0.6529328130607286
0.3361344537815126,0.8781512605042017,0.6590121193367403
0.3445378151260504,0.8781512605042017,0.6650395676566596
0.3529411764705882,0.8781512605042017,0.6710136600690663
0.36134453781512604,0.8781512605042017,0.6769329633896274
0.36974789915966383,0.8781512605042017,0.6827961099836586
0.37815126050420167,0.8781512605042017,0.6886017983959175
0.38655462184873945,0.8781512605042017,0.6943487938297872
0.3949579831932773,0.8781512605042017,0.700035928478521
0.40336134453781514,0.8781512605042017,0.7056621017117037
0.4117647058823529,0.8781512605042017,0.7112262801205304
0.42016806722689076,0.8781512605042017,0.7167274974259255
0.42857142857142855,0.8781512605042017,0.7221648542538975
0.4369747899159664,0.8781512605042017,0.7275375177828797
0.4453781512605042,0.8781512605042017,0.7328447212681027
0.453781512605042,0.8781512605042017,0.7380857634483294
0.4621848739495798,0.8781512605042017,0.7432600078405107
0.47058823529411764,0.8781512605042017,0.7483668819281162
0.4789915966386554,0.8781512605042017,0.7534058762490693
0.48739495798319327,0.8781512605042017,0.7583765433893304
0.49579831932773105,0.8781512605042017,0.7632784968882736
0.5042016806722689,0.8781512605042017,0.7681114100620674
0.5126050420168067,0.8781512605042017,0.7728750147512874
0.5210084033613445,0.8781512605042017,0.7775690999990055
0.5294117647058824,0.8781512605042017,0.7821935106655565
0.5378151260504201,0.8781512605042017,0.7867481459861403
0.5462184873949579,0.8781512605042017,0.7912329580773311
0.5546218487394958,0.8781512605042017,0.7956479503984636
0.5630252100840336,0.8781512605042017,0.7999931761737472
0.5714285714285714,0.8781512605042017,0.8042687367808077
0.5798319327731092,0.8781512605042017,0.8084747801112026
0.5882352941176471,0.8781512605042017,0.8126114989082794
0.5966386554621849,0.8781512605042017,0.8166791290875552
0.6050420168067226,0.8781512605042017,0.820677948044593
0.6134453781512604,0.8781512605042017,0.8246082729551482
0.6218487394957983,0.8781512605042017,0.8284704590721265
0.6302521008403361,0.8781512605042017,0.8322648980236832
0.6386554621848739,0.8781512605042017,0.835992016116554
0.6470588235294117,0.8781512605042017,0.8396522726484735
0.6554621848739496,0.8781512605042017,0.8432461582333123
0.6638655462184874,0.8781512605042017,0.8467741931423134
0.6722689075630252,0.8781512605042017,0.850236925664585
0.680672268907563,0.8781512605042017,0.8536349304897648
0.6890756302521008,0.8781512605042017,0.8569688071155437
0.6974789915966386,0.8781512605042017,0.8602391782825112
0.7058823529411764,0.8781512605042017,0.8634466884385557
0.7142857142857143,0.8781512605042017,0.8665920022348442
0.7226890756302521,0.8781512605042017,0.8696758030551873
0.7310924369747899,0.8781512605042017,0.8726987915803959
0.7394957983193277,0.8781512605042017,0.8756616843890361
0.7478991596638656,0.8781512605042017,0.8785652125957986
0.7563025210084033,0.8781512605042017,0.8814101205285203
0.7647058823529411,0.8781512605042017,0.8841971644447172
0.7731092436974789,0.8781512605042017,0.8869271112883278
0.7815126050420168,0.8781512605042017,0.8896007374872033
0.7899159663865546,0.8781512605042017,0.8922188277917386
0.7983193277310924,0.8781512605042017,0.8947821741548951
0.8067226890756303,0.8781512605042017,0.8972915746537349
0.8151260504201681,0.8781512605042017,0.8997478324524669
0.8235294117647058,0.8781512605042017,0.9021517548068861
0.8319327731092436,0.8781512605042017,0.9045041521099889
0.8403361344537815,0.8781512605042017,0.9068058369784404
0.8487394957983193,0.8781512605042017,0.9090576233794904
0.8571428571428571,0.8781512605042017,0.9112603257978417
0.8655462184873949,0.8781512605042017,0.9134147584419101
0.8739495798319328,0.8781512605042017,0.9155217344888408
0.8823529411764706,0.8781512605042017,0.9175820653675882
0.8907563025210083,0.8781512605042017,0.9195965600793142
0.8991596638655461,0.8781512605042017,0.921566024554304
0.907563025210084,0.8781512605042017,0.9234912610445706
0.9159663865546218,0.8781512605042017,0.9253730675512708
0.9243697478991596,0.8781512605042017,0.9272122372860285
0.9327731092436974,0.8781512605042017,0.929009558165242
0.9411764705882353,0.8781512605042017,0.9307658123364188
0.9495798319327731,0.8781512605042017,0.9324817757355789
0.9579831932773109,0.8781512605042017,0.9341582176747432
0.9663865546218487,0.8781512605042017,0.9357959004585253
0.9747899159663865,0.8781512605042017,0.9373955790288332
0.9831932773109243,0.8781512605042017,0.938958000636689
0.9915966386554621,0.8781512605042017,0.9404839045401786
1.0,0.8781512605042017,0.9419740217275435
0.0,0.8823529411764706,0.3968349247684044
0.008403361344537815,0.8823529411764706,0.4032727127672071
0.01680672268907563,0.8823529411764706,0.4097439919946054
0.025210084033613446,0.8823529411764706,0.4162466789188648
0.03361344537815126,0.8823529411764706,0.4227786470375663
0.04201680672268907,0.8823529411764706,0.42933772950119514
0.05042016806722689,0.8823529411764706,0.4359217218529552
0.058823529411764705,0.8823529411764706,0.44252838487790414
0.06722689075630252,0.8823529411764706,0.44915544755397224
0.07563025210084033,0.8823529411764706,0.45580061009691786
0.08403361344537814,0.8823529411764706,0.462461547090803
0.09243697478991596,0.8823529411764706,0.46913591069513827
0.10084033613445378,0.8823529411764706,0.47582133391945725
0.1092436974789916,0.8823529411764706,0.48251543395573243
0.11764705882352941,0.8823529411764706,0.4892158155587457
0.12605042016806722,0.8823529411764706,0.4959200744642793
0.13445378151260504,0.8823529411764706,0.502625800834796
0.14285714285714285,0.8823529411764706,0.5093305827221306
0.15126050420168066,0.8823529411764706,0.5160320095366301
0.15966386554621848,0.8823529411764706,0.5227276755121428
0.1680672268907563,0.8823529411764706,0.5294151831562812
0.1764705882352941,0.8823529411764706,0.5360921466754569
0.18487394957983191,0.8823529411764706,0.5427561953643204
0.19327731092436973,0.8823529411764706,0.5494049769494262
0.20168067226890757,0.8823529411764706,0.5560361608771746
0.21008403361344538,0.8823529411764706,0.562647441536376
0.2184873949579832,0.8823529411764706,0.5692365414061196
0.226890756302521,0.8823529411764706,0.575801214120003
0.23529411764705882,0.8823529411764706,0.5823392474382139
0.24369747899159663,0.8823529411764706,0.5888484661194091
0.25210084033613445,0.8823529411764706,0.59532673468484
0.26050420168067223,0.8823529411764706,0.6017719600677035
0.2689075630252101,0.8823529411764706,0.608182094141257
0.2773109243697479,0.8823529411764706,0.6145551361198179
0.2857142857142857,0.8823529411764706,0.620889134827369
0.29411764705882354,0.8823529411764706,0.6271821908291172
0.3025210084033613,0.8823529411764706,0.633432458421969
0.31092436974789917,0.8823529411764706,0.6396381474805373
0.31932773109243695,0.8823529411764706,0.64579752515592
0.3277310924369748,0.8823529411764706,0.6519089174251392
0.3361344537815126,0.8823529411764706,0.6579707104897552
0.3445378151260504,0.8823529411764706,0.6639813520227956
0.3529411764705882,0.8823529411764706,0.6699393522637491
0.36134453781512604,0.8823529411764706,0.6758432849619714
0.36974789915966383,0.8823529411764706,0.6816917881694207
0.37815126050420167,0.8823529411764706,0.687483564884195
0.38655462184873945,0.8823529411764706,0.6932173835468758
0.3949579831932773,0.8823529411764706,0.6988920783921753
0.40336134453781514,0.8823529411764706,0.7045065496588612
0.4117647058823529,0.8823529411764706,0.7100597636613776
0.42016806722689076,0.8823529411764706,0.7155507527269759
0.42857142857142855,0.8823529411764706,0.7209786150025598
0.4369747899159664,0.8823529411764706,0.726342514135777
0.4453781512605042,0.8823529411764706,0.7316416788352005
0.453781512605042,0.8823529411764706,0.7368754023147145
0.4621848739495798,0.8823529411764706,0.742043041627447
0.47058823529411764,0.8823529411764706,0.7471440168948038
0.4789915966386554,0.8823529411764706,0.7521778104363069
0.48739495798319327,0.8823529411764706,0.7571439658060917
0.49579831932773105,0.8823529411764706,0.7620420867419977
0.5042016806722689,0.8823529411764706,0.7668718360332669
0.5126050420168067,0.8823529411764706,0.7716329343128975
0.5210084033613445,0.8823529411764706,0.7763251587807004
0.5294117647058824,0.8823529411764706,0.7809483418631007
0.5378151260504201,0.8823529411764706,0.7855023698156612
0.5462184873949579,0.8823529411764706,0.7899871812742525
0.5546218487394958,0.8823529411764706,0.7944027657606857
0.5630252100840336,0.8823529411764706,0.7987491621485201
0.5714285714285714,0.8823529411764706,0.80302645709462
0.5798319327731092,0.8823529411764706,0.8072347834418823
0.5882352941176471,0.8823529411764706,0.8113743185983998
0.5966386554621849,0.8823529411764706,0.8154452828981338
0.6050420168067226,0.8823529411764706,0.8194479379479889
0.6134453781512604,0.8823529411764706,0.8233825849659767
0.6218487394957983,0.8823529411764706,0.8272495631149477
0.6302521008403361,0.8823529411764706,0.8310492478361503
0.6386554621848739,0.8823529411764706,0.8347820491866655
0.6470588235294117,0.8823529411764706,0.8384484101845268
0.6554621848739496,0.8823529411764706,0.8420488051651188
0.6638655462184874,0.8823529411764706,0.8455837381522152
0.6722689075630252,0.8823529411764706,0.8490537412467888
0.680672268907563,0.8823529411764706,0.8524593730365014
0.6890756302521008,0.8823529411764706,0.8558012170285548
0.6974789915966386,0.8823529411764706,0.8590798801083664
0.7058823529411764,0.8823529411764706,0.8622959910263152
0.7142857142857143,0.8823529411764706,0.8654501989145863
0.7226890756302521,0.8823529411764706,0.8685431718359502
0.7310924369747899,0.8823529411764706,0.8715755953660943
0.7394957983193277,0.8823529411764706,0.874548171210949
0.7478991596638656,0.8823529411764706,0.8774616158602495
0.7563025210084033,0.8823529411764706,0.8803166592784094
0.7647058823529411,0.8823529411764706,0.8831140436335969
0.7731092436974789,0.8823529411764706,0.8858545220657579
0.7815126050420168,0.8823529411764706,0.8885388574941594
0.7899159663865546,0.8823529411764706,0.891167821464892
0.7983193277310924,0.8823529411764706,0.8937421930386278
0.8067226890756303,0.8823529411764706,0.8962627577187987
0.8151260504201681,0.8823529411764706,0.8987303064202418
0.8235294117647058,0.8823529411764706,0.9011456344782427
0.8319327731092436,0.8823529411764706,0.9035095406978028
0.8403361344537815,0.8823529411764706,0.905822826442861
0.8487394957983193,0.8823529411764706,0.9080862947651067
0.8571428571428571,0.8823529411764706,0.9103007495719413
0.8655462184873949,0.8823529411764706,0.9124669948330711
0.8739495798319328,0.8823529411764706,0.9145858338251428
0.8823529411764706,0.8823529411764706,0.9166580684137765
0.8907563025210083,0.8823529411764706,0.9186844983722894
0.8991596638655461,0.8823529411764706,0.920665920736363
0.907563025210084,0.8823529411764706,0.922603129193857
0.9159663865546218,0.8823529411764706,0.9244969135089383
0.9243697478991596,0.8823529411764706,0.9263480589796633
0.9327731092436974,0.8823529411764706,0.9281573459281223
0.9411764705882353,0.8823529411764706,0.9299255492222321
0.9495798319327731,0.8823529411764706,0.9316534378282505
0.9579831932773109,0.8823529411764706,0.9333417743930645
0.9663865546218487,0.8823529411764706,0.9349913148553024
0.9747899159663865,0.8823529411764706,0.9366028080843082
0.9831932773109243,0.8823529411764706,0.9381769955460161
0.9915966386554621,0.8823529411764706,0.9397146109947643
1.0,0.8823529411764706,0.9412163801900875
0.0,0.8865546218487395,0.3968349247684044
0.008403361344537815,0.8865546218487395,0.40324485286089845
0.01680672268907563,0.8865546218487395,0.40968799255134786
0.025210084033613446,0.8865546218487395,0.41616228745038375
0.03361344537815126,0.8865546218487395,0.42266563891311854
0.04201680672268907,0.8865546218487395,0.42919590860535173
0.05042016806722689,0.8865546218487395,0.435750921183108
0.058823529411764705,0.8865546218487395,0.44232846707881684
0.06722689075630252,0.8865546218487395,0.4489263053869296
0.07563025210084033,0.8865546218487395,0.4555421668412731
0.08403361344537814,0.8865546218487395,0.4621737568759866
0.09243697478991596,0.8865546218487395,0.4688187587614719
0.10084033613445378,0.8865546218487395,0.47547483680640024
0.1092436974789916,0.8865546218487395,0.48213963961648876
0.11764705882352941,0.8865546218487395,0.4888108034004685
0.12605042016806722,0.8865546218487395,0.4954859553134206
0.13445378151260504,0.8865546218487395,0.502162716827465
0.14285714285714285,0.8865546218487395,0.508838707119647
0.15126050420168066,0.8865546218487395,0.5155115464667742
0.15966386554621848,0.8865546218487395,0.522178859636922
0.1680672268907563,0.8865546218487395,0.5288382792673441
0.1764705882352941,0.8865546218487395,0.5354874492185918
0.18487394957983191,0.8865546218487395,0.542124027894774
0.19327731092436973,0.8865546218487395,0.5487456915200588
0.20168067226890757,0.8865546218487395,0.5553501373617502
0.21008403361344538,0.8865546218487395,0.5619350868905396
0.2184873949579832,0.8865546218487395,0.56849828886886
0.226890756302521,0.8865546218487395,0.5750375223586277
0.23529411764705882,0.8865546218487395,0.581550599640069
0.24369747899159663,0.8865546218487395,0.5880353690337672
0.25210084033613445,0.8865546218487395,0.5944897176185479
0.26050420168067223,0.8865546218487395,0.6009115738383258
0.2689075630252101,0.8865546218487395,0.6072989099915795
0.2773109243697479,0.8865546218487395,0.6136497445976731
0.2857142857142857,0.8865546218487395,0.6199621446348295
0.29411764705882354,0.8865546218487395,0.6262342276451561
0.3025210084033613,0.8865546218487395,0.6324641637027223
0.31092436974789917,0.8865546218487395,0.6386501772413131
0.31932773109243695,0.8865546218487395,0.6447905487390932
0.3277310924369748,0.8865546218487395,0.6508836162580328
0.3361344537815126,0.8865546218487395,0.6569277768365619
0.3445378151260504,0.8865546218487395,0.662921487734522
0.3529411764705882,0.8865546218487395,0.6688632675300719
0.36134453781512604,0.8865546218487395,0.6747516970687902
0.36974789915966383,0.8865546218487395,0.6805854202657668
0.37815126050420167,0.8865546218487395,0.6863631447620208
0.38655462184873945,0.8865546218487395,0.6920836424370913
0.3949579831932773,0.8865546218487395,0.6977457497801418
0.40336134453781514,0.8865546218487395,0.703348368122375
0.4117647058823529,0.8865546218487395,0.7088904637339885
0.42016806722689076,0.8865546218487395,0.7143710677893058
0.42857142857142855,0.8865546218487395,0.7197892762040774
0.4369747899159664,0.8865546218487395,0.7251442493492913
0.4453781512605042,0.8865546218487395,0.7304352116461286
0.453781512605042,0.8865546218487395,0.7356614510469703
0.4621848739495798,0.8865546218487395,0.740822318407596
0.47058823529411764,0.8865546218487395,0.7459172267559158
0.4789915966386554,0.8865546218487395,0.7509456504627392
0.48739495798319327,0.8865546218487395,0.755907124320232
0.49579831932773105,0.8865546218487395,0.7608012425337998
0.5042016806722689,0.8865546218487395,0.7656276576332175
0.5126050420168067,0.8865546218487395,0.7703860793088684
0.5210084033613445,0.8865546218487395,0.7750762731789619
0.5294117647058824,0.8865546218487395,0.7796980594935942
0.5378151260504201,0.8865546218487395,0.7842513117814724
0.5462184873949579,0.8865546218487395,0.7887359554450643
0.5546218487394958,0.8865546218487395,0.7931519663098445
0.5630252100840336,0.8865546218487395,0.797499369133215
0.5714285714285714,0.8865546218487395,0.8017782360785377
0.5798319327731092,0.8865546218487395,0.8059886851595929
0.5882352941176471,0.8865546218487395,0.8101308786606077
0.5966386554621849,0.8865546218487395,0.8142050215368364
0.6050420168067226,0.8865546218487395,0.8182113598004944
0.6134453781512604,0.8865546218487395,0.8221501788966475
0.6218487394957983,0.8865546218487395,0.8260218020734715
0.6302521008403361,0.8865546218487395,0.829826588751074
0.6386554621848739,0.8865546218487395,0.8335649328928763
0.6470588235294117,0.8865546218487395,0.8372372613833198
0.6554621848739496,0.8865546218487395,0.8408440324154571
0.6638655462184874,0.8865546218487395,0.8443857338917539
0.6722689075630252,0.8865546218487395,0.8478628818412217
0.680672268907563,0.8865546218487395,0.8512760188557704
0.6890756302521008,0.8865546218487395,0.8546257125484564
0.6974789915966386,0.8865546218487395,0.8579125540360933
0.7058823529411764,0.8865546218487395,0.8611371564484668
0.7142857142857143,0.8865546218487395,0.8643001534662078
0.7226890756302521,0.8865546218487395,0.8674021978891597
0.7310924369747899,0.8865546218487395,0.8704439602368913
0.7394957983193277,0.8865546218487395,0.873426127382814
0.7478991596638656,0.8865546218487395,0.8763494012231783
0.7563025210084033,0.8865546218487395,0.879214497382053
0.7647058823529411,0.8865546218487395,0.882022143953218
0.7731092436974789,0.8865546218487395,0.8847730802797448
0.7815126050420168,0.8865546218487395,0.8874680557718888
0.7899159663865546,0.8865546218487395,0.8901078287637623
0.7983193277310924,0.8865546218487395,0.8926931654091352
0.8067226890756303,0.8865546218487395,0.8952248386165703
0.8151260504201681,0.8865546218487395,0.8977036270239832
0.8235294117647058,0.8865546218487395,0.9001303140126082
0.8319327731092436,0.8865546218487395,0.9025056867602393
0.8403361344537815,0.8865546218487395,0.9048305353335211
0.8487394957983193,0.8865546218487395,0.90710565181898
0.8571428571428571,0.8865546218487395,0.9093318294923932
0.8655462184873949,0.8865546218487395,0.9115098620260258
0.8739495798319328,0.8865546218487395,0.9136405427331933
0.8823529411764706,0.8865546218487395,0.9157246638495476
0.8907563025210083,0.8865546218487395,0.9177630158504277
0.8991596638655461,0.8865546218487395,0.9197563868035628
0.907563025210084,0.8865546218487395,0.9217055617563803
0.9159663865546218,0.8865546218487395,0.9236113221571246
0.9243697478991596,0.8865546218487395,0.9254744453089623
0.9327731092436974,0.8865546218487395,0.927295703856225
0.9411764705882353,0.8865546218487395,0.9290758653019089
0.9495798319327731,0.8865546218487395,0.9308156915555413
0.9579831932773109,0.8865546218487395,0.9325159385105016
0.9663865546218487,0.8865546218487395,0.934177355649875
0.9747899159663865,0.8865546218487395,0.9358006856799138
0.9831932773109243,0.8865546218487395,0.9373866641901709
0.9915966386554621,0.8865546218487395,0.9389360193393712
1.0,0.8865546218487395,0.940449471566091
0.0,0.8907563025210083,0.3968349247684044
0.008403361344537815,0.8907563025210083,0.40321699357873925
0.01680672268907563,0.8907563025210083,0.4096319954501065
0.025210084033613446,0.8907563025210083,0.416077900896482
0.03361344537815126,0.8907563025210083,0.42255263888273
0.04201680672268907,0.8907563025210083,0.42905409933444366
0.05042016806722689,0.8907563025210083,0.4355801357582842
0.058823529411764705,0.8907563025210083,0.4421285679663365
0.06722689075630252,0.8907563025210083,0.4486971848975012
0.07563025210084033,0.8907563025210083,0.45528374752846607
0.08403361344537814,0.8907563025210083,0.4618859918663582
0.09243697478991596,0.8907563025210083,0.4685016320147754
0.10084033613445378,0.8907563025210083,0.47512836330452274
0.1092436974789916,0.8907563025210083,0.4817638654800571
0.11764705882352941,0.8907563025210083,0.48840580593236094
0.12605042016806722,0.8907563025210083,0.49505184296872456
0.13445378151260504,0.8907563025210083,0.5016996291097333
0.14285714285714285,0.8907563025210083,0.5083468144036122
0.15126050420168066,0.8907563025210083,0.5149910497479945
0.15966386554621848,0.8907563025210083,0.5216299902091373
0.1680672268907563,0.8907563025210083,0.5282612983286294
0.1764705882352941,0.8907563025210083,0.5348826474076896
0.18487394957983191,0.8907563025210083,0.5414917247592786
0.19327731092436973,0.8907563025210083,0.5480862349184078
0.20168067226890757,0.8907563025210083,0.554663902801241
0.21008403361344538,0.8907563025210083,0.5612224768038516
0.2184873949579832,0.8907563025210083,0.5677597318317926
0.226890756302521,0.8907563025210083,0.5742734722519979
0.23529411764705882,0.8907563025210083,0.580761534758907
0.24369747899159663,0.8907563025210083,0.5872217911471449
0.25210084033613445,0.8907563025210083,0.5936521509835304
0.26050420168067223,0.8907563025210083,0.6000505641716926
0.2689075630252101,0.8907563025210083,0.6064150234030767
0.2773109243697479,0.8907563025210083,0.6127435664886662
0.2857142857142857,0.8907563025210083,0.619034278566305
0.29411764705882354,0.8907563025210083,0.6252852941790764
0.3025210084033613,0.8907563025210083,0.631494799220778
0.31092436974789917,0.8907563025210083,0.6376610327451291
0.31932773109243695,0.8907563025210083,0.6437822886359377
0.3277310924369748,0.8907563025210083,0.6498569171360535
0.3361344537815126,0.8907563025210083,0.6558833262335233
0.3445378151260504,0.8907563025210083,0.6618599829039512
0.3529411764705882,0.8907563025210083,0.6677854142086401
0.36134453781512604,0.8907563025210083,0.6736582082486479
0.36974789915966383,0.8907563025210083,0.6794770149754399
0.37815126050420167,0.8907563025210083,0.6852405468593388
0.38655462184873945,0.8907563025210083,0.6909475794174744
0.3949579831932773,0.8907563025210083,0.6965969516034166
0.40336134453781514,0.8907563025210083,0.7021875660611184
0.4117647058823529,0.8907563025210083,0.7077183892462298
0.42016806722689076,0.8907563025210083,0.7131884514182184
0.42857142857142855,0.8907563025210083,0.718596846507118
0.4369747899159664,0.8907563025210083,0.7239427318590347
0.4453781512605042,0.8907563025210083,0.729225327864856
0.453781512605042,0.8907563025210083,0.7344439174768633
0.4621848739495798,0.8907563025210083,0.739597845618188
0.47058823529411764,0.8907563025210083,0.7446865184902527
0.4789915966386554,0.8907563025210083,0.749709402783501
0.48739495798319327,0.8907563025210083,0.7546660247968665
0.49579831932773105,0.8907563025210083,0.7595559694715305
0.5042016806722689,0.8907563025210083,0.7643788793446008
0.5126050420168067,0.8907563025210083,0.7691344534283833
0.5210084033613445,0.8907563025210083,0.7738224460209501
0.5294117647058824,0.8907563025210083,0.7784426654536897
0.5378151260504201,0.8907563025210083,0.7829949727815021
0.5462184873949579,0.8907563025210083,0.787479280421246
0.5546218487394958,0.8907563025210083,0.7918955507439628
0.5630252100840336,0.8907563025210083,0.7962437946263164
0.5714285714285714,0.8907563025210083,0.8005240699665662
0.5798319327731092,0.8907563025210083,0.8047364801702568
0.5882352941176471,0.8907563025210083,0.808881172610669
0.5966386554621849,0.8907563025210083,0.8129583370689138
0.6050420168067226,0.8907563025210083,0.8169682041583717
0.6134453781512604,0.8907563025210083,0.8209110437380099
0.6218487394957983,0.8907563025210083,0.8247871633189109
0.6302521008403361,0.8907563025210083,0.8285969064681477
0.6386554621848739,0.8907563025210083,0.8323406512139463
0.6470588235294117,0.8907563025210083,0.8360188084558531
0.6554621848739496,0.8907563025210083,0.8396318203834316
0.6638655462184874,0.8907563025210083,0.8431801589067871
0.6722689075630252,0.8907563025210083,0.8466643241020085
0.680672268907563,0.8907563025210083,0.8500848426744124
0.6890756302521008,0.8907563025210083,0.8534422664422473
0.6974789915966386,0.8907563025210083,0.8567371708433257
0.7058823529411764,0.8907563025210083,0.8599701534668316
0.7142857142857143,0.8907563025210083,0.8631418326123621
0.7226890756302521,0.8907563025210083,0.866252845878056
0.7310924369747899,0.8907563025210083,0.8693038487794787
0.7394957983193277,0.8907563025210083,0.8722955134007433
0.7478991596638656,0.8907563025210083,0.8752285270791722
0.7563025210084033,0.8907563025210083,0.8781035911246289
0.7647058823529411,0.8907563025210083,0.8809214195744884
0.7731092436974789,0.8907563025210083,0.8836827379850523
0.7815126050420168,0.8907563025210083,0.8863882822600697
0.7899159663865546,0.8907563025210083,0.8890387975168779
0.7983193277310924,0.8907563025210083,0.8916350369905454
0.8067226890756303,0.8907563025210083,0.8941777609762708
0.8151260504201681,0.8907563025210083,0.8966677358101696
0.8235294117647058,0.8907563025210083,0.8991057328884741
0.8319327731092436,0.8907563025210083,0.9014925277250628
0.8403361344537815,0.8907563025210083,0.9038288990471397
0.8487394957983193,0.8907563025210083,0.9061156279287939
0.8571428571428571,0.8907563025210083,0.90835349696209
0.8655462184873949,0.8907563025210083,0.9105432894652576
0.8739495798319328,0.8907563025210083,0.9126857887274881
0.8823529411764706,0.8907563025210083,0.9147817772897745
0.8907563025210083,0.8907563025210083,0.9168320362611803
0.8991596638655461,0.8907563025210083,0.9188373446698724
0.907563025210084,0.8907563025210083,0.9207984788482039
0.9159663865546218,0.8907563025210083,0.9227162118510953
0.9243697478991596,0.8907563025210083,0.9245913129069344
0.9327731092436974,0.8907563025210083,0.9264245469001735
0.9411764705882353,0.8907563025210083,0.9282166738847878
0.9495798319327731,0.8907563025210083,0.9299684486277374
0.9579831932773109,0.8907563025210083,0.9316806201815516
0.9663865546218487,0.8907563025210083,0.9333539314851524
0.9747899159663865,0.8907563025210083,0.9349891189920145
0.9831932773109243,0.8907563025210083,0.9365869123247649
0.9915966386554621,0.8907563025210083,0.938148033955309
1.0,0.8907563025210083,0.939673198909584
0.0,0.8949579831932772,0.3968349247684044
0.008403361344537815,0.8949579831932772,0.4031891349208953
0.01680672268907563,0.8949579831932772,0.4095760006922355
0.025210084033613446,0.8949579831932772,0.41599351926181966
0.03361344537815126,0.8949579831932772,0.4224396469576465
0.04201680672268907,0.8949579831932772,0.42891230171079814
0.05042016806722689,0.8949579831932772,0.435409365617642
0.058823529411764705,0.8949579831932772,0.44192868760347837
0.06722689075630252,0.8949579831932772,0.4484680861808697
0.07563025210084033,0.8949579831932772,0.45502535229543145
0.08403361344537814,0.8949579831932772,0.46159825225143486
0.09243697478991596,0.8949579831932772,0.4681845307091802
0.10084033613445378,0.8949579831932772,0.4747819137457428
0.1092436974789916,0.8949579831932772,0.4813881119703752
0.11764705882352941,0.8949579831932772,0.4880008236855773
0.12605042016806722,0.8949579831932772,0.49461773808461207
0.13445378151260504,0.8949579831932772,0.5012365384760625
0.14285714285714285,0.8949579831932772,0.507854905525885
0.15126050420168066,0.8949579831932772,0.5144705205073279
0.15966386554621848,0.8949579831932772,0.5210810685490428
0.1680672268907563,0.8949579831932772,0.5276842418717244
0.1764705882352941,0.8949579831932772,0.5342777430036735
0.18487394957983191,0.8949579831932772,0.5408592879657874
0.19327731092436973,0.8949579831932772,0.5474266094166351
0.20168067226890757,0.8949579831932772,0.5539774597484756
0.21008403361344538,0.8949579831932772,0.5605096141253296
0.2184873949579832,0.8949579831932772,0.5670208734545024
0.226890756302521,0.8949579831932772,0.573509067283285
0.23529411764705882,0.8949579831932772,0.5799720566129412
0.24369747899159663,0.8949579831932772,0.586407736622481
0.25210084033613445,0.8949579831932772,0.5928140392951702
0.26050420168067223,0.8949579831932772,0.5991889359411917
0.2689075630252101,0.8949579831932772,0.6055304396103685
0.2773109243697479,0.8949579831932772,0.6118366073893736
0.2857142857142857,0.8949579831932772,0.6181055425783957
0.29411764705882354,0.8949579831932772,0.6243353967427726
0.3025210084033613,0.8949579831932772,0.6305243716356754
0.31092436974789917,0.8949579831932772,0.6366707209884903
0.31932773109243695,0.8949579831932772,0.6427727521661283
0.3277310924369748,0.8949579831932772,0.6488288276850598
0.3361344537815126,0.8949579831932772,0.6548373665924526
0.3445378151260504,0.8949579831932772,0.6607968457053494
0.3529411764705882,0.8949579831932772,0.6667058007093827
0.36134453781512604,0.8949579831932772,0.6725628271170657
0.36974789915966383,0.8949579831932772,0.6783665810862296
0.37815126050420167,0.8949579831932772,0.6841157800996761
0.38655462184873945,0.8949579831932772,0.6898092035076163
0.3949579831932773,0.8949579831932772,0.6954456929349226
0.40336134453781514,0.8949579831932772,0.7010241525556616
0.4117647058823529,0.8949579831932772,0.7065435492377935
0.42016806722689076,0.8949579831932772,0.7120029125613037
0.42857142857142855,0.8949579831932772,0.7174013347133951
0.4369747899159664,0.8949579831932772,0.7227379702646847
0.4453781512605042,0.8949579831932772,0.728012035830656
0.453781512605042,0.8949579831932772,0.7332228096228748
0.4621848739495798,0.8949579831932772,0.7383696308947055
0.47058823529411764,0.8949579831932772,0.7434518992864813
0.4789915966386554,0.8949579831932772,0.7484690740752293
0.48739495798319327,0.8949579831932772,0.7534206733342141
0.49579831932773105,0.8949579831932772,0.7583062730076573
0.5042016806722689,0.8949579831932772,0.7631255059060799
0.5126050420168067,0.8949579831932772,0.7678780606277628
0.5210084033613445,0.8949579831932772,0.7725636804118505
0.5294117647058824,0.8949579831932772,0.7771821619286217
0.5378151260504201,0.8949579831932772,0.7817333540124242
0.5462184873949579,0.8949579831932772,0.7862171563427334
0.5546218487394958,0.8949579831932772,0.7906335180787128
0.5630252100840336,0.8949579831932772,0.7949824364525798
0.5714285714285714,0.8949579831932772,0.7992639553269666
0.5798319327731092,0.8949579831932772,0.803478163721344
0.5882352941176471,0.8949579831932772,0.8076251943124435
0.5966386554621849,0.8949579831932772,0.8117052219134525
0.6050420168067226,0.8949579831932772,0.8157184619366074
0.6134453781512604,0.8949579831932772,0.8196651688436227
0.6218487394957983,0.8949579831932772,0.823545634588224
0.6302521008403361,0.8949579831932772,0.8273601870548541
0.6386554621848739,0.8949579831932772,0.8311091884974364
0.6470588235294117,0.8949579831932772,0.8347930339818682
0.6554621848739496,0.8949579831932772,0.8384121498357269
0.6638655462184874,0.8949579831932772,0.8419669921084569
0.6722689075630252,0.8949579831932772,0.845458045045105
0.680672268907563,0.8949579831932772,0.8488858195764649
0.6890756302521008,0.8949579831932772,0.8522508518282862
0.6974789915966386,0.8949579831932772,0.8555537016520076
0.7058823529411764,0.8949579831932772,0.8587949511792632
0.7142857142857143,0.8949579831932772,0.8619752034022254
0.7226890756302521,0.8949579831932772,0.8650950807816564
0.7310924369747899,0.8949579831932772,0.8681552238843434
0.7394957983193277,0.8949579831932772,0.8711562900514296
0.7478991596638656,0.8949579831932772,0.8740989520989587
0.7563025210084033,0.8949579831932772,0.8769838970518009
0.7647058823529411,0.8949579831932772,0.8798118249119506
0.7731092436974789,0.8949579831932772,0.8825834474620434
0.7815126050420168,0.8949579831932772,0.8852994871047828
0.7899159663865546,0.8949579831932772,0.8879606757388345
0.7983193277310924,0.8949579831932772,0.8905677536716076
0.8067226890756303,0.8949579831932772,0.8931214685692144
0.8151260504201681,0.8949579831932772,0.8956225744437921
0.8235294117647058,0.8949579831932772,0.8980718306782455
0.8319327731092436,0.8949579831932772,0.9004700010883735
0.8403361344537815,0.8949579831932772,0.9028178530222485
0.8487394957983193,0.8949579831932772,0.9051161564966165
0.8571428571428571,0.8949579831932772,0.9073656833700159
0.8655462184873949,0.8949579831932772,0.9095672065522298
0.8739495798319328,0.8949579831932772,0.9117214992496153
0.8823529411764706,0.8949579831932772,0.913829334245799
0.8907563025210083,0.8949579831932772,0.9158914832171597
0.8991596638655461,0.8949579831932772,0.9179087160824754
0.907563025210084,0.8949579831932772,0.9198818003860634
0.9159663865546218,0.8949579831932772,0.9218115007137029
0.9243697478991596,0.8949579831932772,0.9236985781405914
0.9327731092436974,0.8949579831932772,0.92554378971056
0.9411764705882353,0.8949579831932772,0.927347887945741
0.9495798319327731,0.8949579831932772,0.9291116203858677
0.9579831932773109,0.8949579831932772,0.9308357291563584
0.9663865546218487,0.8949579831932772,0.9325209505643339
0.9747899159663865,0.8949579831932772,0.9341680147216946
0.9831932773109243,0.8949579831932772,0.9357776451943925
0.9915966386554621,0.8949579831932772,0.9373505586770112
1.0,0.8949579831932772,0.9388874646917829
0.0,0.8991596638655461,0.3968349247684044
0.008403361344537815,0.8991596638655461,0.40316127688753234
0.01680672268907563,0.8991596638655461,0.40952000827908863
0.025210084033613446,0.8991596638655461,0.4159091425510556
0.03361344537815126,0.8991596638655461,0.4223266631491108
0.04201680672268907,0.8991596638655461,0.42877051575673475
0.05042016806722689,0.8991596638655461,0.4352386108003247
0.058823529411764705,0.8991596638655461,0.4417288260532333
0.06722689075630252,0.8991596638655461,0.4482390093321811
0.07563025210084033,0.8991596638655461,0.45476698127905235
0.08403361344537814,0.8991596638655461,0.46131053822066614
0.09243697478991596,0.8991596638655461,0.4678674550987359
0.10084033613445378,0.8991596638655461,0.4744354884618869
0.1092436974789916,0.8991596638655461,0.48101237951128745
0.11764705882352941,0.8991596638655461,0.4875958571911922
0.12605042016806722,0.8991596638655461,0.4941836413154594
0.13445378151260504,0.8991596638655461,0.5007734457209347
0.14285714285714285,0.8991596638655461,0.5073629814384488
0.15126050420168066,0.8991596638655461,0.5139499598720937
0.15966386554621848,0.8991596638655461,0.520532095977397
0.1680672268907563,0.8991596638655461,0.5271071114290222
0.1764705882352941,0.8991596638655461,0.5336727377686707
0.18487394957983191,0.8991596638655461,0.5402267195239693
0.19327731092436973,0.8991596638655461,0.5467668172892648
0.20168067226890757,0.8991596638655461,0.5532908107594433
0.21008403361344538,0.8991596638655461,0.5597965017081286
0.2184873949579832,0.8991596638655461,0.5662817169018839
0.226890756302521,0.8991596638655461,0.5727443109423664
0.23529411764705882,0.8991596638655461,0.5791821690287303
0.24369747899159663,0.8991596638655461,0.5855932096329701
0.25210084033613445,0.8991596638655461,0.591975387081308
0.26050420168067223,0.8991596638655461,0.5983266940351892
0.2689075630252101,0.8991596638655461,0.6046451638659129
0.2773109243697479,0.8991596638655461,0.6109288729174319
0.2857142857142857,0.8991596638655461,0.6171759426523673
0.29411764705882354,0.8991596638655461,0.6233845416768139
0.3025210084033613,0.8991596638655461,0.6295528876400566
0.31092436974789917,0.8991596638655461,0.6356792490058689
0.31932773109243695,0.8991596638655461,0.6417619466926182
0.3277310924369748,0.8991596638655461,0.6477993555799592
0.3361344537815126,0.8991596638655461,0.6537899058804507
0.3445378151260504,0.8991596638655461,0.6597320843749778
0.3529411764705882,0.8991596638655461,0.6656244355114027
0.36134453781512604,0.8991596638655461,0.6714655623663879
0.36974789915966383,0.8991596638655461,0.6772541274708584
0.37815126050420167,0.8991596638655461,0.6829888535000539
0.38655462184873945,0.8991596638655461,0.6886685238296014
0.3949579831932773,0.8991596638655461,0.6942919829594967
0.40336134453781514,0.8991596638655461,0.699858136808303
0.4117647058823529,0.8991596638655461,0.7053659528802887
0.42016806722689076,0.8991596638655461,0.7108144603085994
0.42857142857142855,0.8991596638655461,0.716202749777908
0.4369747899159664,0.8991596638655461,0.7215299733303118
0.4453781512605042,0.8991596638655461,0.7267953440585333
0.453781512605042,0.8991596638655461,0.7319981356907419
0.4621848739495798,0.8991596638655461,0.737137682071551
0.47058823529411764,0.8991596638655461,0.7422133765439388
0.4789915966386554,0.8991596638655461,0.7472246712370192
0.48739495798319327,0.8991596638655461,0.7521710762647219
0.49579831932773105,0.8991596638655461,0.7570521588405683
0.5042016806722689,0.8991596638655461,0.7618675423137976
0.5126050420168067,0.8991596638655461,0.7666169051321712
0.5210084033613445,0.8991596638655461,0.7712999797368012
0.5294117647058824,0.8991596638655461,0.7759165513943691
0.5378151260504201,0.8991596638655461,0.7804664569720702
0.5462184873949579,0.8991596638655461,0.7849495836605916
0.5546218487394958,0.8991596638655461,0.7893658676503673
0.5630252100840336,0.8991596638655461,0.7937152927662662
0.5714285714285714,0.8991596638655461,0.7979978890657891
0.5798319327731092,0.8991596638655461,0.8022137314057186
0.5882352941176471,0.8991596638655461,0.8063629379820476
0.5966386554621849,0.8991596638655461,0.810445668847868
0.6050420168067226,0.8991596638655461,0.8144621244137432
0.6134453781512604,0.8991596638655461,0.8184125439349315
0.6218487394957983,0.8991596638655461,0.822297203989644
0.6302521008403361,0.8991596638655461,0.82611641695235
0.6386554621848739,0.8991596638655461,0.8298705294659517
0.6470588235294117,0.8991596638655461,0.8335599209164547
0.6554621848739496,0.8991596638655461,0.8371850019135763
0.6638655462184874,0.8991596638655461,0.8407462127805247
0.6722689075630252,0.8991596638655461,0.8442440220559946
0.680672268907563,0.8991596638655461,0.8476789250112152
0.6890756302521008,0.8991596638655461,0.8510514421847015
0.6974789915966386,0.8991596638655461,0.8543621179371521
0.7058823529411764,0.8991596638655461,0.8576115190287498
0.7142857142857143,0.8991596638655461,0.8608002332209336
0.7226890756302521,0.8991596638655461,0.8639288679045144
0.7310924369747899,0.8991596638655461,0.8669980487558386
0.7394957983193277,0.8991596638655461,0.8700084184225159
0.7478991596638656,0.8991596638655461,0.8729606352400626
0.7563025210084033,0.8991596638655461,0.8758553719806471
0.7647058823529411,0.8991596638655461,0.8786933146349615
0.7731092436974789,0.8991596638655461,0.8814751612280963
0.7815126050420168,0.8991596638655461,0.8842016206701447
0.7899159663865546,0.8991596638655461,0.8868734116421279
0.7983193277310924,0.8991596638655461,0.8894912615177004
0.8067226890756303,0.8991596638655461,0.8920559053209699
0.8151260504201681,0.8991596638655461,0.8945680847206493
0.8235294117647058,0.8991596638655461,0.8970285470606459
0.8319327731092436,0.8991596638655461,0.8994380444270942
0.8403361344537815,0.8991596638655461,0.9017973327517381
0.8487394957983193,0.8991596638655461,0.904107170951481
0.8571428571428571,0.8991596638655461,0.9063683201038395
0.8655462184873949,0.8991596638655461,0.9085815426579589
0.8739495798319328,0.8991596638655461,0.9107476016807816
0.8823529411764706,0.8991596638655461,0.9128672601378907
0.8907563025210083,0.8991596638655461,0.9149412802084993
0.8991596638655461,0.8991596638655461,0.916970422634001
0.907563025210084,0.8991596638655461,0.918955446099448
0.9159663865546218,0.8991596638655461,0.9208971066472863
0.9243697478991596,0.8991596638655461,0.9227961571226407
0.9327731092436974,0.8991596638655461,0.9246533466494042
0.9411764705882353,0.8991596638655461,0.9264694201363706
0.9495798319327731,0.8991596638655461,0.9282451178126133
0.9579831932773109,0.8991596638655461,0.9299811747913074
0.9663865546218487,0.8991596638655461,0.9316783206611651
0.9747899159663865,0.8991596638655461,0.933337279104651
0.9831932773109243,0.8991596638655461,0.9349587675421346
0.9915966386554621,0.8991596638655461,0.9365434968011259
1.0,0.8991596638655461,0.9380921708097466
0.0,0.9033613445378151,0.3968349247684044
0.008403361344537815,0.9033613445378151,0.403133419478816
0.01680672268907563,0.9033613445378151,0.40946401821201955
0.025210084033613446,0.9033613445378151,0.41582477076884794
0.03361344537815126,0.9033613445378151,0.4222136874683621
0.04201680672268907,0.9033613445378151,0.42862874149456537
0.05042016806722689,0.9033613445378151,0.4350678713454613
0.058823529411764705,0.9033613445378151,0.44152898337856816
0.06722689075630252,0.9033613445378151,0.44800995444654473
0.07563025210084033,0.9033613445378151,0.4545086346161598
0.08403361344537814,0.9033613445378151,0.4610228499634331
0.09243697478991596,0.9033613445378151,0.467550405437409
0.10084033613445378,0.9033613445378151,0.4740890877846874
0.1092436974789916,0.9033613445378151,0.4806366685265432
0.11764705882352941,0.9033613445378151,0.4871909069801974
0.12605042016806722,0.9033613445378151,0.49374955331559356
0.13445378151260504,0.9033613445378151,0.5003103516388461
0.14285714285714285,0.9033613445378151,0.5068710430934055
0.15126050420168066,0.9033613445378151,0.5134293689698836
0.15966386554621848,0.9033613445378151,0.5199830738154497
0.1680672268907563,0.9033613445378151,0.5265299085337053
0.1764705882352941,0.9033613445378151,0.5330676334659922
0.18487394957983191,0.9033613445378151,0.5395940214451843
0.19327731092436973,0.9033613445378151,0.5461068608131514
0.20168067226890757,0.9033613445378151,0.552603958393258
0.21008403361344538,0.9033613445378151,0.5590831424094951
0.2184873949579832,0.9033613445378151,0.5655422653440905
0.226890756302521,0.9033613445378151,0.5719792067257633
0.23529411764705882,0.9033613445378151,0.5783918758411081
0.24369747899159663,0.9033613445378151,0.5847782143619807
0.25210084033613445,0.9033613445378151,0.5911361988821517
0.26050420168067223,0.9033613445378151,0.5974638433569273
0.2689075630252101,0.9033613445378151,0.6037592014398933
0.2773109243697479,0.9033613445378151,0.6100203687114145
0.2857142857142857,0.9033613445378151,0.6162454847940178
0.29411764705882354,0.9033613445378151,0.622432735350299
0.3025210084033613,0.9033613445378151,0.6285803539595128
0.31092436974789917,0.9033613445378151,0.6346866238695428
0.31932773109243695,0.9033613445378151,0.6407498796214752
0.3277310924369748,0.9033613445378151,0.6467685085445426
0.3361344537815126,0.9033613445378151,0.6527409521197387
0.3445378151260504,0.9033613445378151,0.6586657072109311
0.3529411764705882,0.9033613445378151,0.6645413271628249
0.36134453781512604,0.9033613445378151,0.6703664227656401
0.36974789915966383,0.9033613445378151,0.6761396630868596
0.37815126050420167,0.9033613445378151,0.6818597761708911
0.38655462184873945,0.9033613445378151,0.6875255496079434
0.3949579831932773,0.9033613445378151,0.6931358309738628
0.40336134453781514,0.9033613445378151,0.6986895281430935
0.4117647058823529,0.9033613445378151,0.7041856094773229
0.42016806722689076,0.9033613445378151,0.709623103892737
0.42857142857142855,0.9033613445378151,0.7150011008091649
0.4369747899159664,0.9033613445378151,0.7203187499846943
0.4453781512605042,0.9033613445378151,0.7255752612396378
0.453781512605042,0.9033613445378151,0.7307699040739839
0.4621848739495798,0.9033613445378151,0.7359020071826955
0.47058823529411764,0.9033613445378151,0.7409709578734217
0.4789915966386554,0.9033613445378151,0.7459762013913641
0.48739495798319327,0.9033613445378151,0.7509172401561691
0.49579831932773105,0.9033613445378151,0.755793632915856
0.5042016806722689,0.9033613445378151,0.7606049938228533
0.5126050420168067,0.9033613445378151,0.765350991437301
0.5210084033613445,0.9033613445378151,0.770031347662799
0.5294117647058824,0.9033613445378151,0.7746458366197977
0.5378151260504201,0.9033613445378151,0.7791942834618202
0.5462184873949579,0.9033613445378151,0.783676563139671
0.5546218487394958,0.9033613445378151,0.7880925991187302
0.5630252100840336,0.9033613445378151,0.792442362054364
0.5714285714285714,0.9033613445378151,0.7967258684303968
0.5798319327731092,0.9033613445378151,0.8009431791654703
0.5882352941176471,0.9033613445378151,0.8050943981920125
0.5966386554621849,0.9033613445378151,0.8091796710123935
0.6050420168067226,0.9033613445378151,0.8131991832367064
0.6134453781512604,0.9033613445378151,0.8171531591064458
0.6218487394957983,0.9033613445378151,0.8210418600082101
0.6302521008403361,0.9033613445378151,0.8248655829813595
0.6386554621848739,0.9033613445378151,0.8286246592234013
0.6470588235294117,0.9033613445378151,0.8323194525966788
0.6554621848739496,0.9033613445378151,0.8359503581397617
0.6638655462184874,0.9033613445378151,0.8395178005867385
0.6722689075630252,0.9033613445378151,0.8430222328974238
0.680672268907563,0.9033613445378151,0.8464641348013064
0.6890756302521008,0.9033613445378151,0.8498440113578599
0.6974789915966386,0.9033613445378151,0.8531623915356652
0.7058823529411764,0.9033613445378151,0.8564198268125902
0.7142857142857143,0.9033613445378151,0.8596168897990981
0.7226890756302521,0.9033613445378151,0.8627541728865707
0.7310924369747899,0.9033613445378151,0.8658322869223567
0.7394957983193277,0.9033613445378151,0.8688518599130799
0.7478991596638656,0.9033613445378151,0.8718135357575849
0.7563025210084033,0.9033613445378151,0.8747179730107193
0.7647058823529411,0.9033613445378151,0.8775658436790171
0.7731092436974789,0.9033613445378151,0.880357832049178
0.7815126050420168,0.9033613445378151,0.8830946335501109
0.7899159663865546,0.9033613445378151,0.8857769536491632
0.7983193277310924,0.9033613445378151,0.8884055067830317
0.8067226890756303,0.9033613445378151,0.8909810153237284
0.8151260504201681,0.9033613445378151,0.8935042085798575
0.8235294117647058,0.9033613445378151,0.8959758218333496
0.8319327731092436,0.9033613445378151,0.8983965954117
0.8403361344537815,0.9033613445378151,0.9007672737956592
0.8487394957983193,0.9033613445378151,0.9030886047622338
0.8571428571428571,0.9033613445378151,0.9053613385627782
0.8655462184873949,0.9033613445378151,0.9075862271358759
0.8739495798319328,0.9033613445378151,0.9097640233546418
0.8823529411764706,0.9033613445378151,0.9118954803080126
0.8907563025210083,0.9033613445378151,0.9139813506155328
0.8991596638655461,0.9033613445378151,0.9160223857750917
0.907563025210084,0.9033613445378151,0.9180193355430225
0.9159663865546218,0.9033613445378151,0.9199729473459239
0.9243697478991596,0.9033613445378151,0.9218839657235393
0.9327731092436974,0.9033613445378151,0.9237531318019828
0.9411764705882353,0.9033613445378151,0.9255811827965864
0.9495798319327731,0.9033613445378151,0.9273688515436073
0.9579831932773109,0.9033613445378151,0.9291168660600193
0.9663865546218487,0.9033613445378151,0.9308259491305981
0.9747899159663865,0.9033613445378151,0.9324968179214947
0.9831932773109243,0.9033613445378151,0.9341301836194773
0.9915966386554621,0.9033613445378151,0.9357267510960267
1.0,0.9033613445378151,0.9372872185954546
0.0,0.907563025210084,0.3968349247684044
0.008403361344537815,0.907563025210084,0.403105562694912
0.01680672268907563,0.907563025210084,0.4094080304923816
0.025210084033613446,0.907563025210084,0.415740403919853
0.03361344537815126,0.907563025210084,0.4221007199266362
0.04201680672268907,0.907563025210084,0.4284869789465944
0.05042016806722689,0.907563025210084,0.43489714729216655
0.058823529411764705,0.907563025210084,0.44132915964242553
0.06722689075630252,0.907563025210084,0.44778092161903255
0.07563025210084033,0.907563025210084,0.4542503124435324
0.08403361344537814,0.907563025210084,0.46073518766904925
0.09243697478991596,0.907563025210084,0.4672333819790825
0.10084033613445378,0.907563025210084,0.4737427120457828
0.1092436974789916,0.907563025210084,0.4802609794397944
0.11764705882352941,0.907563025210084,0.4867859735834997
0.12605042016806722,0.907563025210084,0.49331547473928855
0.13445378151260504,0.907563025210084,0.49984725702430227
0.14285714285714285,0.907563025210084,0.506379091442967
0.15126050420168066,0.907563025210084,0.5129087489285516
0.15966386554621848,0.907563025210084,0.5194340033849292
0.1680672268907563,0.907563025210084,0.5259526347197301
0.1764705882352941,0.907563025210084,0.532462431860112
0.18487394957983191,0.907563025210084,0.5389611957424583
0.19327731092436973,0.907563025210084,0.54544674226745
0.20168067226890757,0.907563025210084,0.5519169052121209
0.21008403361344538,0.907563025210084,0.5583695390907235
0.2184873949579832,0.907563025210084,0.5648025219564798
0.226890756302521,0.907563025210084,0.5712137581365795
0.23529411764705882,0.907563025210084,0.5776011808931119
0.24369747899159663,0.907563025210084,0.583962755002975
0.25210084033613445,0.907563025210084,0.5902964792501841
0.26050420168067223,0.907563025210084,0.5966003888244208
0.2689075630252101,0.907563025210084,0.6028725576201036
0.2773109243697479,0.907563025210084,0.609111100430706
0.2857142857142857,0.907563025210084,0.615314175033541
0.29411764705882354,0.907563025210084,0.6214799841607114
0.3025210084033613,0.907563025210084,0.627606777352431
0.31092436974789917,0.907563025210084,0.6336928526894353
0.31932773109243695,0.907563025210084,0.6397365584017135
0.3277310924369748,0.907563025210084,0.6457362943513135
0.3361344537815126,0.907563025210084,0.6516905133874894
0.3445378151260504,0.907563025210084,0.6575977225729702
0.3529411764705882,0.907563025210084,0.663456484280636
0.36134453781512604,0.907563025210084,0.6692654171603843
0.36974789915966383,0.907563025210084,0.675023196976449
0.37815126050420167,0.907563025210084,0.6807285573159009
0.38655462184873945,0.907563025210084,0.6863802901695124
0.3949579831932773,0.907563025210084,0.6919772463865985
0.40336134453781514,0.907563025210084,0.69751833600585
0.4117647058823529,0.907563025210084,0.7030025284645696
0.42016806722689076,0.907563025210084,0.708428852689078
0.42857142857142855,0.907563025210084,0.7137963970693957
0.4369747899159664,0.907563025210084,0.7191043093216144
0.4453781512605042,0.907563025210084,0.724351796241662
0.453781512605042,0.907563025210084,0.7295381233544104
0.4621848739495798,0.907563025210084,0.7346626144623128
0.47058823529411764,0.907563025210084,0.7397246510979557
0.4789915966386554,0.907563025210084,0.7447236718850765
0.48739495798319327,0.907563025210084,0.7496591718127528
0.49579831932773105,0.907563025210084,0.7545307014275818
0.5042016806722689,0.907563025210084,0.7593378659487591
0.5126050420168067,0.907563025210084,0.7640803243110375
0.5210084033613445,0.907563025210084,0.7687577881405856
0.5294117647058824,0.907563025210084,0.7733700206687812
0.5378151260504201,0.907563025210084,0.7779168355889767
0.5462184873949579,0.907563025210084,0.782398095861242
0.5546218487394958,0.907563025210084,0.7868137124700485
0.5630252100840336,0.907563025210084,0.791163643139792
0.5714285714285714,0.907563025210084,0.7954478910129709
0.5798319327731092,0.907563025210084,0.7996665032957367
0.5882352941176471,0.907563025210084,0.8038195698754281
0.5966386554621849,0.907563025210084,0.8079072219145624
0.6050420168067226,0.907563025210084,0.8119296304256347
0.6134453781512604,0.907563025210084,0.8158870048309187
0.6218487394957983,0.907563025210084,0.8197795915113086
0.6302521008403361,0.907563025210084,0.8236076723480801
0.6386554621848739,0.907563025210084,0.8273715632612735
0.6470588235294117,0.907563025210084,0.8310716127482309
0.6554621848739496,0.907563025210084,0.8347082004256382
0.6638655462184874,0.907563025210084,0.8382817355782346
0.6722689075630252,0.907563025210084,0.8417926557171825
0.680672268907563,0.907563025210084,0.8452414251508876
0.6890756302521008,0.907563025210084,0.848628533570887
0.6974789915966386,0.907563025210084,0.8519544946552358
0.7058823529411764,0.907563025210084,0.8552198446916415
0.7142857142857143,0.907563025210084,0.8584251412224085
0.7226890756302521,0.907563025210084,0.8615709617130972
0.7310924369747899,0.907563025210084,0.8646579022466041
0.7394957983193277,0.907563025210084,0.8676865762442284
0.7478991596638656,0.907563025210084,0.8706576132151048
0.7563025210084033,0.907563025210084,0.8735716575352392
0.7647058823529411,0.907563025210084,0.8764293672572254
0.7731092436974789,0.907563025210084,0.8792314129515735
0.7815126050420168,0.907563025210084,0.8819784765804448
0.7899159663865546,0.907563025210084,0.8846712504044478
0.7983193277310924,0.907563025210084,0.8873104359230314
0.8067226890756303,0.907563025210084,0.8898967428488748
0.8151260504201681,0.907563025210084,0.8924308881165798
0.8235294117647058,0.907563025210084,0.8949135949258415
0.8319327731092436,0.907563025210084,0.8973455918191886
0.8403361344537815,0.907563025210084,0.8997276117942773
0.8487394957983193,0.907563025210084,0.9020603914506473
0.8571428571428571,0.907563025210084,0.9043446701707464
0.8655462184873949,0.907563025210084,0.9065811893349768
0.8739495798319328,0.907563025210084,0.908770691570428
0.8823529411764706,0.907563025210084,0.9109139200329053
0.8907563025210083,0.907563025210084,0.9130116177218002
0.8991596638655461,0.907563025210084,0.9150645268273032
0.907563025210084,0.907563025210084,0.9170733881093974
0.9159663865546218,0.907563025210084,0.9190389403080429
0.9243697478991596,0.907563025210084,0.9209619195839165
0.9327731092436974,0.907563025210084,0.9228430589890347
0.9411764705882353,0.907563025210084,0.9246830879665694
0.9495798319327731,0.907563025210084,0.926482731879125
0.9579831932773109,0.907563025210084,0.9282427115647425
0.9663865546218487,0.907563025210084,0.9299637429198612
0.9747899159663865,0.907563025210084,0.9316465365084694
0.9831932773109243,0.907563025210084,0.9332917971966531
0.9915966386554621,0.907563025210084,0.9349002238117505
1.0,0.907563025210084,0.9364725088253172
0.0,0.9117647058823529,0.3968349247684044
0.008403361344537815,0.9117647058823529,0.4030777065359859
0.01680672268907563,0.9117647058823529,0.40935204512152806
0.025210084033613446,0.9117647058823529,0.4156560420087267
0.03361344537815126,0.9117647058823529,0.4219877605351656
0.04201680672268907,0.9117647058823529,0.42834522813511866
0.05042016806722689,0.9117647058823529,0.43472643867954036
0.058823529411764705,0.9117647058823529,0.4411293549077234
0.06722689075630252,0.9117647058823529,0.44755191094467944
0.07563025210084033,0.9117647058823529,0.45399201489789676
0.08403361344537814,0.9117647058823529,0.4604475515267584
0.09243697478991596,0.9117647058823529,0.46691638497755517
0.10084033613445378,0.9117647058823529,0.47339636157671544
0.1092436974789916,0.9117647058823529,0.4798853126745944
0.11764705882352941,0.9117647058823529,0.4863810575319167
0.12605042016806722,0.9117647058823529,0.4928814062407621
0.13445378151260504,0.9117647058823529,0.4993841626718121
0.14285714285714285,0.9117647058823529,0.5058871274394483
0.15126050420168066,0.9117647058823529,0.5123881008762048
0.15966386554621848,0.9117647058823529,0.5188848860080297
0.1680672268907563,0.9117647058823529,0.52537529152181
0.1764705882352941,0.9117647058823529,0.531857134716647
0.18487394957983191,0.9117647058823529,0.5383282444304572
0.19327731092436973,0.9117647058823529,0.5447864639335844
0.20168067226890757,0.9117647058823529,0.5512296537812816
0.21008403361344538,0.9117647058823529,0.5576556946171117
0.2184873949579832,0.9117647058823529,0.5640624899195622
0.226890756302521,0.9117647058823529,0.5704479686844388
0.23529411764705882,0.9117647058823529,0.5768100880359113
0.24369747899159663,0.9117647058823529,0.5831468357594264
0.25210084033613445,0.9117647058823529,0.5894562327500696
0.26050420168067223,0.9117647058823529,0.5957363353703544
0.2689075630252101,0.9117647058823529,0.6019852377118345
0.2773109243697479,0.9117647058823529,0.6082010737553769
0.2857142857142857,0.9117647058823529,0.6143820194253895
0.29411764705882354,0.9117647058823529,0.6205262945337721
0.3025210084033613,0.9117647058823529,0.6266321646098371
0.31092436974789917,0.9117647058823529,0.6326979426129502
0.31932773109243695,0.9117647058823529,0.6387219905251238
0.3277310924369748,0.9117647058823529,0.6447027208213141
0.3361344537815126,0.9117647058823529,0.6506385978156515
0.3445378151260504,0.9117647058823529,0.6565281388823513
0.3529411764705882,0.9117647058823529,0.6623699155505193
0.36134453781512604,0.9117647058823529,0.6681625544725651
0.36974789915966383,0.9117647058823529,0.6739047382663895
0.37815126050420167,0.9117647058823529,0.679595206231977
0.38655462184873945,0.9117647058823529,0.685232754943453
0.3949579831932773,0.9117647058823529,0.6908162387180922
0.40336134453781514,0.9117647058823529,0.6963445699641568
0.4117647058823529,0.9117647058823529,0.7018167194098271
0.42016806722689076,0.9117647058823529,0.7072317162158352
0.42857142857142855,0.9117647058823529,0.7125886479747473
0.4369747899159664,0.9117647058823529,0.7178866606001437
0.4453781512605042,0.9117647058823529,0.7231249581092227
0.453781512605042,0.9117647058823529,0.7283028023026126
0.4621848739495798,0.9117647058823529,0.7334195123453942
0.47058823529411764,0.9117647058823529,0.7384744642535461
0.4789915966386554,0.9117647058823529,0.7434670902901884
0.48739495798319327,0.9117647058823529,0.7483968782761518
0.49579831932773105,0.9117647058823529,0.7532633708195183
0.5042016806722689,0.9117647058823529,0.7580661644688769
0.5126050420168067,0.9117647058823529,0.7628049087951011
0.5210084033613445,0.9117647058823529,0.7674793054065121
0.5294117647058824,0.9117647058823529,0.7720891069023039
0.5378151260504201,0.9117647058823529,0.7766341157691151
0.5462184873949579,0.9117647058823529,0.7811141832256132
0.5546218487394958,0.9117647058823529,0.7855292080199106
0.5630252100840336,0.9117647058823529,0.7898791351845857
0.5714285714285714,0.9117647058823529,0.7941639547539997
0.5798319327731092,0.9117647058823529,0.7983837004485091
0.5882352941176471,0.9117647058823529,0.80253844833008
0.5966386554621849,0.9117647058823529,0.8066283154336791
0.6050420168067226,0.9117647058823529,0.810653458378698
0.6134453781512604,0.9117647058823529,0.8146140719645226
0.6218487394957983,0.9117647058823529,0.8185103877542114
0.6302521008403361,0.9117647058823529,0.8223426726500914
0.6386554621848739,0.9117647058823529,0.8261112274649212
0.6470588235294117,0.9117647058823529,0.8298163854920919
0.6554621848739496,0.9117647058823529,0.8334585110781791
0.6638655462184874,0.9117647058823529,0.8370379982009684
0.6722689075630252,0.9117647058823529,0.840555269055916
0.680672268907563,0.9117647058823529,0.8440107726538117
0.6890756302521008,0.9117647058823529,0.8474049834322437
0.6974789915966386,0.9117647058823529,0.8507383998832844
0.7058823529411764,0.9117647058823529,0.8540115431996366
0.7142857142857143,0.9117647058823529,0.8572249559413104
0.7226890756302521,0.9117647058823529,0.8603792007247273
0.7310924369747899,0.9117647058823529,0.8634748589359779
0.7394957983193277,0.9117647058823529,0.8665125294698034
0.7478991596638656,0.9117647058823529,0.869492827495704
0.7563025210084033,0.9117647058823529,0.8724163832524232
0.7647058823529411,0.9117647058823529,0.8752838408719192
0.7731092436974789,0.9117647058823529,0.8780958572337724
0.7815126050420168,0.9117647058823529,0.8808531008508572
0.7899159663865546,0.9117647058823529,0.8835562507869639
0.7983193277310924,0.9117647058823529,0.8862059956069359
0.8067226890756303,0.9117647058823529,0.8888030323597643
0.8151260504201681,0.9117647058823529,0.8913480655949723
0.8235294117647058,0.9117647058823529,0.8938418064125112
0.8319327731092436,0.9117647058823529,0.8962849715462926
0.8403361344537815,0.9117647058823529,0.8986782824813827
0.8487394957983193,0.9117647058823529,0.9010224646048006
0.8571428571428571,0.9117647058823529,0.9033182463897798
0.8655462184873949,0.9117647058823529,0.9055663586132681
0.8739495798319328,0.9117647058823529,0.907767533606386
0.8823529411764706,0.9117647058823529,0.909922504537483
0.8907563025210083,0.9117647058823529,0.9120320047273824
0.8991596638655461,0.9117647058823529,0.9140967669963468
0.907563025210084,0.9117647058823529,0.916117523042249
0.9159663865546218,0.9117647058823529,0.9180950028493905
0.9243697478991596,0.9117647058823529,0.920029934127367
0.9327731092436974,0.9117647058823529,0.9219230417793506
0.9411764705882353,0.9117647058823529,0.9237750473991233
0.9495798319327731,0.9117647058823529,0.9255866687961759
0.9579831932773109,0.9117647058823529,0.9273586195481561
0.9663865546218487,0.9117647058823529,0.9290916085799431
0.9747899159663865,0.9117647058823529,0.9307863397685932
0.9831932773109243,0.9117647058823529,0.9324435115734115
0.9915966386554621,0.9117647058823529,0.9340638166903736
1.0,0.9117647058823529,0.9356479417301298
0.0,0.9159663865546218,0.3968349247684044
0.008403361344537815,0.9159663865546218,0.4030498510022036
0.01680672268907563,0.9159663865546218,0.40929606210081176
0.025210084033613446,0.9159663865546218,0.41557168504012326
0.03361344537815126,0.9159663865546218,0.42187480930517957
0.04201680672268907,0.9159663865546218,0.4282034890824273
0.05042016806722689,0.9159663865546218,0.4345557455466683
0.058823529411764705,0.9159663865546218,0.4409295692373556
0.06722689075630252,0.9159663865546218,0.44732292251848277
0.07563025210084033,0.9159663865546218,0.4537337421159261
0.08403361344537814,0.9159663865546218,0.4601599417257352
0.09243697478991596,0.9159663865546218,0.4665994146865401
0.10084033613445378,0.9159663865546218,0.47305003670893037
0.1092436974789916,0.9159663865546218,0.4795096686543954
0.11764705882352941,0.9159663865546218,0.48597615935617594
0.12605042016806722,0.9159663865546218,0.4924473484741707
0.13445378151260504,0.9159663865546218,0.49892106937588315
0.14285714285714285,0.9159663865546218,0.5053951520352602
0.15126050420168066,0.9159663865546218,0.5118674259411932
0.15966386554621848,0.9159663865546218,0.5183357230073994
0.1680672268907563,0.9159663865546218,0.5247978804753992
0.1764705882352941,0.9159663865546218,0.5312517438023365
0.18487394957983191,0.9159663865546218,0.5376951695254618
0.19327731092436973,0.9159663865546218,0.5441260280952165
0.20168067226890757,0.9159663865546218,0.550542206669002
0.21008403361344538,0.9159663865546218,0.5569416118579142
0.2184873949579832,0.9159663865546218,0.5633221724189461
0.226890756302521,0.9159663865546218,0.5696818418854244
0.23529411764705882,0.9159663865546218,0.5760186011287366
0.24369747899159663,0.9159663865546218,0.5823304608447373
0.25210084033613445,0.9159663865546218,0.5886154639585635
0.26050420168067223,0.9159663865546218,0.594871687941978
0.2689075630252101,0.9159663865546218,0.6010972470377568
0.2773109243697479,0.9159663865546218,0.6072902943860553
0.2857142857142857,0.9159663865546218,0.6134490240481366
0.29411764705882354,0.9159663865546218,0.6195716729232895
0.3025210084033613,0.9159663865546218,0.625656522555237
0.31092436974789917,0.9159663865546218,0.6317019008248043
0.31932773109243695,0.9159663865546218,0.6377061835261006
0.3277310924369748,0.9159663865546218,0.6436677958239478
0.3361344537815126,0.9159663865546218,0.6495852135907714
0.3445378151260504,0.9159663865546218,0.6554569646216493
0.3529411764705882,0.9159663865546218,0.6612816297266871
0.36134453781512604,0.9159663865546218,0.6670578437003517
0.36974789915966383,0.9159663865546218,0.672784296167849
0.37815126050420167,0.9159663865546218,0.6784597323090761
0.38655462184873945,0.9159663865546218,0.6840829534610942
0.3949579831932773,0.9159663865546218,0.6896528176004879
0.40336134453781514,0.9159663865546218,0.6951682397073582
0.4117647058823529,0.9159663865546218,0.700628192013064
0.42016806722689076,0.9159663865546218,0.7060317041341829
0.42857142857142855,0.9159663865546218,0.7113778630954697
0.4369747899159664,0.9159663865546218,0.7166658132449111
0.4453781512605042,0.9159663865546218,0.7218947560642267
0.453781512605042,0.9159663865546218,0.7270639498784396
0.4621848739495798,0.9159663865546218,0.7321727094683442
0.47058823529411764,0.9159663865546218,0.7372204055899109
0.4789915966386554,0.9159663865546218,0.7422064644048334
0.48739495798319327,0.9159663865546218,0.7471303668265716
0.49579831932773105,0.9159663865546218,0.7519916477863713
0.5042016806722689,0.9159663865546218,0.7567898954238312
0.5126050420168067,0.9159663865546218,0.7615247502066689
0.5210084033613445,0.9159663865546218,0.7661959039843828
0.5294117647058824,0.9159663865546218,0.7708030989805386
0.5378151260504201,0.9159663865546218,0.7753461267284142
0.5462184873949579,0.9159663865546218,0.7798248269547252
0.5546218487394958,0.9159663865546218,0.7842390864161171
0.5630252100840336,0.9159663865546218,0.788588837693066
0.5714285714285714,0.9159663865546218,0.7928740579457563
0.5798319327731092,0.9159663865546218,0.7970947676364261
0.5882352941176471,0.9159663865546218,0.8012510292225699
0.5966386554621849,0.9159663865546218,0.8053429458252839
0.6050420168067226,0.9159663865546218,0.8093706598769124
0.6134453781512604,0.9159663865546218,0.8133343517520257
0.6218487394957983,0.9159663865546218,0.8172342383856196
0.6302521008403361,0.9159663865546218,0.8210705718822746
0.6386554621848739,0.9159663865546218,0.8248436381198611
0.6470588235294117,0.9159663865546218,0.8285537553512163
0.6554621848739496,0.9159663865546218,0.8322012728070508
0.6638655462184874,0.9159663865546218,0.8357865693031765
0.6722689075630252,0.9159663865546218,0.8393100518549774
0.680672268907563,0.9159663865546218,0.8427721543018745
0.6890756302521008,0.9159663865546218,0.8461733359443538
0.6974789915966386,0.9159663865546218,0.8495140801959733
0.7058823529411764,0.9159663865546218,0.8527948932525743
0.7142857142857143,0.9159663865546218,0.8560163027807651
0.7226890756302521,0.9159663865546218,0.8591788566275788
0.7310924369747899,0.9159663865546218,0.8622831215530363
0.7394957983193277,0.9159663865546218,0.865329681987197
0.7478991596638656,0.9159663865546218,0.8683191388131091
0.7563025210084033,0.9159663865546218,0.8712521081769422
0.7647058823529411,0.9159663865546218,0.8741292203264152
0.7731092436974789,0.9159663865546218,0.8769511184785087
0.7815126050420168,0.9159663865546218,0.8797184577173125
0.7899159663865546,0.9159663865546218,0.8824319039227185
0.7983193277310924,0.9159663865546218,0.8850921327305661
0.8067226890756303,0.9159663865546218,0.8876998285247039
0.8151260504201681,0.9159663865546218,0.8902556834613461
0.8235294117647058,0.9159663865546218,0.8927603965259725
0.8319327731092436,0.9159663865546218,0.8952146726229382
0.8403361344537815,0.9159663865546218,0.8976192216978561
0.8487394957983193,0.9159663865546218,0.8999747578927311
0.8571428571428571,0.9159663865546218,0.9022819987337448
0.8655462184873949,0.9159663865546218,0.904541664351505
0.8739495798319328,0.9159663865546218,0.9067544767335163
0.8823529411764706,0.9159663865546218,0.9089211590085544
0.8907563025210083,0.9159663865546218,0.9110424347625661
0.8991596638655461,0.9159663865546218,0.9131190273856731
0.907563025210084,0.9159663865546218,0.9151516594497947
0.9159663865546218,0.9159663865546218,0.9171410521163708
0.9243697478991596,0.9159663865546218,0.9190879245736214
0.9327731092436974,0.9159663865546218,0.9209929935027453
0.9411764705882353,0.9159663865546218,0.9228569725724276
0.9495798319327731,0.9159663865546218,0.9246805719610024
0.9579831932773109,0.9159663865546218,0.9264644979055884
0.9663865546218487,0.9159663865546218,0.9282094522775025
0.9747899159663865,0.9159663865546218,0.9299161321832301
0.9831932773109243,0.9159663865546218,0.9315852295902302
0.9915966386554621,0.9159663865546218,0.9332174309768309
1.0,0.9159663865546218,0.9348134170054774
0.0,0.9201680672268908,0.3968349247684044
0.008403361344537815,0.9201680672268908,0.40302199609373046
0.01680672268907563,0.9201680672268908,0.40924008143158536
0.025210084033613446,0.9201680672268908,0.415487333018696
0.03361344537815126,0.9201680672268908,0.42176186624790374
0.04201680672268907,0.9201680672268908,0.42806176181080186
0.05042016806722689,0.9201680672268908,0.4343850679326215
0.058823529411764705,0.9201680672268908,0.4407298026941911
0.06722689075630252,0.9201680672268908,0.4470939564354028
0.07563025210084033,0.9201680672268908,0.45347549423424083
0.08403361344537814,0.9201680672268908,0.4598723584550841
0.09243697478991596,0.9201680672268908,0.4662824713596646
0.10084033613445378,0.9201680672268908,0.47270373777377417
0.1092436974789916,0.9201680672268908,0.479134047802547
0.11764705882352941,0.9201680672268908,0.48557127958691054
0.12605042016806722,0.9201680672268908,0.4920133020936064
0.13445378151260504,0.9201680672268908,0.4984579779310154
0.14285714285714285,0.9201680672268908,0.5049031661829015
0.15126050420168066,0.9201680672268908,0.5113467252521
0.15966386554621848,0.9201680672268908,0.5177865157061261
0.1680672268907563,0.9201680672268908,0.5242204031166772
0.1764705882352941,0.9201680672268908,0.5306462608850213
0.18487394957983191,0.9201680672268908,0.5370619730453426
0.19327731092436973,0.9201680672268908,0.5434654370382144
0.20168067226890757,0.9201680672268908,0.5498545664465173
0.21008403361344538,0.9201680672268908,0.556227293686299
0.2184873949579832,0.9201680672268908,0.5625815726452866
0.226890756302521,0.9201680672268908,0.5689153812620151
0.23529411764705882,0.9201680672268908,0.5752267240388067
0.24369747899159663,0.9201680672268908,0.5815136344821575
0.25210084033613445,0.9201680672268908,0.5877741774644158
0.26050420168067223,0.9201680672268908,0.5940064515010016
0.2689075630252101,0.9201680672268908,0.600208590937805
0.2773109243697479,0.9201680672268908,0.6063787680437996
0.2857142857142857,0.9201680672268908,0.6125151950043359
0.29411764705882354,0.9201680672268908,0.6186161258110103
0.3025210084033613,0.9201680672268908,0.6246798580444561
0.31092436974789917,0.9201680672268908,0.6307047345468593
0.31932773109243695,0.9201680672268908,0.6366891449814649
0.3277310924369748,0.9201680672268908,0.6426315272767997
0.3361344537815126,0.9201680672268908,0.6485303689538111
0.3445378151260504,0.9201680672268908,0.6543842083345773
0.3529411764705882,0.9201680672268908,0.6601916356317032
0.36134453781512604,0.9201680672268908,0.6659512939179723
0.36974789915966383,0.9201680672268908,0.6716618799762512
0.37815126050420167,0.9201680672268908,0.6773221450300893
0.38655462184873945,0.9201680672268908,0.6829308953558499
0.3949579831932773,0.9201680672268908,0.6884869927776235
0.40336134453781514,0.9201680672268908,0.6939893550465377
0.4117647058823529,0.9201680672268908,0.6994369561064523
0.42016806722689076,0.9201680672268908,0.7048288262483525
0.42857142857142855,0.9201680672268908,0.7101640521560842
0.4369747899159664,0.9201680672268908,0.7154417768463572
0.4453781512605042,0.9201680672268908,0.7206611995062201
0.453781512605042,0.9201680672268908,0.7258215752314549
0.4621848739495798,0.9201680672268908,0.7309222146695602
0.47058823529411764,0.9201680672268908,0.7359624835711936
0.4789915966386554,0.9201680672268908,0.7409418022541071
0.48739495798319327,0.9201680672268908,0.7458596449837691
0.49579831932773105,0.9201680672268908,0.7507155392749815
0.5042016806722689,0.9201680672268908,0.7555090651189034
0.5126050420168067,0.9201680672268908,0.7602398541399743
0.5210084033613445,0.9201680672268908,0.7649075886872749
0.5294117647058824,0.9201680672268908,0.769512000864905
0.5378151260504201,0.9201680672268908,0.7740528715059657
0.5462184873949579,0.9201680672268908,0.7785300290947278
0.5546218487394958,0.9201680672268908,0.7829433486415402
0.5630252100840336,0.9201680672268908,0.7872927505149877
0.5714285714285714,0.9201680672268908,0.7915781992357525
0.5798319327731092,0.9201680672268908,0.7957997022365498
0.5882352941176471,0.9201680672268908,0.799957308592427
0.5966386554621849,0.9201680672268908,0.8040511077256071
0.6050420168067226,0.9201680672268908,0.8080812280889477
0.6134453781512604,0.9201680672268908,0.8120478358319608
0.6218487394957983,0.9201680672268908,0.8159511334532075
0.6302521008403361,0.9201680672268908,0.8197913584427339
0.6386554621848739,0.9201680672268908,0.8235687819180812
0.6470588235294117,0.9201680672268908,0.8272837072572303
0.6554621848739496,0.9201680672268908,0.8309364687317032
0.6638655462184874,0.9201680672268908,0.8345274301428641
0.6722689075630252,0.9201680672268908,0.8380569834643143
0.680672268907563,0.9201680672268908,0.8415255474930989
0.6890756302521008,0.9201680672268908,0.8449335665122811
0.6974789915966386,0.9201680672268908,0.8482815089672772
0.7058823529411764,0.9201680672268908,0.851569866158173
0.7142857142857143,0.9201680672268908,0.8547991509500842
0.7226890756302521,0.9201680672268908,0.8579698965034603
0.7310924369747899,0.9201680672268908,0.8610826550260728
0.7394957983193277,0.9201680672268908,0.8641379965482733
0.7478991596638656,0.9201680672268908,0.8671365077229555
0.7563025210084033,0.9201680672268908,0.8700787906515102
0.7647058823529411,0.9201680672268908,0.8729654617369129
0.7731092436974789,0.9201680672268908,0.8757971505649564
0.7815126050420168,0.9201680672268908,0.8785744988144993
0.7899159663865546,0.9201680672268908,0.8812981591974753
0.7983193277310924,0.9201680672268908,0.8839687944292948
0.8067226890756303,0.9201680672268908,0.8865870762301379
0.8151260504201681,0.9201680672268908,0.8891536843575496
0.8235294117647058,0.9201680672268908,0.8916693056706184
0.8319327731092436,0.9201680672268908,0.8941346332259447
0.8403361344537815,0.9201680672268908,0.8965503654054942
0.8487394957983193,0.9201680672268908,0.8989172050763546
0.8571428571428571,0.9201680672268908,0.9012358587823301
0.8655462184873949,0.9201680672268908,0.9035070359672277
0.8739495798319328,0.9201680672268908,0.9057314482296283
0.8823529411764706,0.9201680672268908,0.907909808608861
0.8907563025210083,0.9201680672268908,0.9100428309018442
0.8991596638655461,0.9201680672268908,0.9121312290104049
0.907563025210084,0.9201680672268908,0.9141757163186276
0.9159663865546218,0.9201680672268908,0.9161770050997533
0.9243697478991596,0.9201680672268908,0.9181358059520984
0.9327731092436974,0.9201680672268908,0.9200528272634276
0.9411764705882353,0.9201680672268908,0.9219287747031899
0.9495798319327731,0.9201680672268908,0.9237643507419906
0.9579831932773109,0.9201680672268908,0.9255602541976541
0.9663865546218487,0.9201680672268908,0.9273171798072088
0.9747899159663865,0.9201680672268908,0.9290358178241044
0.9831932773109243,0.9201680672268908,0.9307168536399694
0.9915966386554621,0.9201680672268908,0.9323609674301903
1.0,0.9201680672268908,0.9339688338225985
0.0,0.9243697478991597,0.3968349247684044
0.008403361344537815,0.9243697478991597,0.40299414181073223
0.01680672268907563,0.9243697478991597,0.4091841031152013
0.025210084033613446,0.9243697478991597,0.4154029859490972
0.03361344537815126,0.9243697478991597,0.42164893137456066
0.04201680672268907,0.9243697478991597,0.42792004634251624
0.05042016806722689,0.9243697478991597,0.4342144058764562
0.058823529411764705,0.9243697478991597,0.44053005534107464
0.06722689075630252,0.9243697478991597,0.44686501279036117
0.07563025210084033,0.9243697478991597,0.4532172713894081
0.08403361344537814,0.9243697478991597,0.45958480190383966
0.09243697478991596,0.9243697478991597,0.46596555525046895
0.10084033613445378,0.9243697478991597,0.47235746510249427
0.1092436974789916,0.9243697478991597,0.47875845054229377
0.11764705882352941,0.9243697478991597,0.4851664187546571
0.12605042016806722,0.9243697478991597,0.49157926775309224
0.13445378151260504,0.9243697478991597,0.4979948891316962
0.14285714285714285,0.9243697478991597,0.5044111708349526
0.15126050420168066,0.9243697478991597,0.510825999937732
0.15966386554621848,0.9243697478991597,0.5172372654277261
0.1680672268907563,0.9243697478991597,0.5236428609825312
0.1764705882352941,0.9243697478991597,0.5300406877336238
0.18487394957983191,0.9243697478991597,0.5364286570095338
0.19327731092436973,0.9243697478991597,0.5428046930506221
0.20168067226890757,0.9243697478991597,0.5491667356879996
0.21008403361344538,0.9243697478991597,0.5555127429793012
0.2184873949579832,0.9243697478991597,0.5618406937942303
0.226890756302521,0.9243697478991597,0.5681485903430237
0.23529411764705882,0.9243697478991597,0.5744344606412561
0.24369747899159663,0.9243697478991597,0.5806963609047004
0.25210084033613445,0.9243697478991597,0.586932377868279
0.26050420168067223,0.9243697478991597,0.5931406310234895
0.2689075630252101,0.9243697478991597,0.5993192747690593
0.2773109243697479,0.9243697478991597,0.6054665004699677
0.2857142857142857,0.9243697478991597,0.6115805384203808
0.29411764705882354,0.9243697478991597,0.6176596597064656
0.3025210084033613,0.9243697478991597,0.6237021779654762
0.31092436974789917,0.9243697478991597,0.6297064510379491
0.31932773109243695,0.9243697478991597,0.6356708825102859
0.3277310924369748,0.9243697478991597,0.6415939231454507
0.3361344537815126,0.9243697478991597,0.6474740721999618
0.3445378151260504,0.9243697478991597,0.6533098786258008
0.3529411764705882,0.9243697478991597,0.6590999421563045
0.36134453781512604,0.9243697478991597,0.6648429142755443
0.36974789915966383,0.9243697478991597,0.6705374990711193
0.37815126050420167,0.9243697478991597,0.6761824539707064
0.38655462184873945,0.9243697478991597,0.6817765903631121
0.3949579831932773,0.9243697478991597,0.6873187741049572
0.40336134453781514,0.9243697478991597,0.6928079259144911
0.4117647058823529,0.9243697478991597,0.6982430216543901
0.42016806722689076,0.9243697478991597,0.7036230925057178
0.42857142857142855,0.9243697478991597,0.7089472250355391
0.4369747899159664,0.9243697478991597,0.714214561160973
0.4453781512605042,0.9243697478991597,0.7194242980127227
0.453781512605042,0.9243697478991597,0.7245756877013769
0.4621848739495798,0.9243697478991597,0.7296680369899926
0.47058823529411764,0.9243697478991597,0.7347007068766561
0.4789915966386554,0.9243697478991597,0.7396731120909087
0.48739495798319327,0.9243697478991597,0.7445847205080542
0.49579831932773105,0.9243697478991597,0.7494350524855022
0.5042016806722689,0.9243697478991597,0.7542236801253999
0.5126050420168067,0.9243697478991597,0.7589502264678823
0.5210084033613445,0.9243697478991597,0.7636143646193371
0.5294117647058824,0.9243697478991597,0.7682158168201035
0.5378151260504201,0.9243697478991597,0.7727543534560589
0.5462184873949579,0.9243697478991597,0.7772297920185302
0.5546218487394958,0.9243697478991597,0.7816419960169536
0.5630252100840336,0.9243697478991597,0.7859908738486691
0.5714285714285714,0.9243697478991597,0.7902763776301776
0.5798319327731092,0.9243697478991597,0.794498501994127
0.5882352941176471,0.9243697478991597,0.7986572828562019
0.5966386554621849,0.9243697478991597,0.8027527961560081
0.6050420168067226,0.9243697478991597,0.8067851565759258
0.6134453781512604,0.9243697478991597,0.8107545162417932
0.6218487394957983,0.9243697478991597,0.8146610634091627
0.6302521008403361,0.9243697478991597,0.8185050211387233
0.6386554621848739,0.9243697478991597,0.8222866459643571
0.6470588235294117,0.9243697478991597,0.8260062265571447
0.6554621848739496,0.9243697478991597,0.8296640823884824
0.6638655462184874,0.9243697478991597,0.8332605623953224
0.6722689075630252,0.9243697478991597,0.8367960436503877
0.680672268907563,0.9243697478991597,0.8402709300400584
0.6890756302521008,0.9243697478991597,0.843685650952456
0.6974789915966386,0.9243697478991597,0.8470406599781072
0.7058823529411764,0.9243697478991597,0.8503364336253932
0.7142857142857143,0.9243697478991597,0.8535734700528427
0.7226890756302521,0.9243697478991597,0.8567522878201667
0.7310924369747899,0.9243697478991597,0.8598734246597801
0.7394957983193277,0.9243697478991597,0.8629374362703998
0.7478991596638656,0.9243697478991597,0.8659448951341676
0.7563025210084033,0.9243697478991597,0.8688963893586024
0.7647058823529411,0.9243697478991597,0.8717925215445375
0.7731092436974789,0.9243697478991597,0.8746339076810772
0.7815126050420168,0.9243697478991597,0.8774211760684699
0.7899159663865546,0.9243697478991597,0.8801549662696635
0.7983193277310924,0.9243697478991597,0.8828359280912094
0.8067226890756303,0.9243697478991597,0.8854647205940412
0.8151260504201681,0.9243697478991597,0.8880420111345684
0.8235294117647058,0.9243697478991597,0.8905684744364054
0.8319327731092436,0.9243697478991597,0.8930447916929709
0.8403361344537815,0.9243697478991597,0.8954716497010912
0.8487394957983193,0.9243697478991597,0.897849740025659
0.8571428571428571,0.9243697478991597,0.9001797581953236
0.8655462184873949,0.9243697478991597,0.9024624029290961
0.8739495798319328,0.9243697478991597,0.9046983753937026
0.8823529411764706,0.9243697478991597,0.9068883784914439
0.8907563025210083,0.9243697478991597,0.909033116178256
0.8991596638655461,0.9243697478991597,0.9111332928116199
0.907563025210084,0.9243697478991597,0.9131896125279139
0.9159663865546218,0.9243697478991597,0.9152027786487557
0.9243697478991596,0.9243697478991597,0.9171734931158435
0.9327731092436974,0.9243697478991597,0.919102455953764
0.9411764705882353,0.9243697478991597,0.9209903647602081
0.9495798319327731,0.9243697478991597,0.9228379142229999
0.9579831932773109,0.9243697478991597,0.9246457956633248
0.9663865546218487,0.9243697478991597,0.9264146966045181
0.9747899159663865,0.9243697478991597,0.928145300365757
0.9831932773109243,0.9243697478991597,0.9298382856799856
0.9915966386554621,0.9243697478991597,0.9314943263353883
1.0,0.9243697478991597,0.9331140908397191
0.0,0.9285714285714286,0.3968349247684044
0.008403361344537815,0.9285714285714286,0.40296628815337454
0.01680672268907563,0.9285714285714286,0.4091281271530117
0.025210084033613446,0.9285714285714286,0.4153186438359776
0.03361344537815126,0.9285714285714286,0.42153600469636926
0.04201680672268907,0.9285714285714286,0.4277783426998365
0.05042016806722689,0.9285714285714286,0.43404375941721435
0.058823529411764705,0.9285714285714286,0.44033032724082594
0.06722689075630252,0.9285714285714286,0.44663609167824286
0.07563025210084033,0.9285714285714286,0.4529590737179412
0.08403361344537814,0.9285714285714286,0.45929727226096484
0.09243697478991596,0.9285714285714286,0.4656486666124061
0.10084033613445378,0.9285714285714286,0.4720112190262366
0.1092436974789916,0.9285714285714286,0.4783828772967742
0.11764705882352941,0.9285714285714286,0.4847615773898531
0.12605042016806722,0.9285714285714286,0.49114524610657895
0.13445378151260504,0.9285714285714286,0.49753180377239486
0.14285714285714285,0.9285714285714286,0.5039191669440666
0.15126050420168066,0.9285714285714286,0.5103052511271097
0.15966386554621848,0.9285714285714286,0.5166879734961306
0.1680672268907563,0.9285714285714286,0.5230652556105411
0.1764705882352941,0.9285714285714286,0.5294350261181267
0.18487394957983191,0.9285714285714286,0.5357952234390081
0.19327731092436973,0.9285714285714286,0.5421437984226275
0.20168067226890757,0.9285714285714286,0.5484787169705183
0.21008403361344538,0.9285714285714286,0.5547979626177781
0.2184873949579832,0.9285714285714286,0.5610995390663625
0.226890756302521,0.9285714285714286,0.5673814726635336
0.23529411764705882,0.9285714285714286,0.5736418148190627
0.24369747899159663,0.9285714285714286,0.5798786443550598
0.25210084033613445,0.9285714285714286,0.5860900697826122
0.26050420168067223,0.9285714285714286,0.5922742314997538
0.2689075630252101,0.9285714285714286,0.5984293039056279
0.2773109243697479,0.9285714285714286,0.6045534974260874
0.2857142857142857,0.9285714285714286,0.6106450604463609
0.29411764705882354,0.9285714285714286,0.6167022811468168
0.3025210084033613,0.9285714285714286,0.6227234892382709
0.31092436974789917,0.9285714285714286,0.6287070575937057
0.31932773109243695,0.9285714285714286,0.634651403773699
0.3277310924369748,0.9285714285714286,0.6405549914432911
0.3361344537815126,0.9285714285714286,0.6464163316784527
0.3445378151260504,0.9285714285714286,0.6522339841607481
0.3529411764705882,0.9285714285714286,0.6580065582592133
0.36134453781512604,0.9285714285714286,0.6637327139988967
0.36974789915966383,0.9285714285714286,0.6694111629159135
0.37815126050420167,0.9285714285714286,0.6750406687992738
0.38655462184873945,0.9285714285714286,0.6806200483201328
0.3949579831932773,0.9285714285714286,0.6861481715494844
0.40336134453781514,0.9285714285714286,0.6916239623656825
0.4117647058823529,0.9285714285714286,0.6970463987535127
0.42016806722689076,0.9285714285714286,0.7024145129968642
0.42857142857142855,0.9285714285714286,0.7077273917673518
0.4369747899159664,0.9285714285714286,0.7129841761115224
0.4453781512605042,0.9285714285714286,0.7181840613395429
0.453781512605042,0.9285714285714286,0.7233262968185032
0.4621848739495798,0.9285714285714286,0.7284101856736865
0.47058823529411764,0.9285714285714286,0.7334350844013541
0.4789915966386554,0.9285714285714286,0.7384004023967614
0.48739495798319327,0.9285714285714286,0.7433056014012707
0.49579831932773105,0.9285714285714286,0.7481501948725574
0.5042016806722689,0.9285714285714286,0.7529337472820004
0.5126050420168067,0.9285714285714286,0.7576558733434436
0.5210084033613445,0.9285714285714286,0.7623162371775632
0.5294117647058824,0.9285714285714286,0.7669145514161263
0.5378151260504201,0.9285714285714286,0.771450576250445
0.5462184873949579,0.9285714285714286,0.775924118428332
0.5546218487394958,0.9285714285714286,0.7803350302038468
0.5630252100840336,0.9285714285714286,0.7846832082440999
0.5714285714285714,0.9285714285714286,0.7889685924973179
0.5798319327731092,0.9285714285714286,0.7931911650263305
0.5882352941176471,0.9285714285714286,0.7973509488115457
0.5966386554621849,0.9285714285714286,0.8014480065274057
0.6050420168067226,0.9285714285714286,0.8054824392962093
0.6134453781512604,0.9285714285714286,0.8094543854230777
0.6218487394957983,0.9285714285714286,0.8133640191157266
0.6302521008403361,0.9285714285714286,0.8172115491925721
0.6386554621848739,0.9285714285714286,0.8209972177825745
0.6470588235294117,0.9285714285714286,0.8247212990200781
0.6554621848739496,0.9285714285714286,0.8283840977377609
0.6638655462184874,0.9285714285714286,0.831985948160665
0.6722689075630252,0.9285714285714286,0.8355272126041221
0.680672268907563,0.9285714285714286,0.8390082801782389
0.6890756302521008,0.9285714285714286,0.8424295655014495
0.6974789915966386,0.9285714285714286,0.8457915074254951
0.7058823529411764,0.9285714285714286,0.8490945677740235
0.7142857142857143,0.9285714285714286,0.8523392300968613
0.7226890756302521,0.9285714285714286,0.8555259984418534
0.7310924369747899,0.9285714285714286,0.8586553961460123
0.7394957983193277,0.9285714285714286,0.8617279646475798
0.7478991596638656,0.9285714285714286,0.8647442623204548
0.7563025210084033,0.9285714285714286,0.8677048633323013
0.7647058823529411,0.9285714285714286,0.8706103565275194
0.7731092436974789,0.9285714285714286,0.8734613443361221
0.7815126050420168,0.9285714285714286,0.8762584417094424
0.7899159663865546,0.9285714285714286,0.8790022750834642
0.7983193277310924,0.9285714285714286,0.8816934813704617
0.8067226890756303,0.9285714285714286,0.8843327069795117
0.8151260504201681,0.9285714285714286,0.8869206068663414
0.8235294117647058,0.9285714285714286,0.8894578436128701
0.8319327731092436,0.9285714285714286,0.8919450865367075
0.8403361344537815,0.9285714285714286,0.8943830108307801
0.8487394957983193,0.9285714285714286,0.8967722967331709
0.8571428571428571,0.9285714285714286,0.8991136287271786
0.8655462184873949,0.9285714285714286,0.9014076947715247
0.8739495798319328,0.9285714285714286,0.9036551855605709
0.8823529411764706,0.9285714285714286,0.9058567938143377
0.8907563025210083,0.9285714285714286,0.9080132135980646
0.8991596638655461,0.9285714285714286,0.9101251396709862
0.907563025210084,0.9285714285714286,0.912193266863957
0.9159663865546218,0.9285714285714286,0.9142182894855049
0.9243697478991596,0.9285714285714286,0.9162009007558584
0.9327731092436974,0.9285714285714286,0.9181417922684465
0.9411764705882353,0.9285714285714286,0.9200416534783471
0.9495798319327731,0.9285714285714286,0.9219011712171178
0.9579831932773109,0.9285714285714286,0.9237210292334305
0.9663865546218487,0.9285714285714286,0.9255019077588971
0.9747899159663865,0.9285714285714286,0.9272444830984597
0.9831932773109243,0.9285714285714286,0.9289494272447045
0.9915966386554621,0.9285714285714286,0.9306174075154379
1.0,0.9285714285714286,0.9322490862138643
0.0,0.9327731092436975,0.3968349247684044
0.008403361344537815,0.9327731092436975,0.40293843512182287
0.01680672268907563,0.9327731092436975,0.4090721535463688
0.025210084033613446,0.9327731092436975,0.41523430668398725
0.03361344537815126,0.9327731092436975,0.42142308622454505
0.04201680672268907,0.9327731092436975,0.4276366509050212
0.05042016806722689,0.9327731092436975,0.433873128593923
0.058823529411764705,0.9327731092436975,0.4401306184562402
0.06722689075630252,0.9327731092436975,0.4464071931938938
0.07563025210084033,0.9327731092436975,0.4527009013562995
0.08403361344537814,0.9327731092436975,0.45900976971535146
0.09243697478991596,0.9327731092436975,0.4653318056988399
0.10084033613445378,0.9327731092436975,0.4716649998760451
0.1092436974789916,0.9327731092436975,0.4780073284890177
0.11764705882352941,0.9327731092436975,0.4843567560228336
0.12605042016806722,0.9327731092436975,0.4907112378079409
0.13445378151260504,0.9327731092436975,0.4970687226475569
0.14285714285714285,0.9327731092436975,0.5034271554629632
0.15126050420168066,0.9327731092436975,0.5097844799494575
0.15966386554621848,0.9327731092436975,0.5161386412356732
0.1680672268907563,0.9327731092436975,0.5224875885389623
0.1764705882352941,0.9327731092436975,0.5288292778095532
0.18487394957983191,0.9327731092436975,0.5351616743562508
0.19327731092436973,0.9327731092436975,0.5414827554465312
0.20168067226890757,0.9327731092436975,0.5477905128740035
0.21008403361344538,0.9327731092436975,0.5540829554863638
0.2184873949579832,0.9327731092436975,0.5603581116671525
0.226890756302521,0.9327731092436975,0.5666140317648356
0.23529411764705882,0.9327731092436975,0.5728487904629749
0.24369747899159663,0.9327731092436975,0.5790604890855257
0.25210084033613445,0.9327731092436975,0.5852472578315863
0.26050420168067223,0.9327731092436975,0.5914072579342476
0.2689075630252101,0.9327731092436975,0.5975386837385263
0.2773109243697479,0.9327731092436975,0.6036397646937233
0.2857142857142857,0.9327731092436975,0.609708767255918
0.29411764705882354,0.9327731092436975,0.6157439966967008
0.3025210084033613,0.9327731092436975,0.6217437988146391
0.31092436974789917,0.9327731092436975,0.6277065615463822
0.31932773109243695,0.9327731092436975,0.6336307164747198
0.3277310924369748,0.9327731092436975,0.6395147402313288
0.3361344537815126,0.9327731092436975,0.6453571557923574
0.3445378151260504,0.9327731092436975,0.651156533665415
0.3529411764705882,0.9327731092436975,0.6569114929669474
0.36134453781512604,0.9327731092436975,0.6626207023893863
0.36974789915966383,0.9327731092436975,0.66828288105786
0.37815126050420167,0.9327731092436975,0.6738967992766429
0.38655462184873945,0.9327731092436975,0.6794612791658996
0.3949579831932773,0.9327731092436975,0.6849751951896462
0.40336134453781514,0.9327731092436975,0.6904374745761948
0.4117647058823529,0.9327731092436975,0.6958470976326886
0.42016806722689076,0.9327731092436975,0.7012030979556475
0.42857142857142855,0.9327731092436975,0.7065045625397355
0.4369747899159664,0.9327731092436975,0.7117506317872506
0.4453781512605042,0.9327731092436975,0.7169404994210803
0.453781512605042,0.9327731092436975,0.722073412304113
0.4621848739495798,0.9327731092436975,0.7271486701683042
0.47058823529411764,0.9327731092436975,0.7321656252567903
0.4789915966386554,0.9327731092436975,0.737123681882611
0.48739495798319327,0.9327731092436975,0.7420222959077563
0.49579831932773105,0.9327731092436975,0.7468609741463736
0.5042016806722689,0.9327731092436975,0.7516392736960821
0.5126050420168067,0.9327731092436975,0.7563568012014233
0.5210084033613445,0.9327731092436975,0.7610132120535427
0.5294117647058824,0.9327731092436975,0.7656082095302434
0.5378151260504201,0.9327731092436975,0.7701415438805745
0.5462184873949579,0.9327731092436975,0.7746130113581284
0.5546218487394958,0.9327731092436975,0.779022453207212
0.5630252100840336,0.9327731092436975,0.7833697546060263
0.5714285714285714,0.9327731092436975,0.7876548435709525
0.5798319327731092,0.9327731092436975,0.7918776898259837
0.5882352941176471,0.9327731092436975,0.7960383036412731
0.5966386554621849,0.9327731092436975,0.8001367346446908
0.6050420168067226,0.9327731092436975,0.8041730706101792
0.6134453781512604,0.9327731092436975,0.8081474362266119
0.6218487394957983,0.9327731092436975,0.8120599918507285
0.6302521008403361,0.9327731092436975,0.815910932247614
0.6386554621848739,0.9327731092436975,0.8197004853220577
0.6470588235294117,0.9327731092436975,0.8234289108439923
0.6554621848739496,0.9327731092436975,0.827096499171084
0.6638655462184874,0.9327731092436975,0.830703569971393
0.6722689075630252,0.9327731092436975,0.834250470948887
0.680672268907563,0.9327731092436975,0.8377375765744384
0.6890756302521008,0.9327731092436975,0.8411652868247901
0.6974789915966386,0.9327731092436975,0.8445340259318258
0.7058823529411764,0.9327731092436975,0.8478442411443287
0.7142857142857143,0.9327731092436975,0.8510964015042666
0.7226890756302521,0.9327731092436975,0.8542909966394978
0.7310924369747899,0.9327731092436975,0.8574285355746373
0.7394957983193277,0.9327731092436975,0.8605095455616919
0.7478991596638656,0.9327731092436975,0.863534570931923
0.7563025210084033,0.9327731092436975,0.8665041719702694
0.7647058823529411,0.9327731092436975,0.8694189238135156
0.7731092436974789,0.9327731092436975,0.8722794153732822
0.7815126050420168,0.9327731092436975,0.8750862482847691
0.7899159663865546,0.9327731092436975,0.8778400358820763
0.7983193277310924,0.9327731092436975,0.8805414022008117
0.8067226890756303,0.9327731092436975,0.8831909810085723
0.8151260504201681,0.9327731092436975,0.8857894148637973
0.8235294117647058,0.9327731092436975,0.8883373542033768
0.8319327731092436,0.9327731092436975,0.8908354564593131
0.8403361344537815,0.9327731092436975,0.8932843852046363
0.8487394957983193,0.9327731092436975,0.8956848093286955
0.8571428571428571,0.9327731092436975,0.8980374022418641
0.8655462184873949,0.9327731092436975,0.9003428411096218
0.8739495798319328,0.9327731092436975,0.9026018061159103
0.8823529411764706,0.9327731092436975,0.9048149797555926
0.8907563025210083,0.9327731092436975,0.9069830461557812
0.8991596638655461,0.9327731092436975,0.9091066904257563
0.907563025210084,0.9327731092436975,0.9111865980351309
0.9159663865546218,0.9327731092436975,0.9132234542198823
0.9243697478991596,0.9327731092436975,0.9152179434158267
0.9327731092436974,0.9327731092436975,0.9171707487190692
0.9411764705882353,0.9327731092436975,0.9190825513729336
0.9495798319327731,0.9327731092436975,0.9209540302808444
0.9579831932773109,0.9327731092436975,0.9227858615446056
0.9663865546218487,0.9327731092436975,0.9245787180274964
0.9747899159663865,0.9327731092436975,0.9263332689415883
0.9831932773109243,0.9327731092436975,0.9280501794586641
0.9915966386554621,0.9327731092436975,0.929730110344113
1.0,0.9327731092436975,0.9313737176131563
0.0,0.9369747899159664,0.3968349247684044
0.008403361344537815,0.9369747899159664,0.4029105827162428
0.01680672268907563,0.9369747899159664,0.4090161822966239
0.025210084033613446,0.9369747899159664,0.41514997449777474
0.03361344537815126,0.9369747899159664,0.42131017597030057
0.04201680672268907,0.9369747899159664,0.4274949709803212
0.05042016806722689,0.9369747899159664,0.4337025134455946
0.058823529411764705,0.9369747899159664,0.4399309290500878
0.06722689075630252,0.9369747899159664,0.44617831743212244
0.07563025210084033,0.9369747899159664,0.4524427544408882
0.08403361344537814,0.9369747899159664,0.4587222944558197
0.09243697478991596,0.9369747899159664,0.4650149727630453
0.10084033613445378,0.9369747899159664,0.47131880798286047
0.1092436974789916,0.9369747899159664,0.4776318045419437
0.11764705882352941,0.9369747899159664,0.4839519551838289
0.12605042016806722,0.9369747899159664,0.4902772435109715
0.13445378151260504,0.9369747899159664,0.496605646551599
0.14285714285714285,0.9369747899159664,0.5029351373444212
0.15126050420168066,0.9369747899159664,0.5092636875341942
0.15966386554621848,0.9369747899159664,0.5155892699710772
0.1680672268907563,0.9369747899159664,0.5219098613067098
0.1764705882352941,0.9369747899159664,0.5282234445799461
0.18487394957983191,0.9369747899159664,0.5345280117852349
0.19327731092436973,0.9369747899159664,0.5408215664167154
0.20168067226890757,0.9369747899159664,0.5471021259812072
0.21008403361344538,0.9369747899159664,0.553367724473423
0.2184873949579832,0.9369747899159664,0.5596164148069015
0.226890756302521,0.9369747899159664,0.5658462711943655
0.23529411764705882,0.9369747899159664,0.5720553914714369
0.24369747899159663,0.9369747899159664,0.5782418993579005
0.25210084033613445,0.9369747899159664,0.5844039466509879
0.26050420168067223,0.9369747899159664,0.5905397153454561
0.2689075630252101,0.9369747899159664,0.5966474196755577
0.2773109243697479,0.9369747899159664,0.6027253080743449
0.2857142857142857,0.9369747899159664,0.6087716650461013
0.29411764705882354,0.9369747899159664,0.614784812948071
0.3025210084033613,0.9369747899159664,0.6207631136780349
0.31092436974789917,0.9369747899159664,0.6267049702646743
0.31932773109243695,0.9369747899159664,0.6326088283580581
0.3277310924369748,0.9369747899159664,0.6384731776179956
0.3361344537815126,0.9369747899159664,0.6442965529983944
0.3445378151260504,0.9369747899159664,0.6500775359261656
0.3529411764705882,0.9369747899159664,0.655814755373623
0.36134453781512604,0.9369747899159664,0.6615068888237093
0.36974789915966383,0.9369747899159664,0.6671526631277751
0.37815126050420167,0.9369747899159664,0.6727508552560107
0.38655462184873945,0.9369747899159664,0.6783002929410015
0.3949579831932773,0.9369747899159664,0.6837998552152265
0.40336134453781514,0.9369747899159664,0.6892484728436666
0.4117647058823529,0.9369747899159664,0.694645128653008
0.42016806722689076,0.9369747899159664,0.6999888577592367
0.42857142857142855,0.9369747899159664,0.7052787476957123
0.4369747899159664,0.9369747899159664,0.710513938444077
0.4453781512605042,0.9369747899159664,0.7156936223706075
0.453781512605042,0.9369747899159664,0.7208170440708562
0.4621848739495798,0.9369747899159664,0.7258835001256292
0.47058823529411764,0.9369747899159664,0.7308923387715478
0.4789915966386554,0.9369747899159664,0.7358429594896049
0.48739495798319327,0.9369747899159664,0.7407348125152791
0.49579831932773105,0.9369747899159664,0.745567398273893
0.5042016806722689,0.9369747899159664,0.7503402667450189
0.5126050420168067,0.9369747899159664,0.7550530167598047
0.5210084033613445,0.9369747899159664,0.7597052952351852
0.5294117647058824,0.9369747899159664,0.7642967963489649
0.5378151260504201,0.9369747899159664,0.7688272606598106
0.5462184873949579,0.9369747899159664,0.7732964741761926
0.5546218487394958,0.9369747899159664,0.7777042673783093
0.5630252100840336,0.9369747899159664,0.7820505141970155
0.5714285714285714,0.9369747899159664,0.7863351309537313
0.5798319327731092,0.9369747899159664,0.790558075265263
0.5882352941176471,0.9369747899159664,0.7947193449174071
0.5966386554621849,0.9369747899159664,0.7988189767111251
0.6050420168067226,0.9369747899159664,0.8028570452849983
0.6134453781512604,0.9369747899159664,0.806833661917576
0.6218487394957983,0.9369747899159664,0.8107489733131156
0.6302521008403361,0.9369747899159664,0.8146031603741141
0.6386554621848739,0.9369747899159664,0.8183964369639009
0.6470588235294117,0.9369747899159664,0.8221290486624356
0.6554621848739496,0.9369747899159664,0.825801271518331
0.6638655462184874,0.9369747899159664,0.8294134107999762
0.6722689075630252,0.9369747899159664,0.8329657997485037
0.680672268907563,0.9369747899159664,0.836458798335202
0.6890756302521008,0.9369747899159664,0.839892792025826
0.6974789915966386,0.9369747899159664,0.8432681905541259
0.7058823529411764,0.9369747899159664,0.8465854267067594
0.7142857142857143,0.9369747899159664,0.8498449551216155
0.7226890756302521,0.9369747899159664,0.8530472511014372
0.7310924369747899,0.9369747899159664,0.8561928094444813
0.7394957983193277,0.9369747899159664,0.8592821432938277
0.7478991596638656,0.9369747899159664,0.862315783006801
0.7563025210084033,0.9369747899159664,0.8652942750458467
0.7647058823529411,0.9369747899159664,0.8682181808920659
0.7731092436974789,0.9369747899159664,0.8710880759824914
0.7815126050420168,0.9369747899159664,0.8739045486720647
0.7899159663865546,0.9369747899159664,0.8766681992211562
0.7983193277310924,0.9369747899159664,0.8793796388093588
0.8067226890756303,0.9369747899159664,0.8820394885761734
0.8151260504201681,0.9369747899159664,0.8846483786891072
0.8235294117647058,0.9369747899159664,0.8872069474395988
0.8319327731092436,0.9369747899159664,0.889715840367099
0.8403361344537815,0.9369747899159664,0.8921757094115378
0.8487394957983193,0.9369747899159664,0.8945872120943328
0.8571428571428571,0.9369747899159664,0.8969510107280092
0.8655462184873949,0.9369747899159664,0.8992677716544288
0.8739495798319328,0.9369747899159664,0.901538164511557
0.8823529411764706,0.9369747899159664,0.9037628615286317
0.8907563025210083,0.9369747899159664,0.9059425368495355
0.8991596638655461,0.9369747899159664,0.9080778658841218
0.907563025210084,0.9369747899159664,0.9101695246871894
0.9159663865546218,0.9369747899159664,0.912218189364756
0.9243697478991596,0.9369747899159664,0.9142245355072404
0.9327731092436974,0.9369747899159664,0.9161892376491161
0.9411764705882353,0.9369747899159664,0.9181129687545775
0.9495798319327731,0.9369747899159664,0.9199963997287155
0.9579831932773109,0.9369747899159664,0.921840198953681
0.9663865546218487,0.9369747899159664,0.9236450318492849
0.9747899159663865,0.9369747899159664,0.9254115604574666
0.9831932773109243,0.9369747899159664,0.9271404430500412
0.9915966386554621,0.9369747899159664,0.9288323337591233
1.0,0.9369747899159664,0.9304878822296118
0.0,0.9411764705882353,0.3968349247684044
0.008403361344537815,0.9411764705882353,0.4028827309368
0.01680672268907563,0.9411764705882353,0.4089602134051287
0.025210084033613446,0.9411764705882353,0.4150656472819878
0.03361344537815126,0.9411764705882353,0.4211972739448443
0.04201680672268907,0.9411764705882353,0.4273533029479797
0.05042016806722689,0.9411764705882353,0.43353191401122687
0.058823529411764705,0.9411764705882353,0.4397312590851142
0.06722689075630252,0.9411764705882353,0.4459494644876986
0.07563025210084033,0.9411764705882353,0.4521846331080581
0.08403361344537814,0.9411764705882353,0.4584348466711169
0.09243697478991596,0.9411764705882353,0.4646981680582072
0.10084033613445378,0.9411764705882353,0.47097264367751845
0.1092436974789916,0.9411764705882353,0.4772563058783594
0.11764705882352941,0.9411764705882353,0.4835471754029615
0.12605042016806722,0.9411764705882353,0.4898432638693802
0.13445378151260504,0.9411764705882353,0.496142576278903
0.14285714285714285,0.9411764705882353,0.5024431135412701
0.15126050420168066,0.9411764705882353,0.5087428750109223
0.15966386554621848,0.9411764705882353,0.5150398610274424
0.1680672268907563,0.9411764705882353,0.5213320754533417
0.1764705882352941,0.9411764705882353,0.5276175282023468
0.18487394957983191,0.9411764705882353,0.5338942377513944
0.19327731092436973,0.9411764705882353,0.5401602336296115
0.20168067226890757,0.9411764705882353,0.5464135588776651
0.21008403361344538,0.9411764705882353,0.5526522724710053
0.2184873949579832,0.9411764705882353,0.5588744517006855
0.226890756302521,0.9411764705882353,0.5650781945056396
0.23529411764705882,0.9411764705882353,0.5712616217505163
0.24369747899159663,0.9411764705882353,0.5774228794434136
0.25210084033613445,0.9411764705882353,0.583560140888123
0.26050420168067223,0.9411764705882353,0.589671608765789
0.2689075630252101,0.9411764705882353,0.5957555171411915
0.2773109243697479,0.9411764705882353,0.601810133389192
0.2857142857142857,0.9411764705882353,0.6078337600372193
0.29411764705882354,0.9411764705882353,0.6138247365200385
0.3025210084033613,0.9411764705882353,0.6197814408433975
0.31092436974789917,0.9411764705882353,0.6257022911535379
0.31932773109243695,0.9411764705882353,0.631585747209925
0.3277310924369748,0.9411764705882353,0.6374303117589486
0.3361344537815126,0.9411764705882353,0.643234531806725
0.3445378151260504,0.9411764705882353,0.6489969997895279
0.3529411764705882,0.9411764705882353,0.6547163546407525
0.36134453781512604,0.9411764705882353,0.6603912827537052
0.36974789915966383,0.9411764705882353,0.6660205188398801
0.37815126050420167,0.9411764705882353,0.6716028466827543
0.38655462184873945,0.9411764705882353,0.6771370997874847
0.3949579831932773,0.9411764705882353,0.6826221619272388
0.40336134453781514,0.9411764705882353,0.6880569675872186
0.4117647058823529,0.9411764705882353,0.6934405023077547
0.42016806722689076,0.9411764705882353,0.6987718029281461
0.42857142857142855,0.9411764705882353,0.7040499577332111
0.4369747899159664,0.9411764705882353,0.70927410650477
0.4453781512605042,0.9411764705882353,0.7144434404805369
0.453781512605042,0.9411764705882353,0.7195572022231216
0.4621848739495798,0.9411764705882353,0.7246146854020497
0.47058823529411764,0.9411764705882353,0.729615234491904
0.4789915966386554,0.9411764705882353,0.7345582443898481
0.48739495798319327,0.9411764705882353,0.7394431599559516
0.49579831932773105,0.9411764705882353,0.7442694754798594
0.5042016806722689,0.9411764705882353,0.7490367340774571
0.5126050420168067,0.9411764705882353,0.7537445270212718
0.5210084033613445,0.9411764705882353,0.7583924930084219
0.5294117647058824,0.9411764705882353,0.7629803173699764
0.5378151260504201,0.9411764705882353,0.7675077312256187
0.5462184873949579,0.9411764705882353,0.7719745105875306
0.5546218487394958,0.9411764705882353,0.7763804754174071
0.5630252100840336,0.9411764705882353,0.780725488640494
0.5714285714285714,0.9411764705882353,0.7850094551205273
0.5798319327731092,0.9411764705882353,0.7892323205993812
0.5882352941176471,0.9411764705882353,0.793394070605203
0.5966386554621849,0.9411764705882353,0.7974947293327229
0.6050420168067226,0.9411764705882353,0.8015343584993632
0.6134453781512604,0.9411764705882353,0.8055130561806662
0.6218487394957983,0.9411764705882353,0.8094309556284756
0.6302521008403361,0.9411764705882353,0.8132882240751905
0.6386554621848739,0.9411764705882353,0.8170850615273009
0.6470588235294117,0.9411764705882353,0.8208216995512931
0.6554621848739496,0.9411764705882353,0.8244984000548897
0.6638655462184874,0.9411764705882353,0.8281154540664563
0.6722689075630252,0.9411764705882353,0.8316731805152814
0.680672268907563,0.9411764705882353,0.8351719250152901
0.6890756302521008,0.9411764705882353,0.8386120586546281
0.6974789915966386,0.9411764705882353,0.8419939767933995
0.7058823529411764,0.9411764705882353,0.8453180978717203
0.7142857142857143,0.9411764705882353,0.8485848622300931
0.7226890756302521,0.9411764705882353,0.8517947309439877
0.7310924369747899,0.9411764705882353,0.8549481846743621
0.7394957983193277,0.9411764705882353,0.8580457225357336
0.7478991596638656,0.9411764705882353,0.8610878609832742
0.7563025210084033,0.9411764705882353,0.8640751327202727
0.7647058823529411,0.9411764705882353,0.8670080856271868
0.7731092436974789,0.9411764705882353,0.8698872817133766
0.7815126050420168,0.9411764705882353,0.8727132960925001
0.7899159663865546,0.9411764705882353,0.8754867159824335
0.7983193277310924,0.9411764705882353,0.8782081397304629
0.8067226890756303,0.9411764705882353,0.8808781758643991
0.8151260504201681,0.9411764705882353,0.8834974421701548
0.8235294117647058,0.9411764705882353,0.8860665647962294
0.8319327731092436,0.9411764705882353,0.8885861773854588
0.8403361344537815,0.9411764705882353,0.8910569202342902
0.8487394957983193,0.9411764705882353,0.8934794394797682
0.8571428571428571,0.9411764705882353,0.8958543863143344
0.8655462184873949,0.9411764705882353,0.898182416228469
0.8739495798319328,0.9411764705882353,0.9004641882811383
0.8823529411764706,0.9411764705882353,0.9027003643979412
0.8907563025210083,0.9411764705882353,0.9048916086967933
0.8991596638655461,0.9411764705882353,0.9070385868409295
0.907563025210084,0.9411764705882353,0.9091419654189514
0.9159663865546218,0.9411764705882353,0.9112024113516047
0.9243697478991596,0.9411764705882353,0.9132205913249284
0.9327731092436974,0.9411764705882353,0.9151971712493675
0.9411764705882353,0.9411764705882353,0.9171328157444227
0.9495798319327731,0.9411764705882353,0.9190281876483674
0.9579831932773109,0.9411764705882353,0.9208839475525331
0.9663865546218487,0.9411764705882353,0.9227007533596485
0.9747899159663865,0.9411764705882353,0.9244792598656862
0.9831932773109243,0.9411764705882353,0.9262201183646589
0.9915966386554621,0.9411764705882353,0.9279239762757854
1.0,0.9411764705882353,0.929591476792439
0.0,0.9453781512605042,0.3968349247684044
0.008403361344537815,0.9453781512605042,0.4028548797836599
0.01680672268907563,0.9453781512605042,0.4089042468732344
0.025210084033613446,0.9453781512605042,0.41498132504127255
0.03361344537815126,0.9453781512605042,0.42108438015938193
0.04201680672268907,0.9453781512605042,0.42721164683023194
0.05042016806722689,0.9453781512605042,0.4333613303298027
0.058823529411764705,0.9453781512605042,0.43953160862403956
0.06722689075630252,0.9453781512605042,0.4457206344553538
0.07563025210084033,0.9453781512605042,0.45192653749410494
0.08403361344537814,0.9453781512605042,0.4581474265499176
0.09243697478991596,0.9453781512605042,0.4643813918374194
0.10084033613445378,0.9453781512605042,0.47062650729074873
0.1092436974789916,0.9453781512605042,0.4768808329209571
0.11764705882352941,0.9453781512605042,0.4831424172102436
0.12605042016806722,0.9453781512605042,0.4894092995367878
0.13445378151260504,0.9453781512605042,0.49567951262381105
0.14285714285714285,0.9453781512605042,0.5019510850063842
0.15126050420168066,0.9453781512605042,0.5082220435094196
0.15966386554621848,0.9453781512605042,0.5144904157302335
0.1680672268907563,0.9453781512605042,0.5207542325190428
0.1764705882352941,0.9453781512605042,0.5270115304507752
0.18487394957983191,0.9453781512605042,0.5332603542815995
0.19327731092436973,0.9453781512605042,0.5394987593836695
0.20168067226890757,0.9453781512605042,0.5457248141516586
0.21008403361344538,0.9453781512605042,0.5519366023748005
0.2184873949579832,0.9453781512605042,0.5581322255683031
0.226890756302521,0.9453781512605042,0.5643098052581909
0.23529411764705882,0.9453781512605042,0.5704674852138297
0.24369747899159663,0.9453781512605042,0.5766034336226373
0.25210084033613445,0.9453781512605042,0.58271584520172
0.26050420168067223,0.9453781512605042,0.5888029432414701
0.2689075630252101,0.9453781512605042,0.5948629815764409
0.2773109243697479,0.9453781512605042,0.6008942464791389
0.2857142857142857,0.9453781512605042,0.6068950584726933
0.29411764705882354,0.9453781512605042,0.612863774058712
0.3025210084033613,0.9453781512605042,0.6187987873569778
0.31092436974789917,0.9453781512605042,0.6246985316540052
0.31932773109243695,0.9453781512605042,0.6305614808578409
0.3277310924369748,0.9453781512605042,0.6363861508568687
0.3361344537815126,0.9453781512605042,0.642171100780747
0.3445378151260504,0.9453781512605042,0.6479149341619855
0.3529411764705882,0.9453781512605042,0.6536162999970377
0.36134453781512604,0.9453781512605042,0.6592738937061552
0.36974789915966383,0.9453781512605042,0.6648864579916114
0.37815126050420167,0.9453781512605042,0.6704527835942548
0.38655462184873945,0.9453781512605042,0.6759717099487014
0.3949579831932773,0.9453781512605042,0.6814421257378052
0.40336134453781514,0.9453781512605042,0.686862969347369
0.4117647058823529,0.9453781512605042,0.6922332292223691
0.42016806722689076,0.9453781512605042,0.6975519441262527
0.42857142857142855,0.9453781512605042,0.7028182033051511
0.4369747899159664,0.9453781512605042,0.7080311465591091
0.4453781512605042,0.9453781512605042,0.7131899642226701
0.453781512605042,0.9453781512605042,0.7182938970573861
0.4621848739495798,0.9453781512605042,0.7233422360590235
0.47058823529411764,0.9453781512605042,0.7283343221824229
0.4789915966386554,0.9453781512605042,0.7332695459871376
0.48739495798319327,0.9453781512605042,0.7381473472071233
0.49579831932773105,0.9453781512605042,0.7429672142478814
0.5042016806722689,0.9453781512605042,0.7477286836145673
0.5126050420168067,0.9453781512605042,0.752431339274661
0.5210084033613445,0.9453781512605042,0.7570748119588785
0.5294117647058824,0.9453781512605042,0.7616587784040496
0.5378151260504201,0.9453781512605042,0.766182960541727
0.5462184873949579,0.9453781512605042,0.7706471246363136
0.5546218487394958,0.9453781512605042,0.7750510803764952
0.5630252100840336,0.9453781512605042,0.7793946799237618
0.5714285714285714,0.9453781512605042,0.7836778169217676
0.5798319327731092,0.9453781512605042,0.7879004254702477
0.5882352941176471,0.9453781512605042,0.7920624790671548
0.5966386554621849,0.9453781512605042,0.7961639895226151
0.6050420168067226,0.9453781512605042,0.8002050058482374
0.6134453781512604,0.9453781512605042,0.804185613125211
0.6218487394957983,0.9453781512605042,0.8081059313545502
0.6302521008403361,0.9453781512605042,0.8119661142927354
0.6386554621848739,0.9453781512605042,0.8157663482758925
0.6470588235294117,0.9453781512605042,0.8195068510355435
0.6554621848739496,0.9453781512605042,0.8231878705088405
0.6638655462184874,0.9453781512605042,0.8268096836460666
0.6722689075630252,0.9453781512605042,0.830372595218073
0.680672268907563,0.9453781512605042,0.8338769366261785
0.6890756302521008,0.9453781512605042,0.837323064716932
0.6974789915966386,0.9453781512605042,0.8407113606040135
0.7058823529411764,0.9453781512605042,0.8440422284993949
0.7142857142857143,0.9453781512605042,0.8473160945557734
0.7226890756302521,0.9453781512605042,0.8505334057221381
0.7310924369747899,0.9453781512605042,0.8536946286142082
0.7394957983193277,0.9453781512605042,0.8568002484013473
0.7478991596638656,0.9453781512605042,0.8598507677114325
0.7563025210084033,0.9453781512605042,0.8628467055550287
0.7647058823529411,0.9453781512605042,0.8657885962700984
0.7731092436974789,0.9453781512605042,0.8686769884883551
0.7815126050420168,0.9453781512605042,0.8715124441242542
0.7899159663865546,0.9453781512605042,0.8742955373875019
0.7983193277310924,0.9453781512605042,0.8770268538198547
0.8067226890756303,0.9453781512605042,0.879706989356877
0.8151260504201681,0.9453781512605042,0.8823365494152245
0.8235294117647058,0.9453781512605042,0.8849161480059261
0.8319327731092436,0.9453781512605042,0.8874464068740446
0.8403361344537815,0.9453781512605042,0.8899279546650108
0.8487394957983193,0.9453781512605042,0.8923614261178413
0.8571428571428571,0.9453781512605042,0.8947474612853772
0.8655462184873949,0.9453781512605042,0.8970867047816016
0.8739495798319328,0.9453781512605042,0.899379805056029
0.8823529411764706,0.9453781512605042,0.9016274136950977
0.8907563025210083,0.9453781512605042,0.9038301847504284
0.8991596638655461,0.9453781512605042,0.9059887740937671
0.907563025210084,0.9453781512605042,0.9081038387983679
0.9159663865546218,0.9453781512605042,0.9101760365465362
0.9243697478991596,0.9453781512605042,0.9122060250629986
0.9327731092436974,0.9453781512605042,0.9141944615737295
0.9411764705882353,0.9453781512605042,0.9161420022898347
0.9495798319327731,0.9453781512605042,0.9180493019160498
0.9579831932773109,0.9453781512605042,0.9199170131833907
0.9663865546218487,0.9453781512605042,0.9217457864054619
0.9747899159663865,0.9453781512605042,0.9235362690579112
0.9831932773109243,0.9453781512605042,0.9252891053804935
0.9915966386554621,0.9453781512605042,0.9270049360011957
1.0,0.9453781512605042,0.9286843975818561
0.0,0.9495798319327731,0.3968349247684044
0.008403361344537815,0.9495798319327731,0.40282702925698805
0.01680672268907563,0.9495798319327731,0.40884828270229195
0.025210084033613446,0.9495798319327731,0.41489700778027455
0.03361344537815126,0.9495798319327731,0.42097149462511535
0.04201680672268907,0.9495798319327731,0.42707000264930567
0.05042016806722689,0.9495798319327731,0.43319076244029026
0.058823529411764705,0.9495798319327731,0.4393319777295594
0.06722689075630252,0.9495798319327731,0.44549182742978066
0.07563025210084033,0.9495798319327731,0.4516684677352697
0.08403361344537814,0.9495798319327731,0.45786003428082317
0.09243697478991596,0.9495798319327731,0.4640646443536842
0.10084033613445378,0.9495798319327731,0.4702803991531741
0.1092436974789916,0.9495798319327731,0.4765053860923139
0.11764705882352941,0.9495798319327731,0.48273768113557386
0.12605042016806722,0.9495798319327731,0.488975351166723
0.13445378151260504,0.9495798319327731,0.49521645638062
0.14285714285714285,0.9495798319327731,0.5014590526926739
0.15126050420168066,0.9495798319327731,0.5077011941596284
0.15966386554621848,0.9495798319327731,0.5139409354052654
0.1680672268907563,0.9495798319327731,0.5201763340446086
0.1764705882352941,0.9495798319327731,0.5264054531002088
0.18487394957983191,0.9495798319327731,0.5326263634041303
0.19327731092436973,0.9495798319327731,0.5388371459793262
0.20168067226890757,0.9495798319327731,0.5450358943941764
0.21008403361344538,0.9495798319327731,0.5512207170840906
0.2184873949579832,0.9495798319327731,0.5573897396342206
0.226890756302521,0.9495798319327731,0.5635411070175056
0.23529411764705882,0.9495798319327731,0.5696729857824676
0.24369747899159663,0.9495798319327731,0.5757835661853995
0.25210084033613445,0.9495798319327731,0.581871064261832
0.26050420168067223,0.9495798319327731,0.5879337238324283
0.2689075630252101,0.9495798319327731,0.5939698184387404
0.2773109243697479,0.9495798319327731,0.5999776532045594
0.2857142857142857,0.9495798319327731,0.6059555666189056
0.29411764705882354,0.9495798319327731,0.6119019322370335
0.3025210084033613,0.9495798319327731,0.6178151602961633
0.31092436974789917,0.9495798319327731,0.6236936992429982
0.31932773109243695,0.9495798319327731,0.6295360371704374
0.3277310924369748,0.9495798319327731,0.6353407031612563
0.3361344537815126,0.9495798319327731,0.6411062685368835
0.3445378151260504,0.9495798319327731,0.6468313480097638
0.3529411764705882,0.9495798319327731,0.6525146007381564
0.36134453781512604,0.9495798319327731,0.6581547312825745
0.36974789915966383,0.9495798319327731,0.6637504904634206
0.37815126050420167,0.9495798319327731,0.6693006761197147
0.38655462184873945,0.9495798319327731,0.6748041337691484
0.3949579831932773,0.9495798319327731,0.6802597571700228
0.40336134453781514,0.9495798319327731,0.6856664887859372
0.4117647058823529,0.9495798319327731,0.6910233201543974
0.42016806722689076,0.9495798319327731,0.6963292921607994
0.42857142857142855,0.9495798319327731,0.701583495219511
0.4369747899159664,0.9495798319327731,0.7067850693640292
0.4453781512605042,0.9495798319327731,0.7119332042484299
0.453781512605042,0.9495798319327731,0.7170271390625488
0.4621848739495798,0.9495798319327731,0.722066162363523
0.47058823529411764,0.9495798319327731,0.7270496118265259
0.4789915966386554,0.9495798319327731,0.7319768739176745
0.48739495798319327,0.9495798319327731,0.7368473834922467
0.49579831932773105,0.9495798319327731,0.7416606233214728
0.5042016806722689,0.9495798319327731,0.7464161235512701
0.5126050420168067,0.9495798319327731,0.7511134610963919
0.5210084033613445,0.9495798319327731,0.7557522589735232
0.5294117647058824,0.9495798319327731,0.7603321855769251
0.5378151260504201,0.9495798319327731,0.7648529539002631
0.5462184873949579,0.9495798319327731,0.7693143207082785
0.5546218487394958,0.9495798319327731,0.7737160856619748
0.5630252100840336,0.9495798319327731,0.7780580904009813
0.5714285714285714,0.9495798319327731,0.7823402175867372
0.5798319327731092,0.9495798319327731,0.7865623899101045
0.5882352941176471,0.9495798319327731,0.7907245690669783
0.5966386554621849,0.9495798319327731,0.7948267547053927
0.6050420168067226,0.9495798319327731,0.798868983347572
0.6134453781512604,0.9495798319327731,0.8028513272902784
0.6218487394957983,0.9495798319327731,0.8067738934867392
0.6302521008403361,0.9495798319327731,0.8106368224133267
0.6386554621848739,0.9495798319327731,0.8144402869240777
0.6470588235294117,0.9495798319327731,0.8181844910960171
0.6554621848739496,0.9495798319327731,0.8218696690681514
0.6638655462184874,0.9495798319327731,0.8254960838768667
0.6722689075630252,0.9495798319327731,0.8290640262903585
0.680672268907563,0.9495798319327731,0.8325738136445852
0.6890756302521008,0.9495798319327731,0.8360257886831176
0.6974789915966386,0.9495798319327731,0.8394203184031268
0.7058823529411764,0.9495798319327731,0.8427577929096254
0.7142857142857143,0.9495798319327731,0.8460386242799466
0.7226890756302521,0.9495798319327731,0.849263245440319
0.7310924369747899,0.9495798319327731,0.8524321090562657
0.7394957983193277,0.9495798319327731,0.8555456864384327
0.7478991596638656,0.9495798319327731,0.8586044664653243
0.7563025210084033,0.9495798319327731,0.8616089545243018
0.7647058823529411,0.9495798319327731,0.8645596714720859
0.7731092436974789,0.9495798319327731,0.8674571526158797
0.7815126050420168,0.9495798319327731,0.8703019467161247
0.7899159663865546,0.9495798319327731,0.8730946150117812
0.7983193277310924,0.9495798319327731,0.8758357302689312
0.8067226890756303,0.9495798319327731,0.8785258758533874
0.8151260504201681,0.9495798319327731,0.8811656448279048
0.8235294117647058,0.9495798319327731,0.8837556390744856
0.8319327731092436,0.9495798319327731,0.8862964684421912
0.8403361344537815,0.9495798319327731,0.8887887499207762
0.8487394957983193,0.9495798319327731,0.8912331068403904
0.8571428571428571,0.9495798319327731,0.8936301680975087
0.8655462184873949,0.9495798319327731,0.8959805674071819
0.8739495798319328,0.9495798319327731,0.8982849425816294
0.8823529411764706,0.9495798319327731,0.9005439348351356
0.8907563025210083,0.9495798319327731,0.902758188115147
0.8991596638655461,0.9495798319327731,0.904928348459414
0.907563025210084,0.9495798319327731,0.9070550633789721
0.9159663865546218,0.9495798319327731,0.9091389812667041
0.9243697478991596,0.9495798319327731,0.9111807508311884
0.9327731092436974,0.9495798319327731,0.9131810205554907
0.9411764705882353,0.9495798319327731,0.9151404381805284
0.9495798319327731,0.9495798319327731,0.9170596502125946
0.9579831932773109,0.9495798319327731,0.9189393014546111
0.9663865546218487,0.9495798319327731,0.9207800345606404
0.9747899159663865,0.9495798319327731,0.9225824896131724
0.9831932773109243,0.9495798319327731,0.9243473037226816
0.9915966386554621,0.9495798319327731,0.9260751106489218
1.0,0.9495798319327731,0.9277665404434275
0.0,0.953781512605042,0.3968349247684044
0.008403361344537815,0.953781512605042,0.40279917935694987
0.01680672268907563,0.953781512605042,0.40879232089365225
0.025210084033613446,0.953781512605042,0.41481269550363775
0.03361344537815126,0.953781512605042,0.4208586173532434
0.04201680672268907,0.953781512605042,0.4269283704274208
0.05042016806722689,0.953781512605042,0.43302021038164284
0.058823529411764705,0.953781512605042,0.43913236646434395
0.06722689075630252,0.953781512605042,0.4452630435056334
0.07563025210084033,0.953781512605042,0.4514104239677376
0.08403361344537814,0.953781512605042,0.4575726700523608
0.09243697478991596,0.953781512605042,0.46374792585991115
0.10084033613445378,0.953781512605042,0.4699343195953085
0.1092436974789916,0.953781512605042,0.47612996581488837
0.11764705882352941,0.953781512605042,0.48233296770873507
0.12605042016806722,0.953781512605042,0.48854141941261825
0.13445378151260504,0.953781512605042,0.4947534083435753
0.14285714285714285,0.953781512605042,0.500967017553079
0.15126050420168066,0.953781512605042,0.5071803280916456
0.15966386554621848,0.953781512605042,0.5133914213786924
0.1680672268907563,0.953781512605042,0.5195983815714282
0.1764705882352941,0.953781512605042,0.5257992979265618
0.18487394957983191,0.953781512605042,0.5319922671486512
0.19327731092436973,0.953781512605042,0.5381753957189728
0.20168067226890757,0.953781512605042,0.5443468021988758
0.21008403361344538,0.953781512605042,0.5505046195017053
0.2184873949579832,0.953781512605042,0.5566469971275159
0.226890756302521,0.953781512605042,0.5627721033549585
0.23529411764705882,0.953781512605042,0.5688781273849203
0.24369747899159663,0.953781512605042,0.5749632814306995
0.25210084033613445,0.953781512605042,0.581025802749739
0.26050420168067223,0.953781512605042,0.5870639556121855
0.2689075630252101,0.953781512605042,0.5930760332018207
0.2773109243697479,0.953781512605042,0.599060359445188
0.2857142857142857,0.953781512605042,0.6050152907650501
0.29411764705882354,0.953781512605042,0.610939217754615
0.3025210084033613,0.953781512605042,0.6168305667693009
0.31092436974789917,0.953781512605042,0.62268780143314
0.31932773109243695,0.953781512605042,0.628509424057259
0.3277310924369748,0.953781512605042,0.6342939769682227
0.3361344537815126,0.953781512605042,0.6400400437443685
0.3445378151260504,0.953781512605042,0.6457462503586117
0.3529411764705882,0.953781512605042,0.6514112662265444
0.36134453781512604,0.953781512605042,0.657033805158998
0.36974789915966383,0.953781512605042,0.6626126262185714
0.37815126050420167,0.953781512605042,0.6681465344799677
0.38655462184873945,0.953781512605042,0.6736343816942965
0.3949579831932773,0.953781512605042,0.6790750668578226
0.40336134453781514,0.953781512605042,0.6844675366859376
0.4117647058823529,0.953781512605042,0.689810785993428
0.42016806722689076,0.953781512605042,0.695103857982387
0.42857142857142855,0.953781512605042,0.7003458444393829
0.4369747899159664,0.953781512605042,0.7055358858437474
0.4453781512605042,0.953781512605042,0.7106731713890744
0.453781512605042,0.953781512605042,0.7157569389202413
0.4621848739495798,0.953781512605042,0.7207864747884589
0.47058823529411764,0.953781512605042,0.7257611136270419
0.4789915966386554,0.953781512605042,0.7306802380507539
0.48739495798319327,0.953781512605042,0.7355432782817238
0.49579831932773105,0.953781512605042,0.740349711705065
0.5042016806722689,0.953781512605042,0.7450990623574351
0.5126050420168067,0.953781512605042,0.7497909003518679
0.5210084033613445,0.953781512605042,0.7544248412422867
0.5294117647058824,0.953781512605042,0.7590005453311675
0.5378151260504201,0.953781512605042,0.7635177169238588
0.5462184873949579,0.953781512605042,0.7679761035331051
0.5546218487394958,0.953781512605042,0.7723754950373167
0.5630252100840336,0.953781512605042,0.7767157227961394
0.5714285714285714,0.953781512605042,0.7809966587268584
0.5798319327731092,0.953781512605042,0.7852182143451387
0.5882352941176471,0.953781512605042,0.7893803397735709
0.5966386554621849,0.953781512605042,0.7934830227214297
0.6050420168067226,0.953781512605042,0.7975262874390031
0.6134453781512604,0.953781512605042,0.8015101936497651
0.6218487394957983,0.953781512605042,0.8054348354635921
0.6302521008403361,0.953781512605042,0.8093003402741344
0.6386554621848739,0.953781512605042,0.813106867643357
0.6470588235294117,0.953781512605042,0.8168546081761584
0.6554621848739496,0.953781512605042,0.8205437823878793
0.6638655462184874,0.953781512605042,0.824174639567391
0.6722689075630252,0.953781512605042,0.8277474566383426
0.680672268907563,0.953781512605042,0.8312625370210308
0.6890756302521008,0.953781512605042,0.8347202094972236
0.6974789915966386,0.953781512605042,0.838120827080165
0.7058823529411764,0.953781512605042,0.8414647658918448
0.7142857142857143,0.953781512605042,0.8447524240495072
0.7226890756302521,0.953781512605042,0.8479842205632431
0.7310924369747899,0.953781512605042,0.8511605942463848
0.7394957983193277,0.953781512605042,0.8542820026403082
0.7478991596638656,0.953781512605042,0.8573489209551156
0.7563025210084033,0.953781512605042,0.8603618410275657
0.7647058823529411,0.953781512605042,0.8633212702974887
0.7731092436974789,0.953781512605042,0.8662277308038243
0.7815126050420168,0.953781512605042,0.869081758201299
0.7899159663865546,0.953781512605042,0.8718839007986537
0.7983193277310924,0.953781512605042,0.8746347186192384
0.8067226890756303,0.953781512605042,0.8773347824846752
0.8151260504201681,0.953781512605042,0.8799846731222066
0.8235294117647058,0.953781512605042,0.8825849802962489
0.8319327731092436,0.953781512605042,0.8851363019645833
0.8403361344537815,0.953781512605042,0.8876392434595297
0.8487394957983193,0.953781512605042,0.8900944166943751
0.8571428571428571,0.953781512605042,0.8925024393952435
0.8655462184873949,0.953781512605042,0.8948639343585338
0.8739495798319328,0.953781512605042,0.8971795287339687
0.8823529411764706,0.953781512605042,0.8994498533332536
0.8907563025210083,0.953781512605042,0.9016755419642687
0.8991596638655461,0.953781512605042,0.9038572307906693
0.907563025210084,0.953781512605042,0.9059955577167188
0.9159663865546218,0.953781512605042,0.9080911617971287
0.9243697478991596,0.953781512605042,0.9101446826716356
0.9327731092436974,0.953781512605042,0.9121567600240094
0.9411764705882353,0.953781512605042,0.9141280330651419
0.9495798319327731,0.953781512605042,0.9160591400398431
0.9579831932773109,0.953781512605042,0.9179507177569303
0.9663865546218487,0.953781512605042,0.9198034011421773
0.9747899159663865,0.953781512605042,0.921617822813663
0.9831932773109243,0.953781512605042,0.9233946126790382
0.9915966386554621,0.953781512605042,0.925134397554211
1.0,0.953781512605042,0.9268378008029357
0.0,0.9579831932773109,0.3968349247684044
0.008403361344537815,0.9579831932773109,0.4027713300837111
0.01680672268907563,0.9579831932773109,0.40873636144866554
0.025210084033613446,0.9579831932773109,0.4147283882160052
0.03361344537815126,0.9579831932773109,0.4207457483549611
0.04201680672268907,0.9579831932773109,0.4267867501867895
0.05042016806722689,0.9579831932773109,0.43284967419279896
0.058823529411764705,0.9579831932773109,0.4389327748910382
0.06722689075630252,0.9579831932773109,0.4450342827775272
0.07563025210084033,0.9579831932773109,0.45115240632763853
0.08403361344537814,0.9579831932773109,0.45728533405298366
0.09243697478991596,0.9579831932773109,0.4634312366089167
0.10084033613445378,0.9579831932773109,0.46958826894755645
0.1092436974789916,0.9579831932773109,0.47575457251101927
0.11764705882352941,0.9579831932773109,0.4819282774593914
0.12605042016806722,0.9579831932773109,0.4881075049278057
0.13445378151260504,0.9579831932773109,0.4942903693068668
0.14285714285714285,0.9579831932773109,0.5004749805405615
0.15126050420168066,0.9579831932773109,0.5066594464357138
0.15966386554621848,0.9579831932773109,0.5128418749769946
0.1680672268907563,0.9579831932773109,0.5190203766414686
0.1764705882352941,0.9579831932773109,0.5251930667066648
0.18487394957983191,0.9579831932773109,0.5313580675461854
0.19327731092436973,0.9579831932773109,0.5375135109069242
0.20168067226890757,0.9579831932773109,0.5436575401620439
0.21008403361344538,0.9579831932773109,0.5497883125339751
0.2184873949579832,0.9579831932773109,0.555904001281825
0.226890756302521,0.9579831932773109,0.5620027978477484
0.23529411764705882,0.9579831932773109,0.5680829139570023
0.24369747899159663,0.9579831932773109,0.57414258366662
0.25210084033613445,0.9579831932773109,0.5801800653578489
0.26050420168067223,0.9579831932773109,0.5861936436677468
0.2689075630252101,0.9579831932773109,0.5921816313555852
0.2773109243697479,0.9579831932773109,0.5981423710999821
0.2857142857142857,0.9579831932773109,0.6040742372229795
0.29411764705882354,0.9579831932773109,0.6099756373375724
0.3025210084033613,0.9579831932773109,0.6158450139155178
0.31092436974789917,0.9579831932773109,0.6216808457725623
0.31932773109243695,0.9579831932773109,0.6274816494685601
0.3277310924369748,0.9579831932773109,0.6332459806202789
0.3361344537815126,0.9579831932773109,0.6389724351250284
0.3445378151260504,0.9579831932773109,0.6446596502935789
0.3529411764705882,0.9579831932773109,0.6503063058911722
0.36134453781512604,0.9579831932773109,0.65591112508576
0.36974789915966383,0.9579831932773109,0.661472875302926
0.37815126050420167,0.9579831932773109,0.6669903689872798
0.38655462184873945,0.9579831932773109,0.6724624642704122
0.3949579831932773,0.9579831932773109,0.6778880655458153
0.40336134453781514,0.9579831932773109,0.6832661239514611
0.4117647058823529,0.9579831932773109,0.6885956377610174
0.42016806722689076,0.9579831932773109,0.6938756526849489
0.42857142857142855,0.9579831932773109,0.6991052620830104
0.4369747899159664,0.9579831932773109,0.7042836070898775
0.4453781512605042,0.9579831932773109,0.7094098766558944
0.453781512605042,0.9579831932773109,0.7144833075051245
0.4621848739495798,0.9579831932773109,0.7195031840130854
0.47058823529411764,0.9579831932773109,0.7244688380067362
0.4789915966386554,0.9579831932773109,0.729379648489432
0.48739495798319327,0.9579831932773109,0.7342350412937245
0.49579831932773105,0.9579831932773109,0.7390344886649983
0.5042016806722689,0.9579831932773109,0.743777508779056
0.5126050420168067,0.9579831932773109,0.748463665196852
0.5210084033613445,0.9579831932773109,0.7530925662596569
0.5294117647058824,0.9579831932773109,0.7576638644279932
0.5378151260504201,0.9579831932773109,0.7621772555677311
0.5462184873949579,0.9579831932773109,0.7666324781867636
0.5546218487394958,0.9579831932773109,0.7710293126256952
0.5630252100840336,0.9579831932773109,0.7753675802059812
0.5714285714285714,0.9579831932773109,0.7796471423389439
0.5798319327731092,0.9579831932773109,0.7838678995990694
0.5882352941176471,0.9579831932773109,0.7880297907649484
0.5966386554621849,0.9579831932773109,0.7921327918311853
0.6050420168067226,0.9579831932773109,0.7961769149945351
0.6134453781512604,0.9579831932773109,0.800162207617469
0.6218487394957983,0.9579831932773109,0.8040887511722865
0.6302521008403361,0.9579831932773109,0.8079566601688157
0.6386554621848739,0.9579831932773109,0.8117660810686519
0.6470588235294117,0.9579831932773109,0.8155171911887866
0.6554621848739496,0.9579831932773109,0.8192101975973773
0.6638655462184874,0.9579831932773109,0.822845336004309
0.6722689075630252,0.9579831932773109,0.8264228696490762
0.680672268907563,0.9579831932773109,0.8299430881884169
0.6890756302521008,0.9579831932773109,0.8334063065859956
0.6974789915966386,0.9579831932773109,0.8368128640063358
0.7058823529411764,0.9579831932773109,0.8401631227150604
0.7142857142857143,0.9579831932773109,0.843457466987404
0.7226890756302521,0.9579831932773109,0.8466963020268184
0.7310924369747899,0.9579831932773109,0.8498800528953908
0.7394957983193277,0.9579831932773109,0.8530091634576673
0.7478991596638656,0.9579831932773109,0.8560840953393555
0.7563025210084033,0.9579831932773109,0.8591053269022796
0.7647058823529411,0.9579831932773109,0.8620733522368236
0.7731092436974789,0.9579831932773109,0.8649886801730164
0.7815126050420168,0.9579831932773109,0.8678518333112789
0.7899159663865546,0.9579831932773109,0.8706633470737677
0.7983193277310924,0.9579831932773109,0.8734237687771396
0.8067226890756303,0.9579831932773109,0.8761336567274608
0.8151260504201681,0.9579831932773109,0.8787935793378985
0.8235294117647058,0.9579831932773109,0.8814041142697376
0.8319327731092436,0.9579831932773109,0.8839658475971716
0.8403361344537815,0.9579831932773109,0.8864793729962521
0.8487394957983193,0.9579831932773109,0.888945290958276
0.8571428571428571,0.9579831932773109,0.8913642080278451
0.8655462184873949,0.9579831932773109,0.8937367360657305
0.8739495798319328,0.9579831932773109,0.8960634915366349
0.8823529411764706,0.9579831932773109,0.8983450948218642
0.8907563025210083,0.9579831932773109,0.9005821695568668
0.8991596638655461,0.9579831932773109,0.9027753419935488
0.907563025210084,0.9579831932773109,0.9049252403872121
0.9159663865546218,0.9579831932773109,0.9070324944079226
0.9243697478991596,0.9579831932773109,0.9090977345760707
0.9327731092436974,0.9579831932773109,0.9111215917218386
0.9411764705882353,0.9579831932773109,0.9131046964682631
0.9495798319327731,0.9579831932773109,0.9150476787375403
0.9579831932773109,0.9579831932773109,0.9169511672801901
0.9663865546218487,0.9579831932773109,0.918815789226676
0.9747899159663865,0.9579831932773109,0.9206421696610375
0.9831932773109243,0.9579831932773109,0.9224309312160944
0.9915966386554621,0.9579831932773109,0.9241826936897326
1.0,0.9579831932773109,0.9258980736817934
0.0,0.9621848739495797,0.3968349247684044
0.008403361344537815,0.9621848739495797,0.40274348143743693
0.01680672268907563,0.9621848739495797,0.40868040436868236
0.025210084033613446,0.9621848739495797,0.41464408592201873
0.03361344537815126,0.9621848739495797,0.4206328876414604
0.04201680672268907,0.9621848739495797,0.4266451419496163
0.05042016806722689,0.9621848739495797,0.432679153912682
0.058823529411764705,0.9621848739495797,0.43873320307226177
0.06722689075630252,0.9621848739495797,0.44480554534003786
0.07563025210084033,0.9621848739495797,0.4508944149510465
0.08403361344537814,0.9621848739495797,0.45699802647106963
0.09243697478991596,0.9621848739495797,0.4631145768534232
0.10084033613445378,0.9621848739495797,0.46924224754021127
0.1092436974789916,0.9621848739495797,0.4753792066029237
0.11764705882352941,0.9621848739495797,0.48152361091708523
0.12605042016806722,0.9621848739495797,0.4876736083655136
0.13445378151260504,0.9621848739495797,0.4938273400646221
0.14285714285714285,0.9621848739495797,0.49998294260809745
0.15126050420168066,0.9621848739495797,0.5061385503222108
0.15966386554621848,0.9621848739495797,0.5122922975269645
0.1680672268907563,0.9621848739495797,0.5184423207972577
0.1764705882352941,0.9621848739495797,0.5245867612182437
0.18487394957983191,0.9621848739495797,0.5307237666290884
0.19327731092436973,0.9621848739495797,0.5368514938493862
0.20168067226890757,0.9621848739495797,0.5429681108825601
0.21008403361344538,0.9621848739495797,0.5490717990906845
0.2184873949579832,0.9621848739495797,0.5551607553352866
0.226890756302521,0.9621848739495797,0.561233194078833
0.23529411764705882,0.9621848739495797,0.5672873494417777
0.24369747899159663,0.9621848739495797,0.5733214772102413
0.25210084033613445,0.9621848739495797,0.5793338567895988
0.26050420168067223,0.9621848739495797,0.5853227930994865
0.2689075630252101,0.9621848739495797,0.5912866184059828
0.2773109243697479,0.9621848739495797,0.5972236940869818
0.2857142857142857,0.9621848739495797,0.6031324123270511
0.29411764705882354,0.9621848739495797,0.6090111977383578
0.3025210084033613,0.9621848739495797,0.6148585089045406
0.31092436974789917,0.9621848739495797,0.6206728398447132
0.31932773109243695,0.9621848739495797,0.6264527213950999
0.3277310924369748,0.9621848739495797,0.6321967225061202
0.3361344537815126,0.9621848739495797,0.6379034514530594
0.3445378151260504,0.9621848739495797,0.6435715569587889
0.3529411764705882,0.9621848739495797,0.6491997292273163
0.36134453781512604,0.9621848739495797,0.6547867008872679
0.36974789915966383,0.9621848739495797,0.6603312478447257
0.37815126050420167,0.9621848739495797,0.665832190045142
0.38655462184873945,0.9621848739495797,0.6712883921443692
0.3949579831932773,0.9621848739495797,0.6766987640891303
0.40336134453781514,0.9621848739495797,0.682062261607545
0.4117647058823529,0.9621848739495797,0.6873778866105997
0.42016806722689076,0.9621848739495797,0.6926446875057154
0.42857142857142855,0.9621848739495797,0.6978617594238137
0.4369747899159664,0.9621848739495797,0.7030282443615238
0.4453781512605042,0.9621848739495797,0.7081433312403919
0.453781512605042,0.9621848739495797,0.7132062558851602
0.4621848739495798,0.9621848739495797,0.7182163009233836
0.47058823529411764,0.9621848739495797,0.7231727956088161
0.4789915966386554,0.9621848739495797,0.7280751155711691
0.48739495798319327,0.9621848739495797,0.7329226824949835
0.49579831932773105,0.9621848739495797,0.7377149637304838
0.5042016806722689,0.9621848739495797,0.7424514718393977
0.5126050420168067,0.9621848739495797,0.7471317640788145
0.5210084033613445,0.9621848739495797,0.7517554418262404
0.5294117647058824,0.9621848739495797,0.7563221499490685
0.5378151260504201,0.9621848739495797,0.7608315761217299
0.5462184873949579,0.9621848739495797,0.7652834500938305
0.5546218487394958,0.9621848739495797,0.7696775429125899
0.5630252100840336,0.9621848739495797,0.7740136661029149
0.5714285714285714,0.9621848739495797,0.7782916708084205
0.5798319327731092,0.9621848739495797,0.7825114468967072
0.5882352941176471,0.9621848739495797,0.7866729220321569
0.5966386554621849,0.9621848739495797,0.7907760607194816
0.6050420168067226,0.9621848739495797,0.7948208633211983
0.6134453781512604,0.9621848739495797,0.7988073650521461
0.6218487394957983,0.9621848739495797,0.8027356349540933
0.6302521008403361,0.9621848739495797,0.8066057748533992
0.6386554621848739,0.9621848739495797,0.8104179183046217
0.6470588235294117,0.9621848739495797,0.8141722295228552
0.6554621848739496,0.9621848739495797,0.8178689023075054
0.6638655462184874,0.9621848739495797,0.8215081589600948
0.6722689075630252,0.9621848739495797,0.8250902491985891
0.680672268907563,0.9621848739495797,0.828615449070633
0.6890756302521008,0.9621848739495797,0.8320840598679662
0.6974789915966386,0.9621848739495797,0.835496407044184
0.7058823529411764,0.9621848739495797,0.8388528391378854
0.7142857142857143,0.9621848739495797,0.8421537267031455
0.7226890756302521,0.9621848739495797,0.8453994612491265
0.7310924369747899,0.9621848739495797,0.8485904541905318
0.7394957983193277,0.9621848739495797,0.8517271358104896
0.7478991596638656,0.9621848739495797,0.8548099542373411
0.7563025210084033,0.9621848739495797,0.8578393744366997
0.7647058823529411,0.9621848739495797,0.8608158772200311
0.7731092436974789,0.9621848739495797,0.863739958270906
0.7815126050420168,0.9621848739495797,0.8666121271899607
0.7899159663865546,0.9621848739495797,0.8694329065595127
0.7983193277310924,0.9621848739495797,0.8722028310286647
0.8067226890756303,0.9621848739495797,0.8749224464196481
0.8151260504201681,0.9621848739495797,0.8775923088560543
0.8235294117647058,0.9621848739495797,0.8802129839135185
0.8319327731092436,0.9621848739495797,0.8827850457933337
0.8403361344537815,0.9621848739495797,0.8853090765193927
0.8487394957983193,0.9621848739495797,0.8877856651587746
0.8571428571428571,0.9621848739495797,0.8902154070662228
0.8655462184873949,0.9621848739495797,0.8925989031526854
0.8739495798319328,0.9621848739495797,0.8949367591780326
0.8823529411764706,0.9621848739495797,0.8972295850679876
0.8907563025210083,0.9621848739495797,0.8994779942552686
0.8991596638655461,0.9621848739495797,0.9016826030448635
0.907563025210084,0.9621848739495797,0.9038440300033269
0.9159663865546218,0.9621848739495797,0.9059628953719268
0.9243697478991596,0.9621848739495797,0.908039820503433
0.9327731092436974,0.9621848739495797,0.9100754273222933
0.9411764705882353,0.9621848739495797,0.9120703378079108
0.9495798319327731,0.9621848739495797,0.9140251735006981
0.9579831932773109,0.9621848739495797,0.9159405550305535
0.9663865546218487,0.9621848739495797,0.9178171016673782
0.9747899159663865,0.9621848739495797,0.9196554308932261
0.9831932773109243,0.9621848739495797,0.9214561579956595
0.9915966386554621,0.9621848739495797,0.9232198956818564
1.0,0.9621848739495797,0.9249472537130069
0.0,0.9663865546218486,0.3968349247684044
0.008403361344537815,0.9663865546218486,0.4027156334182929
0.01680672268907563,0.9663865546218486,0.40862444965505257
0.025210084033613446,0.9663865546218486,0.41455978862631887
0.03361344537815126,0.9663865546218486,0.42052003522392956
0.04201680672268907,0.9663865546218486,0.4265035457380975
0.05042016806722689,0.9663865546218486,0.43250864958020074
0.058823529411764705,0.9663865546218486,0.43853365107060915
0.06722689075630252,0.9663865546218486,0.44457683128770226
0.07563025210084033,0.9663865546218486,0.4506364499739789
0.08403361344537814,0.9663865546218486,0.4567107474949217
0.09243697478991596,0.9663865546218486,0.46279794684605796
0.10084033613445378,0.9663865546218486,0.46889625570345406
0.1092436974789916,0.9663865546218486,0.47500386851269505
0.11764705882352941,0.9663865546218486,0.48111896861123477
0.12605042016806722,0.9663865546218486,0.4872397303788622
0.13445378151260504,0.9663865546218486,0.49336432141090175
0.14285714285714285,0.9663865546218486,0.4994909047086704
0.15126050420168066,0.9663865546218486,0.5056176408816394
0.15966386554621848,0.9663865546218486,0.5117426903556953
0.1680672268907563,0.9663865546218486,0.5178642155818686
0.1764705882352941,0.9663865546218486,0.5239803832398988
0.18487394957983191,0.9663865546218486,0.5300893664310227
0.19327731092436973,0.9663865546218486,0.5361893468544245
0.20168067226890757,0.9663865546218486,0.5422785169618561
0.21008403361344538,0.9663865546218486,0.5483550820850267
0.2184873949579832,0.9663865546218486,0.5544172625304865
0.226890756302521,0.9663865546218486,0.5604632956368649
0.23529411764705882,0.9663865546218486,0.566491437789484
0.24369747899159663,0.9663865546218486,0.5724999663875534
0.25210084033613445,0.9663865546218486,0.5784871817593548
0.26050420168067223,0.9663865546218486,0.5844514090210364
0.2689075630252101,0.9663865546218486,0.5903909998748833
0.2773109243697479,0.9663865546218486,0.5963043343431698
0.2857142857142857,0.9663865546218486,0.6021898224339721
0.29411764705882354,0.9663865546218486,0.6080459057355896
0.3025210084033613,0.9663865546218486,0.6138710589365114
0.31092436974789917,0.9663865546218486,0.6196637912681593
0.31932773109243695,0.9663865546218486,0.6254226478679339
0.3277310924369748,0.9663865546218486,0.631146211060407
0.3361344537815126,0.9663865546218486,0.6368331015548
0.3445378151260504,0.9663865546218486,0.6424819795572062
0.3529411764705882,0.9663865546218486,0.6480915457963232
0.36134453781512604,0.9663865546218486,0.6536605424617696
0.36974789915966383,0.9663865546218486,0.6591877540543657
0.37815126050420167,0.9663865546218486,0.6646720081480559
0.38655462184873945,0.9663865546218486,0.6701121760634503
0.3949579831932773,0.9663865546218486,0.6755071734532412
0.40336134453781514,0.9663865546218486,0.6808559608000329
0.4117647058823529,0.9663865546218486,0.6861575438273897
0.42016806722689076,0.9663865546218486,0.6914109738251626
0.42857142857142855,0.9663865546218486,0.6966153478903973
0.4369747899159664,0.9663865546218486,0.7017698090853612
0.4453781512605042,0.9663865546218486,0.706873546514441
0.453781512605042,0.9663865546218486,0.7119257953218698
0.4621848739495798,0.9663865546218486,0.7169258366124243
0.47058823529411764,0.9663865546218486,0.7218729972974159
0.4789915966386554,0.9663865546218486,0.7267666498684497
0.48739495798319327,0.9663865546218486,0.7316062121015703
0.49579831932773105,0.9663865546218486,0.7363911466945415
0.5042016806722689,0.9663865546218486,0.7411209608401164
0.5126050420168067,0.9663865546218486,0.745795205738252
0.5210084033613445,0.9663865546218486,0.7504134760503008
0.5294117647058824,0.9663865546218486,0.7549754092982789
0.5378151260504201,0.9663865546218486,0.759480685212359
0.5462184873949579,0.9663865546218486,0.7639290250297772
0.5546218487394958,0.9663865546218486,0.7683201907483593
0.5630252100840336,0.9663865546218486,0.7726539843378879
0.5714285714285714,0.9663865546218486,0.7769302469125243
0.5798319327731092,0.9663865546218486,0.7811488578674861
0.5882352941176471,0.9663865546218486,0.785309733983156
0.5966386554621849,0.9663865546218486,0.7894128284997565
0.6050420168067226,0.9663865546218486,0.7934581301656853
0.6134453781512604,0.9663865546218486,0.7974456622625429
0.6218487394957983,0.9663865546218486,0.8013754816098214
0.6302521008403361,0.9663865546218486,0.805247677552159
0.6386554621848739,0.9663865546218486,0.8090623709319726
0.6470588235294117,0.9663865546218486,0.8128197130502067
0.6554621848739496,0.9663865546218486,0.816519884617841
0.6638655462184874,0.9663865546218486,0.8201630947007036
0.6722689075630252,0.9663865546218486,0.8237495796600397
0.680672268907563,0.9663865546218486,0.8272796020911828
0.6890756302521008,0.9663865546218486,0.830753449762561
0.6974789915966386,0.9663865546218486,0.8341714345571838
0.7058823529411764,0.9663865546218486,0.8375338914186156
0.7142857142857143,0.9663865546218486,0.840841177303363
0.7226890756302521,0.9663865546218486,0.8440936701414685
0.7310924369747899,0.9663865546218486,0.8472917678070027
0.7394957983193277,0.9663865546218486,0.8504358871000405
0.7478991596638656,0.9663865546218486,0.8535264627415838
0.7563025210084033,0.9663865546218486,0.8565639463828034
0.7647058823529411,0.9663865546218486,0.8595488056298469
0.7731092436974789,0.9663865546218486,0.862481523085375
0.7815126050420168,0.9663865546218486,0.8653625954078682
0.7899159663865546,0.9663865546218486,0.8681925323896584
0.7983193277310924,0.9663865546218486,0.8709718560545431
0.8067226890756303,0.9663865546218486,0.8737010997757323
0.8151260504201681,0.9663865546218486,0.8763808074148131
0.8235294117647058,0.9663865546218486,0.879011532482299
0.8319327731092436,0.9663865546218486,0.8815938373202773
0.8403361344537815,0.9663865546218486,0.8841282923075632
0.8487394957983193,0.9663865546218486,0.8866154750877068
0.8571428571428571,0.9663865546218486,0.8890559698201261
0.8655462184873949,0.9663865546218486,0.8914503664545573
0.8739495798319328,0.9663865546218486,0.8937992600289676
0.8823529411764706,0.9663865546218486,0.8961032499909914
0.8907563025210083,0.9663865546218486,0.8983629395429177
0.8991596638655461,0.9663865546218486,0.9005789350101743
0.907563025210084,0.9663865546218486,0.902751845233228
0.9159663865546218,0.9663865546218486,0.9048822809827576
0.9243697478991596,0.9663865546218486,0.9069708543979159
0.9327731092436974,0.9663865546218486,0.9090181784474586
0.9411764705882353,0.9663865546218486,0.9110248664134767
0.9495798319327731,0.9663865546218486,0.9129915313974378
0.9579831932773109,0.9663865546218486,0.9149187858482093
0.9663865546218487,0.9663865546218486,0.9168072411117028
0.9747899159663865,0.9663865546218486,0.9186575070017674
0.9831932773109243,0.9663865546218486,0.9204701913919183
0.9915966386554621,0.9663865546218486,0.9222458998274791
1.0,0.9663865546218486,0.9239852351576986
0.0,0.9705882352941176,0.3968349247684044
0.008403361344537815,0.9705882352941176,0.40268778602644456
0.01680672268907563,0.9705882352941176,0.40856849730912603
0.025210084033613446,0.9705882352941176,0.4144754963335452
0.03361344537815126,0.9705882352941176,0.4204071911135536
0.04201680672268907,0.9705882352941176,0.42636196157442224
0.05042016806722689,0.9705882352941176,0.43233816123424873
0.058823529411764705,0.9705882352941176,0.43833411894864904
0.06722689075630252,0.9705882352941176,0.44434814071501794
0.07563025210084033,0.9705882352941176,0.4503785115323971
0.08403361344537814,0.9705882352941176,0.4564234973127666
0.09243697478991596,0.9705882352941176,0.4624813468393526
0.10084033613445378,0.9705882352941176,0.4685502937673527
0.1092436974789916,0.9705882352941176,0.474628558662301
0.11764705882352941,0.9705882352941176,0.480714351071131
0.12605042016806722,0.9705882352941176,0.4868058716208598
0.13445378151260504,0.9705882352941176,0.4929013141396937
0.14285714285714285,0.9705882352941176,0.4989988677952635
0.15126050420168066,0.9705882352941176,0.5050967192446189
0.15966386554621848,0.9705882352941176,0.511193054790567
0.1680672268907563,0.9705882352941176,0.5172860625389023
0.1764705882352941,0.9705882352941176,0.5233739345510849
0.18487394957983191,0.9705882352941176,0.5294548689869313
0.19327731092436973,0.9705882352941176,0.5355270722319323
0.20168067226890757,0.9705882352941176,0.5415887610038779
0.21008403361344538,0.9705882352941176,0.5476381644335552
0.2184873949579832,0.9705882352941176,0.5536735261144018
0.226890756302521,0.9705882352941176,0.5596931061161254
0.23529411764705882,0.9705882352941176,0.5656951829574558
0.24369747899159663,0.9705882352941176,0.5716780555333688
0.25210084033613445,0.9705882352941176,0.5776400449923121
0.26050420168067223,0.9705882352941176,0.5835794965591721
0.2689075630252101,0.9705882352941176,0.5894947812999476
0.2773109243697479,0.9705882352941176,0.595384297824329
0.2857142857142857,0.9705882352941176,0.6012464739226433
0.29411764705882354,0.9705882352941176,0.6070797681338819
0.3025210084033613,0.9705882352941176,0.6128826712418037
0.31092436974789917,0.9705882352941176,0.618653707696388
0.31932773109243695,0.9705882352941176,0.6243914369582029
0.3277310924369748,0.9705882352941176,0.6300944547635446
0.3361344537815126,0.9705882352941176,0.6357613943085019
0.3445378151260504,0.9705882352941176,0.6413909273503997
0.3529411764705882,0.9705882352941176,0.6469817652253721
0.36134453781512604,0.9705882352941176,0.6525326597811147
0.36974789915966383,0.9705882352941176,0.6580424042241603
0.37815126050420167,0.9705882352941176,0.6635098338813107
0.38655462184873945,0.9705882352941176,0.6689338268751428
0.3949579831932773,0.9705882352941176,0.6743133047137848
0.40336134453781514,0.9705882352941176,0.6796472327954224
0.4117647058823529,0.9705882352941176,0.6849346208282666
0.42016806722689076,0.9705882352941176,0.690174523166947
0.42857142857142855,0.9705882352941176,0.6953660390665437
0.4369747899159664,0.9705882352941176,0.7005083128556963
0.4453781512605042,0.9705882352941176,0.7056005340304322
0.453781512605042,0.9705882352941176,0.7106419372705683
0.4621848739495798,0.9705882352941176,0.7156318023807097
0.47058823529411764,0.9705882352941176,0.720569454158058
0.4789915966386554,0.9705882352941176,0.7254542621893793
0.48739495798319327,0.9705882352941176,0.7302856405796364
0.49579831932773105,0.9705882352941176,0.7350630476149114
0.5042016806722689,0.9705882352941176,0.7397859853623522
0.5126050420168067,0.9705882352941176,0.7444539992099783
0.5210084033613445,0.9705882352941176,0.7490666773492631
0.5294117647058824,0.9705882352941176,0.7536236502034673
0.5378151260504201,0.9705882352941176,0.7581245898047638
0.5462184873949579,0.9705882352941176,0.762569209123227
0.5546218487394958,0.9705882352941176,0.7669572613507826
0.5630252100840336,0.9705882352941176,0.7712885391432318
0.5714285714285714,0.9705882352941176,0.7755628738234657
0.5798319327731092,0.9705882352941176,0.7797801345489657
0.5882352941176471,0.9705882352941176,0.7839402274466756
0.5966386554621849,0.9705882352941176,0.7880430947182901
0.6050420168067226,0.9705882352941176,0.7920887137189665
0.6134453781512604,0.9705882352941176,0.7960770960124127
0.6218487394957983,0.9705882352941176,0.8000082864052489
0.6302521008403361,0.9705882352941176,0.8038823619634681
0.6386554621848739,0.9705882352941176,0.8076994310137537
0.6470588235294117,0.9705882352941176,0.8114596321323233
0.6554621848739496,0.9705882352941176,0.8151631331238925
0.6638655462184874,0.9705882352941176,0.8188101299932542
0.6722689075630252,0.9705882352941176,0.822400845911876
0.680672268907563,0.9705882352941176,0.8259355301818281
0.6890756302521008,0.9705882352941176,0.8294144571992341
0.6974789915966386,0.9705882352941176,0.8328379254193647
0.7058823529411764,0.9705882352941176,0.8362062563253512
0.7142857142857143,0.9705882352941176,0.8395197934024272
0.7226890756302521,0.9705882352941176,0.8427789011194736
0.7310924369747899,0.9705882352941176,0.8459839639195448
0.7394957983193277,0.9705882352941176,0.8491353852209532
0.7478991596638656,0.9705882352941176,0.8522335864303731
0.7563025210084033,0.9705882352941176,0.8552790059693244
0.7647058823529411,0.9705882352941176,0.8582720983152997
0.7731092436974789,0.9705882352941176,0.8612133330586846
0.7815126050420168,0.9705882352941176,0.8641031939765346
0.7899159663865546,0.9705882352941176,0.866942178124163
0.7983193277310924,0.9705882352941176,0.8697307949454166
0.8067226890756303,0.9705882352941176,0.8724695654024006
0.8151260504201681,0.9705882352941176,0.8751590211253508
0.8235294117647058,0.9705882352941176,0.8777997035832472
0.8319327731092436,0.9705882352941176,0.880392163275692
0.8403361344537815,0.9705882352941176,0.8829369589464905
0.8487394957983193,0.9705882352941176,0.8854346568192984
0.8571428571428571,0.9705882352941176,0.8878858298556321
0.8655462184873949,0.9705882352941176,0.890291057035464
0.8739495798319328,0.9705882352941176,0.8926509226605621
0.8823529411764706,0.9705882352941176,0.8949660156806751
0.8907563025210083,0.9705882352941176,0.8972369290426018
0.8991596638655461,0.9705882352941176,0.8994642590621303
0.907563025210084,0.9705882352941176,0.9016486048187857
0.9159663865546218,0.9705882352941176,0.9037905675732708
0.9243697478991596,0.9705882352941176,0.9058907502074464
0.9327731092436974,0.9705882352941176,0.9079497566866521
0.9411764705882353,0.9705882352941176,0.9099681915441342
0.9495798319327731,0.9705882352941176,0.9119466593873115
0.9579831932773109,0.9705882352941176,0.9138857644255747
0.9663865546218487,0.9705882352941176,0.9157861100192928
0.9747899159663865,0.9705882352941176,0.9176482982496699
0.9831932773109243,0.9705882352941176,0.9194729295090687
0.9915966386554621,0.9705882352941176,0.9212606021114061
1.0,0.9705882352941176,0.9230119119221971
0.0,0.9747899159663865,0.3968349247684044
0.008403361344537815,0.9747899159663865,0.4026599392620572
0.01680672268907563,0.9747899159663865,0.4085125473322522
0.025210084033613446,0.9747899159663865,0.41439120904833604
0.03361344537815126,0.9747899159663865,0.4202943553215142
0.04201680672268907,0.9747899159663865,0.42622038948077134
0.05042016806722689,0.9747899159663865,0.43216768891370444
0.058823529411764705,0.9747899159663865,0.4381346067689251
0.06722689075630252,0.9747899159663865,0.44411947371644256
0.07563025210084033,0.9747899159663865,0.45012059976220536
0.08403361344537814,0.9747899159663865,0.45613627611275526
0.09243697478991596,0.9747899159663865,0.46216477708574233
0.10084033613445378,0.9747899159663865,0.4682043620618597
0.1092436974789916,0.9747899159663865,0.4742532774735818
0.11764705882352941,0.9747899159663865,0.4803097588259353
0.12605042016806722,0.9747899159663865,0.48637203274439866
0.13445378151260504,0.9747899159663865,0.49243831904490776
0.14285714285714285,0.9747899159663865,0.498506832820852
0.15126050420168066,0.9747899159663865,0.5045757865418742
0.15966386554621848,0.9747899159663865,0.5106433921592346
0.1680672268907563,0.9747899159663865,0.5167078632124718
0.1764705882352941,0.9747899159663865,0.5227674169320894
0.18487394957983191,0.9747899159663865,0.5288202763330125
0.19327731092436973,0.9747899159663865,0.5348646722935985
0.20168067226890757,0.9747899159663865,0.5408988456150463
0.21008403361344538,0.9747899159663865,0.5469210490561387
0.2184873949579832,0.9747899159663865,0.5529295493383463
0.226890756302521,0.9747899159663865,0.5589226291164592
0.23529411764705882,0.9747899159663865,0.5648985889100494
0.24369747899159663,0.9747899159663865,0.5708557489912337
0.25210084033613445,0.9747899159663865,0.5767924512243938
0.26050420168067223,0.9747899159663865,0.5827070608536984
0.2689075630252101,0.9747899159663865,0.5885979682345007
0.2773109243697479,0.9747899159663865,0.5944635905048993
0.2857142857142857,0.9747899159663865,0.6003023731940008
0.29411764705882354,0.9747899159663865,0.6061127917636728
0.3025210084033613,0.9747899159663865,0.6118933530808343
0.31092436974789917,0.9747899159663865,0.6176425968176066
0.31932773109243695,0.9747899159663865,0.6233590967769197
0.3277310924369748,0.9747899159663865,0.6290414621414562
0.3361344537815126,0.9747899159663865,0.6346883386440939
0.3445378151260504,0.9747899159663865,0.6402984096583014
0.3529411764705882,0.9747899159663865,0.6458703972072279
0.36134453781512604,0.9747899159663865,0.6514030628905086
0.36974789915966383,0.9747899159663865,0.656895208728103
0.37815126050420167,0.9747899159663865,0.6623456779207523
0.38655462184873945,0.9747899159663865,0.6677533555269218
0.3949579831932773,0.9747899159663865,0.6731171690563652
0.40336134453781514,0.9747899159663865,0.6784360889807004
0.4117647058823529,0.9747899159663865,0.6837091291616503
0.42016806722689076,0.9747899159663865,0.6889353471978275
0.42857142857142855,0.9747899159663865,0.6941138446911919
0.4369747899159664,0.9747899159663865,0.6992437674345146
0.4453781512605042,0.9747899159663865,0.7043243055213955
0.453781512605042,0.9747899159663865,0.7093546933805803
0.4621848739495798,0.9747899159663865,0.7143342097364952
0.47058823529411764,0.9747899159663865,0.7192621774980933
0.4789915966386554,0.9747899159663865,0.7241379635782558
0.48739495798319327,0.9747899159663865,0.7289609786461342
0.49579831932773105,0.9747899159663865,0.7337306768149378
0.5042016806722689,0.9747899159663865,0.7384465552677933
0.5126050420168067,0.9747899159663865,0.7431081538243867
0.5210084033613445,0.9747899159663865,0.7477150544511909
0.5294117647058824,0.9747899159663865,0.7522668807181421
0.5378151260504201,0.9747899159663865,0.7567632972046888
0.5462184873949579,0.9747899159663865,0.7612040088581784
0.5546218487394958,0.9747899159663865,0.7655887603075686
0.5630252100840336,0.9747899159663865,0.7699173351354744
0.5714285714285714,0.9747899159663865,0.7741895551115638
0.5798319327731092,0.9747899159663865,0.7784052793903038
0.5882352941176471,0.9747899159663865,0.7825644036760452
0.5966386554621849,0.9747899159663865,0.786666859358406
0.6050420168067226,0.9747899159663865,0.7907126126208746
0.6134453781512604,0.9747899159663865,0.7947016635255054
0.6218487394957983,0.9747899159663865,0.7986340450765302
0.6302521008403361,0.9747899159663865,0.8025098222656428
0.6386554621848739,0.9747899159663865,0.8063290911016447
0.6470588235294117,0.9747899159663865,0.8100919776270674
0.6554621848739496,0.9747899159663865,0.8137986369243068
0.6638655462184874,0.9747899159663865,0.8174492521137141
0.6722689075630252,0.9747899159663865,0.8210440333460048
0.680672268907563,0.9747899159663865,0.8245832167912513
0.6890756302521008,0.9747899159663865,0.8280670636266263
0.6974789915966386,0.9747899159663865,0.8314958590249716
0.7058823529411764,0.9747899159663865,0.8348699111461584
0.7142857142857143,0.9747899159663865,0.8381895501331127
0.7226890756302521,0.9747899159663865,0.8414551271142686
0.7310924369747899,0.9747899159663865,0.8446670132141152
0.7394957983193277,0.9747899159663865,0.8478255985733978
0.7478991596638656,0.9747899159663865,0.850931291380433
0.7563025210084033,0.9747899159663865,0.8539845169148939
0.7647058823529411,0.9747899159663865,0.8569857166053269
0.7731092436974789,0.9747899159663865,0.859935347101555
0.7815126050420168,0.9747899159663865,0.8628338793630357
0.7899159663865546,0.9747899159663865,0.86568179776414
0.7983193277310924,0.9747899159663865,0.868479599217231
0.8067226890756303,0.9747899159663865,0.8712277923143286
0.8151260504201681,0.9747899159663865,0.8739268964880635
0.8235294117647058,0.9747899159663865,0.8765774411925401
0.8319327731092436,0.9747899159663865,0.8791799651046392
0.8403361344537815,0.9747899159663865,0.8817350153462308
0.8487394957983193,0.9747899159663865,0.8842431467276747
0.8571428571428571,0.9747899159663865,0.8867049210129286
0.8655462184873949,0.9747899159663865,0.8891209062065109
0.8739495798319328,0.9747899159663865,0.8914916758625011
0.8823529411764706,0.9747899159663865,0.893817808415705
0.8907563025210083,0.9747899159663865,0.896099886535044
0.8991596638655461,0.9747899159663865,0.8983384964991892
0.907563025210084,0.9747899159663865,0.9005342275943936
0.9159663865546218,0.9747899159663865,0.9026876715344443
0.9243697478991596,0.9747899159663865,0.9047994219025983
0.9327731092436974,0.9747899159663865,0.9068700736153349
0.9411764705882353,0.9747899159663865,0.9089002224077166
0.9495798319327731,0.9747899159663865,0.9108904643401108
0.9579831932773109,0.9747899159663865,0.9128413953260021
0.9663865546218487,0.9747899159663865,0.9147536106805841
0.9747899159663865,0.9747899159663865,0.9166277046898053
0.9831932773109243,0.9747899159663865,0.9184642701995097
0.9915966386554621,0.9747899159663865,0.9202638982242969
1.0,0.9747899159663865,0.9220271775757054
0.0,0.9789915966386554,0.3968349247684044
0.008403361344537815,0.9789915966386554,0.40263209312529624
0.01680672268907563,0.9789915966386554,0.4084565997257804
0.025210084033613446,0.9789915966386554,0.4143069267753288
0.03361344537815126,0.9789915966386554,0.42018152785898927
0.04201680672268907,0.9789915966386554,0.426078829479318
0.05042016806722689,0.9789915966386554,0.4319972326574317
0.058823529411764705,0.9789915966386554,0.43793511459395484
0.06722689075630252,0.9789915966386554,0.44389083038639443
0.07563025210084033,0.9789915966386554,0.4498627147992511
0.08403361344537814,0.9789915966386554,0.4558490840829612
0.09243697478991596,0.9789915966386554,0.46184823783756496
0.10084033613445378,0.9789915966386554,0.4678584609168124
0.1092436974789916,0.9789915966386554,0.47387802536824863
0.11764705882352941,0.9789915966386554,0.4799051924046761
0.12605042016806722,0.9789915966386554,0.4859382144022515
0.13445378151260504,0.9789915966386554,0.49197533692037004
0.14285714285714285,0.9789915966386554,0.49801480073839655
0.15126050420168066,0.9789915966386554,0.5040548439042262
0.15966386554621848,0.9789915966386554,0.5100937037896147
0.1680672268907563,0.9789915966386554,0.5161296191471855
0.1764705882352941,0.9789915966386554,0.5221608321640118
0.18487394957983191,0.9789915966386554,0.5281855905066933
0.19327731092436973,0.9789915966386554,0.5342021493528752
0.20168067226890757,0.9789915966386554,0.5402087734042188
0.21008403361344538,0.9789915966386554,0.5462037388759134
0.2184873949579832,0.9789915966386554,0.5521853354579139
0.226890756302521,0.9789915966386554,0.5581518682432093
0.23529411764705882,0.9789915966386554,0.5641016596185651
0.24369747899159663,0.9789915966386554,0.5700330511133406
0.25210084033613445,0.9789915966386554,0.5759444052021504
0.26050420168067223,0.9789915966386554,0.5818341070573346
0.2689075630252101,0.9789915966386554,0.5877005662474029
0.2773109243697479,0.9789915966386554,0.5935422183778352
0.2857142857142857,0.9789915966386554,0.599357526670858
0.29411764705882354,0.9789915966386554,0.6051449834810484
0.3025210084033613,0.9789915966386554,0.6109031117438745
0.31092436974789917,0.9789915966386554,0.6166304663545374
0.31932773109243695,0.9789915966386554,0.6223256354747515
0.3277310924369748,0.9789915966386554,0.6279872417653558
0.3361344537815126,0.9789915966386554,0.6336139435429442
0.3445378151260504,0.9789915966386554,0.6392044358589606
0.3529411764705882,0.9789915966386554,0.6447574514999914
0.36134453781512604,0.9789915966386554,0.6502717619082622
0.36974789915966383,0.9789915966386554,0.6557461780216187
0.37815126050420167,0.9789915966386554,0.6611795510325441
0.38655462184873945,0.9789915966386554,0.6665707730660255
0.3949579831932773,0.9789915966386554,0.6719187777763524
0.40336134453781514,0.9789915966386554,0.6772225408631698
0.4117647058823529,0.9789915966386554,0.6824810805073612
0.42016806722689076,0.9789915966386554,0.6876934577275714
0.42857142857142855,0.9789915966386554,0.692858776658399
0.4369747899159664,0.9789915966386554,0.6979761847515084
0.4453781512605042,0.9789915966386554,0.7030448729011074
0.453781512605042,0.9789915966386554,0.7080640754954378
0.4621848739495798,0.9789915966386554,0.7130330703960877
0.47058823529411764,0.9789915966386554,0.7179511788471158
0.4789915966386554,0.9789915966386554,0.722817765316119
0.48739495798319327,0.9789915966386554,0.7276322372695128
0.49579831932773105,0.9789915966386554,0.7323940448844266
0.5042016806722689,0.9789915966386554,0.7371026806997134
0.5126050420168067,0.9789915966386554,0.7417576792086812
0.5210084033613445,0.9789915966386554,0.7463586163962307
0.5294117647058824,0.9789915966386554,0.7509051092231532
0.5378151260504201,0.9789915966386554,0.7553968150604032
0.5462184873949579,0.9789915966386554,0.7598334310761987
0.5546218487394958,0.9789915966386554,0.764214693578835
0.5630252100840336,0.9789915966386554,0.7685403773181213
0.5714285714285714,0.9789915966386554,0.772810294748348
0.5798319327731092,0.9789915966386554,0.7770242952556967
0.5882352941176471,0.9789915966386554,0.7811822643529882
0.5966386554621849,0.9789915966386554,0.7852841228446393
0.6050420168067226,0.9789915966386554,0.7893298259646668
0.6134453781512604,0.9789915966386554,0.7933193624905335
0.6218487394957983,0.9789915966386554,0.7972527538355847
0.6302521008403361,0.9789915966386554,0.801130053122763
0.6386554621848739,0.9789915966386554,0.8049513442422249
0.6470588235294117,0.9789915966386554,0.8087167408954143
0.6554621848739496,0.9789915966386554,0.8124263856280736
0.6638655462184874,0.9789915966386554,0.8160804488545864
0.6722689075630252,0.9789915966386554,0.8196791278759687
0.680672268907563,0.9789915966386554,0.8232226458937311
0.6890756302521008,0.9789915966386554,0.8267112510217446
0.6974789915966386,0.9789915966386554,0.8301452152981535
0.7058823529411764,0.9789915966386554,0.8335248336992717
0.7142857142857143,0.9789915966386554,0.8368504231573133
0.7226890756302521,0.9789915966386554,0.840122321583706
0.7310924369747899,0.9789915966386554,0.8433408868996274
0.7394957983193277,0.9789915966386554,0.8465064960753277
0.7478991596638656,0.9789915966386554,0.8496195441796749
0.7563025210084033,0.9789915966386554,0.8526804434412876
0.7647058823529411,0.9789915966386554,0.8556896223225084
0.7731092436974789,0.9789915966386554,0.8586475246073755
0.7815126050420168,0.9789915966386554,0.8615546085046671
0.7899159663865546,0.9789915966386554,0.86441134576699
0.7983193277310924,0.9789915966386554,0.8672182208268023
0.8067226890756303,0.9789915966386554,0.8699757299501678
0.8151260504201681,0.9789915966386554,0.8726843804089576
0.8235294117647058,0.9789915966386554,0.8753446896721375
0.8319327731092436,0.9789915966386554,0.8779571846166879
0.8403361344537815,0.9789915966386554,0.8805224007586429
0.8487394957983193,0.9789915966386554,0.8830408815046499
0.8571428571428571,0.9789915966386554,0.8855131774243911
0.8655462184873949,0.9789915966386554,0.8879398455441316
0.8739495798319328,0.9789915966386554,0.8903214486616072
0.8823529411764706,0.9789915966386554,0.892658554682396
0.8907563025210083,0.9789915966386554,0.8949517359778634
0.8991596638655461,0.9789915966386554,0.8972015687647225
0.907563025210084,0.9789915966386554,0.8994086325061896
0.9159663865546218,0.9789915966386554,0.9015735093346816
0.9243697478991596,0.9789915966386554,0.9036967834959466
0.9327731092436974,0.9789915966386554,0.9057790408144837
0.9411764705882353,0.9789915966386554,0.9078208681800687
0.9495798319327731,0.9789915966386554,0.9098228530551689
0.9579831932773109,0.9789915966386554,0.9117855830029926
0.9663865546218487,0.9789915966386554,0.9137096452358971
0.9747899159663865,0.9789915966386554,0.9155956261838459
0.9831932773109243,0.9789915966386554,0.9174441110825845
0.9915966386554621,0.9789915966386554,0.9192556835811799
1.0,0.9789915966386554,0.9210309253685548
0.0,0.9831932773109244,0.3968349247684044
0.008403361344537815,0.9831932773109244,0.4026042476163273
0.01680672268907563,0.9831932773109244,0.4084006544910598
0.025210084033613446,0.9831932773109244,0.41422264951915916
0.03361344537815126,0.9831932773109244,0.4200687087371536
0.04201680672268907,0.9831932773109244,0.4259372815922275
0.05042016806722689,0.9831932773109244,0.43182679250427886
0.058823529411764705,0.9831932773109244,0.43773564248623054
0.06722689075630252,0.9831932773109244,0.4436622108192519
0.07563025210084033,0.9831932773109244,0.4496048567793242
0.08403361344537814,0.9831932773109244,0.4555619214113809
0.09243697478991596,0.9831932773109244,0.4615317293470604
0.10084033613445378,0.9831932773109244,0.4675125906619298
0.1092436974789916,0.9831932773109244,0.4735028027678811
0.11764705882352941,0.9831932773109244,0.4795006523362469
0.12605042016806722,0.9831932773109244,0.485504417247067
0.13445378151260504,0.9831932773109244,0.49151236855981795
0.14285714285714285,0.9831932773109244,0.4975227725008353
0.15126050420168066,0.9831932773109244,0.5035338924625821
0.15966386554621848,0.9831932773109244,0.5095439910098729
0.1680672268907563,0.9831932773109244,0.5155513318881306
0.1764705882352941,0.9831932773109244,0.5215541820287432
0.18487394957983191,0.9831932773109244,0.5275508135466036
0.19327731092436973,0.9831932773109244,0.5335395057249468
0.20168067226890757,0.9831932773109244,0.5395185469826494
0.21008403361344538,0.9831932773109244,0.5454862368192362
0.2184873949579832,0.9831932773109244,0.5514408877329234
0.226890756302521,0.9831932773109244,0.5573808271071501
0.23529411764705882,0.9831932773109244,0.5633043990611711
0.24369747899159663,0.9831932773109244,0.5692099662604377
0.25210084033613445,0.9831932773109244,0.5750959116826574
0.26050420168067223,0.9831932773109244,0.5809606403355996
0.2689075630252101,0.9831932773109244,0.5868025809229184
0.2773109243697479,0.9831932773109244,0.5926201874544585
0.2857142857142857,0.9831932773109244,0.5984119407977438
0.29411764705882354,0.9831932773109244,0.6041763501675683
0.3025210084033613,0.9831932773109244,0.6099119545508587
0.31092436974789917,0.9831932773109244,0.6156173240642145
0.31932773109243695,0.9831932773109244,0.6212910612418008
0.3277310924369748,0.9831932773109244,0.6269318022515146
0.3361344537815126,0.9831932773109244,0.6325382180376173
0.3445378151260504,0.9831932773109244,0.6381090153882919
0.3529411764705882,0.9831932773109244,0.6436429379268431
0.36134453781512604,0.9831932773109244,0.6491387670255341
0.36974789915966383,0.9831932773109244,0.654595322641309
0.37815126050420167,0.9831932773109244,0.6600114640729197
0.38655462184873945,0.9831932773109244,0.6653860906392217
0.3949579831932773,0.9831932773109244,0.6707181422786678
0.40336134453781514,0.9831932773109244,0.6760066000702604
0.4117647058823529,0.9831932773109244,0.68125048667647
0.42016806722689076,0.9831932773109244,0.6864488667088484
0.42857142857142855,0.9831932773109244,0.6916008470172879
0.4369747899159664,0.9831932773109244,0.6967055769040879
0.4453781512605042,0.9831932773109244,0.7017622482641785
0.453781512605042,0.9831932773109244,0.7067700956530547
0.4621848739495798,0.9831932773109244,0.7117283962841235
0.47058823529411764,0.9831932773109244,0.7166364699573574
0.4789915966386554,0.9831932773109244,0.7214936789212707
0.48739495798319327,0.9831932773109244,0.7262994276703855
0.49579831932773105,0.9831932773109244,0.7310531626804749
0.5042016806722689,0.9831932773109244,0.7357543720839784
0.5126050420168067,0.9831932773109244,0.7404025852880797
0.5210084033613445,0.9831932773109244,0.744997372538027
0.5294117647058824,0.9831932773109244,0.749538344428337
0.5378151260504201,0.9831932773109244,0.7540251513645929
0.5462184873949579,0.9831932773109244,0.7584574829785811
0.5546218487394958,0.9831932773109244,0.7628350674995502
0.5630252100840336,0.9831932773109244,0.7671576710844024
0.5714285714285714,0.9831932773109244,0.7714250971096257
0.5798319327731092,0.9831932773109244,0.7756371854277868
0.5882352941176471,0.9831932773109244,0.7797938115913893
0.5966386554621849,0.9831932773109244,0.7838948860468788
0.6050420168067226,0.9831932773109244,0.7879403533015564
0.6134453781512604,0.9831932773109244,0.7919301910661125
0.6218487394957983,0.9831932773109244,0.7958644093754593
0.6302521008403361,0.9831932773109244,0.7997430496904754
0.6386554621848739,0.9831932773109244,0.8035661839832295
0.6470588235294117,0.9831932773109244,0.8073339138081728
0.6554621848739496,0.9831932773109244,0.8110463693617231
0.6638655462184874,0.9831932773109244,0.8147037085325944
0.6722689075630252,0.9831932773109244,0.8183061159451297
0.680672268907563,0.9831932773109244,0.821853801997829
0.6890756302521008,0.9831932773109244,0.8253470018991623
0.6974789915966386,0.9831932773109244,0.8287859747026801
0.7058823529411764,0.9831932773109244,0.8321710023433294
0.7142857142857143,0.9831932773109244,0.8355023886768028
0.7226890756302521,0.9831932773109244,0.8387804585236467
0.7310924369747899,0.9831932773109244,0.8420055567197569
0.7394957983193277,0.9831932773109244,0.8451780471748058
0.7478991596638656,0.9831932773109244,0.8482983119400362
0.7563025210084033,0.9831932773109244,0.851366750286775
0.7647058823529411,0.9831932773109244,0.854383777796918
0.7731092436974789,0.9831932773109244,0.8573498254665495
0.7815126050420168,0.9831932773109244,0.8602653388237665
0.7899159663865546,0.9831932773109244,0.8631307770616901
0.7983193277310924,0.9831932773109244,0.8659466121875606
0.8067226890756303,0.9831932773109244,0.8687133281887248
0.8151260504201681,0.9831932773109244,0.8714314202162453
0.8235294117647058,0.9831932773109244,0.8741013937867774
0.8319327731092436,0.9831932773109244,0.8767237640032893
0.8403361344537815,0.9831932773109244,0.8792990547951189
0.8487394957983193,0.9831932773109244,0.8818277981777898
0.8571428571428571,0.9831932773109244,0.884310533532954
0.8655462184873949,0.9831932773109244,0.8867478069087402
0.8739495798319328,0.9831932773109244,0.8891401703407467
0.8823529411764706,0.9831932773109244,0.8914881811938438
0.8907563025210083,0.9831932773109244,0.8937924015249025
0.8991596638655461,0.9831932773109244,0.8960533974665099
0.907563025210084,0.9831932773109244,0.8982717386316821
0.9159663865546218,0.9831932773109244,0.9004479975395391
0.9243697478991596,0.9831932773109244,0.9025827490618632
0.9327731092436974,0.9831932773109244,0.9046765698904193
0.9411764705882353,0.9831932773109244,0.9067300380248791
0.9495798319327731,0.9831932773109244,0.908743732281156
0.9579831932773109,0.9831932773109244,0.9107182318199227
0.9663865546218487,0.9831932773109244,0.9126541156950604
0.9747899159663865,0.9831932773109244,0.9145519624217463
0.9831932773109243,0.9831932773109244,0.9164123495638867
0.9915966386554621,0.9831932773109244,0.9182358533405485
1.0,0.9831932773109244,0.920023048251052
0.0,0.9873949579831933,0.3968349247684044
0.008403361344537815,0.9873949579831933,0.4025764027353154
0.01680672268907563,0.9873949579831933,0.40834471162943914
0.025210084033613446,0.9873949579831933,0.41413837728446234
0.03361344537815126,0.9873949579831933,0.4199558979671783
0.04201680672268907,0.9873949579831933,0.4257957458416574
0.05042016806722689,0.9873949579831933,0.43165636849307926
0.058823529411764705,0.9873949579831933,0.4375361905082184
0.06722689075630252,0.9873949579831933,0.4434336151093533
0.07563025210084033,0.9873949579831933,0.44934702583815717
0.08403361344537814,0.9873949579831933,0.4552747882859335
0.09243697478991596,0.9873949579831933,0.4612152518663693
0.10084033613445378,0.9873949579831933,0.46716675162681365
0.1092436974789916,0.9873949579831933,0.47312761009392595
0.11764705882352941,0.9873949579831933,0.47909613914940263
0.12605042016806722,0.9873949579831933,0.4850706419313666
0.13445378151260504,0.9873949579831933,0.4910494147568944
0.14285714285714285,0.9873949579831933,0.4970307490610765
0.15126050420168066,0.9873949579831933,0.5030129333479256
0.15966386554621848,0.9873949579831933,0.5089942551484109
0.1680672268907563,0.9873949579831933,0.5149730029808574
0.1764705882352941,0.9873949579831933,0.5209474683089451
0.18487394957983191,0.9873949579831933,0.5269159474925498
0.19327731092436973,0.9873949579831933,0.5328767437266966
0.20168067226890757,0.9873949579831933,0.5388281689639511
0.21008403361344538,0.9873949579831933,0.5447685458156376
0.2184873949579832,0.9873949579831933,0.5506962094273613
0.226890756302521,0.9873949579831933,0.5566095093244224
0.23529411764705882,0.9873949579831933,0.5625068112228263
0.24369747899159663,0.9873949579831933,0.5683864988017421
0.25210084033613445,0.9873949579831933,0.5742469754334129
0.26050420168067223,0.9873949579831933,0.580086665866694
0.2689075630252101,0.9873949579831933,0.5859040178605857
0.2773109243697479,0.9873949579831933,0.5916975037643143
0.2857142857142857,0.9873949579831933,0.5974656220407416
0.29411764705882354,0.9873949579831933,0.6032068987300877
0.3025210084033613,0.9873949579831933,0.6089198888511921
0.31092436974789917,0.9873949579831933,0.6146031777377724
0.31932773109243695,0.9873949579831933,0.620255382307383
0.3277310924369748,0.9873949579831933,0.625875152261027
0.3361344537815126,0.9873949579831933,0.6314611712116283
0.3445378151260504,0.9873949579831933,0.6370121577398214
0.3529411764705882,0.9873949579831933,0.6425268663757823
0.36134453781512604,0.9873949579831933,0.6480040885060662
0.36974789915966383,0.9873949579831933,0.6534426532046893
0.37815126050420167,0.9873949579831933,0.658841427987928
0.38655462184873945,0.9873949579831933,0.6641993194925655
0.3949579831932773,0.9873949579831933,0.6695152740775592
0.40336134453781514,0.9873949579831933,0.6747882783493331
0.4117647058823529,0.9873949579831933,0.6800173596111334
0.42016806722689076,0.9873949579831933,0.685201586237108
0.42857142857142855,0.9873949579831933,0.6903400679719776
0.4369747899159664,0.9873949579831933,0.695431956157376
0.4453781512605042,0.9873949579831933,0.7004764438861235
0.453781512605042,0.9873949579831933,0.7054727660858838
0.4621848739495798,0.9873949579831933,0.7104201995338247
0.47058823529411764,0.9873949579831933,0.7153180628040565
0.4789915966386554,0.9873949579831933,0.7201657161497761
0.48739495798319327,0.9873949579831933,0.724962561322172
0.49579831932773105,0.9873949579831933,0.7297080413282723
0.5042016806722689,0.9873949579831933,0.7344016401300236
0.5126050420168067,0.9873949579831933,0.7390428822869841
0.5210084033613445,0.9873949579831933,0.7436313325451036
0.5294117647058824,0.9873949579831933,0.7481665953741262
0.5378151260504201,0.9873949579831933,0.7526483144562189
0.5462184873949579,0.9873949579831933,0.75707617212847
0.5546218487394958,0.9873949579831933,0.761449888781942
0.5630252100840336,0.9873949579831933,0.7657692222199823
0.5714285714285714,0.9873949579831933,0.7700339669785156
0.5798319327731092,0.9873949579831933,0.7742439536110372
0.5882352941176471,0.9873949579831933,0.7783990479410258
0.5966386554621849,0.9873949579831933,0.7824991502844745
0.6050420168067226,0.9873949579831933,0.7865441946452146
0.6134453781512604,0.9873949579831933,0.7905341478856742
0.6218487394957983,0.9873949579831933,0.7944690088756681
0.6302521008403361,0.9873949579831933,0.7983488076217733
0.6386554621848739,0.9873949579831933,0.8021736043797857
0.6470588235294117,0.9873949579831933,0.8059434887526898
0.6554621848739496,0.9873949579831933,0.8096585787765143
0.6638655462184874,0.9873949579831933,0.8133190199963632
0.6722689075630252,0.9873949579831933,0.816924984534853
0.680672268907563,0.9873949579831933,0.8204766701550872
0.6890756302521008,0.9873949579831933,0.8239742993202349
0.6974789915966386,0.9873949579831933,0.827418118251683
0.7058823529411764,0.9873949579831933,0.8308083959876461
0.7142857142857143,0.9873949579831933,0.8341454234440371
0.7226890756302521,0.9873949579831933,0.8374295124792981
0.7310924369747899,0.9873949579831933,0.8406609949648097
0.7394957983193277,0.9873949579831933,0.8438402218624045
0.7478991596638656,0.9873949579831933,0.8469675623104094
0.7563025210084033,0.9873949579831933,0.8500434027195687
0.7647058823529411,0.9873949579831933,0.853068145880087
0.7731092436974789,0.9873949579831933,0.8560422100809625
0.7815126050420168,0.9873949579831933,0.8589660282426781
0.7899159663865546,0.9873949579831933,0.86184004706424
0.7983193277310924,0.9873949579831933,0.8646647261854633
0.8067226890756303,0.9873949579831933,0.8674405373653298
0.8151260504201681,0.9873949579831933,0.8701679636771495
0.8235294117647058,0.9873949579831933,0.8728474987211958
0.8319327731092436,0.9873949579831933,0.8754796458553926
0.8403361344537815,0.9873949579831933,0.8780649174445739
0.8487394957983193,0.9873949579831933,0.8806038341287514
0.8571428571428571,0.9873949579831933,0.8830969241107767
0.8655462184873949,0.9873949579831933,0.8855447224636973
0.8739495798319328,0.9873949579831933,0.8879477704580688
0.8823529411764706,0.9873949579831933,0.8903066149094073
0.8907563025210083,0.9873949579831933,0.8926218075459234
0.8991596638655461,0.9873949579831933,0.8948939043966189
0.907563025210084,0.9873949579831933,0.8971234651997841
0.9159663865546218,0.9873949579831933,0.899311052831881
0.9243697478991596,0.9873949579831933,0.9014572327567587
0.9327731092436974,0.9873949579831933,0.9035625724951041
0.9411764705882353,0.9873949579831933,0.9056276411139939
0.9495798319327731,0.9873949579831933,0.9076530087363784
0.9579831932773109,0.9873949579831933,0.9096392460702933
0.9663865546218487,0.9873949579831933,0.9115869239575701
0.9747899159663865,0.9873949579831933,0.9134966129417812
0.9831932773109243,0.9873949579831933,0.91536888285514
0.9915966386554621,0.9873949579831933,0.9172043024240433
1.0,0.9873949579831933,0.9190034388929292
0.0,0.9915966386554622,0.3968349247684044
0.008403361344537815,0.9915966386554622,0.40254855848242616
0.01680672268907563,0.9915966386554622,0.4082887711422671
0.025210084033613446,0.9915966386554622,0.4140541100758718
0.03361344537815126,0.9915966386554622,0.41984309556023125
0.04201680672268907,0.9915966386554622,0.4256542222497574
0.05042016806722689,0.9915966386554622,0.4314859606626512
0.058823529411764705,0.9915966386554622,0.43733675872235916
0.06722689075630252,0.9915966386554622,0.44320504335099675
0.07563025210084033,0.9915966386554622,0.4490892221114245
0.08403361344537814,0.9915966386554622,0.45498768489445895
0.09243697478991596,0.9915966386554622,0.4608988056475329
0.10084033613445378,0.9915966386554622,0.46682094414094505
0.1092436974789916,0.9915966386554622,0.47275244776769476
0.11764705882352941,0.9915966386554622,0.47869165337275776
0.12605042016806722,0.9915966386554622,0.48463688910753966
0.13445378151260504,0.9915966386554622,0.4905864763051423
0.14285714285714285,0.9915966386554622,0.4965387313719913
0.15126050420168066,0.9915966386554622,0.5024919676913072
0.15966386554621848,0.9915966386554622,0.5084444975338531
0.1680672268907563,0.9915966386554622,0.514394633971361
0.1764705882352941,0.9915966386554622,0.5203406927880289
0.18487394957983191,0.9915966386554622,0.5262809943854894
0.19327731092436973,0.9915966386554622,0.5322138656766752
0.20168067226890757,0.9915966386554622,0.5381376419640547
0.21008403361344538,0.9915966386554622,0.5440506687977743
0.2184873949579832,0.9915966386554622,0.5499513038093269
0.226890756302521,0.9915966386554622,0.5558379185164664
0.23529411764705882,0.9915966386554622,0.5617089000952021
0.24369747899159663,0.9915966386554622,0.5675626531148474
0.25210084033613445,0.9915966386554622,0.5733976012322349
0.26050420168067223,0.9915966386554622,0.5792121888413853
0.2689075630252101,0.9915966386554622,0.585004882675085
0.2773109243697479,0.9915966386554622,0.5907741733550221
0.2857142857142857,0.9915966386554622,0.5965185768873265
0.29411764705882354,0.9915966386554622,0.6022366361005778
0.3025210084033613,0.9915966386554622,0.6079269220235548
0.31092436974789917,0.9915966386554622,0.613588035200238
0.31932773109243695,0.9915966386554622,0.6192186069398004
0.3277310924369748,0.9915966386554622,0.6248173004995712
0.3361344537815126,0.9915966386554622,0.6303828121991906
0.3445378151260504,0.9915966386554622,0.6359138724644258
0.3529411764705882,0.9915966386554622,0.6414092467993594
0.36134453781512604,0.9915966386554622,0.6468677366859146
0.36974789915966383,0.9915966386554622,0.652288180409921
0.37815126050420167,0.9915966386554622,0.6576694538131694
0.38655462184873945,0.9915966386554622,0.6630104709711458
0.3949579831932773,0.9915966386554622,0.6683101847963673
0.40336134453781514,0.9915966386554622,0.6735675875674677
0.4117647058823529,0.9915966386554622,0.6787817113844156
0.42016806722689076,0.9915966386554622,0.6839516285504446
0.42857142857142855,0.9915966386554622,0.6890764518814995
0.4369747899159664,0.9915966386554622,0.6941553349441865
0.4453781512605042,0.9915966386554622,0.6991874722234092
0.453781512605042,0.9915966386554622,0.7041720992210524
0.4621848739495798,0.9915966386554622,0.7091084924872328
0.47058823529411764,0.9915966386554622,0.7139959695858045
0.4789915966386554,0.9915966386554622,0.7188338889959344
0.48739495798319327,0.9915966386554622,0.7236216499517131
0.49579831932773105,0.9915966386554622,0.7283586922218739
0.5042016806722689,0.9915966386554622,0.7330444958318019
0.5126050420168067,0.9915966386554622,0.7376785807301207
0.5210084033613445,0.9915966386554622,0.7422605064022147
0.5294117647058824,0.9915966386554622,0.7467898714331291
0.5378151260504201,0.9915966386554622,0.7512663130223409
0.5462184873949579,0.9915966386554622,0.7556895064529505
0.5546218487394958,0.9915966386554622,0.7600591645178716
0.5630252100840336,0.9915966386554622,0.7643750369056385
0.5714285714285714,0.9915966386554622,0.7686369095484468
0.5798319327731092,0.9915966386554622,0.7728446039350689
0.5882352941176471,0.9915966386554622,0.7769979763912649
0.5966386554621849,0.9915966386554622,0.7810969173303122
0.6050420168067226,0.9915966386554622,0.7851413504762413
0.6134453781512604,0.9915966386554622,0.7891312320623479
0.6218487394957983,0.9915966386554622,0.7930665500075039
0.6302521008403361,0.9915966386554622,0.7969473230727542
0.6386554621848739,0.9915966386554622,0.8007736000006284
0.6470588235294117,0.9915966386554622,0.8045454586395435
0.6554621848739496,0.9915966386554622,0.8082630050556115
0.6638655462184874,0.9915966386554622,0.8119263726340961
0.6722689075630252,0.9915966386554622,0.8155357211726921
0.680672268907563,0.9915966386554622,0.8190912359687319
0.6890756302521008,0.9915966386554622,0.8225931269023302
0.6974789915966386,0.9915966386554622,0.8260416275174187
0.7058823529411764,0.9915966386554622,0.8294369941025131
0.7142857142857143,0.9915966386554622,0.8327795047729978
0.7226890756302521,0.9915966386554622,0.8360694585565994
0.7310924369747899,0.9915966386554622,0.8393071744836546
0.7394957983193277,0.9915966386554622,0.8424929906836784
0.7478991596638656,0.9915966386554622,0.845627263489653
0.7563025210084033,0.9915966386554622,0.8487103665513709
0.7647058823529411,0.9915966386554622,0.8517426899590772
0.7731092436974789,0.9915966386554622,0.854724639378574
0.7815126050420168,0.9915966386554622,0.8576566351988543
0.7899159663865546,0.9915966386554622,0.8605391116932611
0.7983193277310924,0.9915966386554622,0.8633725161950794
0.8067226890756303,0.9915966386554622,0.8661573082883858
0.8151260504201681,0.9915966386554622,0.8688939590149076
0.8235294117647058,0.9915966386554622,0.8715829500975649
0.8319327731092436,0.9915966386554622,0.8742247731812953
0.8403361344537815,0.9915966386554622,0.8768199290916896
0.8487394957983193,0.9915966386554622,0.8793689271118975
0.8571428571428571,0.9915966386554622,0.8818722842782017
0.8655462184873949,0.9915966386554622,0.8843305246945868
0.8739495798319328,0.9915966386554622,0.8867441788665743
0.8823529411764706,0.9915966386554622,0.8891137830545416
0.8907563025210083,0.9915966386554622,0.8914398786466758
0.8991596638655461,0.9915966386554622,0.8937230115516761
0.907563025210084,0.9915966386554622,0.8959637316112562
0.9159663865546218,0.9915966386554622,0.8981625920324621
0.9243697478991596,0.9915966386554622,0.9003201488397713
0.9327731092436974,0.9915966386554622,0.902436960346902
0.9411764705882353,0.9915966386554622,0.9045135866482169
0.9495798319327731,0.9915966386554622,0.9065505891295823
0.9579831932773109,0.9915966386554622,0.9085485299984984
0.9663865546218487,0.9915966386554622,0.9105079718332927
0.9747899159663865,0.9915966386554622,0.9124294771511409
0.9831932773109243,0.9915966386554622,0.9143136079946517
0.9915966386554621,0.9915966386554622,0.916160925536729
1.0,0.9915966386554622,0.9179719897034082
0.0,0.9957983193277311,0.3968349247684044
0.008403361344537815,0.9957983193277311,0.40252071485782487
0.01680672268907563,0.9957983193277311,0.40823283303089175
0.025210084033613446,0.9957983193277311,0.41396984789802027
0.03361344537815126,0.9957983193277311,0.4197303015274767
0.04201680672268907,0.9957983193277311,0.425512710838669
0.05042016806722689,0.9957983193277311,0.43131556905179796
0.058823529411764705,0.9957983193277311,0.43713734719106717
0.06722689075630252,0.9957983193277311,0.4429764956384401
0.07563025210084033,0.9957983193277311,0.44883144573474215
0.08403361344537814,0.9957983193277311,0.4547006114247195
0.09243697478991596,0.9957983193277311,0.4605823909424921
0.10084033613445378,0.9957983193277311,0.4664751685336843
0.1092436974789916,0.9957983193277311,0.4723773162103621
0.11764705882352941,0.9957983193277311,0.4782871955347826
0.12605042016806722,0.9957983193277311,0.48420315942784087
0.13445378151260504,0.9957983193277311,0.4901235539979996
0.14285714285714285,0.9957983193277311,0.4960467203864062
0.15126050420168066,0.9957983193277311,0.501970996623834
0.15966386554621848,0.9957983193277311,0.5078947194950353
0.1680672268907563,0.9957983193277311,0.5138162264060668
0.1764705882352941,0.9957983193277311,0.5197338572501341
0.18487394957983191,0.9957983193277311,0.5256459562675041
0.19327731092436973,0.9957983193277311,0.5315508738950686
0.20168067226890757,0.9957983193277311,0.5374469686011711
0.21008403361344538,0.9957983193277311,0.5433326087013822
0.2184873949579832,0.9957983193277311,0.5492061741509747
0.226890756302521,0.9957983193277311,0.5550660583099547
0.23529411764705882,0.9957983193277311,0.5609106696766055
0.24369747899159663,0.9957983193277311,0.5667384335856356
0.25210084033613445,0.9957983193277311,0.5725477938671586
0.26050420168067223,0.9957983193277311,0.5783372144628885
0.2689075630252101,0.9957983193277311,0.5841051809961069
0.2773109243697479,0.9957983193277311,0.5898502022921289
0.2857142857142857,0.9957983193277311,0.5955708118462006
0.29411764705882354,0.9957983193277311,0.6012655692359461
0.3025210084033613,0.9957983193277311,0.6069330614757056
0.31092436974789917,0.9957983193277311,0.6125719043103163
0.31932773109243695,0.9957983193277311,0.6181807434461148
0.3277310924369748,0.9957983193277311,0.6237582557171665
0.3361344537815126,0.9957983193277311,0.6293031501849637
0.3445378151260504,0.9957983193277311,0.6348141691700678
0.3529411764705882,0.9957983193277311,0.6402900892144054
0.36134453781512604,0.9957983193277311,0.6457297219731735
0.36974789915966383,0.9957983193277311,0.6511319150355346
0.37815126050420167,0.9957983193277311,0.6564955526735248
0.38655462184873945,0.9957983193277311,0.6618195565188257
0.3949579831932773,0.9957983193277311,0.6671028861672801
0.40336134453781514,0.9957983193277311,0.6723445397112436
0.4117647058823529,0.9957983193277311,0.6775435542000997
0.42016806722689076,0.9957983193277311,0.6826990060294476
0.42857142857142855,0.9957983193277311,0.687810011259697
0.4369747899159664,0.9957983193277311,0.6928757258649817
0.4453781512605042,0.9957983193277311,0.6978953459134878
0.453781512605042,0.9957983193277311,0.7028681076804755
0.4621848739495798,0.9957983193277311,0.7077932876954197
0.47058823529411764,0.9957983193277311,0.712670202724867
0.4789915966386554,0.9957983193277311,0.7174982096927263
0.48739495798319327,0.9957983193277311,0.722276705539859
0.49579831932773105,0.9957983193277311,0.727005127024945
0.5042016806722689,0.9957983193277311,0.7316829504687026
0.5126050420168067,0.9957983193277311,0.7363096914436489
0.5210084033613445,0.9957983193277311,0.7408849044116602
0.5294117647058824,0.9957983193277311,0.7454081823116718
0.5378151260504201,0.9957983193277311,0.7498791560999081
0.5462184873949579,0.9957983193277311,0.7542974942451003
0.5546218487394958,0.9957983193277311,0.7586629021811698
0.5630252100840336,0.9957983193277311,0.7629751217198987
0.5714285714285714,0.9957983193277311,0.767233930426119
0.5798319327731092,0.9957983193277311,0.7714391409579643
0.5882352941176471,0.9957983193277311,0.7755906003747273
0.5966386554621849,0.9957983193277311,0.7796881894148561
0.6050420168067226,0.9957983193277311,0.7837318217466019
0.6134453781512604,0.9957983193277311,0.7877214431938128
0.6218487394957983,0.9957983193277311,0.7916570309393215
0.6302521008403361,0.9957983193277311,0.7955385927083504
0.6386554621848739,0.9957983193277311,0.799366165934296
0.6470588235294117,0.9957983193277311,0.8031398169092121
0.6554621848739496,0.9957983193277311,0.806859639921249
0.6638655462184874,0.9957983193277311,0.8105257563812408
0.6722689075630252,0.9957983193277311,0.8141383139405728
0.680672268907563,0.9957983193277311,0.8176974856023813
0.6890756302521008,0.9957983193277311,0.8212034688280708
0.6974789915966386,0.9957983193277311,0.8246564846410523
0.7058823529411764,0.9957983193277311,0.8280567767295293
0.7142857142857143,0.9957983193277311,0.8314046105500735
0.7226890756302521,0.9957983193277311,0.8347002724336567
0.7310924369747899,0.9957983193277311,0.8379440686957097
0.7394957983193277,0.9957983193277311,0.8411363247517075
0.7478991596638656,0.9957983193277311,0.8442773842396856
0.7563025210084033,0.9957983193277311,0.847367608151014
0.7647058823529411,0.9957983193277311,0.8504073739706647
0.7731092436974789,0.9957983193277311,0.8533970748281354
0.7815126050420168,0.9957983193277311,0.8563371186600952
0.7899159663865546,0.9957983193277311,0.8592279273857506
0.7983193277310924,0.9957983193277311,0.8620699360958425
0.8067226890756303,0.9957983193277311,0.8648635922561101
0.8151260504201681,0.9957983193277311,0.8676093549259777
0.8235294117647058,0.9957983193277311,0.8703076939931508
0.8319327731092436,0.9957983193277311,0.8729590894247342
0.8403361344537815,0.9957983193277311,0.8755640305354148
0.8487394957983193,0.9957983193277311,0.8781230152731823
0.8571428571428571,0.9957983193277311,0.8806365495230054
0.8655462184873949,0.9957983193277311,0.8831051464288044
0.8739495798319328,0.9957983193277311,0.8855293257340155
0.8823529411764706,0.9957983193277311,0.8879096131409802
0.8907563025210083,0.9957983193277311,0.8902465396893343
0.8991596638655461,0.9957983193277311,0.8925406411535287
0.907563025210084,0.9957983193277311,0.8947924574595594
0.9159663865546218,0.9957983193277311,0.8970025321209399
0.9243697478991596,0.9957983193277311,0.8991714116939079
0.9327731092436974,0.9957983193277311,0.9012996452518129
0.9411764705882353,0.9957983193277311,0.9033877838786
0.9495798319327731,0.9957983193277311,0.9054363801812656
0.9579831932773109,0.9957983193277311,0.9074459878211256
0.9663865546218487,0.9957983193277311,0.9094171610637147
0.9747899159663865,0.9957983193277311,0.9113504543470974
0.9831932773109243,0.9957983193277311,0.9132464218683543
0.9915966386554621,0.9957983193277311,0.915105617187975
1.0,0.9957983193277311,0.9169285928518794
0.0,1.0,0.3968349247684044
0.008403361344537815,1.0,0.40249287186167676
0.01680672268907563,1.0,0.40817689729666146
0.025210084033613446,1.0,0.4138855907555391
0.03361344537815126,1.0,0.4196175158800757
0.04201680672268907,1.0,0.4253712116305261
0.05042016806722689,1.0,0.43114519369930715
0.058823529411764705,1.0,0.43693795597673135
0.06722689075630252,1.0,0.4427479720659009
0.07563025210084033,1.0,0.4485736968436684
0.08403361344537814,1.0,0.4544135680643972
0.09243697478991596,1.0,0.46026600800308604
0.10084033613445378,1.0,0.46612942513426975
0.1092436974789916,1.0,0.47200221584296415
0.11764705882352941,1.0,0.47788276616380165
0.12605042016806722,1.0,0.4837694535443847
0.13445378151260504,1.0,0.4896606486287928
0.14285714285714285,1.0,0.49555471705709586
0.15126050420168066,1.0,0.50145002127666
0.15966386554621848,1.0,0.5073449223609898
0.1680672268907563,1.0,0.5132377818318129
0.1764705882352941,1.0,0.5191269634801082
0.18487394957983191,1.0,0.5250108351817744
0.19327731092436973,1.0,0.5308877707036652
0.20168067226890757,1.0,0.5367561514957517
0.21008403361344538,1.0,0.542614368465229
0.2184873949579832,1.0,0.5484608237284586
0.226890756302521,1.0,0.5542939323367267
0.23529411764705882,1.0,0.5601121239719002
0.24369747899159663,1.0,0.5659138446081862
0.25210084033613445,1.0,0.5716975581363315
0.26050420168067223,1.0,0.5774617479467495
0.2689075630252101,1.0,0.5832049184682166
0.2773109243697479,1.0,0.5889255966589593
0.2857142857142857,1.0,0.5946223334471274
0.29411764705882354,1.0,0.6002937051178536
0.3025210084033613,1.0,0.6059383146442818
0.31092436974789917,1.0,0.6115547929601759
0.31932773109243695,1.0,0.6171418001719167
0.3277310924369748,1.0,0.6226980267079292
0.3361344537815126,1.0,0.6282221944037931
0.3445378151260504,1.0,0.6337130575215267
0.3529411764705882,1.0,0.6391694037017529
0.36134453781512604,1.0,0.6445900548476923
0.36974789915966383,1.0,0.6499738679401466
0.37815126050420167,1.0,0.6553197357828747
0.38655462184873945,1.0,0.66062658767797
0.3949579831932773,1.0,0.6658933900310771
0.40336134453781514,1.0,0.671119146886505
0.4117647058823529,1.0,0.6763029003924839
0.42016806722689076,1.0,0.681443731197036
0.42857142857142855,1.0,0.6865407587751085
0.4369747899159664,1.0,0.691593141687816
0.4453781512605042,1.0,0.6966000777748084
0.453781512605042,1.0,0.7015608042809521
0.4621848739495798,1.0,0.7064745979186774
0.47058823529411764,1.0,0.7113407748674833
0.4789915966386554,1.0,0.716158690712236
0.48739495798319327,1.0,0.720927740322029
0.49579831932773105,1.0,0.7256473576714767
0.5042016806722689,1.0,0.7303170156064367
0.5126050420168067,1.0,0.7349362255562365
0.5210084033613445,1.0,0.7395045371945701
0.5294117647058824,1.0,0.7440215380513073
0.5378151260504201,1.0,0.7484868530775091
0.5462184873949579,1.0,0.7529001441660071
0.5546218487394958,1.0,0.7572611096299362
0.5630252100840336,1.0,0.7615694836416447
0.5714285714285714,1.0,0.7658250356344263
0.5798319327731092,1.0,0.7700275696695312
0.5882352941176471,1.0,0.774176923770911
0.5966386554621849,1.0,0.7782729692301511
0.6050420168067226,1.0,0.7823156098840304
0.6134453781512604,1.0,0.7863047813671173
0.6218487394957983,1.0,0.7902404503417906
0.6302521008403361,1.0,0.7941226137080323
0.6386554621848739,1.0,0.7979512977952995
0.6470588235294117,1.0,0.8017265575387287
0.6554621848739496,1.0,0.805448475641878
0.6638655462184874,1.0,0.8091171617281485
0.6722689075630252,1.0,0.8127327514829694
0.680672268907563,1.0,0.8162954057887554
0.6890756302521008,1.0,0.8198053098545836
0.6974789915966386,1.0,0.823262672342457
0.7058823529411764,1.0,0.8266677244919539
0.7142857142857143,1.0,0.8300207192449737
0.7226890756302521,1.0,0.8333219303722216
0.7310924369747899,1.0,0.8365716516029884
0.7394957983193277,1.0,0.8397701957597049
0.7478991596638656,1.0,0.8429178938986577
0.7563025210084033,1.0,0.8460150944581916
0.7647058823529411,1.0,0.8490621624156236
0.7731092436974789,1.0,0.8520594784540214
0.7815126050420168,1.0,0.855007438139922
0.7899159663865546,1.0,0.8579064511129798
0.7983193277310924,1.0,0.8607569402884662
0.8067226890756303,1.0,0.8635593410734508
0.8151260504201681,1.0,0.8663141005974444
0.8235294117647058,1.0,0.8690216769581867
0.8319327731092436,1.0,0.8716825384832071
0.8403361344537815,1.0,0.8742971630077155
0.8487394957983193,1.0,0.876866037169311
0.8571428571428571,1.0,0.879389655719939
0.8655462184873949,1.0,0.8818685208554579
0.8739495798319328,1.0,0.8843031415631274
0.8823529411764706,1.0,0.886694032987271
0.8907563025210083,1.0,0.8890417158133064
0.8991596638655461,1.0,0.8913467156702964
0.907563025210084,1.0,0.8936095625521215
0.9159663865546218,1.0,0.895830790257323
0.9243697478991596,1.0,0.8980109358476359
0.9327731092436974,1.0,0.9001505391251776
0.9411764705882353,1.0,0.902250142128229
0.9495798319327731,1.0,0.9043102886455067
0.9579831932773109,1.0,0.9063315237487909
0.9663865546218487,1.0,0.9083143933437462
0.9747899159663865,1.0,0.9102594437387387
0.9831932773109243,1.0,0.9121672212314357
0.9915966386554621,1.0,0.9140382717129428
1.0,1.0,0.9158731402892117
